curve_id,curve_label,product_type,bucket_field,risk_bucket,scenario,month,marginal_pd,cumulative_pd,curve_version,source_type
LPD_MORTGAGE_FICO_V2,Mortgage lifetime PD by FICO,Mortgage,fico_band,Prime,Baseline,1,0.000505073635980624,0.000505073635980624,V2,SYNTHETIC_DEMO
LPD_MORTGAGE_FICO_V2,Mortgage lifetime PD by FICO,Mortgage,fico_band,Prime,Baseline,2,0.0005083595030025383,0.0010134331389831663,V2,SYNTHETIC_DEMO
LPD_MORTGAGE_FICO_V2,Mortgage lifetime PD by FICO,Mortgage,fico_band,Prime,Baseline,3,0.0005114958028360481,0.0015249289418192147,V2,SYNTHETIC_DEMO
LPD_MORTGAGE_FICO_V2,Mortgage lifetime PD by FICO,Mortgage,fico_band,Prime,Baseline,4,0.0005144886751713455,0.0020394176169905576,V2,SYNTHETIC_DEMO
LPD_MORTGAGE_FICO_V2,Mortgage lifetime PD by FICO,Mortgage,fico_band,Prime,Baseline,5,0.000517344010268116,0.002556761627258708,V2,SYNTHETIC_DEMO
LPD_MORTGAGE_FICO_V2,Mortgage lifetime PD by FICO,Mortgage,fico_band,Prime,Baseline,6,0.0005200674589055567,0.0030768290861642456,V2,SYNTHETIC_DEMO
LPD_MORTGAGE_FICO_V2,Mortgage lifetime PD by FICO,Mortgage,fico_band,Prime,Baseline,7,0.0005226644419506895,0.00359949352811495,V2,SYNTHETIC_DEMO
LPD_MORTGAGE_FICO_V2,Mortgage lifetime PD by FICO,Mortgage,fico_band,Prime,Baseline,8,0.0005251401595587702,0.0041246336876736844,V2,SYNTHETIC_DEMO
LPD_MORTGAGE_FICO_V2,Mortgage lifetime PD by FICO,Mortgage,fico_band,Prime,Baseline,9,0.0005274996000165026,0.004652133287690208,V2,SYNTHETIC_DEMO
LPD_MORTGAGE_FICO_V2,Mortgage lifetime PD by FICO,Mortgage,fico_band,Prime,Baseline,10,0.0005297475482441802,0.005181880835934405,V2,SYNTHETIC_DEMO
LPD_MORTGAGE_FICO_V2,Mortgage lifetime PD by FICO,Mortgage,fico_band,Prime,Baseline,11,0.0005318885939658681,0.005713769429900317,V2,SYNTHETIC_DEMO
LPD_MORTGAGE_FICO_V2,Mortgage lifetime PD by FICO,Mortgage,fico_band,Prime,Baseline,12,0.0005339271395618912,0.006247696569462224,V2,SYNTHETIC_DEMO
LPD_MORTGAGE_FICO_V2,Mortgage lifetime PD by FICO,Mortgage,fico_band,Prime,Baseline,13,0.0005358674076140651,0.006783563977076246,V2,SYNTHETIC_DEMO
LPD_MORTGAGE_FICO_V2,Mortgage lifetime PD by FICO,Mortgage,fico_band,Prime,Baseline,14,0.0005377134481552396,0.007321277425231476,V2,SYNTHETIC_DEMO
LPD_MORTGAGE_FICO_V2,Mortgage lifetime PD by FICO,Mortgage,fico_band,Prime,Baseline,15,0.000539469145634409,0.007860746570865884,V2,SYNTHETIC_DEMO
LPD_MORTGAGE_FICO_V2,Mortgage lifetime PD by FICO,Mortgage,fico_band,Prime,Baseline,16,0.0005411382256072099,0.00840188479647308,V2,SYNTHETIC_DEMO
LPD_MORTGAGE_FICO_V2,Mortgage lifetime PD by FICO,Mortgage,fico_band,Prime,Baseline,17,0.0005427242611630499,0.008944609057636166,V2,SYNTHETIC_DEMO
LPD_MORTGAGE_FICO_V2,Mortgage lifetime PD by FICO,Mortgage,fico_band,Prime,Baseline,18,0.0005442306790971182,0.009488839736733312,V2,SYNTHETIC_DEMO
LPD_MORTGAGE_FICO_V2,Mortgage lifetime PD by FICO,Mortgage,fico_band,Prime,Baseline,19,0.0005456607658392424,0.010034500502572596,V2,SYNTHETIC_DEMO
LPD_MORTGAGE_FICO_V2,Mortgage lifetime PD by FICO,Mortgage,fico_band,Prime,Baseline,20,0.0005470176731463405,0.010581518175718951,V2,SYNTHETIC_DEMO
LPD_MORTGAGE_FICO_V2,Mortgage lifetime PD by FICO,Mortgage,fico_band,Prime,Baseline,21,0.0005483044235695798,0.01112982259928852,V2,SYNTHETIC_DEMO
LPD_MORTGAGE_FICO_V2,Mortgage lifetime PD by FICO,Mortgage,fico_band,Prime,Baseline,22,0.0005495239157024535,0.011679346514990918,V2,SYNTHETIC_DEMO
LPD_MORTGAGE_FICO_V2,Mortgage lifetime PD by FICO,Mortgage,fico_band,Prime,Baseline,23,0.0005506789292211016,0.012230025444212034,V2,SYNTHETIC_DEMO
LPD_MORTGAGE_FICO_V2,Mortgage lifetime PD by FICO,Mortgage,fico_band,Prime,Baseline,24,0.0005517721297220843,0.012781797573934162,V2,SYNTHETIC_DEMO
LPD_MORTGAGE_FICO_V2,Mortgage lifetime PD by FICO,Mortgage,fico_band,Prime,Baseline,25,0.0005528060733670381,0.013334603647301213,V2,SYNTHETIC_DEMO
LPD_MORTGAGE_FICO_V2,Mortgage lifetime PD by FICO,Mortgage,fico_band,Prime,Baseline,26,0.0005537832113412573,0.013888386858642465,V2,SYNTHETIC_DEMO
LPD_MORTGAGE_FICO_V2,Mortgage lifetime PD by FICO,Mortgage,fico_band,Prime,Baseline,27,0.0005547058941331659,0.014443092752775666,V2,SYNTHETIC_DEMO
LPD_MORTGAGE_FICO_V2,Mortgage lifetime PD by FICO,Mortgage,fico_band,Prime,Baseline,28,0.0005555763756422199,0.014998669128417852,V2,SYNTHETIC_DEMO
LPD_MORTGAGE_FICO_V2,Mortgage lifetime PD by FICO,Mortgage,fico_band,Prime,Baseline,29,0.000556396817121047,0.015555065945538904,V2,SYNTHETIC_DEMO
LPD_MORTGAGE_FICO_V2,Mortgage lifetime PD by FICO,Mortgage,fico_band,Prime,Baseline,30,0.0005571692909596203,0.016112235236498518,V2,SYNTHETIC_DEMO
LPD_MORTGAGE_FICO_V2,Mortgage lifetime PD by FICO,Mortgage,fico_band,Prime,Baseline,31,0.0005578957843156711,0.01667013102081416,V2,SYNTHETIC_DEMO
LPD_MORTGAGE_FICO_V2,Mortgage lifetime PD by FICO,Mortgage,fico_band,Prime,Baseline,32,0.0005585782025999287,0.01722870922341413,V2,SYNTHETIC_DEMO
LPD_MORTGAGE_FICO_V2,Mortgage lifetime PD by FICO,Mortgage,fico_band,Prime,Baseline,33,0.0005592183728194312,0.0177879275962336,V2,SYNTHETIC_DEMO
LPD_MORTGAGE_FICO_V2,Mortgage lifetime PD by FICO,Mortgage,fico_band,Prime,Baseline,34,0.0005598180467859881,0.018347745643019553,V2,SYNTHETIC_DEMO
LPD_MORTGAGE_FICO_V2,Mortgage lifetime PD by FICO,Mortgage,fico_band,Prime,Baseline,35,0.0005603789041954545,0.01890812454721502,V2,SYNTHETIC_DEMO
LPD_MORTGAGE_FICO_V2,Mortgage lifetime PD by FICO,Mortgage,fico_band,Prime,Baseline,36,0.0005609025555807607,0.019469027102795744,V2,SYNTHETIC_DEMO
LPD_MORTGAGE_FICO_V2,Mortgage lifetime PD by FICO,Mortgage,fico_band,Prime,Baseline,37,0.0005613905451464427,0.020030417647942222,V2,SYNTHETIC_DEMO
LPD_MORTGAGE_FICO_V2,Mortgage lifetime PD by FICO,Mortgage,fico_band,Prime,Baseline,38,0.0005618443534876183,0.02059226200142983,V2,SYNTHETIC_DEMO
LPD_MORTGAGE_FICO_V2,Mortgage lifetime PD by FICO,Mortgage,fico_band,Prime,Baseline,39,0.0005622654001985438,0.021154527401628376,V2,SYNTHETIC_DEMO
LPD_MORTGAGE_FICO_V2,Mortgage lifetime PD by FICO,Mortgage,fico_band,Prime,Baseline,40,0.000562655046374896,0.021717182448003247,V2,SYNTHETIC_DEMO
LPD_MORTGAGE_FICO_V2,Mortgage lifetime PD by FICO,Mortgage,fico_band,Prime,Baseline,41,0.000563014597015128,0.02228019704501838,V2,SYNTHETIC_DEMO
LPD_MORTGAGE_FICO_V2,Mortgage lifetime PD by FICO,Mortgage,fico_band,Prime,Baseline,42,0.0005633453033225427,0.02284354234834096,V2,SYNTHETIC_DEMO
LPD_MORTGAGE_FICO_V2,Mortgage lifetime PD by FICO,Mortgage,fico_band,Prime,Baseline,43,0.0005636483649152724,0.023407190713256254,V2,SYNTHETIC_DEMO
LPD_MORTGAGE_FICO_V2,Mortgage lifetime PD by FICO,Mortgage,fico_band,Prime,Baseline,44,0.0005639249319447189,0.023971115645200936,V2,SYNTHETIC_DEMO
LPD_MORTGAGE_FICO_V2,Mortgage lifetime PD by FICO,Mortgage,fico_band,Prime,Baseline,45,0.0005641761071285463,0.02453529175232949,V2,SYNTHETIC_DEMO
LPD_MORTGAGE_FICO_V2,Mortgage lifetime PD by FICO,Mortgage,fico_band,Prime,Baseline,46,0.0005644029477004036,0.02509969470002993,V2,SYNTHETIC_DEMO
LPD_MORTGAGE_FICO_V2,Mortgage lifetime PD by FICO,Mortgage,fico_band,Prime,Baseline,47,0.0005646064672795312,0.025664301167309445,V2,SYNTHETIC_DEMO
LPD_MORTGAGE_FICO_V2,Mortgage lifetime PD by FICO,Mortgage,fico_band,Prime,Baseline,48,0.0005647876376649114,0.02622908880497432,V2,SYNTHETIC_DEMO
LPD_MORTGAGE_FICO_V2,Mortgage lifetime PD by FICO,Mortgage,fico_band,Prime,Baseline,49,0.0005649473905553728,0.02679403619552967,V2,SYNTHETIC_DEMO
LPD_MORTGAGE_FICO_V2,Mortgage lifetime PD by FICO,Mortgage,fico_band,Prime,Baseline,50,0.0005650866191994321,0.027359122814729075,V2,SYNTHETIC_DEMO
LPD_MORTGAGE_FICO_V2,Mortgage lifetime PD by FICO,Mortgage,fico_band,Prime,Baseline,51,0.0005652061799778969,0.02792432899470698,V2,SYNTHETIC_DEMO
LPD_MORTGAGE_FICO_V2,Mortgage lifetime PD by FICO,Mortgage,fico_band,Prime,Baseline,52,0.000565306893921161,0.028489635888628184,V2,SYNTHETIC_DEMO
LPD_MORTGAGE_FICO_V2,Mortgage lifetime PD by FICO,Mortgage,fico_band,Prime,Baseline,53,0.0005653895481651767,0.02905502543679339,V2,SYNTHETIC_DEMO
LPD_MORTGAGE_FICO_V2,Mortgage lifetime PD by FICO,Mortgage,fico_band,Prime,Baseline,54,0.0005654548973470517,0.029620480334140442,V2,SYNTHETIC_DEMO
LPD_MORTGAGE_FICO_V2,Mortgage lifetime PD by FICO,Mortgage,fico_band,Prime,Baseline,55,0.0005655036649432721,0.030185983999083676,V2,SYNTHETIC_DEMO
LPD_MORTGAGE_FICO_V2,Mortgage lifetime PD by FICO,Mortgage,fico_band,Prime,Baseline,56,0.000565536544554185,0.030751520543637834,V2,SYNTHETIC_DEMO
LPD_MORTGAGE_FICO_V2,Mortgage lifetime PD by FICO,Mortgage,fico_band,Prime,Baseline,57,0.0005655542011342769,0.03131707474477208,V2,SYNTHETIC_DEMO
LPD_MORTGAGE_FICO_V2,Mortgage lifetime PD by FICO,Mortgage,fico_band,Prime,Baseline,58,0.0005655572721732715,0.0318826320169453,V2,SYNTHETIC_DEMO
LPD_MORTGAGE_FICO_V2,Mortgage lifetime PD by FICO,Mortgage,fico_band,Prime,Baseline,59,0.0005655463688280029,0.032448178385773296,V2,SYNTHETIC_DEMO
LPD_MORTGAGE_FICO_V2,Mortgage lifetime PD by FICO,Mortgage,fico_band,Prime,Baseline,60,0.0005655220770079207,0.03301370046278118,V2,SYNTHETIC_DEMO
LPD_MORTGAGE_FICO_V2,Mortgage lifetime PD by FICO,Mortgage,fico_band,Prime,Baseline,61,0.000565484958416003,0.0335791854211972,V2,SYNTHETIC_DEMO
LPD_MORTGAGE_FICO_V2,Mortgage lifetime PD by FICO,Mortgage,fico_band,Prime,Baseline,62,0.0005654355515471675,0.0341446209727444,V2,SYNTHETIC_DEMO
LPD_MORTGAGE_FICO_V2,Mortgage lifetime PD by FICO,Mortgage,fico_band,Prime,Baseline,63,0.0005653743726455133,0.03470999534538988,V2,SYNTHETIC_DEMO
LPD_MORTGAGE_FICO_V2,Mortgage lifetime PD by FICO,Mortgage,fico_band,Prime,Baseline,64,0.000565301916621725,0.03527529726201162,V2,SYNTHETIC_DEMO
LPD_MORTGAGE_FICO_V2,Mortgage lifetime PD by FICO,Mortgage,fico_band,Prime,Baseline,65,0.0005652186579334607,0.03584051591994508,V2,SYNTHETIC_DEMO
LPD_MORTGAGE_FICO_V2,Mortgage lifetime PD by FICO,Mortgage,fico_band,Prime,Baseline,66,0.0005651250514295076,0.03640564097137455,V2,SYNTHETIC_DEMO
LPD_MORTGAGE_FICO_V2,Mortgage lifetime PD by FICO,Mortgage,fico_band,Prime,Baseline,67,0.0005650215331582653,0.03697066250453285,V2,SYNTHETIC_DEMO
LPD_MORTGAGE_FICO_V2,Mortgage lifetime PD by FICO,Mortgage,fico_band,Prime,Baseline,68,0.0005649085211439033,0.03753557102567673,V2,SYNTHETIC_DEMO
LPD_MORTGAGE_FICO_V2,Mortgage lifetime PD by FICO,Mortgage,fico_band,Prime,Baseline,69,0.0005647864161305269,0.03810035744180729,V2,SYNTHETIC_DEMO
LPD_MORTGAGE_FICO_V2,Mortgage lifetime PD by FICO,Mortgage,fico_band,Prime,Baseline,70,0.0005646556022953298,0.038665013044102636,V2,SYNTHETIC_DEMO
LPD_MORTGAGE_FICO_V2,Mortgage lifetime PD by FICO,Mortgage,fico_band,Prime,Baseline,71,0.0005645164479320283,0.03922952949203462,V2,SYNTHETIC_DEMO
LPD_MORTGAGE_FICO_V2,Mortgage lifetime PD by FICO,Mortgage,fico_band,Prime,Baseline,72,0.0005643693061074656,0.0397938987981421,V2,SYNTHETIC_DEMO
LPD_MORTGAGE_FICO_V2,Mortgage lifetime PD by FICO,Mortgage,fico_band,Prime,Baseline,73,0.0005642145152894647,0.04035811331343153,V2,SYNTHETIC_DEMO
LPD_MORTGAGE_FICO_V2,Mortgage lifetime PD by FICO,Mortgage,fico_band,Prime,Baseline,74,0.0005640523999503087,0.04092216571338181,V2,SYNTHETIC_DEMO
LPD_MORTGAGE_FICO_V2,Mortgage lifetime PD by FICO,Mortgage,fico_band,Prime,Baseline,75,0.0005638832711444499,0.041486048984526236,V2,SYNTHETIC_DEMO
LPD_MORTGAGE_FICO_V2,Mortgage lifetime PD by FICO,Mortgage,fico_band,Prime,Baseline,76,0.0005637074270625763,0.04204975641158881,V2,SYNTHETIC_DEMO
LPD_MORTGAGE_FICO_V2,Mortgage lifetime PD by FICO,Mortgage,fico_band,Prime,Baseline,77,0.000563525153563085,0.04261328156515187,V2,SYNTHETIC_DEMO
LPD_MORTGAGE_FICO_V2,Mortgage lifetime PD by FICO,Mortgage,fico_band,Prime,Baseline,78,0.0005633367246815879,0.043176618289833435,V2,SYNTHETIC_DEMO
LPD_MORTGAGE_FICO_V2,Mortgage lifetime PD by FICO,Mortgage,fico_band,Prime,Baseline,79,0.0005631424031187465,0.043739760692952157,V2,SYNTHETIC_DEMO
LPD_MORTGAGE_FICO_V2,Mortgage lifetime PD by FICO,Mortgage,fico_band,Prime,Baseline,80,0.0005629424407092909,0.04430270313366147,V2,SYNTHETIC_DEMO
LPD_MORTGAGE_FICO_V2,Mortgage lifetime PD by FICO,Mortgage,fico_band,Prime,Baseline,81,0.0005627370788703836,0.044865440212531804,V2,SYNTHETIC_DEMO
LPD_MORTGAGE_FICO_V2,Mortgage lifetime PD by FICO,Mortgage,fico_band,Prime,Baseline,82,0.0005625265490324925,0.04542796676156424,V2,SYNTHETIC_DEMO
LPD_MORTGAGE_FICO_V2,Mortgage lifetime PD by FICO,Mortgage,fico_band,Prime,Baseline,83,0.000562311073051359,0.04599027783461562,V2,SYNTHETIC_DEMO
LPD_MORTGAGE_FICO_V2,Mortgage lifetime PD by FICO,Mortgage,fico_band,Prime,Baseline,84,0.0005620908636046369,0.046552368698220215,V2,SYNTHETIC_DEMO
LPD_MORTGAGE_FICO_V2,Mortgage lifetime PD by FICO,Mortgage,fico_band,Prime,Baseline,85,0.0005618661245700876,0.04711423482279031,V2,SYNTHETIC_DEMO
LPD_MORTGAGE_FICO_V2,Mortgage lifetime PD by FICO,Mortgage,fico_band,Prime,Baseline,86,0.0005616370513901712,0.04767587187418043,V2,SYNTHETIC_DEMO
LPD_MORTGAGE_FICO_V2,Mortgage lifetime PD by FICO,Mortgage,fico_band,Prime,Baseline,87,0.0005614038314201292,0.048237275705600546,V2,SYNTHETIC_DEMO
LPD_MORTGAGE_FICO_V2,Mortgage lifetime PD by FICO,Mortgage,fico_band,Prime,Baseline,88,0.0005611666442622687,0.04879844234986286,V2,SYNTHETIC_DEMO
LPD_MORTGAGE_FICO_V2,Mortgage lifetime PD by FICO,Mortgage,fico_band,Prime,Baseline,89,0.0005609256620868258,0.049359368011949734,V2,SYNTHETIC_DEMO
LPD_MORTGAGE_FICO_V2,Mortgage lifetime PD by FICO,Mortgage,fico_band,Prime,Baseline,90,0.0005606810499386162,0.049920049061888405,V2,SYNTHETIC_DEMO
LPD_MORTGAGE_FICO_V2,Mortgage lifetime PD by FICO,Mortgage,fico_band,Prime,Baseline,91,0.0005604329660319641,0.050480482027920326,V2,SYNTHETIC_DEMO
LPD_MORTGAGE_FICO_V2,Mortgage lifetime PD by FICO,Mortgage,fico_band,Prime,Baseline,92,0.0005601815620327953,0.05104066358995307,V2,SYNTHETIC_DEMO
LPD_MORTGAGE_FICO_V2,Mortgage lifetime PD by FICO,Mortgage,fico_band,Prime,Baseline,93,0.0005599269833297424,0.05160059057328281,V2,SYNTHETIC_DEMO
LPD_MORTGAGE_FICO_V2,Mortgage lifetime PD by FICO,Mortgage,fico_band,Prime,Baseline,94,0.000559669369293256,0.052160259942576115,V2,SYNTHETIC_DEMO
LPD_MORTGAGE_FICO_V2,Mortgage lifetime PD by FICO,Mortgage,fico_band,Prime,Baseline,95,0.0005594088535244556,0.05271966879610057,V2,SYNTHETIC_DEMO
LPD_MORTGAGE_FICO_V2,Mortgage lifetime PD by FICO,Mortgage,fico_band,Prime,Baseline,96,0.000559145564093871,0.05327881436019444,V2,SYNTHETIC_DEMO
LPD_MORTGAGE_FICO_V2,Mortgage lifetime PD by FICO,Mortgage,fico_band,Prime,Baseline,97,0.0005588796237701156,0.05383769398396454,V2,SYNTHETIC_DEMO
LPD_MORTGAGE_FICO_V2,Mortgage lifetime PD by FICO,Mortgage,fico_band,Prime,Baseline,98,0.0005586111502389567,0.05439630513420346,V2,SYNTHETIC_DEMO
LPD_MORTGAGE_FICO_V2,Mortgage lifetime PD by FICO,Mortgage,fico_band,Prime,Baseline,99,0.0005583402563132437,0.054954645390516754,V2,SYNTHETIC_DEMO
LPD_MORTGAGE_FICO_V2,Mortgage lifetime PD by FICO,Mortgage,fico_band,Prime,Baseline,100,0.0005580670501350976,0.05551271244065181,V2,SYNTHETIC_DEMO
LPD_MORTGAGE_FICO_V2,Mortgage lifetime PD by FICO,Mortgage,fico_band,Prime,Baseline,101,0.0005577916353684021,0.05607050407602021,V2,SYNTHETIC_DEMO
LPD_MORTGAGE_FICO_V2,Mortgage lifetime PD by FICO,Mortgage,fico_band,Prime,Baseline,102,0.0005575141113843646,0.056628018187404594,V2,SYNTHETIC_DEMO
LPD_MORTGAGE_FICO_V2,Mortgage lifetime PD by FICO,Mortgage,fico_band,Prime,Baseline,103,0.000557234573438605,0.057185252760843186,V2,SYNTHETIC_DEMO
LPD_MORTGAGE_FICO_V2,Mortgage lifetime PD by FICO,Mortgage,fico_band,Prime,Baseline,104,0.0005569531128421123,0.05774220587368528,V2,SYNTHETIC_DEMO
LPD_MORTGAGE_FICO_V2,Mortgage lifetime PD by FICO,Mortgage,fico_band,Prime,Baseline,105,0.0005566698171234803,0.058298875690808716,V2,SYNTHETIC_DEMO
LPD_MORTGAGE_FICO_V2,Mortgage lifetime PD by FICO,Mortgage,fico_band,Prime,Baseline,106,0.0005563847701860152,0.05885526046099476,V2,SYNTHETIC_DEMO
LPD_MORTGAGE_FICO_V2,Mortgage lifetime PD by FICO,Mortgage,fico_band,Prime,Baseline,107,0.0005560980524573344,0.05941135851345214,V2,SYNTHETIC_DEMO
LPD_MORTGAGE_FICO_V2,Mortgage lifetime PD by FICO,Mortgage,fico_band,Prime,Baseline,108,0.0005558097410330554,0.059967168254485226,V2,SYNTHETIC_DEMO
LPD_MORTGAGE_FICO_V2,Mortgage lifetime PD by FICO,Mortgage,fico_band,Prime,Baseline,109,0.000555519909815123,0.0605226881643004,V2,SYNTHETIC_DEMO
LPD_MORTGAGE_FICO_V2,Mortgage lifetime PD by FICO,Mortgage,fico_band,Prime,Baseline,110,0.0005552286296431275,0.061077916793943476,V2,SYNTHETIC_DEMO
LPD_MORTGAGE_FICO_V2,Mortgage lifetime PD by FICO,Mortgage,fico_band,Prime,Baseline,111,0.0005549359684216725,0.06163285276236519,V2,SYNTHETIC_DEMO
LPD_MORTGAGE_FICO_V2,Mortgage lifetime PD by FICO,Mortgage,fico_band,Prime,Baseline,112,0.0005546419912411978,0.06218749475360641,V2,SYNTHETIC_DEMO
LPD_MORTGAGE_FICO_V2,Mortgage lifetime PD by FICO,Mortgage,fico_band,Prime,Baseline,113,0.0005543467604947921,0.06274184151410123,V2,SYNTHETIC_DEMO
LPD_MORTGAGE_FICO_V2,Mortgage lifetime PD by FICO,Mortgage,fico_band,Prime,Baseline,114,0.0005540503359896565,0.06329589185009088,V2,SYNTHETIC_DEMO
LPD_MORTGAGE_FICO_V2,Mortgage lifetime PD by FICO,Mortgage,fico_band,Prime,Baseline,115,0.0005537527750539706,0.06384964462514486,V2,SYNTHETIC_DEMO
LPD_MORTGAGE_FICO_V2,Mortgage lifetime PD by FICO,Mortgage,fico_band,Prime,Baseline,116,0.0005534541326392868,0.06440309875778416,V2,SYNTHETIC_DEMO
LPD_MORTGAGE_FICO_V2,Mortgage lifetime PD by FICO,Mortgage,fico_band,Prime,Baseline,117,0.0005531544614195102,0.06495625321920362,V2,SYNTHETIC_DEMO
LPD_MORTGAGE_FICO_V2,Mortgage lifetime PD by FICO,Mortgage,fico_band,Prime,Baseline,118,0.0005528538118842989,0.06550910703108792,V2,SYNTHETIC_DEMO
LPD_MORTGAGE_FICO_V2,Mortgage lifetime PD by FICO,Mortgage,fico_band,Prime,Baseline,119,0.0005525522324297123,0.06606165926351759,V2,SYNTHETIC_DEMO
LPD_MORTGAGE_FICO_V2,Mortgage lifetime PD by FICO,Mortgage,fico_band,Prime,Baseline,120,0.0005522497694451843,0.06661390903296283,V2,SYNTHETIC_DEMO
LPD_MORTGAGE_FICO_V2,Mortgage lifetime PD by FICO,Mortgage,fico_band,Near Prime,Baseline,1,0.0015237237482397248,0.0015237237482397248,V2,SYNTHETIC_DEMO
LPD_MORTGAGE_FICO_V2,Mortgage lifetime PD by FICO,Mortgage,fico_band,Near Prime,Baseline,2,0.0015321342137741287,0.003055857962013908,V2,SYNTHETIC_DEMO
LPD_MORTGAGE_FICO_V2,Mortgage lifetime PD by FICO,Mortgage,fico_band,Near Prime,Baseline,3,0.0015400628051737704,0.004595920767187733,V2,SYNTHETIC_DEMO
LPD_MORTGAGE_FICO_V2,Mortgage lifetime PD by FICO,Mortgage,fico_band,Near Prime,Baseline,4,0.001547529698124831,0.0061434504653126165,V2,SYNTHETIC_DEMO
LPD_MORTGAGE_FICO_V2,Mortgage lifetime PD by FICO,Mortgage,fico_band,Near Prime,Baseline,5,0.0015545542544035328,0.007698004719716156,V2,SYNTHETIC_DEMO
LPD_MORTGAGE_FICO_V2,Mortgage lifetime PD by FICO,Mortgage,fico_band,Near Prime,Baseline,6,0.0015611550529072956,0.009259159772623482,V2,SYNTHETIC_DEMO
LPD_MORTGAGE_FICO_V2,Mortgage lifetime PD by FICO,Mortgage,fico_band,Near Prime,Baseline,7,0.0015673499196540912,0.010826509692277608,V2,SYNTHETIC_DEMO
LPD_MORTGAGE_FICO_V2,Mortgage lifetime PD by FICO,Mortgage,fico_band,Near Prime,Baseline,8,0.0015731559567690144,0.012399665649046598,V2,SYNTHETIC_DEMO
LPD_MORTGAGE_FICO_V2,Mortgage lifetime PD by FICO,Mortgage,fico_band,Near Prime,Baseline,9,0.001578589570480798,0.013978255219527447,V2,SYNTHETIC_DEMO
LPD_MORTGAGE_FICO_V2,Mortgage lifetime PD by FICO,Mortgage,fico_band,Near Prime,Baseline,10,0.00158366649815163,0.015561921717679117,V2,SYNTHETIC_DEMO
LPD_MORTGAGE_FICO_V2,Mortgage lifetime PD by FICO,Mortgage,fico_band,Near Prime,Baseline,11,0.0015884018343630907,0.017150323552042157,V2,SYNTHETIC_DEMO
LPD_MORTGAGE_FICO_V2,Mortgage lifetime PD by FICO,Mortgage,fico_band,Near Prime,Baseline,12,0.0015928100560821693,0.018743133608124296,V2,SYNTHETIC_DEMO
LPD_MORTGAGE_FICO_V2,Mortgage lifetime PD by FICO,Mortgage,fico_band,Near Prime,Baseline,13,0.001596905046930895,0.02034003865505518,V2,SYNTHETIC_DEMO
LPD_MORTGAGE_FICO_V2,Mortgage lifetime PD by FICO,Mortgage,fico_band,Near Prime,Baseline,14,0.001600700120585262,0.0219407387756404,V2,SYNTHETIC_DEMO
LPD_MORTGAGE_FICO_V2,Mortgage lifetime PD by FICO,Mortgage,fico_band,Near Prime,Baseline,15,0.00160420804332547,0.023544946818965906,V2,SYNTHETIC_DEMO
LPD_MORTGAGE_FICO_V2,Mortgage lifetime PD by FICO,Mortgage,fico_band,Near Prime,Baseline,16,0.001607441055764012,0.025152387874729953,V2,SYNTHETIC_DEMO
LPD_MORTGAGE_FICO_V2,Mortgage lifetime PD by FICO,Mortgage,fico_band,Near Prime,Baseline,17,0.001610410893773825,0.026762798768503737,V2,SYNTHETIC_DEMO
LPD_MORTGAGE_FICO_V2,Mortgage lifetime PD by FICO,Mortgage,fico_band,Near Prime,Baseline,18,0.0016131288086422308,0.02837592757714602,V2,SYNTHETIC_DEMO
LPD_MORTGAGE_FICO_V2,Mortgage lifetime PD by FICO,Mortgage,fico_band,Near Prime,Baseline,19,0.0016156055864726638,0.02999153316361869,V2,SYNTHETIC_DEMO
LPD_MORTGAGE_FICO_V2,Mortgage lifetime PD by FICO,Mortgage,fico_band,Near Prime,Baseline,20,0.0016178515668595114,0.03160938473047825,V2,SYNTHETIC_DEMO
LPD_MORTGAGE_FICO_V2,Mortgage lifetime PD by FICO,Mortgage,fico_band,Near Prime,Baseline,21,0.0016198766608572757,0.03322926139133553,V2,SYNTHETIC_DEMO
LPD_MORTGAGE_FICO_V2,Mortgage lifetime PD by FICO,Mortgage,fico_band,Near Prime,Baseline,22,0.0016216903682685644,0.034850951759604065,V2,SYNTHETIC_DEMO
LPD_MORTGAGE_FICO_V2,Mortgage lifetime PD by FICO,Mortgage,fico_band,Near Prime,Baseline,23,0.0016233017942725695,0.03647425355387668,V2,SYNTHETIC_DEMO
LPD_MORTGAGE_FICO_V2,Mortgage lifetime PD by FICO,Mortgage,fico_band,Near Prime,Baseline,24,0.001624719665415194,0.0380989732192919,V2,SYNTHETIC_DEMO
LPD_MORTGAGE_FICO_V2,Mortgage lifetime PD by FICO,Mortgage,fico_band,Near Prime,Baseline,25,0.0016259523449843193,0.0397249255642762,V2,SYNTHETIC_DEMO
LPD_MORTGAGE_FICO_V2,Mortgage lifetime PD by FICO,Mortgage,fico_band,Near Prime,Baseline,26,0.0016270078477889005,0.04135193341206511,V2,SYNTHETIC_DEMO
LPD_MORTGAGE_FICO_V2,Mortgage lifetime PD by FICO,Mortgage,fico_band,Near Prime,Baseline,27,0.0016278938543648597,0.042979827266430015,V2,SYNTHETIC_DEMO
LPD_MORTGAGE_FICO_V2,Mortgage lifetime PD by FICO,Mortgage,fico_band,Near Prime,Baseline,28,0.0016286177246253345,0.04460844499105532,V2,SYNTHETIC_DEMO
LPD_MORTGAGE_FICO_V2,Mortgage lifetime PD by FICO,Mortgage,fico_band,Near Prime,Baseline,29,0.0016291865109774562,0.04623763150203275,V2,SYNTHETIC_DEMO
LPD_MORTGAGE_FICO_V2,Mortgage lifetime PD by FICO,Mortgage,fico_band,Near Prime,Baseline,30,0.0016296069709220555,0.04786723847295482,V2,SYNTHETIC_DEMO
LPD_MORTGAGE_FICO_V2,Mortgage lifetime PD by FICO,Mortgage,fico_band,Near Prime,Baseline,31,0.0016298855791575446,0.04949712405211237,V2,SYNTHETIC_DEMO
LPD_MORTGAGE_FICO_V2,Mortgage lifetime PD by FICO,Mortgage,fico_band,Near Prime,Baseline,32,0.0016300285392034182,0.05112715259131584,V2,SYNTHETIC_DEMO
LPD_MORTGAGE_FICO_V2,Mortgage lifetime PD by FICO,Mortgage,fico_band,Near Prime,Baseline,33,0.0016300417945631696,0.052757194385879,V2,SYNTHETIC_DEMO
LPD_MORTGAGE_FICO_V2,Mortgage lifetime PD by FICO,Mortgage,fico_band,Near Prime,Baseline,34,0.0016299310394413328,0.054387125425320315,V2,SYNTHETIC_DEMO
LPD_MORTGAGE_FICO_V2,Mortgage lifetime PD by FICO,Mortgage,fico_band,Near Prime,Baseline,35,0.001629701729033659,0.056016827154353965,V2,SYNTHETIC_DEMO
LPD_MORTGAGE_FICO_V2,Mortgage lifetime PD by FICO,Mortgage,fico_band,Near Prime,Baseline,36,0.0016293590894040076,0.057646186243757946,V2,SYNTHETIC_DEMO
LPD_MORTGAGE_FICO_V2,Mortgage lifetime PD by FICO,Mortgage,fico_band,Near Prime,Baseline,37,0.001628908126965054,0.05927509437072298,V2,SYNTHETIC_DEMO
LPD_MORTGAGE_FICO_V2,Mortgage lifetime PD by FICO,Mortgage,fico_band,Near Prime,Baseline,38,0.0016283536375774148,0.06090344800830039,V2,SYNTHETIC_DEMO
LPD_MORTGAGE_FICO_V2,Mortgage lifetime PD by FICO,Mortgage,fico_band,Near Prime,Baseline,39,0.001627700215280868,0.0625311482235813,V2,SYNTHETIC_DEMO
LPD_MORTGAGE_FICO_V2,Mortgage lifetime PD by FICO,Mortgage,fico_band,Near Prime,Baseline,40,0.0016269522606727157,0.06415810048425397,V2,SYNTHETIC_DEMO
LPD_MORTGAGE_FICO_V2,Mortgage lifetime PD by FICO,Mortgage,fico_band,Near Prime,Baseline,41,0.0016261139889471711,0.06578421447320115,V2,SYNTHETIC_DEMO
LPD_MORTGAGE_FICO_V2,Mortgage lifetime PD by FICO,Mortgage,fico_band,Near Prime,Baseline,42,0.0016251894376066158,0.06740940391080774,V2,SYNTHETIC_DEMO
LPD_MORTGAGE_FICO_V2,Mortgage lifetime PD by FICO,Mortgage,fico_band,Near Prime,Baseline,43,0.0016241824738604646,0.06903358638466817,V2,SYNTHETIC_DEMO
LPD_MORTGAGE_FICO_V2,Mortgage lifetime PD by FICO,Mortgage,fico_band,Near Prime,Baseline,44,0.0016230968017214927,0.07065668318638962,V2,SYNTHETIC_DEMO
LPD_MORTGAGE_FICO_V2,Mortgage lifetime PD by FICO,Mortgage,fico_band,Near Prime,Baseline,45,0.0016219359688122838,0.07227861915520195,V2,SYNTHETIC_DEMO
LPD_MORTGAGE_FICO_V2,Mortgage lifetime PD by FICO,Mortgage,fico_band,Near Prime,Baseline,46,0.0016207033728937736,0.07389932252809572,V2,SYNTHETIC_DEMO
LPD_MORTGAGE_FICO_V2,Mortgage lifetime PD by FICO,Mortgage,fico_band,Near Prime,Baseline,47,0.001619402268124936,0.07551872479622068,V2,SYNTHETIC_DEMO
LPD_MORTGAGE_FICO_V2,Mortgage lifetime PD by FICO,Mortgage,fico_band,Near Prime,Baseline,48,0.0016180357710670553,0.07713676056728769,V2,SYNTHETIC_DEMO
LPD_MORTGAGE_FICO_V2,Mortgage lifetime PD by FICO,Mortgage,fico_band,Near Prime,Baseline,49,0.0016166068664394781,0.07875336743372718,V2,SYNTHETIC_DEMO
LPD_MORTGAGE_FICO_V2,Mortgage lifetime PD by FICO,Mortgage,fico_band,Near Prime,Baseline,50,0.0016151184126398693,0.08036848584636702,V2,SYNTHETIC_DEMO
LPD_MORTGAGE_FICO_V2,Mortgage lifetime PD by FICO,Mortgage,fico_band,Near Prime,Baseline,51,0.0016135731470356717,0.08198205899340272,V2,SYNTHETIC_DEMO
LPD_MORTGAGE_FICO_V2,Mortgage lifetime PD by FICO,Mortgage,fico_band,Near Prime,Baseline,52,0.0016119736910379316,0.08359403268444066,V2,SYNTHETIC_DEMO
LPD_MORTGAGE_FICO_V2,Mortgage lifetime PD by FICO,Mortgage,fico_band,Near Prime,Baseline,53,0.001610322554964705,0.0852043552394054,V2,SYNTHETIC_DEMO
LPD_MORTGAGE_FICO_V2,Mortgage lifetime PD by FICO,Mortgage,fico_band,Near Prime,Baseline,54,0.0016086221427038597,0.08681297738210925,V2,SYNTHETIC_DEMO
LPD_MORTGAGE_FICO_V2,Mortgage lifetime PD by FICO,Mortgage,fico_band,Near Prime,Baseline,55,0.0016068747561819702,0.08841985213829118,V2,SYNTHETIC_DEMO
LPD_MORTGAGE_FICO_V2,Mortgage lifetime PD by FICO,Mortgage,fico_band,Near Prime,Baseline,56,0.0016050825996483968,0.0900249347379396,V2,SYNTHETIC_DEMO
LPD_MORTGAGE_FICO_V2,Mortgage lifetime PD by FICO,Mortgage,fico_band,Near Prime,Baseline,57,0.0016032477837814323,0.091628182521721,V2,SYNTHETIC_DEMO
LPD_MORTGAGE_FICO_V2,Mortgage lifetime PD by FICO,Mortgage,fico_band,Near Prime,Baseline,58,0.0016013723296232599,0.09322955485134421,V2,SYNTHETIC_DEMO
LPD_MORTGAGE_FICO_V2,Mortgage lifetime PD by FICO,Mortgage,fico_band,Near Prime,Baseline,59,0.0015994581723517169,0.09482901302369595,V2,SYNTHETIC_DEMO
LPD_MORTGAGE_FICO_V2,Mortgage lifetime PD by FICO,Mortgage,fico_band,Near Prime,Baseline,60,0.0015975071648949776,0.09642652018859088,V2,SYNTHETIC_DEMO
LPD_MORTGAGE_FICO_V2,Mortgage lifetime PD by FICO,Mortgage,fico_band,Near Prime,Baseline,61,0.0015955210813950237,0.09802204126998593,V2,SYNTHETIC_DEMO
LPD_MORTGAGE_FICO_V2,Mortgage lifetime PD by FICO,Mortgage,fico_band,Near Prime,Baseline,62,0.0015935016205277182,0.09961554289051366,V2,SYNTHETIC_DEMO
LPD_MORTGAGE_FICO_V2,Mortgage lifetime PD by FICO,Mortgage,fico_band,Near Prime,Baseline,63,0.0015914504086827275,0.10120699329919636,V2,SYNTHETIC_DEMO
LPD_MORTGAGE_FICO_V2,Mortgage lifetime PD by FICO,Mortgage,fico_band,Near Prime,Baseline,64,0.001589369003012206,0.10279636230220857,V2,SYNTHETIC_DEMO
LPD_MORTGAGE_FICO_V2,Mortgage lifetime PD by FICO,Mortgage,fico_band,Near Prime,Baseline,65,0.0015872588943507799,0.1043836211965593,V2,SYNTHETIC_DEMO
LPD_MORTGAGE_FICO_V2,Mortgage lifetime PD by FICO,Mortgage,fico_band,Near Prime,Baseline,66,0.001585121510014137,0.10596874270657342,V2,SYNTHETIC_DEMO
LPD_MORTGAGE_FICO_V2,Mortgage lifetime PD by FICO,Mortgage,fico_band,Near Prime,Baseline,67,0.0015829582164798644,0.10755170092305333,V2,SYNTHETIC_DEMO
LPD_MORTGAGE_FICO_V2,Mortgage lifetime PD by FICO,Mortgage,fico_band,Near Prime,Baseline,68,0.0015807703219564368,0.1091324712450098,V2,SYNTHETIC_DEMO
LPD_MORTGAGE_FICO_V2,Mortgage lifetime PD by FICO,Mortgage,fico_band,Near Prime,Baseline,69,0.0015785590788441077,0.11071103032385388,V2,SYNTHETIC_DEMO
LPD_MORTGAGE_FICO_V2,Mortgage lifetime PD by FICO,Mortgage,fico_band,Near Prime,Baseline,70,0.0015763256860933034,0.11228735600994721,V2,SYNTHETIC_DEMO
LPD_MORTGAGE_FICO_V2,Mortgage lifetime PD by FICO,Mortgage,fico_band,Near Prime,Baseline,71,0.001574071291462602,0.1138614273014098,V2,SYNTHETIC_DEMO
LPD_MORTGAGE_FICO_V2,Mortgage lifetime PD by FICO,Mortgage,fico_band,Near Prime,Baseline,72,0.0015717969936836882,0.1154332242950935,V2,SYNTHETIC_DEMO
LPD_MORTGAGE_FICO_V2,Mortgage lifetime PD by FICO,Mortgage,fico_band,Near Prime,Baseline,73,0.0015695038445339893,0.11700272813962753,V2,SYNTHETIC_DEMO
LPD_MORTGAGE_FICO_V2,Mortgage lifetime PD by FICO,Mortgage,fico_band,Near Prime,Baseline,74,0.0015671928508227176,0.11856992099045027,V2,SYNTHETIC_DEMO
LPD_MORTGAGE_FICO_V2,Mortgage lifetime PD by FICO,Mortgage,fico_band,Near Prime,Baseline,75,0.001564864976293224,0.12013478596674354,V2,SYNTHETIC_DEMO
LPD_MORTGAGE_FICO_V2,Mortgage lifetime PD by FICO,Mortgage,fico_band,Near Prime,Baseline,76,0.0015625211434456162,0.12169730711018911,V2,SYNTHETIC_DEMO
LPD_MORTGAGE_FICO_V2,Mortgage lifetime PD by FICO,Mortgage,fico_band,Near Prime,Baseline,77,0.0015601622352824798,0.12325746934547155,V2,SYNTHETIC_DEMO
LPD_MORTGAGE_FICO_V2,Mortgage lifetime PD by FICO,Mortgage,fico_band,Near Prime,Baseline,78,0.0015577890969806986,0.12481525844245223,V2,SYNTHETIC_DEMO
LPD_MORTGAGE_FICO_V2,Mortgage lifetime PD by FICO,Mortgage,fico_band,Near Prime,Baseline,79,0.0015554025374933148,0.12637066097994554,V2,SYNTHETIC_DEMO
LPD_MORTGAGE_FICO_V2,Mortgage lifetime PD by FICO,Mortgage,fico_band,Near Prime,Baseline,80,0.001553003331084156,0.12792366431102964,V2,SYNTHETIC_DEMO
LPD_MORTGAGE_FICO_V2,Mortgage lifetime PD by FICO,Mortgage,fico_band,Near Prime,Baseline,81,0.0015505922187966645,0.12947425652982625,V2,SYNTHETIC_DEMO
LPD_MORTGAGE_FICO_V2,Mortgage lifetime PD by FICO,Mortgage,fico_band,Near Prime,Baseline,82,0.0015481699098620284,0.1310224264396883,V2,SYNTHETIC_DEMO
LPD_MORTGAGE_FICO_V2,Mortgage lifetime PD by FICO,Mortgage,fico_band,Near Prime,Baseline,83,0.0015457370830470126,0.13256816352273537,V2,SYNTHETIC_DEMO
LPD_MORTGAGE_FICO_V2,Mortgage lifetime PD by FICO,Mortgage,fico_band,Near Prime,Baseline,84,0.0015432943879453603,0.1341114579106807,V2,SYNTHETIC_DEMO
LPD_MORTGAGE_FICO_V2,Mortgage lifetime PD by FICO,Mortgage,fico_band,Near Prime,Baseline,85,0.0015408424462145642,0.13565230035689524,V2,SYNTHETIC_DEMO
LPD_MORTGAGE_FICO_V2,Mortgage lifetime PD by FICO,Mortgage,fico_band,Near Prime,Baseline,86,0.0015383818527603622,0.13719068220965558,V2,SYNTHETIC_DEMO
LPD_MORTGAGE_FICO_V2,Mortgage lifetime PD by FICO,Mortgage,fico_band,Near Prime,Baseline,87,0.0015359131768710955,0.13872659538652665,V2,SYNTHETIC_DEMO
LPD_MORTGAGE_FICO_V2,Mortgage lifetime PD by FICO,Mortgage,fico_band,Near Prime,Baseline,88,0.001533436963304614,0.1402600323498313,V2,SYNTHETIC_DEMO
LPD_MORTGAGE_FICO_V2,Mortgage lifetime PD by FICO,Mortgage,fico_band,Near Prime,Baseline,89,0.00153095373332837,0.14179098608315965,V2,SYNTHETIC_DEMO
LPD_MORTGAGE_FICO_V2,Mortgage lifetime PD by FICO,Mortgage,fico_band,Near Prime,Baseline,90,0.001528463985716588,0.14331945006887625,V2,SYNTHETIC_DEMO
LPD_MORTGAGE_FICO_V2,Mortgage lifetime PD by FICO,Mortgage,fico_band,Near Prime,Baseline,91,0.001525968197704432,0.1448454182665807,V2,SYNTHETIC_DEMO
LPD_MORTGAGE_FICO_V2,Mortgage lifetime PD by FICO,Mortgage,fico_band,Near Prime,Baseline,92,0.0015234668259021494,0.1463688850924828,V2,SYNTHETIC_DEMO
LPD_MORTGAGE_FICO_V2,Mortgage lifetime PD by FICO,Mortgage,fico_band,Near Prime,Baseline,93,0.0015209603071706043,0.14788984539965344,V2,SYNTHETIC_DEMO
LPD_MORTGAGE_FICO_V2,Mortgage lifetime PD by FICO,Mortgage,fico_band,Near Prime,Baseline,94,0.0015184490594595988,0.14940829445911308,V2,SYNTHETIC_DEMO
LPD_MORTGAGE_FICO_V2,Mortgage lifetime PD by FICO,Mortgage,fico_band,Near Prime,Baseline,95,0.0015159334826109379,0.150924227941724,V2,SYNTHETIC_DEMO
LPD_MORTGAGE_FICO_V2,Mortgage lifetime PD by FICO,Mortgage,fico_band,Near Prime,Baseline,96,0.00151341395912721,0.15243764190085118,V2,SYNTHETIC_DEMO
LPD_MORTGAGE_FICO_V2,Mortgage lifetime PD by FICO,Mortgage,fico_band,Near Prime,Baseline,97,0.0015108908549081102,0.15394853275575926,V2,SYNTHETIC_DEMO
LPD_MORTGAGE_FICO_V2,Mortgage lifetime PD by FICO,Mortgage,fico_band,Near Prime,Baseline,98,0.0015083645199558083,0.1554568972757151,V2,SYNTHETIC_DEMO
LPD_MORTGAGE_FICO_V2,Mortgage lifetime PD by FICO,Mortgage,fico_band,Near Prime,Baseline,99,0.0015058352890501127,0.15696273256476523,V2,SYNTHETIC_DEMO
LPD_MORTGAGE_FICO_V2,Mortgage lifetime PD by FICO,Mortgage,fico_band,Near Prime,Baseline,100,0.0015033034823952805,0.15846603604716047,V2,SYNTHETIC_DEMO
LPD_MORTGAGE_FICO_V2,Mortgage lifetime PD by FICO,Mortgage,fico_band,Near Prime,Baseline,101,0.0015007694062392804,0.1599668054533998,V2,SYNTHETIC_DEMO
LPD_MORTGAGE_FICO_V2,Mortgage lifetime PD by FICO,Mortgage,fico_band,Near Prime,Baseline,102,0.0014982333534669578,0.1614650388068668,V2,SYNTHETIC_DEMO
LPD_MORTGAGE_FICO_V2,Mortgage lifetime PD by FICO,Mortgage,fico_band,Near Prime,Baseline,103,0.0014956956041675975,0.16296073441103442,V2,SYNTHETIC_DEMO
LPD_MORTGAGE_FICO_V2,Mortgage lifetime PD by FICO,Mortgage,fico_band,Near Prime,Baseline,104,0.0014931564261794223,0.16445389083721385,V2,SYNTHETIC_DEMO
LPD_MORTGAGE_FICO_V2,Mortgage lifetime PD by FICO,Mortgage,fico_band,Near Prime,Baseline,105,0.0014906160756097265,0.16594450691282359,V2,SYNTHETIC_DEMO
LPD_MORTGAGE_FICO_V2,Mortgage lifetime PD by FICO,Mortgage,fico_band,Near Prime,Baseline,106,0.0014880747973341753,0.16743258171015774,V2,SYNTHETIC_DEMO
LPD_MORTGAGE_FICO_V2,Mortgage lifetime PD by FICO,Mortgage,fico_band,Near Prime,Baseline,107,0.0014855328254737682,0.16891811453563155,V2,SYNTHETIC_DEMO
LPD_MORTGAGE_FICO_V2,Mortgage lifetime PD by FICO,Mortgage,fico_band,Near Prime,Baseline,108,0.0014829903838527764,0.17040110491948435,V2,SYNTHETIC_DEMO
LPD_MORTGAGE_FICO_V2,Mortgage lifetime PD by FICO,Mortgage,fico_band,Near Prime,Baseline,109,0.0014804476864363175,0.17188155260592064,V2,SYNTHETIC_DEMO
LPD_MORTGAGE_FICO_V2,Mortgage lifetime PD by FICO,Mortgage,fico_band,Near Prime,Baseline,110,0.0014779049377496552,0.17335945754367033,V2,SYNTHETIC_DEMO
LPD_MORTGAGE_FICO_V2,Mortgage lifetime PD by FICO,Mortgage,fico_band,Near Prime,Baseline,111,0.001475362333280082,0.17483481987695038,V2,SYNTHETIC_DEMO
LPD_MORTGAGE_FICO_V2,Mortgage lifetime PD by FICO,Mortgage,fico_band,Near Prime,Baseline,112,0.0014728200598608655,0.1763076399368112,V2,SYNTHETIC_DEMO
LPD_MORTGAGE_FICO_V2,Mortgage lifetime PD by FICO,Mortgage,fico_band,Near Prime,Baseline,113,0.001470278296040128,0.17777791823285127,V2,SYNTHETIC_DEMO
LPD_MORTGAGE_FICO_V2,Mortgage lifetime PD by FICO,Mortgage,fico_band,Near Prime,Baseline,114,0.0014677372124331024,0.17924565544528437,V2,SYNTHETIC_DEMO
LPD_MORTGAGE_FICO_V2,Mortgage lifetime PD by FICO,Mortgage,fico_band,Near Prime,Baseline,115,0.0014651969720594295,0.18071085241734375,V2,SYNTHETIC_DEMO
LPD_MORTGAGE_FICO_V2,Mortgage lifetime PD by FICO,Mortgage,fico_band,Near Prime,Baseline,116,0.0014626577306670388,0.18217351014801075,V2,SYNTHETIC_DEMO
LPD_MORTGAGE_FICO_V2,Mortgage lifetime PD by FICO,Mortgage,fico_band,Near Prime,Baseline,117,0.0014601196370412337,0.18363362978505193,V2,SYNTHETIC_DEMO
LPD_MORTGAGE_FICO_V2,Mortgage lifetime PD by FICO,Mortgage,fico_band,Near Prime,Baseline,118,0.0014575828333016053,0.18509121261835348,V2,SYNTHETIC_DEMO
LPD_MORTGAGE_FICO_V2,Mortgage lifetime PD by FICO,Mortgage,fico_band,Near Prime,Baseline,119,0.0014550474551852071,0.1865462600735387,V2,SYNTHETIC_DEMO
LPD_MORTGAGE_FICO_V2,Mortgage lifetime PD by FICO,Mortgage,fico_band,Near Prime,Baseline,120,0.0014525136323188656,0.1879987737058576,V2,SYNTHETIC_DEMO
LPD_MORTGAGE_FICO_V2,Mortgage lifetime PD by FICO,Mortgage,fico_band,Subprime,Baseline,1,0.005627402973405915,0.005627402973405915,V2,SYNTHETIC_DEMO
LPD_MORTGAGE_FICO_V2,Mortgage lifetime PD by FICO,Mortgage,fico_band,Subprime,Baseline,2,0.0056361265766690745,0.011263529550075035,V2,SYNTHETIC_DEMO
LPD_MORTGAGE_FICO_V2,Mortgage lifetime PD by FICO,Mortgage,fico_band,Subprime,Baseline,3,0.005642721130204857,0.016906250680279844,V2,SYNTHETIC_DEMO
LPD_MORTGAGE_FICO_V2,Mortgage lifetime PD by FICO,Mortgage,fico_band,Subprime,Baseline,4,0.0056472900685983155,0.022553540748878165,V2,SYNTHETIC_DEMO
LPD_MORTGAGE_FICO_V2,Mortgage lifetime PD by FICO,Mortgage,fico_band,Subprime,Baseline,5,0.005649932624650487,0.028203473373528687,V2,SYNTHETIC_DEMO
LPD_MORTGAGE_FICO_V2,Mortgage lifetime PD by FICO,Mortgage,fico_band,Subprime,Baseline,6,0.005650743965943818,0.03385421733947247,V2,SYNTHETIC_DEMO
LPD_MORTGAGE_FICO_V2,Mortgage lifetime PD by FICO,Mortgage,fico_band,Subprime,Baseline,7,0.00564981532994975,0.03950403266942226,V2,SYNTHETIC_DEMO
LPD_MORTGAGE_FICO_V2,Mortgage lifetime PD by FICO,Mortgage,fico_band,Subprime,Baseline,8,0.005647234157362632,0.04515126682678494,V2,SYNTHETIC_DEMO
LPD_MORTGAGE_FICO_V2,Mortgage lifetime PD by FICO,Mortgage,fico_band,Subprime,Baseline,9,0.005643084223383695,0.05079435105016861,V2,SYNTHETIC_DEMO
LPD_MORTGAGE_FICO_V2,Mortgage lifetime PD by FICO,Mortgage,fico_band,Subprime,Baseline,10,0.005637445766721744,0.05643179681689037,V2,SYNTHETIC_DEMO
LPD_MORTGAGE_FICO_V2,Mortgage lifetime PD by FICO,Mortgage,fico_band,Subprime,Baseline,11,0.005630395616109816,0.06206219243300015,V2,SYNTHETIC_DEMO
LPD_MORTGAGE_FICO_V2,Mortgage lifetime PD by FICO,Mortgage,fico_band,Subprime,Baseline,12,0.005622007314171965,0.0676841997471721,V2,SYNTHETIC_DEMO
LPD_MORTGAGE_FICO_V2,Mortgage lifetime PD by FICO,Mortgage,fico_band,Subprime,Baseline,13,0.005612351238501403,0.07329655098567356,V2,SYNTHETIC_DEMO
LPD_MORTGAGE_FICO_V2,Mortgage lifetime PD by FICO,Mortgage,fico_band,Subprime,Baseline,14,0.00560149471983886,0.0788980457055124,V2,SYNTHETIC_DEMO
LPD_MORTGAGE_FICO_V2,Mortgage lifetime PD by FICO,Mortgage,fico_band,Subprime,Baseline,15,0.00558950215726409,0.08448754786277646,V2,SYNTHETIC_DEMO
LPD_MORTGAGE_FICO_V2,Mortgage lifetime PD by FICO,Mortgage,fico_band,Subprime,Baseline,16,0.0055764351303335315,0.09006398299311003,V2,SYNTHETIC_DEMO
LPD_MORTGAGE_FICO_V2,Mortgage lifetime PD by FICO,Mortgage,fico_band,Subprime,Baseline,17,0.005562352508117083,0.09562633550122712,V2,SYNTHETIC_DEMO
LPD_MORTGAGE_FICO_V2,Mortgage lifetime PD by FICO,Mortgage,fico_band,Subprime,Baseline,18,0.005547310555103584,0.10117364605633072,V2,SYNTHETIC_DEMO
LPD_MORTGAGE_FICO_V2,Mortgage lifetime PD by FICO,Mortgage,fico_band,Subprime,Baseline,19,0.005531363033961329,0.10670500909029201,V2,SYNTHETIC_DEMO
LPD_MORTGAGE_FICO_V2,Mortgage lifetime PD by FICO,Mortgage,fico_band,Subprime,Baseline,20,0.005514561305149241,0.11221957039544128,V2,SYNTHETIC_DEMO
LPD_MORTGAGE_FICO_V2,Mortgage lifetime PD by FICO,Mortgage,fico_band,Subprime,Baseline,21,0.005496954423392585,0.11771652481883388,V2,SYNTHETIC_DEMO
LPD_MORTGAGE_FICO_V2,Mortgage lifetime PD by FICO,Mortgage,fico_band,Subprime,Baseline,22,0.0054785892310399015,0.12319511404987382,V2,SYNTHETIC_DEMO
LPD_MORTGAGE_FICO_V2,Mortgage lifetime PD by FICO,Mortgage,fico_band,Subprime,Baseline,23,0.005459510448335024,0.12865462449820886,V2,SYNTHETIC_DEMO
LPD_MORTGAGE_FICO_V2,Mortgage lifetime PD by FICO,Mortgage,fico_band,Subprime,Baseline,24,0.005439760760638344,0.1340943852588472,V2,SYNTHETIC_DEMO
LPD_MORTGAGE_FICO_V2,Mortgage lifetime PD by FICO,Mortgage,fico_band,Subprime,Baseline,25,0.005419380902644057,0.13951376616149125,V2,SYNTHETIC_DEMO
LPD_MORTGAGE_FICO_V2,Mortgage lifetime PD by FICO,Mortgage,fico_band,Subprime,Baseline,26,0.0053984097396430585,0.14491217590113425,V2,SYNTHETIC_DEMO
LPD_MORTGAGE_FICO_V2,Mortgage lifetime PD by FICO,Mortgage,fico_band,Subprime,Baseline,27,0.005376884345886446,0.1502890602470207,V2,SYNTHETIC_DEMO
LPD_MORTGAGE_FICO_V2,Mortgage lifetime PD by FICO,Mortgage,fico_band,Subprime,Baseline,28,0.005354840080110094,0.15564390032713082,V2,SYNTHETIC_DEMO
LPD_MORTGAGE_FICO_V2,Mortgage lifetime PD by FICO,Mortgage,fico_band,Subprime,Baseline,29,0.005332310658281909,0.1609762109854127,V2,SYNTHETIC_DEMO
LPD_MORTGAGE_FICO_V2,Mortgage lifetime PD by FICO,Mortgage,fico_band,Subprime,Baseline,30,0.0053093282236388985,0.16628553920905165,V2,SYNTHETIC_DEMO
LPD_MORTGAGE_FICO_V2,Mortgage lifetime PD by FICO,Mortgage,fico_band,Subprime,Baseline,31,0.005285923414080841,0.1715714626231325,V2,SYNTHETIC_DEMO
LPD_MORTGAGE_FICO_V2,Mortgage lifetime PD by FICO,Mortgage,fico_band,Subprime,Baseline,32,0.005262125426990732,0.17683358805012328,V2,SYNTHETIC_DEMO
LPD_MORTGAGE_FICO_V2,Mortgage lifetime PD by FICO,Mortgage,fico_band,Subprime,Baseline,33,0.005237962081552458,0.18207155013167575,V2,SYNTHETIC_DEMO
LPD_MORTGAGE_FICO_V2,Mortgage lifetime PD by FICO,Mortgage,fico_band,Subprime,Baseline,34,0.005213459878638042,0.18728501001031383,V2,SYNTHETIC_DEMO
LPD_MORTGAGE_FICO_V2,Mortgage lifetime PD by FICO,Mortgage,fico_band,Subprime,Baseline,35,0.005188644058335587,0.19247365406864947,V2,SYNTHETIC_DEMO
LPD_MORTGAGE_FICO_V2,Mortgage lifetime PD by FICO,Mortgage,fico_band,Subprime,Baseline,36,0.0051635386551900555,0.1976371927238395,V2,SYNTHETIC_DEMO
LPD_MORTGAGE_FICO_V2,Mortgage lifetime PD by FICO,Mortgage,fico_band,Subprime,Baseline,37,0.00513816655123024,0.20277535927506973,V2,SYNTHETIC_DEMO
LPD_MORTGAGE_FICO_V2,Mortgage lifetime PD by FICO,Mortgage,fico_band,Subprime,Baseline,38,0.005112549526851667,0.20788790880192143,V2,SYNTHETIC_DEMO
LPD_MORTGAGE_FICO_V2,Mortgage lifetime PD by FICO,Mortgage,fico_band,Subprime,Baseline,39,0.005086708309627112,0.21297461711154853,V2,SYNTHETIC_DEMO
LPD_MORTGAGE_FICO_V2,Mortgage lifetime PD by FICO,Mortgage,fico_band,Subprime,Baseline,40,0.005060662621115328,0.2180352797326639,V2,SYNTHETIC_DEMO
LPD_MORTGAGE_FICO_V2,Mortgage lifetime PD by FICO,Mortgage,fico_band,Subprime,Baseline,41,0.005034431221736025,0.22306971095439998,V2,SYNTHETIC_DEMO
LPD_MORTGAGE_FICO_V2,Mortgage lifetime PD by FICO,Mortgage,fico_band,Subprime,Baseline,42,0.005008031953779245,0.22807774290817917,V2,SYNTHETIC_DEMO
LPD_MORTGAGE_FICO_V2,Mortgage lifetime PD by FICO,Mortgage,fico_band,Subprime,Baseline,43,0.00498148178261672,0.23305922469079587,V2,SYNTHETIC_DEMO
LPD_MORTGAGE_FICO_V2,Mortgage lifetime PD by FICO,Mortgage,fico_band,Subprime,Baseline,44,0.004954796836178488,0.23801402152697437,V2,SYNTHETIC_DEMO
LPD_MORTGAGE_FICO_V2,Mortgage lifetime PD by FICO,Mortgage,fico_band,Subprime,Baseline,45,0.004927992442761207,0.24294201396973558,V2,SYNTHETIC_DEMO
LPD_MORTGAGE_FICO_V2,Mortgage lifetime PD by FICO,Mortgage,fico_band,Subprime,Baseline,46,0.004901083167227879,0.2478430971369635,V2,SYNTHETIC_DEMO
LPD_MORTGAGE_FICO_V2,Mortgage lifetime PD by FICO,Mortgage,fico_band,Subprime,Baseline,47,0.004874082845661558,0.2527171799826251,V2,SYNTHETIC_DEMO
LPD_MORTGAGE_FICO_V2,Mortgage lifetime PD by FICO,Mortgage,fico_band,Subprime,Baseline,48,0.004847004618531457,0.2575641846011566,V2,SYNTHETIC_DEMO
LPD_MORTGAGE_FICO_V2,Mortgage lifetime PD by FICO,Mortgage,fico_band,Subprime,Baseline,49,0.004819860962428802,0.2623840455635854,V2,SYNTHETIC_DEMO
LPD_MORTGAGE_FICO_V2,Mortgage lifetime PD by FICO,Mortgage,fico_band,Subprime,Baseline,50,0.004792663720429345,0.2671767092840147,V2,SYNTHETIC_DEMO
LPD_MORTGAGE_FICO_V2,Mortgage lifetime PD by FICO,Mortgage,fico_band,Subprime,Baseline,51,0.004765424131134647,0.2719421334151494,V2,SYNTHETIC_DEMO
LPD_MORTGAGE_FICO_V2,Mortgage lifetime PD by FICO,Mortgage,fico_band,Subprime,Baseline,52,0.004738152856447445,0.2766802862715968,V2,SYNTHETIC_DEMO
LPD_MORTGAGE_FICO_V2,Mortgage lifetime PD by FICO,Mortgage,fico_band,Subprime,Baseline,53,0.004710860008129346,0.28139114627972617,V2,SYNTHETIC_DEMO
LPD_MORTGAGE_FICO_V2,Mortgage lifetime PD by FICO,Mortgage,fico_band,Subprime,Baseline,54,0.004683555173192254,0.28607470145291847,V2,SYNTHETIC_DEMO
LPD_MORTGAGE_FICO_V2,Mortgage lifetime PD by FICO,Mortgage,fico_band,Subprime,Baseline,55,0.0046562474381692705,0.29073094889108775,V2,SYNTHETIC_DEMO
LPD_MORTGAGE_FICO_V2,Mortgage lifetime PD by FICO,Mortgage,fico_band,Subprime,Baseline,56,0.004628945412312525,0.29535989430340026,V2,SYNTHETIC_DEMO
LPD_MORTGAGE_FICO_V2,Mortgage lifetime PD by FICO,Mortgage,fico_band,Subprime,Baseline,57,0.004601657249761475,0.29996155155316173,V2,SYNTHETIC_DEMO
LPD_MORTGAGE_FICO_V2,Mortgage lifetime PD by FICO,Mortgage,fico_band,Subprime,Baseline,58,0.004574390670724781,0.30453594222388647,V2,SYNTHETIC_DEMO
LPD_MORTGAGE_FICO_V2,Mortgage lifetime PD by FICO,Mortgage,fico_band,Subprime,Baseline,59,0.004547152981717358,0.30908309520560384,V2,SYNTHETIC_DEMO
LPD_MORTGAGE_FICO_V2,Mortgage lifetime PD by FICO,Mortgage,fico_band,Subprime,Baseline,60,0.004519951094891352,0.3136030463004952,V2,SYNTHETIC_DEMO
LPD_MORTGAGE_FICO_V2,Mortgage lifetime PD by FICO,Mortgage,fico_band,Subprime,Baseline,61,0.00449279154650092,0.31809583784699613,V2,SYNTHETIC_DEMO
LPD_MORTGAGE_FICO_V2,Mortgage lifetime PD by FICO,Mortgage,fico_band,Subprime,Baseline,62,0.004465680514536256,0.32256151836153235,V2,SYNTHETIC_DEMO
LPD_MORTGAGE_FICO_V2,Mortgage lifetime PD by FICO,Mortgage,fico_band,Subprime,Baseline,63,0.0044386238355632775,0.3270001421970956,V2,SYNTHETIC_DEMO
LPD_MORTGAGE_FICO_V2,Mortgage lifetime PD by FICO,Mortgage,fico_band,Subprime,Baseline,64,0.0044116270208024895,0.33141176921789806,V2,SYNTHETIC_DEMO
LPD_MORTGAGE_FICO_V2,Mortgage lifetime PD by FICO,Mortgage,fico_band,Subprime,Baseline,65,0.004384695271480595,0.3357964644893786,V2,SYNTHETIC_DEMO
LPD_MORTGAGE_FICO_V2,Mortgage lifetime PD by FICO,Mortgage,fico_band,Subprime,Baseline,66,0.004357833493485382,0.340154297982864,V2,SYNTHETIC_DEMO
LPD_MORTGAGE_FICO_V2,Mortgage lifetime PD by FICO,Mortgage,fico_band,Subprime,Baseline,67,0.004331046311354939,0.34448534429421895,V2,SYNTHETIC_DEMO
LPD_MORTGAGE_FICO_V2,Mortgage lifetime PD by FICO,Mortgage,fico_band,Subprime,Baseline,68,0.004304338081630023,0.34878968237584895,V2,SYNTHETIC_DEMO
LPD_MORTGAGE_FICO_V2,Mortgage lifetime PD by FICO,Mortgage,fico_band,Subprime,Baseline,69,0.004277712905597312,0.35306739528144626,V2,SYNTHETIC_DEMO
LPD_MORTGAGE_FICO_V2,Mortgage lifetime PD by FICO,Mortgage,fico_band,Subprime,Baseline,70,0.004251174641450539,0.3573185699228968,V2,SYNTHETIC_DEMO
LPD_MORTGAGE_FICO_V2,Mortgage lifetime PD by FICO,Mortgage,fico_band,Subprime,Baseline,71,0.004224726915894913,0.3615432968387917,V2,SYNTHETIC_DEMO
LPD_MORTGAGE_FICO_V2,Mortgage lifetime PD by FICO,Mortgage,fico_band,Subprime,Baseline,72,0.004198373135219906,0.3657416699740116,V2,SYNTHETIC_DEMO
LPD_MORTGAGE_FICO_V2,Mortgage lifetime PD by FICO,Mortgage,fico_band,Subprime,Baseline,73,0.004172116495863337,0.36991378646987494,V2,SYNTHETIC_DEMO
LPD_MORTGAGE_FICO_V2,Mortgage lifetime PD by FICO,Mortgage,fico_band,Subprime,Baseline,74,0.00414595999449,0.3740597464643649,V2,SYNTHETIC_DEMO
LPD_MORTGAGE_FICO_V2,Mortgage lifetime PD by FICO,Mortgage,fico_band,Subprime,Baseline,75,0.004119906437605941,0.37817965290197086,V2,SYNTHETIC_DEMO
LPD_MORTGAGE_FICO_V2,Mortgage lifetime PD by FICO,Mortgage,fico_band,Subprime,Baseline,76,0.004093958450729772,0.38227361135270066,V2,SYNTHETIC_DEMO
LPD_MORTGAGE_FICO_V2,Mortgage lifetime PD by FICO,Mortgage,fico_band,Subprime,Baseline,77,0.004068118487140047,0.3863417298398407,V2,SYNTHETIC_DEMO
LPD_MORTGAGE_FICO_V2,Mortgage lifetime PD by FICO,Mortgage,fico_band,Subprime,Baseline,78,0.004042388836218526,0.39038411867605927,V2,SYNTHETIC_DEMO
LPD_MORTGAGE_FICO_V2,Mortgage lifetime PD by FICO,Mortgage,fico_band,Subprime,Baseline,79,0.004016771631407187,0.3944008903074665,V2,SYNTHETIC_DEMO
LPD_MORTGAGE_FICO_V2,Mortgage lifetime PD by FICO,Mortgage,fico_band,Subprime,Baseline,80,0.00399126885779625,0.3983921591652627,V2,SYNTHETIC_DEMO
LPD_MORTGAGE_FICO_V2,Mortgage lifetime PD by FICO,Mortgage,fico_band,Subprime,Baseline,81,0.003965882359359866,0.4023580415246226,V2,SYNTHETIC_DEMO
LPD_MORTGAGE_FICO_V2,Mortgage lifetime PD by FICO,Mortgage,fico_band,Subprime,Baseline,82,0.003940613845856353,0.40629865537047893,V2,SYNTHETIC_DEMO
LPD_MORTGAGE_FICO_V2,Mortgage lifetime PD by FICO,Mortgage,fico_band,Subprime,Baseline,83,0.003915464899406556,0.41021412026988546,V2,SYNTHETIC_DEMO
LPD_MORTGAGE_FICO_V2,Mortgage lifetime PD by FICO,Mortgage,fico_band,Subprime,Baseline,84,0.0038904369807663676,0.4141045572506519,V2,SYNTHETIC_DEMO
LPD_MORTGAGE_FICO_V2,Mortgage lifetime PD by FICO,Mortgage,fico_band,Subprime,Baseline,85,0.0038655314353068797,0.41797008868595875,V2,SYNTHETIC_DEMO
LPD_MORTGAGE_FICO_V2,Mortgage lifetime PD by FICO,Mortgage,fico_band,Subprime,Baseline,86,0.00384074949871491,0.4218108381846737,V2,SYNTHETIC_DEMO
LPD_MORTGAGE_FICO_V2,Mortgage lifetime PD by FICO,Mortgage,fico_band,Subprime,Baseline,87,0.0038160923024279708,0.42562693048710165,V2,SYNTHETIC_DEMO
LPD_MORTGAGE_FICO_V2,Mortgage lifetime PD by FICO,Mortgage,fico_band,Subprime,Baseline,88,0.0037915608788143653,0.42941849136591603,V2,SYNTHETIC_DEMO
LPD_MORTGAGE_FICO_V2,Mortgage lifetime PD by FICO,Mortgage,fico_band,Subprime,Baseline,89,0.003767156166110969,0.43318564753202704,V2,SYNTHETIC_DEMO
LPD_MORTGAGE_FICO_V2,Mortgage lifetime PD by FICO,Mortgage,fico_band,Subprime,Baseline,90,0.0037428790131300515,0.4369285265451571,V2,SYNTHETIC_DEMO
LPD_MORTGAGE_FICO_V2,Mortgage lifetime PD by FICO,Mortgage,fico_band,Subprime,Baseline,91,0.003718730183744579,0.4406472567289017,V2,SYNTHETIC_DEMO
LPD_MORTGAGE_FICO_V2,Mortgage lifetime PD by FICO,Mortgage,fico_band,Subprime,Baseline,92,0.003694710361163254,0.4443419670900649,V2,SYNTHETIC_DEMO
LPD_MORTGAGE_FICO_V2,Mortgage lifetime PD by FICO,Mortgage,fico_band,Subprime,Baseline,93,0.003670820152005,0.44801278724206994,V2,SYNTHETIC_DEMO
LPD_MORTGAGE_FICO_V2,Mortgage lifetime PD by FICO,Mortgage,fico_band,Subprime,Baseline,94,0.003647060090180919,0.45165984733225084,V2,SYNTHETIC_DEMO
LPD_MORTGAGE_FICO_V2,Mortgage lifetime PD by FICO,Mortgage,fico_band,Subprime,Baseline,95,0.0036234306405941515,0.45528327797284496,V2,SYNTHETIC_DEMO
LPD_MORTGAGE_FICO_V2,Mortgage lifetime PD by FICO,Mortgage,fico_band,Subprime,Baseline,96,0.0035999322026650064,0.4588832101755099,V2,SYNTHETIC_DEMO
LPD_MORTGAGE_FICO_V2,Mortgage lifetime PD by FICO,Mortgage,fico_band,Subprime,Baseline,97,0.003576565113689793,0.4624597752891997,V2,SYNTHETIC_DEMO
LPD_MORTGAGE_FICO_V2,Mortgage lifetime PD by FICO,Mortgage,fico_band,Subprime,Baseline,98,0.003553329652041249,0.46601310494124093,V2,SYNTHETIC_DEMO
LPD_MORTGAGE_FICO_V2,Mortgage lifetime PD by FICO,Mortgage,fico_band,Subprime,Baseline,99,0.0035302260402171855,0.46954333098145806,V2,SYNTHETIC_DEMO
LPD_MORTGAGE_FICO_V2,Mortgage lifetime PD by FICO,Mortgage,fico_band,Subprime,Baseline,100,0.003507254447745427,0.47305058542920353,V2,SYNTHETIC_DEMO
LPD_MORTGAGE_FICO_V2,Mortgage lifetime PD by FICO,Mortgage,fico_band,Subprime,Baseline,101,0.0034844149939508248,0.47653500042315433,V2,SYNTHETIC_DEMO
LPD_MORTGAGE_FICO_V2,Mortgage lifetime PD by FICO,Mortgage,fico_band,Subprime,Baseline,102,0.0034617077505910707,0.4799967081737454,V2,SYNTHETIC_DEMO
LPD_MORTGAGE_FICO_V2,Mortgage lifetime PD by FICO,Mortgage,fico_band,Subprime,Baseline,103,0.0034391327443677334,0.4834358409181131,V2,SYNTHETIC_DEMO
LPD_MORTGAGE_FICO_V2,Mortgage lifetime PD by FICO,Mortgage,fico_band,Subprime,Baseline,104,0.003416689959317704,0.48685253087743074,V2,SYNTHETIC_DEMO
LPD_MORTGAGE_FICO_V2,Mortgage lifetime PD by FICO,Mortgage,fico_band,Subprime,Baseline,105,0.003394379339090964,0.49024691021652167,V2,SYNTHETIC_DEMO
LPD_MORTGAGE_FICO_V2,Mortgage lifetime PD by FICO,Mortgage,fico_band,Subprime,Baseline,106,0.0033722007891200667,0.4936191110056417,V2,SYNTHETIC_DEMO
LPD_MORTGAGE_FICO_V2,Mortgage lifetime PD by FICO,Mortgage,fico_band,Subprime,Baseline,107,0.003350154178686185,0.49696926518432794,V2,SYNTHETIC_DEMO
LPD_MORTGAGE_FICO_V2,Mortgage lifetime PD by FICO,Mortgage,fico_band,Subprime,Baseline,108,0.0033282393428864846,0.5002975045272144,V2,SYNTHETIC_DEMO
LPD_MORTGAGE_FICO_V2,Mortgage lifetime PD by FICO,Mortgage,fico_band,Subprime,Baseline,109,0.0033064560845077495,0.5036039606117222,V2,SYNTHETIC_DEMO
LPD_MORTGAGE_FICO_V2,Mortgage lifetime PD by FICO,Mortgage,fico_band,Subprime,Baseline,110,0.0032848041758104115,0.5068887647875326,V2,SYNTHETIC_DEMO
LPD_MORTGAGE_FICO_V2,Mortgage lifetime PD by FICO,Mortgage,fico_band,Subprime,Baseline,111,0.003263283360226994,0.5101520481477596,V2,SYNTHETIC_DEMO
LPD_MORTGAGE_FICO_V2,Mortgage lifetime PD by FICO,Mortgage,fico_band,Subprime,Baseline,112,0.003241893353979449,0.513393941501739,V2,SYNTHETIC_DEMO
LPD_MORTGAGE_FICO_V2,Mortgage lifetime PD by FICO,Mortgage,fico_band,Subprime,Baseline,113,0.003220633847618794,0.5166145753493578,V2,SYNTHETIC_DEMO
LPD_MORTGAGE_FICO_V2,Mortgage lifetime PD by FICO,Mortgage,fico_band,Subprime,Baseline,114,0.003199504507490697,0.5198140798568485,V2,SYNTHETIC_DEMO
LPD_MORTGAGE_FICO_V2,Mortgage lifetime PD by FICO,Mortgage,fico_band,Subprime,Baseline,115,0.0031785049771308393,0.5229925848339794,V2,SYNTHETIC_DEMO
LPD_MORTGAGE_FICO_V2,Mortgage lifetime PD by FICO,Mortgage,fico_band,Subprime,Baseline,116,0.0031576348785929656,0.5261502197125723,V2,SYNTHETIC_DEMO
LPD_MORTGAGE_FICO_V2,Mortgage lifetime PD by FICO,Mortgage,fico_band,Subprime,Baseline,117,0.003136893813712682,0.529287113526285,V2,SYNTHETIC_DEMO
LPD_MORTGAGE_FICO_V2,Mortgage lifetime PD by FICO,Mortgage,fico_band,Subprime,Baseline,118,0.00311628136531072,0.5324033948915957,V2,SYNTHETIC_DEMO
LPD_MORTGAGE_FICO_V2,Mortgage lifetime PD by FICO,Mortgage,fico_band,Subprime,Baseline,119,0.003095797098337809,0.5354991919899335,V2,SYNTHETIC_DEMO
LPD_MORTGAGE_FICO_V2,Mortgage lifetime PD by FICO,Mortgage,fico_band,Subprime,Baseline,120,0.003075440560963842,0.5385746325508973,V2,SYNTHETIC_DEMO
LPD_MORTGAGE_FICO_V2,Mortgage lifetime PD by FICO,Mortgage,fico_band,Prime,Downside,1,0.0007332758736228184,0.0007332758736228184,V2,SYNTHETIC_DEMO
LPD_MORTGAGE_FICO_V2,Mortgage lifetime PD by FICO,Mortgage,fico_band,Prime,Downside,2,0.0007378843644153636,0.0014711602380381716,V2,SYNTHETIC_DEMO
LPD_MORTGAGE_FICO_V2,Mortgage lifetime PD by FICO,Mortgage,fico_band,Prime,Downside,3,0.0007422722862108778,0.0022134325242491037,V2,SYNTHETIC_DEMO
LPD_MORTGAGE_FICO_V2,Mortgage lifetime PD by FICO,Mortgage,fico_band,Prime,Downside,4,0.0007464487256062693,0.002959881249855356,V2,SYNTHETIC_DEMO
LPD_MORTGAGE_FICO_V2,Mortgage lifetime PD by FICO,Mortgage,fico_band,Prime,Downside,5,0.0007504224007241775,0.0037103036505795606,V2,SYNTHETIC_DEMO
LPD_MORTGAGE_FICO_V2,Mortgage lifetime PD by FICO,Mortgage,fico_band,Prime,Downside,6,0.0007542016757627667,0.0044645053263423495,V2,SYNTHETIC_DEMO
LPD_MORTGAGE_FICO_V2,Mortgage lifetime PD by FICO,Mortgage,fico_band,Prime,Downside,7,0.000757794575002745,0.00522229990134504,V2,SYNTHETIC_DEMO
LPD_MORTGAGE_FICO_V2,Mortgage lifetime PD by FICO,Mortgage,fico_band,Prime,Downside,8,0.0007612087962905643,0.005983508697635642,V2,SYNTHETIC_DEMO
LPD_MORTGAGE_FICO_V2,Mortgage lifetime PD by FICO,Mortgage,fico_band,Prime,Downside,9,0.0007644517240123819,0.006747960421648047,V2,SYNTHETIC_DEMO
LPD_MORTGAGE_FICO_V2,Mortgage lifetime PD by FICO,Mortgage,fico_band,Prime,Downside,10,0.0007675304415784583,0.007515490863226559,V2,SYNTHETIC_DEMO
LPD_MORTGAGE_FICO_V2,Mortgage lifetime PD by FICO,Mortgage,fico_band,Prime,Downside,11,0.0007704517434326517,0.008285942606659158,V2,SYNTHETIC_DEMO
LPD_MORTGAGE_FICO_V2,Mortgage lifetime PD by FICO,Mortgage,fico_band,Prime,Downside,12,0.0007732221466034766,0.009059164753262627,V2,SYNTHETIC_DEMO
LPD_MORTGAGE_FICO_V2,Mortgage lifetime PD by FICO,Mortgage,fico_band,Prime,Downside,13,0.0007758479018129706,0.009835012655075581,V2,SYNTHETIC_DEMO
LPD_MORTGAGE_FICO_V2,Mortgage lifetime PD by FICO,Mortgage,fico_band,Prime,Downside,14,0.0007783350041585881,0.010613347659234162,V2,SYNTHETIC_DEMO
LPD_MORTGAGE_FICO_V2,Mortgage lifetime PD by FICO,Mortgage,fico_band,Prime,Downside,15,0.0007806892033825086,0.011394036862616641,V2,SYNTHETIC_DEMO
LPD_MORTGAGE_FICO_V2,Mortgage lifetime PD by FICO,Mortgage,fico_band,Prime,Downside,16,0.0007829160137434312,0.012176952876360114,V2,SYNTHETIC_DEMO
LPD_MORTGAGE_FICO_V2,Mortgage lifetime PD by FICO,Mortgage,fico_band,Prime,Downside,17,0.0007850207235051503,0.012961973599865284,V2,SYNTHETIC_DEMO
LPD_MORTGAGE_FICO_V2,Mortgage lifetime PD by FICO,Mortgage,fico_band,Prime,Downside,18,0.0007870084040554157,0.013748982003920718,V2,SYNTHETIC_DEMO
LPD_MORTGAGE_FICO_V2,Mortgage lifetime PD by FICO,Mortgage,fico_band,Prime,Downside,19,0.000788883918667987,0.014537865922588655,V2,SYNTHETIC_DEMO
LPD_MORTGAGE_FICO_V2,Mortgage lifetime PD by FICO,Mortgage,fico_band,Prime,Downside,20,0.0007906519309219338,0.015328517853510637,V2,SYNTHETIC_DEMO
LPD_MORTGAGE_FICO_V2,Mortgage lifetime PD by FICO,Mortgage,fico_band,Prime,Downside,21,0.0007923169127897387,0.01612083476630033,V2,SYNTHETIC_DEMO
LPD_MORTGAGE_FICO_V2,Mortgage lifetime PD by FICO,Mortgage,fico_band,Prime,Downside,22,0.0007938831524070945,0.016914717918707467,V2,SYNTHETIC_DEMO
LPD_MORTGAGE_FICO_V2,Mortgage lifetime PD by FICO,Mortgage,fico_band,Prime,Downside,23,0.0007953547615354165,0.01771007268024294,V2,SYNTHETIC_DEMO
LPD_MORTGAGE_FICO_V2,Mortgage lifetime PD by FICO,Mortgage,fico_band,Prime,Downside,24,0.0007967356827298375,0.018506808362972804,V2,SYNTHETIC_DEMO
LPD_MORTGAGE_FICO_V2,Mortgage lifetime PD by FICO,Mortgage,fico_band,Prime,Downside,25,0.0007980296962221406,0.019304838059194918,V2,SYNTHETIC_DEMO
LPD_MORTGAGE_FICO_V2,Mortgage lifetime PD by FICO,Mortgage,fico_band,Prime,Downside,26,0.0007992404265304584,0.020104078485725374,V2,SYNTHETIC_DEMO
LPD_MORTGAGE_FICO_V2,Mortgage lifetime PD by FICO,Mortgage,fico_band,Prime,Downside,27,0.0008003713488056681,0.02090444983453099,V2,SYNTHETIC_DEMO
LPD_MORTGAGE_FICO_V2,Mortgage lifetime PD by FICO,Mortgage,fico_band,Prime,Downside,28,0.0008014257949246783,0.021705875629455695,V2,SYNTHETIC_DEMO
LPD_MORTGAGE_FICO_V2,Mortgage lifetime PD by FICO,Mortgage,fico_band,Prime,Downside,29,0.0008024069593398814,0.02250828258879556,V2,SYNTHETIC_DEMO
LPD_MORTGAGE_FICO_V2,Mortgage lifetime PD by FICO,Mortgage,fico_band,Prime,Downside,30,0.0008033179046944054,0.023311600493490015,V2,SYNTHETIC_DEMO
LPD_MORTGAGE_FICO_V2,Mortgage lifetime PD by FICO,Mortgage,fico_band,Prime,Downside,31,0.0008041615672126185,0.02411576206070265,V2,SYNTHETIC_DEMO
LPD_MORTGAGE_FICO_V2,Mortgage lifetime PD by FICO,Mortgage,fico_band,Prime,Downside,32,0.0008049407618731959,0.024920702822575858,V2,SYNTHETIC_DEMO
LPD_MORTGAGE_FICO_V2,Mortgage lifetime PD by FICO,Mortgage,fico_band,Prime,Downside,33,0.000805658187375013,0.02572636100995085,V2,SYNTHETIC_DEMO
LPD_MORTGAGE_FICO_V2,Mortgage lifetime PD by FICO,Mortgage,fico_band,Prime,Downside,34,0.0008063164309021341,0.02653267744085297,V2,SYNTHETIC_DEMO
LPD_MORTGAGE_FICO_V2,Mortgage lifetime PD by FICO,Mortgage,fico_band,Prime,Downside,35,0.0008069179726967845,0.0273395954135498,V2,SYNTHETIC_DEMO
LPD_MORTGAGE_FICO_V2,Mortgage lifetime PD by FICO,Mortgage,fico_band,Prime,Downside,36,0.0008074651904480085,0.028147060603997853,V2,SYNTHETIC_DEMO
LPD_MORTGAGE_FICO_V2,Mortgage lifetime PD by FICO,Mortgage,fico_band,Prime,Downside,37,0.0008079603635019982,0.0289550209674998,V2,SYNTHETIC_DEMO
LPD_MORTGAGE_FICO_V2,Mortgage lifetime PD by FICO,Mortgage,fico_band,Prime,Downside,38,0.0008084056769023507,0.029763426644402124,V2,SYNTHETIC_DEMO
LPD_MORTGAGE_FICO_V2,Mortgage lifetime PD by FICO,Mortgage,fico_band,Prime,Downside,39,0.0008088032252668924,0.03057222986966901,V2,SYNTHETIC_DEMO
LPD_MORTGAGE_FICO_V2,Mortgage lifetime PD by FICO,Mortgage,fico_band,Prime,Downside,40,0.0008091550165056599,0.0313813848861747,V2,SYNTHETIC_DEMO
LPD_MORTGAGE_FICO_V2,Mortgage lifetime PD by FICO,Mortgage,fico_band,Prime,Downside,41,0.0008094629753899129,0.032190847861564564,V2,SYNTHETIC_DEMO
LPD_MORTGAGE_FICO_V2,Mortgage lifetime PD by FICO,Mortgage,fico_band,Prime,Downside,42,0.0008097289469737414,0.033000576808538296,V2,SYNTHETIC_DEMO
LPD_MORTGAGE_FICO_V2,Mortgage lifetime PD by FICO,Mortgage,fico_band,Prime,Downside,43,0.0008099546998782406,0.03381053150841651,V2,SYNTHETIC_DEMO
LPD_MORTGAGE_FICO_V2,Mortgage lifetime PD by FICO,Mortgage,fico_band,Prime,Downside,44,0.0008101419294405637,0.03462067343785702,V2,SYNTHETIC_DEMO
LPD_MORTGAGE_FICO_V2,Mortgage lifetime PD by FICO,Mortgage,fico_band,Prime,Downside,45,0.0008102922607347904,0.03543096569859183,V2,SYNTHETIC_DEMO
LPD_MORTGAGE_FICO_V2,Mortgage lifetime PD by FICO,Mortgage,fico_band,Prime,Downside,46,0.0008104072514701385,0.03624137295006202,V2,SYNTHETIC_DEMO
LPD_MORTGAGE_FICO_V2,Mortgage lifetime PD by FICO,Mortgage,fico_band,Prime,Downside,47,0.0008104883947697788,0.03705186134483185,V2,SYNTHETIC_DEMO
LPD_MORTGAGE_FICO_V2,Mortgage lifetime PD by FICO,Mortgage,fico_band,Prime,Downside,48,0.000810537121836301,0.03786239846666817,V2,SYNTHETIC_DEMO
LPD_MORTGAGE_FICO_V2,Mortgage lifetime PD by FICO,Mortgage,fico_band,Prime,Downside,49,0.000810554804509,0.038672953271177146,V2,SYNTHETIC_DEMO
LPD_MORTGAGE_FICO_V2,Mortgage lifetime PD by FICO,Mortgage,fico_band,Prime,Downside,50,0.0008105427577145054,0.039483496028891674,V2,SYNTHETIC_DEMO
LPD_MORTGAGE_FICO_V2,Mortgage lifetime PD by FICO,Mortgage,fico_band,Prime,Downside,51,0.0008105022418193269,0.04029399827071101,V2,SYNTHETIC_DEMO
LPD_MORTGAGE_FICO_V2,Mortgage lifetime PD by FICO,Mortgage,fico_band,Prime,Downside,52,0.0008104344648837838,0.04110443273559483,V2,SYNTHETIC_DEMO
LPD_MORTGAGE_FICO_V2,Mortgage lifetime PD by FICO,Mortgage,fico_band,Prime,Downside,53,0.000810340584825007,0.04191477332041982,V2,SYNTHETIC_DEMO
LPD_MORTGAGE_FICO_V2,Mortgage lifetime PD by FICO,Mortgage,fico_band,Prime,Downside,54,0.0008102217114899589,0.04272499503190974,V2,SYNTHETIC_DEMO
LPD_MORTGAGE_FICO_V2,Mortgage lifetime PD by FICO,Mortgage,fico_band,Prime,Downside,55,0.0008100789086443121,0.043535073940554,V2,SYNTHETIC_DEMO
LPD_MORTGAGE_FICO_V2,Mortgage lifetime PD by FICO,Mortgage,fico_band,Prime,Downside,56,0.0008099131958789642,0.04434498713643298,V2,SYNTHETIC_DEMO
LPD_MORTGAGE_FICO_V2,Mortgage lifetime PD by FICO,Mortgage,fico_band,Prime,Downside,57,0.0008097255504380861,0.0451547126868711,V2,SYNTHETIC_DEMO
LPD_MORTGAGE_FICO_V2,Mortgage lifetime PD by FICO,Mortgage,fico_band,Prime,Downside,58,0.0008095169089722662,0.04596422959584334,V2,SYNTHETIC_DEMO
LPD_MORTGAGE_FICO_V2,Mortgage lifetime PD by FICO,Mortgage,fico_band,Prime,Downside,59,0.0008092881692193436,0.04677351776506267,V2,SYNTHETIC_DEMO
LPD_MORTGAGE_FICO_V2,Mortgage lifetime PD by FICO,Mortgage,fico_band,Prime,Downside,60,0.0008090401916159369,0.04758255795667865,V2,SYNTHETIC_DEMO
LPD_MORTGAGE_FICO_V2,Mortgage lifetime PD by FICO,Mortgage,fico_band,Prime,Downside,61,0.0008087738008427678,0.048391331757521416,V2,SYNTHETIC_DEMO
LPD_MORTGAGE_FICO_V2,Mortgage lifetime PD by FICO,Mortgage,fico_band,Prime,Downside,62,0.0008084897873060204,0.04919982154482738,V2,SYNTHETIC_DEMO
LPD_MORTGAGE_FICO_V2,Mortgage lifetime PD by FICO,Mortgage,fico_band,Prime,Downside,63,0.0008081889085575981,0.05000801045338499,V2,SYNTHETIC_DEMO
LPD_MORTGAGE_FICO_V2,Mortgage lifetime PD by FICO,Mortgage,fico_band,Prime,Downside,64,0.0008078718906574445,0.05081588234404244,V2,SYNTHETIC_DEMO
LPD_MORTGAGE_FICO_V2,Mortgage lifetime PD by FICO,Mortgage,fico_band,Prime,Downside,65,0.0008075394294784457,0.05162342177352086,V2,SYNTHETIC_DEMO
LPD_MORTGAGE_FICO_V2,Mortgage lifetime PD by FICO,Mortgage,fico_band,Prime,Downside,66,0.0008071921919585324,0.05243061396547943,V2,SYNTHETIC_DEMO
LPD_MORTGAGE_FICO_V2,Mortgage lifetime PD by FICO,Mortgage,fico_band,Prime,Downside,67,0.0008068308173007937,0.05323744478278025,V2,SYNTHETIC_DEMO
LPD_MORTGAGE_FICO_V2,Mortgage lifetime PD by FICO,Mortgage,fico_band,Prime,Downside,68,0.0008064559181232473,0.05404390070090348,V2,SYNTHETIC_DEMO
LPD_MORTGAGE_FICO_V2,Mortgage lifetime PD by FICO,Mortgage,fico_band,Prime,Downside,69,0.0008060680815625321,0.05484996878246606,V2,SYNTHETIC_DEMO
LPD_MORTGAGE_FICO_V2,Mortgage lifetime PD by FICO,Mortgage,fico_band,Prime,Downside,70,0.0008056678703304097,0.05565563665279649,V2,SYNTHETIC_DEMO
LPD_MORTGAGE_FICO_V2,Mortgage lifetime PD by FICO,Mortgage,fico_band,Prime,Downside,71,0.000805255823727742,0.056460892476524194,V2,SYNTHETIC_DEMO
LPD_MORTGAGE_FICO_V2,Mortgage lifetime PD by FICO,Mortgage,fico_band,Prime,Downside,72,0.0008048324586161764,0.05726572493514037,V2,SYNTHETIC_DEMO
LPD_MORTGAGE_FICO_V2,Mortgage lifetime PD by FICO,Mortgage,fico_band,Prime,Downside,73,0.0008043982703491384,0.05807012320548954,V2,SYNTHETIC_DEMO
LPD_MORTGAGE_FICO_V2,Mortgage lifetime PD by FICO,Mortgage,fico_band,Prime,Downside,74,0.0008039537336651841,0.058874076939154696,V2,SYNTHETIC_DEMO
LPD_MORTGAGE_FICO_V2,Mortgage lifetime PD by FICO,Mortgage,fico_band,Prime,Downside,75,0.0008034993035436104,0.059677576242698316,V2,SYNTHETIC_DEMO
LPD_MORTGAGE_FICO_V2,Mortgage lifetime PD by FICO,Mortgage,fico_band,Prime,Downside,76,0.0008030354160248344,0.060480611658723205,V2,SYNTHETIC_DEMO
LPD_MORTGAGE_FICO_V2,Mortgage lifetime PD by FICO,Mortgage,fico_band,Prime,Downside,77,0.0008025624889973086,0.061283174147720554,V2,SYNTHETIC_DEMO
LPD_MORTGAGE_FICO_V2,Mortgage lifetime PD by FICO,Mortgage,fico_band,Prime,Downside,78,0.0008020809229510604,0.06208525507067164,V2,SYNTHETIC_DEMO
LPD_MORTGAGE_FICO_V2,Mortgage lifetime PD by FICO,Mortgage,fico_band,Prime,Downside,79,0.0008015911017002318,0.06288684617237184,V2,SYNTHETIC_DEMO
LPD_MORTGAGE_FICO_V2,Mortgage lifetime PD by FICO,Mortgage,fico_band,Prime,Downside,80,0.0008010933930763652,0.06368793956544816,V2,SYNTHETIC_DEMO
LPD_MORTGAGE_FICO_V2,Mortgage lifetime PD by FICO,Mortgage,fico_band,Prime,Downside,81,0.0008005881495919748,0.0644885277150401,V2,SYNTHETIC_DEMO
LPD_MORTGAGE_FICO_V2,Mortgage lifetime PD by FICO,Mortgage,fico_band,Prime,Downside,82,0.0008000757090768691,0.06528860342411702,V2,SYNTHETIC_DEMO
LPD_MORTGAGE_FICO_V2,Mortgage lifetime PD by FICO,Mortgage,fico_band,Prime,Downside,83,0.0007995563952888325,0.06608815981940586,V2,SYNTHETIC_DEMO
LPD_MORTGAGE_FICO_V2,Mortgage lifetime PD by FICO,Mortgage,fico_band,Prime,Downside,84,0.0007990305184977815,0.06688719033790369,V2,SYNTHETIC_DEMO
LPD_MORTGAGE_FICO_V2,Mortgage lifetime PD by FICO,Mortgage,fico_band,Prime,Downside,85,0.0007984983760468684,0.06768568871395053,V2,SYNTHETIC_DEMO
LPD_MORTGAGE_FICO_V2,Mortgage lifetime PD by FICO,Mortgage,fico_band,Prime,Downside,86,0.000797960252889114,0.06848364896683967,V2,SYNTHETIC_DEMO
LPD_MORTGAGE_FICO_V2,Mortgage lifetime PD by FICO,Mortgage,fico_band,Prime,Downside,87,0.0007974164221031309,0.06928106538894285,V2,SYNTHETIC_DEMO
LPD_MORTGAGE_FICO_V2,Mortgage lifetime PD by FICO,Mortgage,fico_band,Prime,Downside,88,0.0007968671453859931,0.07007793253432881,V2,SYNTHETIC_DEMO
LPD_MORTGAGE_FICO_V2,Mortgage lifetime PD by FICO,Mortgage,fico_band,Prime,Downside,89,0.0007963126735269002,0.07087424520785568,V2,SYNTHETIC_DEMO
LPD_MORTGAGE_FICO_V2,Mortgage lifetime PD by FICO,Mortgage,fico_band,Prime,Downside,90,0.000795753246860615,0.07166999845471633,V2,SYNTHETIC_DEMO
LPD_MORTGAGE_FICO_V2,Mortgage lifetime PD by FICO,Mortgage,fico_band,Prime,Downside,91,0.0007951890957017268,0.07246518755041809,V2,SYNTHETIC_DEMO
LPD_MORTGAGE_FICO_V2,Mortgage lifetime PD by FICO,Mortgage,fico_band,Prime,Downside,92,0.0007946204407618102,0.07325980799117993,V2,SYNTHETIC_DEMO
LPD_MORTGAGE_FICO_V2,Mortgage lifetime PD by FICO,Mortgage,fico_band,Prime,Downside,93,0.0007940474935482458,0.0740538554847282,V2,SYNTHETIC_DEMO
LPD_MORTGAGE_FICO_V2,Mortgage lifetime PD by FICO,Mortgage,fico_band,Prime,Downside,94,0.0007934704567472815,0.07484732594147547,V2,SYNTHETIC_DEMO
LPD_MORTGAGE_FICO_V2,Mortgage lifetime PD by FICO,Mortgage,fico_band,Prime,Downside,95,0.000792889524590815,0.07564021546606625,V2,SYNTHETIC_DEMO
LPD_MORTGAGE_FICO_V2,Mortgage lifetime PD by FICO,Mortgage,fico_band,Prime,Downside,96,0.0007923048832079167,0.07643252034927417,V2,SYNTHETIC_DEMO
LPD_MORTGAGE_FICO_V2,Mortgage lifetime PD by FICO,Mortgage,fico_band,Prime,Downside,97,0.0007917167109619092,0.07722423706023607,V2,SYNTHETIC_DEMO
LPD_MORTGAGE_FICO_V2,Mortgage lifetime PD by FICO,Mortgage,fico_band,Prime,Downside,98,0.0007911251787733936,0.07801536223900951,V2,SYNTHETIC_DEMO
LPD_MORTGAGE_FICO_V2,Mortgage lifetime PD by FICO,Mortgage,fico_band,Prime,Downside,99,0.0007905304504294151,0.07880589268943894,V2,SYNTHETIC_DEMO
LPD_MORTGAGE_FICO_V2,Mortgage lifetime PD by FICO,Mortgage,fico_band,Prime,Downside,100,0.0007899326828809991,0.0795958253723199,V2,SYNTHETIC_DEMO
LPD_MORTGAGE_FICO_V2,Mortgage lifetime PD by FICO,Mortgage,fico_band,Prime,Downside,101,0.0007893320265267781,0.08038515739884666,V2,SYNTHETIC_DEMO
LPD_MORTGAGE_FICO_V2,Mortgage lifetime PD by FICO,Mortgage,fico_band,Prime,Downside,102,0.0007887286254858603,0.08117388602433251,V2,SYNTHETIC_DEMO
LPD_MORTGAGE_FICO_V2,Mortgage lifetime PD by FICO,Mortgage,fico_band,Prime,Downside,103,0.0007881226178589842,0.0819620086421915,V2,SYNTHETIC_DEMO
LPD_MORTGAGE_FICO_V2,Mortgage lifetime PD by FICO,Mortgage,fico_band,Prime,Downside,104,0.0007875141359790519,0.0827495227781706,V2,SYNTHETIC_DEMO
LPD_MORTGAGE_FICO_V2,Mortgage lifetime PD by FICO,Mortgage,fico_band,Prime,Downside,105,0.0007869033066511058,0.0835364260848217,V2,SYNTHETIC_DEMO
LPD_MORTGAGE_FICO_V2,Mortgage lifetime PD by FICO,Mortgage,fico_band,Prime,Downside,106,0.000786290251382019,0.0843227163362037,V2,SYNTHETIC_DEMO
LPD_MORTGAGE_FICO_V2,Mortgage lifetime PD by FICO,Mortgage,fico_band,Prime,Downside,107,0.0007856750866011815,0.08510839142280491,V2,SYNTHETIC_DEMO
LPD_MORTGAGE_FICO_V2,Mortgage lifetime PD by FICO,Mortgage,fico_band,Prime,Downside,108,0.000785057923871732,0.08589344934667664,V2,SYNTHETIC_DEMO
LPD_MORTGAGE_FICO_V2,Mortgage lifetime PD by FICO,Mortgage,fico_band,Prime,Downside,109,0.0007844388700932043,0.0866778882167698,V2,SYNTHETIC_DEMO
LPD_MORTGAGE_FICO_V2,Mortgage lifetime PD by FICO,Mortgage,fico_band,Prime,Downside,110,0.0007838180276952382,0.08746170624446503,V2,SYNTHETIC_DEMO
LPD_MORTGAGE_FICO_V2,Mortgage lifetime PD by FICO,Mortgage,fico_band,Prime,Downside,111,0.0007831954948237241,0.08824490173928878,V2,SYNTHETIC_DEMO
LPD_MORTGAGE_FICO_V2,Mortgage lifetime PD by FICO,Mortgage,fico_band,Prime,Downside,112,0.0007825713655191303,0.08902747310480796,V2,SYNTHETIC_DEMO
LPD_MORTGAGE_FICO_V2,Mortgage lifetime PD by FICO,Mortgage,fico_band,Prime,Downside,113,0.0007819457298875621,0.08980941883469551,V2,SYNTHETIC_DEMO
LPD_MORTGAGE_FICO_V2,Mortgage lifetime PD by FICO,Mortgage,fico_band,Prime,Downside,114,0.0007813186742639947,0.09059073750895952,V2,SYNTHETIC_DEMO
LPD_MORTGAGE_FICO_V2,Mortgage lifetime PD by FICO,Mortgage,fico_band,Prime,Downside,115,0.0007806902813695465,0.09137142779032903,V2,SYNTHETIC_DEMO
LPD_MORTGAGE_FICO_V2,Mortgage lifetime PD by FICO,Mortgage,fico_band,Prime,Downside,116,0.0007800606304618195,0.0921514884207908,V2,SYNTHETIC_DEMO
LPD_MORTGAGE_FICO_V2,Mortgage lifetime PD by FICO,Mortgage,fico_band,Prime,Downside,117,0.0007794297974791584,0.09293091821826993,V2,SYNTHETIC_DEMO
LPD_MORTGAGE_FICO_V2,Mortgage lifetime PD by FICO,Mortgage,fico_band,Prime,Downside,118,0.0007787978551785635,0.09370971607344847,V2,SYNTHETIC_DEMO
LPD_MORTGAGE_FICO_V2,Mortgage lifetime PD by FICO,Mortgage,fico_band,Prime,Downside,119,0.0007781648732683037,0.09448788094671678,V2,SYNTHETIC_DEMO
LPD_MORTGAGE_FICO_V2,Mortgage lifetime PD by FICO,Mortgage,fico_band,Prime,Downside,120,0.0007775309185346594,0.09526541186525139,V2,SYNTHETIC_DEMO
LPD_MORTGAGE_FICO_V2,Mortgage lifetime PD by FICO,Mortgage,fico_band,Near Prime,Downside,1,0.0022178315967995577,0.0022178315967995577,V2,SYNTHETIC_DEMO
LPD_MORTGAGE_FICO_V2,Mortgage lifetime PD by FICO,Mortgage,fico_band,Near Prime,Downside,2,0.002228583532552265,0.004446415129351844,V2,SYNTHETIC_DEMO
LPD_MORTGAGE_FICO_V2,Mortgage lifetime PD by FICO,Mortgage,fico_band,Near Prime,Downside,3,0.0022386060624458026,0.006685021191797702,V2,SYNTHETIC_DEMO
LPD_MORTGAGE_FICO_V2,Mortgage lifetime PD by FICO,Mortgage,fico_band,Near Prime,Downside,4,0.00224793029627677,0.008932951488074492,V2,SYNTHETIC_DEMO
LPD_MORTGAGE_FICO_V2,Mortgage lifetime PD by FICO,Mortgage,fico_band,Near Prime,Downside,5,0.0022565860925076926,0.011189537580582165,V2,SYNTHETIC_DEMO
LPD_MORTGAGE_FICO_V2,Mortgage lifetime PD by FICO,Mortgage,fico_band,Near Prime,Downside,6,0.0022646021045633264,0.013454139685145527,V2,SYNTHETIC_DEMO
LPD_MORTGAGE_FICO_V2,Mortgage lifetime PD by FICO,Mortgage,fico_band,Near Prime,Downside,7,0.0022720058257546475,0.015726145510900125,V2,SYNTHETIC_DEMO
LPD_MORTGAGE_FICO_V2,Mortgage lifetime PD by FICO,Mortgage,fico_band,Near Prime,Downside,8,0.0022788236328387143,0.018004969143738836,V2,SYNTHETIC_DEMO
LPD_MORTGAGE_FICO_V2,Mortgage lifetime PD by FICO,Mortgage,fico_band,Near Prime,Downside,9,0.002285080828228559,0.020290049971967372,V2,SYNTHETIC_DEMO
LPD_MORTGAGE_FICO_V2,Mortgage lifetime PD by FICO,Mortgage,fico_band,Near Prime,Downside,10,0.002290801680868294,0.022580851652835632,V2,SYNTHETIC_DEMO
LPD_MORTGAGE_FICO_V2,Mortgage lifetime PD by FICO,Mortgage,fico_band,Near Prime,Downside,11,0.002296009465793903,0.024876861118629523,V2,SYNTHETIC_DEMO
LPD_MORTGAGE_FICO_V2,Mortgage lifetime PD by FICO,Mortgage,fico_band,Near Prime,Downside,12,0.0023007265023972747,0.027177587621026844,V2,SYNTHETIC_DEMO
LPD_MORTGAGE_FICO_V2,Mortgage lifetime PD by FICO,Mortgage,fico_band,Near Prime,Downside,13,0.002304974191420036,0.029482561812446906,V2,SYNTHETIC_DEMO
LPD_MORTGAGE_FICO_V2,Mortgage lifetime PD by FICO,Mortgage,fico_band,Near Prime,Downside,14,0.0023087730506987287,0.03179133486314567,V2,SYNTHETIC_DEMO
LPD_MORTGAGE_FICO_V2,Mortgage lifetime PD by FICO,Mortgage,fico_band,Near Prime,Downside,15,0.002312142749688868,0.0341034776128345,V2,SYNTHETIC_DEMO
LPD_MORTGAGE_FICO_V2,Mortgage lifetime PD by FICO,Mortgage,fico_band,Near Prime,Downside,16,0.0023151021427927692,0.036418579755627234,V2,SYNTHETIC_DEMO
LPD_MORTGAGE_FICO_V2,Mortgage lifetime PD by FICO,Mortgage,fico_band,Near Prime,Downside,17,0.002317669301522127,0.03873624905714934,V2,SYNTHETIC_DEMO
LPD_MORTGAGE_FICO_V2,Mortgage lifetime PD by FICO,Mortgage,fico_band,Near Prime,Downside,18,0.0023198615455197603,0.041056110602669116,V2,SYNTHETIC_DEMO
LPD_MORTGAGE_FICO_V2,Mortgage lifetime PD by FICO,Mortgage,fico_band,Near Prime,Downside,19,0.002321695472472743,0.043377806075141856,V2,SYNTHETIC_DEMO
LPD_MORTGAGE_FICO_V2,Mortgage lifetime PD by FICO,Mortgage,fico_band,Near Prime,Downside,20,0.0023231869869446567,0.045700993062086526,V2,SYNTHETIC_DEMO
LPD_MORTGAGE_FICO_V2,Mortgage lifetime PD by FICO,Mortgage,fico_band,Near Prime,Downside,21,0.0023243513281569566,0.04802534439024353,V2,SYNTHETIC_DEMO
LPD_MORTGAGE_FICO_V2,Mortgage lifetime PD by FICO,Mortgage,fico_band,Near Prime,Downside,22,0.0023252030967484193,0.05035054748699197,V2,SYNTHETIC_DEMO
LPD_MORTGAGE_FICO_V2,Mortgage lifetime PD by FICO,Mortgage,fico_band,Near Prime,Downside,23,0.0023257562805432366,0.05267630376753518,V2,SYNTHETIC_DEMO
LPD_MORTGAGE_FICO_V2,Mortgage lifetime PD by FICO,Mortgage,fico_band,Near Prime,Downside,24,0.00232602427935713,0.05500232804689231,V2,SYNTHETIC_DEMO
LPD_MORTGAGE_FICO_V2,Mortgage lifetime PD by FICO,Mortgage,fico_band,Near Prime,Downside,25,0.002326019928869559,0.05732834797576192,V2,SYNTHETIC_DEMO
LPD_MORTGAGE_FICO_V2,Mortgage lifetime PD by FICO,Mortgage,fico_band,Near Prime,Downside,26,0.002325755523592391,0.059654103499354294,V2,SYNTHETIC_DEMO
LPD_MORTGAGE_FICO_V2,Mortgage lifetime PD by FICO,Mortgage,fico_band,Near Prime,Downside,27,0.00232524283896346,0.06197934633831781,V2,SYNTHETIC_DEMO
LPD_MORTGAGE_FICO_V2,Mortgage lifetime PD by FICO,Mortgage,fico_band,Near Prime,Downside,28,0.0023244931525925796,0.06430383949091034,V2,SYNTHETIC_DEMO
LPD_MORTGAGE_FICO_V2,Mortgage lifetime PD by FICO,Mortgage,fico_band,Near Prime,Downside,29,0.0023235172646882433,0.06662735675559861,V2,SYNTHETIC_DEMO
LPD_MORTGAGE_FICO_V2,Mortgage lifetime PD by FICO,Mortgage,fico_band,Near Prime,Downside,30,0.002322325517692615,0.06894968227329124,V2,SYNTHETIC_DEMO
LPD_MORTGAGE_FICO_V2,Mortgage lifetime PD by FICO,Mortgage,fico_band,Near Prime,Downside,31,0.002320927815151169,0.07127061008844238,V2,SYNTHETIC_DEMO
LPD_MORTGAGE_FICO_V2,Mortgage lifetime PD by FICO,Mortgage,fico_band,Near Prime,Downside,32,0.0023193336398434285,0.07358994372828576,V2,SYNTHETIC_DEMO
LPD_MORTGAGE_FICO_V2,Mortgage lifetime PD by FICO,Mortgage,fico_band,Near Prime,Downside,33,0.0023175520712002957,0.07590749579948608,V2,SYNTHETIC_DEMO
LPD_MORTGAGE_FICO_V2,Mortgage lifetime PD by FICO,Mortgage,fico_band,Near Prime,Downside,34,0.002315591802032971,0.07822308760151908,V2,SYNTHETIC_DEMO
LPD_MORTGAGE_FICO_V2,Mortgage lifetime PD by FICO,Mortgage,fico_band,Near Prime,Downside,35,0.002313461154598819,0.08053654875611793,V2,SYNTHETIC_DEMO
LPD_MORTGAGE_FICO_V2,Mortgage lifetime PD by FICO,Mortgage,fico_band,Near Prime,Downside,36,0.002311168096025893,0.08284771685214387,V2,SYNTHETIC_DEMO
LPD_MORTGAGE_FICO_V2,Mortgage lifetime PD by FICO,Mortgage,fico_band,Near Prime,Downside,37,0.0023087202531222313,0.0851564371052661,V2,SYNTHETIC_DEMO
LPD_MORTGAGE_FICO_V2,Mortgage lifetime PD by FICO,Mortgage,fico_band,Near Prime,Downside,38,0.002306124926589352,0.08746256203185543,V2,SYNTHETIC_DEMO
LPD_MORTGAGE_FICO_V2,Mortgage lifetime PD by FICO,Mortgage,fico_band,Near Prime,Downside,39,0.0023033891046645313,0.08976595113651997,V2,SYNTHETIC_DEMO
LPD_MORTGAGE_FICO_V2,Mortgage lifetime PD by FICO,Mortgage,fico_band,Near Prime,Downside,40,0.0023005194762112644,0.09206647061273121,V2,SYNTHETIC_DEMO
LPD_MORTGAGE_FICO_V2,Mortgage lifetime PD by FICO,Mortgage,fico_band,Near Prime,Downside,41,0.0022975224432797378,0.09436399305601095,V2,SYNTHETIC_DEMO
LPD_MORTGAGE_FICO_V2,Mortgage lifetime PD by FICO,Mortgage,fico_band,Near Prime,Downside,42,0.0022944041331564935,0.09665839718916747,V2,SYNTHETIC_DEMO
LPD_MORTGAGE_FICO_V2,Mortgage lifetime PD by FICO,Mortgage,fico_band,Near Prime,Downside,43,0.0022911704099229345,0.09894956759909035,V2,SYNTHETIC_DEMO
LPD_MORTGAGE_FICO_V2,Mortgage lifetime PD by FICO,Mortgage,fico_band,Near Prime,Downside,44,0.0022878268855420396,0.10123739448463243,V2,SYNTHETIC_DEMO
LPD_MORTGAGE_FICO_V2,Mortgage lifetime PD by FICO,Mortgage,fico_band,Near Prime,Downside,45,0.002284378930490399,0.10352177341512281,V2,SYNTHETIC_DEMO
LPD_MORTGAGE_FICO_V2,Mortgage lifetime PD by FICO,Mortgage,fico_band,Near Prime,Downside,46,0.0022808316839533975,0.10580260509907624,V2,SYNTHETIC_DEMO
LPD_MORTGAGE_FICO_V2,Mortgage lifetime PD by FICO,Mortgage,fico_band,Near Prime,Downside,47,0.0022771900636014797,0.10807979516267774,V2,SYNTHETIC_DEMO
LPD_MORTGAGE_FICO_V2,Mortgage lifetime PD by FICO,Mortgage,fico_band,Near Prime,Downside,48,0.0022734587749626365,0.1103532539376404,V2,SYNTHETIC_DEMO
LPD_MORTGAGE_FICO_V2,Mortgage lifetime PD by FICO,Mortgage,fico_band,Near Prime,Downside,49,0.0022696423204072533,0.11262289625804767,V2,SYNTHETIC_DEMO
LPD_MORTGAGE_FICO_V2,Mortgage lifetime PD by FICO,Mortgage,fico_band,Near Prime,Downside,50,0.0022657450077611515,0.11488864126580878,V2,SYNTHETIC_DEMO
LPD_MORTGAGE_FICO_V2,Mortgage lifetime PD by FICO,Mortgage,fico_band,Near Prime,Downside,51,0.0022617709585611412,0.11715041222436995,V2,SYNTHETIC_DEMO
LPD_MORTGAGE_FICO_V2,Mortgage lifetime PD by FICO,Mortgage,fico_band,Near Prime,Downside,52,0.0022577241159670944,0.11940813634033709,V2,SYNTHETIC_DEMO
LPD_MORTGAGE_FICO_V2,Mortgage lifetime PD by FICO,Mortgage,fico_band,Near Prime,Downside,53,0.0022536082523446407,0.12166174459268175,V2,SYNTHETIC_DEMO
LPD_MORTGAGE_FICO_V2,Mortgage lifetime PD by FICO,Mortgage,fico_band,Near Prime,Downside,54,0.002249426976531257,0.12391117156921305,V2,SYNTHETIC_DEMO
LPD_MORTGAGE_FICO_V2,Mortgage lifetime PD by FICO,Mortgage,fico_band,Near Prime,Downside,55,0.0022451837407993017,0.12615635531001235,V2,SYNTHETIC_DEMO
LPD_MORTGAGE_FICO_V2,Mortgage lifetime PD by FICO,Mortgage,fico_band,Near Prime,Downside,56,0.0022408818475267733,0.12839723715753915,V2,SYNTHETIC_DEMO
LPD_MORTGAGE_FICO_V2,Mortgage lifetime PD by FICO,Mortgage,fico_band,Near Prime,Downside,57,0.0022365244555891815,0.13063376161312834,V2,SYNTHETIC_DEMO
LPD_MORTGAGE_FICO_V2,Mortgage lifetime PD by FICO,Mortgage,fico_band,Near Prime,Downside,58,0.002232114586483157,0.13286587619961154,V2,SYNTHETIC_DEMO
LPD_MORTGAGE_FICO_V2,Mortgage lifetime PD by FICO,Mortgage,fico_band,Near Prime,Downside,59,0.002227655130192027,0.13509353132980362,V2,SYNTHETIC_DEMO
LPD_MORTGAGE_FICO_V2,Mortgage lifetime PD by FICO,Mortgage,fico_band,Near Prime,Downside,60,0.0022231488508051987,0.13731668018060883,V2,SYNTHETIC_DEMO
LPD_MORTGAGE_FICO_V2,Mortgage lifetime PD by FICO,Mortgage,fico_band,Near Prime,Downside,61,0.002218598391900742,0.13953527857250958,V2,SYNTHETIC_DEMO
LPD_MORTGAGE_FICO_V2,Mortgage lifetime PD by FICO,Mortgage,fico_band,Near Prime,Downside,62,0.002214006281700553,0.14174928485421012,V2,SYNTHETIC_DEMO
LPD_MORTGAGE_FICO_V2,Mortgage lifetime PD by FICO,Mortgage,fico_band,Near Prime,Downside,63,0.002209374938008037,0.1439586597922181,V2,SYNTHETIC_DEMO
LPD_MORTGAGE_FICO_V2,Mortgage lifetime PD by FICO,Mortgage,fico_band,Near Prime,Downside,64,0.002204706672937535,0.1461633664651556,V2,SYNTHETIC_DEMO
LPD_MORTGAGE_FICO_V2,Mortgage lifetime PD by FICO,Mortgage,fico_band,Near Prime,Downside,65,0.0022000036974423403,0.14836337016259793,V2,SYNTHETIC_DEMO
LPD_MORTGAGE_FICO_V2,Mortgage lifetime PD by FICO,Mortgage,fico_band,Near Prime,Downside,66,0.002195268125652698,0.15055863828825067,V2,SYNTHETIC_DEMO
LPD_MORTGAGE_FICO_V2,Mortgage lifetime PD by FICO,Mortgage,fico_band,Near Prime,Downside,67,0.0021905019790282097,0.15274914026727893,V2,SYNTHETIC_DEMO
LPD_MORTGAGE_FICO_V2,Mortgage lifetime PD by FICO,Mortgage,fico_band,Near Prime,Downside,68,0.0021857071903349685,0.15493484745761388,V2,SYNTHETIC_DEMO
LPD_MORTGAGE_FICO_V2,Mortgage lifetime PD by FICO,Mortgage,fico_band,Near Prime,Downside,69,0.0021808856074538295,0.15711573306506765,V2,SYNTHETIC_DEMO
LPD_MORTGAGE_FICO_V2,Mortgage lifetime PD by FICO,Mortgage,fico_band,Near Prime,Downside,70,0.002176038997026128,0.15929177206209377,V2,SYNTHETIC_DEMO
LPD_MORTGAGE_FICO_V2,Mortgage lifetime PD by FICO,Mortgage,fico_band,Near Prime,Downside,71,0.0021711690479449637,0.16146294111003878,V2,SYNTHETIC_DEMO
LPD_MORTGAGE_FICO_V2,Mortgage lifetime PD by FICO,Mortgage,fico_band,Near Prime,Downside,72,0.0021662773746976877,0.16362921848473644,V2,SYNTHETIC_DEMO
LPD_MORTGAGE_FICO_V2,Mortgage lifetime PD by FICO,Mortgage,fico_band,Near Prime,Downside,73,0.0021613655205657287,0.16579058400530222,V2,SYNTHETIC_DEMO
LPD_MORTGAGE_FICO_V2,Mortgage lifetime PD by FICO,Mortgage,fico_band,Near Prime,Downside,74,0.0021564349606882543,0.1679470189659905,V2,SYNTHETIC_DEMO
LPD_MORTGAGE_FICO_V2,Mortgage lifetime PD by FICO,Mortgage,fico_band,Near Prime,Downside,75,0.00215148710499516,0.17009850607098564,V2,SYNTHETIC_DEMO
LPD_MORTGAGE_FICO_V2,Mortgage lifetime PD by FICO,Mortgage,fico_band,Near Prime,Downside,76,0.0021465233010148606,0.17224502937200048,V2,SYNTHETIC_DEMO
LPD_MORTGAGE_FICO_V2,Mortgage lifetime PD by FICO,Mortgage,fico_band,Near Prime,Downside,77,0.0021415448365617457,0.17438657420856218,V2,SYNTHETIC_DEMO
LPD_MORTGAGE_FICO_V2,Mortgage lifetime PD by FICO,Mortgage,fico_band,Near Prime,Downside,78,0.0021365529423093693,0.1765231271508716,V2,SYNTHETIC_DEMO
LPD_MORTGAGE_FICO_V2,Mortgage lifetime PD by FICO,Mortgage,fico_band,Near Prime,Downside,79,0.002131548794253501,0.17865467594512507,V2,SYNTHETIC_DEMO
LPD_MORTGAGE_FICO_V2,Mortgage lifetime PD by FICO,Mortgage,fico_band,Near Prime,Downside,80,0.0021265335160691266,0.18078120946119425,V2,SYNTHETIC_DEMO
LPD_MORTGAGE_FICO_V2,Mortgage lifetime PD by FICO,Mortgage,fico_band,Near Prime,Downside,81,0.002121508181367587,0.18290271764256183,V2,SYNTHETIC_DEMO
LPD_MORTGAGE_FICO_V2,Mortgage lifetime PD by FICO,Mortgage,fico_band,Near Prime,Downside,82,0.002116473815856142,0.18501919145841794,V2,SYNTHETIC_DEMO
LPD_MORTGAGE_FICO_V2,Mortgage lifetime PD by FICO,Mortgage,fico_band,Near Prime,Downside,83,0.0021114313994059254,0.1871306228578239,V2,SYNTHETIC_DEMO
LPD_MORTGAGE_FICO_V2,Mortgage lifetime PD by FICO,Mortgage,fico_band,Near Prime,Downside,84,0.002106381868029987,0.18923700472585392,V2,SYNTHETIC_DEMO
LPD_MORTGAGE_FICO_V2,Mortgage lifetime PD by FICO,Mortgage,fico_band,Near Prime,Downside,85,0.002101326115777812,0.19133833084163177,V2,SYNTHETIC_DEMO
LPD_MORTGAGE_FICO_V2,Mortgage lifetime PD by FICO,Mortgage,fico_band,Near Prime,Downside,86,0.002096264996547796,0.19343459583817957,V2,SYNTHETIC_DEMO
LPD_MORTGAGE_FICO_V2,Mortgage lifetime PD by FICO,Mortgage,fico_band,Near Prime,Downside,87,0.0020911993258221255,0.1955257951640017,V2,SYNTHETIC_DEMO
LPD_MORTGAGE_FICO_V2,Mortgage lifetime PD by FICO,Mortgage,fico_band,Near Prime,Downside,88,0.0020861298823272537,0.19761192504632896,V2,SYNTHETIC_DEMO
LPD_MORTGAGE_FICO_V2,Mortgage lifetime PD by FICO,Mortgage,fico_band,Near Prime,Downside,89,0.0020810574096227705,0.19969298245595168,V2,SYNTHETIC_DEMO
LPD_MORTGAGE_FICO_V2,Mortgage lifetime PD by FICO,Mortgage,fico_band,Near Prime,Downside,90,0.0020759826176222915,0.201768965073574,V2,SYNTHETIC_DEMO
LPD_MORTGAGE_FICO_V2,Mortgage lifetime PD by FICO,Mortgage,fico_band,Near Prime,Downside,91,0.002070906184049141,0.20383987125762315,V2,SYNTHETIC_DEMO
LPD_MORTGAGE_FICO_V2,Mortgage lifetime PD by FICO,Mortgage,fico_band,Near Prime,Downside,92,0.002065828755828678,0.20590570001345188,V2,SYNTHETIC_DEMO
LPD_MORTGAGE_FICO_V2,Mortgage lifetime PD by FICO,Mortgage,fico_band,Near Prime,Downside,93,0.002060750950421713,0.20796645096387356,V2,SYNTHETIC_DEMO
LPD_MORTGAGE_FICO_V2,Mortgage lifetime PD by FICO,Mortgage,fico_band,Near Prime,Downside,94,0.002055673357099889,0.21002212432097345,V2,SYNTHETIC_DEMO
LPD_MORTGAGE_FICO_V2,Mortgage lifetime PD by FICO,Mortgage,fico_band,Near Prime,Downside,95,0.002050596538166325,0.21207272085913975,V2,SYNTHETIC_DEMO
LPD_MORTGAGE_FICO_V2,Mortgage lifetime PD by FICO,Mortgage,fico_band,Near Prime,Downside,96,0.0020455210301240723,0.21411824188926387,V2,SYNTHETIC_DEMO
LPD_MORTGAGE_FICO_V2,Mortgage lifetime PD by FICO,Mortgage,fico_band,Near Prime,Downside,97,0.0020404473447934992,0.21615868923405734,V2,SYNTHETIC_DEMO
LPD_MORTGAGE_FICO_V2,Mortgage lifetime PD by FICO,Mortgage,fico_band,Near Prime,Downside,98,0.002035375970382383,0.21819406520443974,V2,SYNTHETIC_DEMO
LPD_MORTGAGE_FICO_V2,Mortgage lifetime PD by FICO,Mortgage,fico_band,Near Prime,Downside,99,0.0020303073725095725,0.22022437257694927,V2,SYNTHETIC_DEMO
LPD_MORTGAGE_FICO_V2,Mortgage lifetime PD by FICO,Mortgage,fico_band,Near Prime,Downside,100,0.0020252419951841015,0.22224961457213332,V2,SYNTHETIC_DEMO
LPD_MORTGAGE_FICO_V2,Mortgage lifetime PD by FICO,Mortgage,fico_band,Near Prime,Downside,101,0.00202018026174299,0.22426979483387632,V2,SYNTHETIC_DEMO
LPD_MORTGAGE_FICO_V2,Mortgage lifetime PD by FICO,Mortgage,fico_band,Near Prime,Downside,102,0.0020151225757477093,0.2262849174096241,V2,SYNTHETIC_DEMO
LPD_MORTGAGE_FICO_V2,Mortgage lifetime PD by FICO,Mortgage,fico_band,Near Prime,Downside,103,0.002010069321842925,0.22829498673146698,V2,SYNTHETIC_DEMO
LPD_MORTGAGE_FICO_V2,Mortgage lifetime PD by FICO,Mortgage,fico_band,Near Prime,Downside,104,0.0020050208665770048,0.23030000759804403,V2,SYNTHETIC_DEMO
LPD_MORTGAGE_FICO_V2,Mortgage lifetime PD by FICO,Mortgage,fico_band,Near Prime,Downside,105,0.001999977559188526,0.2322999851572326,V2,SYNTHETIC_DEMO
LPD_MORTGAGE_FICO_V2,Mortgage lifetime PD by FICO,Mortgage,fico_band,Near Prime,Downside,106,0.0019949397323577056,0.23429492488959036,V2,SYNTHETIC_DEMO
LPD_MORTGAGE_FICO_V2,Mortgage lifetime PD by FICO,Mortgage,fico_band,Near Prime,Downside,107,0.001989907702926071,0.23628483259251643,V2,SYNTHETIC_DEMO
LPD_MORTGAGE_FICO_V2,Mortgage lifetime PD by FICO,Mortgage,fico_band,Near Prime,Downside,108,0.001984881772584787,0.23826971436510125,V2,SYNTHETIC_DEMO
LPD_MORTGAGE_FICO_V2,Mortgage lifetime PD by FICO,Mortgage,fico_band,Near Prime,Downside,109,0.0019798622285331904,0.24024957659363444,V2,SYNTHETIC_DEMO
LPD_MORTGAGE_FICO_V2,Mortgage lifetime PD by FICO,Mortgage,fico_band,Near Prime,Downside,110,0.0019748493441094535,0.24222442593774385,V2,SYNTHETIC_DEMO
LPD_MORTGAGE_FICO_V2,Mortgage lifetime PD by FICO,Mortgage,fico_band,Near Prime,Downside,111,0.0019698433793930697,0.24419426931713695,V2,SYNTHETIC_DEMO
LPD_MORTGAGE_FICO_V2,Mortgage lifetime PD by FICO,Mortgage,fico_band,Near Prime,Downside,112,0.0019648445817822486,0.2461591138989192,V2,SYNTHETIC_DEMO
LPD_MORTGAGE_FICO_V2,Mortgage lifetime PD by FICO,Mortgage,fico_band,Near Prime,Downside,113,0.0019598531865459468,0.2481189670854651,V2,SYNTHETIC_DEMO
LPD_MORTGAGE_FICO_V2,Mortgage lifetime PD by FICO,Mortgage,fico_band,Near Prime,Downside,114,0.0019548694173518043,0.2500738365028169,V2,SYNTHETIC_DEMO
LPD_MORTGAGE_FICO_V2,Mortgage lifetime PD by FICO,Mortgage,fico_band,Near Prime,Downside,115,0.0019498934867719633,0.2520237299895889,V2,SYNTHETIC_DEMO
LPD_MORTGAGE_FICO_V2,Mortgage lifetime PD by FICO,Mortgage,fico_band,Near Prime,Downside,116,0.0019449255967662203,0.25396865558635506,V2,SYNTHETIC_DEMO
LPD_MORTGAGE_FICO_V2,Mortgage lifetime PD by FICO,Mortgage,fico_band,Near Prime,Downside,117,0.0019399659391448837,0.2559086215255,V2,SYNTHETIC_DEMO
LPD_MORTGAGE_FICO_V2,Mortgage lifetime PD by FICO,Mortgage,fico_band,Near Prime,Downside,118,0.0019350146960115848,0.2578436362215115,V2,SYNTHETIC_DEMO
LPD_MORTGAGE_FICO_V2,Mortgage lifetime PD by FICO,Mortgage,fico_band,Near Prime,Downside,119,0.0019300720401864632,0.259773708261698,V2,SYNTHETIC_DEMO
LPD_MORTGAGE_FICO_V2,Mortgage lifetime PD by FICO,Mortgage,fico_band,Near Prime,Downside,120,0.0019251381356117758,0.2616988463973098,V2,SYNTHETIC_DEMO
LPD_MORTGAGE_FICO_V2,Mortgage lifetime PD by FICO,Mortgage,fico_band,Subprime,Downside,1,0.008278595174317394,0.008278595174317394,V2,SYNTHETIC_DEMO
LPD_MORTGAGE_FICO_V2,Mortgage lifetime PD by FICO,Mortgage,fico_band,Subprime,Downside,2,0.008270218760454789,0.016548813934772144,V2,SYNTHETIC_DEMO
LPD_MORTGAGE_FICO_V2,Mortgage lifetime PD by FICO,Mortgage,fico_band,Subprime,Downside,3,0.008258511440001691,0.024807325374773814,V2,SYNTHETIC_DEMO
LPD_MORTGAGE_FICO_V2,Mortgage lifetime PD by FICO,Mortgage,fico_band,Subprime,Downside,4,0.008243657353551481,0.033050982728325295,V2,SYNTHETIC_DEMO
LPD_MORTGAGE_FICO_V2,Mortgage lifetime PD by FICO,Mortgage,fico_band,Subprime,Downside,5,0.008225832905769418,0.04127681563409469,V2,SYNTHETIC_DEMO
LPD_MORTGAGE_FICO_V2,Mortgage lifetime PD by FICO,Mortgage,fico_band,Subprime,Downside,6,0.008205207000184024,0.0494820226342787,V2,SYNTHETIC_DEMO
LPD_MORTGAGE_FICO_V2,Mortgage lifetime PD by FICO,Mortgage,fico_band,Subprime,Downside,7,0.008181941274828545,0.05766396390910722,V2,SYNTHETIC_DEMO
LPD_MORTGAGE_FICO_V2,Mortgage lifetime PD by FICO,Mortgage,fico_band,Subprime,Downside,8,0.008156190337721372,0.06582015424682863,V2,SYNTHETIC_DEMO
LPD_MORTGAGE_FICO_V2,Mortgage lifetime PD by FICO,Mortgage,fico_band,Subprime,Downside,9,0.008128102001291522,0.07394825624812018,V2,SYNTHETIC_DEMO
LPD_MORTGAGE_FICO_V2,Mortgage lifetime PD by FICO,Mortgage,fico_band,Subprime,Downside,10,0.008097817514963777,0.08204607376308393,V2,SYNTHETIC_DEMO
LPD_MORTGAGE_FICO_V2,Mortgage lifetime PD by FICO,Mortgage,fico_band,Subprime,Downside,11,0.008065471795219579,0.09011154555830347,V2,SYNTHETIC_DEMO
LPD_MORTGAGE_FICO_V2,Mortgage lifetime PD by FICO,Mortgage,fico_band,Subprime,Downside,12,0.008031193652536826,0.09814273921084027,V2,SYNTHETIC_DEMO
LPD_MORTGAGE_FICO_V2,Mortgage lifetime PD by FICO,Mortgage,fico_band,Subprime,Downside,13,0.007995106014697669,0.10613784522553793,V2,SYNTHETIC_DEMO
LPD_MORTGAGE_FICO_V2,Mortgage lifetime PD by FICO,Mortgage,fico_band,Subprime,Downside,14,0.007957326146028489,0.11409517137156644,V2,SYNTHETIC_DEMO
LPD_MORTGAGE_FICO_V2,Mortgage lifetime PD by FICO,Mortgage,fico_band,Subprime,Downside,15,0.007917965862201025,0.1220131372337675,V2,SYNTHETIC_DEMO
LPD_MORTGAGE_FICO_V2,Mortgage lifetime PD by FICO,Mortgage,fico_band,Subprime,Downside,16,0.007877131740290188,0.12989026897405764,V2,SYNTHETIC_DEMO
LPD_MORTGAGE_FICO_V2,Mortgage lifetime PD by FICO,Mortgage,fico_band,Subprime,Downside,17,0.00783492532383578,0.13772519429789343,V2,SYNTHETIC_DEMO
LPD_MORTGAGE_FICO_V2,Mortgage lifetime PD by FICO,Mortgage,fico_band,Subprime,Downside,18,0.007791443322706858,0.1455166376206003,V2,SYNTHETIC_DEMO
LPD_MORTGAGE_FICO_V2,Mortgage lifetime PD by FICO,Mortgage,fico_band,Subprime,Downside,19,0.007746777807614466,0.15326341542821476,V2,SYNTHETIC_DEMO
LPD_MORTGAGE_FICO_V2,Mortgage lifetime PD by FICO,Mortgage,fico_band,Subprime,Downside,20,0.007701016399154006,0.16096443182736875,V2,SYNTHETIC_DEMO
LPD_MORTGAGE_FICO_V2,Mortgage lifetime PD by FICO,Mortgage,fico_band,Subprime,Downside,21,0.0076542424512998876,0.1686186742786686,V2,SYNTHETIC_DEMO
LPD_MORTGAGE_FICO_V2,Mortgage lifetime PD by FICO,Mortgage,fico_band,Subprime,Downside,22,0.007606535229302356,0.17622520950797094,V2,SYNTHETIC_DEMO
LPD_MORTGAGE_FICO_V2,Mortgage lifetime PD by FICO,Mortgage,fico_band,Subprime,Downside,23,0.00755797008196828,0.18378317958993917,V2,SYNTHETIC_DEMO
LPD_MORTGAGE_FICO_V2,Mortgage lifetime PD by FICO,Mortgage,fico_band,Subprime,Downside,24,0.007508618608329755,0.19129179819826891,V2,SYNTHETIC_DEMO
LPD_MORTGAGE_FICO_V2,Mortgage lifetime PD by FICO,Mortgage,fico_band,Subprime,Downside,25,0.007458548818728859,0.19875034701699779,V2,SYNTHETIC_DEMO
LPD_MORTGAGE_FICO_V2,Mortgage lifetime PD by FICO,Mortgage,fico_band,Subprime,Downside,26,0.007407825290363314,0.2061581723073611,V2,SYNTHETIC_DEMO
LPD_MORTGAGE_FICO_V2,Mortgage lifetime PD by FICO,Mortgage,fico_band,Subprime,Downside,27,0.0073565093173574535,0.21351468162471854,V2,SYNTHETIC_DEMO
LPD_MORTGAGE_FICO_V2,Mortgage lifetime PD by FICO,Mortgage,fico_band,Subprime,Downside,28,0.007304659055434057,0.22081934068015263,V2,SYNTHETIC_DEMO
LPD_MORTGAGE_FICO_V2,Mortgage lifetime PD by FICO,Mortgage,fico_band,Subprime,Downside,29,0.007252329661277456,0.22807167034143006,V2,SYNTHETIC_DEMO
LPD_MORTGAGE_FICO_V2,Mortgage lifetime PD by FICO,Mortgage,fico_band,Subprime,Downside,30,0.00719957342668784,0.23527124376811792,V2,SYNTHETIC_DEMO
LPD_MORTGAGE_FICO_V2,Mortgage lifetime PD by FICO,Mortgage,fico_band,Subprime,Downside,31,0.0071464399076341285,0.242417683675752,V2,SYNTHETIC_DEMO
LPD_MORTGAGE_FICO_V2,Mortgage lifetime PD by FICO,Mortgage,fico_band,Subprime,Downside,32,0.007092976048322039,0.24951065972407405,V2,SYNTHETIC_DEMO
LPD_MORTGAGE_FICO_V2,Mortgage lifetime PD by FICO,Mortgage,fico_band,Subprime,Downside,33,0.007039226300398657,0.2565498860244727,V2,SYNTHETIC_DEMO
LPD_MORTGAGE_FICO_V2,Mortgage lifetime PD by FICO,Mortgage,fico_band,Subprime,Downside,34,0.00698523273741944,0.2635351187618922,V2,SYNTHETIC_DEMO
LPD_MORTGAGE_FICO_V2,Mortgage lifetime PD by FICO,Mortgage,fico_band,Subprime,Downside,35,0.0069310351647069,0.2704661539265991,V2,SYNTHETIC_DEMO
LPD_MORTGAGE_FICO_V2,Mortgage lifetime PD by FICO,Mortgage,fico_band,Subprime,Downside,36,0.006876671224734217,0.27734282515133335,V2,SYNTHETIC_DEMO
LPD_MORTGAGE_FICO_V2,Mortgage lifetime PD by FICO,Mortgage,fico_band,Subprime,Downside,37,0.006822176498166078,0.2841650016494994,V2,SYNTHETIC_DEMO
LPD_MORTGAGE_FICO_V2,Mortgage lifetime PD by FICO,Mortgage,fico_band,Subprime,Downside,38,0.0067675846006930145,0.29093258625019247,V2,SYNTHETIC_DEMO
LPD_MORTGAGE_FICO_V2,Mortgage lifetime PD by FICO,Mortgage,fico_band,Subprime,Downside,39,0.006712927275792909,0.29764551352598534,V2,SYNTHETIC_DEMO
LPD_MORTGAGE_FICO_V2,Mortgage lifetime PD by FICO,Mortgage,fico_band,Subprime,Downside,40,0.006658234483555551,0.30430374800954085,V2,SYNTHETIC_DEMO
LPD_MORTGAGE_FICO_V2,Mortgage lifetime PD by FICO,Mortgage,fico_band,Subprime,Downside,41,0.006603534485703065,0.3109072824952439,V2,SYNTHETIC_DEMO
LPD_MORTGAGE_FICO_V2,Mortgage lifetime PD by FICO,Mortgage,fico_band,Subprime,Downside,42,0.006548853926939157,0.31745613642218307,V2,SYNTHETIC_DEMO
LPD_MORTGAGE_FICO_V2,Mortgage lifetime PD by FICO,Mortgage,fico_band,Subprime,Downside,43,0.006494217912758685,0.3239503543349418,V2,SYNTHETIC_DEMO
LPD_MORTGAGE_FICO_V2,Mortgage lifetime PD by FICO,Mortgage,fico_band,Subprime,Downside,44,0.006439650083844658,0.3303900044187864,V2,SYNTHETIC_DEMO
LPD_MORTGAGE_FICO_V2,Mortgage lifetime PD by FICO,Mortgage,fico_band,Subprime,Downside,45,0.006385172687181524,0.33677517710596794,V2,SYNTHETIC_DEMO
LPD_MORTGAGE_FICO_V2,Mortgage lifetime PD by FICO,Mortgage,fico_band,Subprime,Downside,46,0.006330806644006846,0.3431059837499748,V2,SYNTHETIC_DEMO
LPD_MORTGAGE_FICO_V2,Mortgage lifetime PD by FICO,Mortgage,fico_band,Subprime,Downside,47,0.0062765716147235315,0.3493825553646983,V2,SYNTHETIC_DEMO
LPD_MORTGAGE_FICO_V2,Mortgage lifetime PD by FICO,Mortgage,fico_band,Subprime,Downside,48,0.006222486060891545,0.3556050414255899,V2,SYNTHETIC_DEMO
LPD_MORTGAGE_FICO_V2,Mortgage lifetime PD by FICO,Mortgage,fico_band,Subprime,Downside,49,0.0061685673044133684,0.3617736087300033,V2,SYNTHETIC_DEMO
LPD_MORTGAGE_FICO_V2,Mortgage lifetime PD by FICO,Mortgage,fico_band,Subprime,Downside,50,0.006114831584026644,0.3678884403140299,V2,SYNTHETIC_DEMO
LPD_MORTGAGE_FICO_V2,Mortgage lifetime PD by FICO,Mortgage,fico_band,Subprime,Downside,51,0.006061294109212537,0.3739497344232424,V2,SYNTHETIC_DEMO
LPD_MORTGAGE_FICO_V2,Mortgage lifetime PD by FICO,Mortgage,fico_band,Subprime,Downside,52,0.006007969111626386,0.3799577035348688,V2,SYNTHETIC_DEMO
LPD_MORTGAGE_FICO_V2,Mortgage lifetime PD by FICO,Mortgage,fico_band,Subprime,Downside,53,0.005954869894152381,0.3859125734290212,V2,SYNTHETIC_DEMO
LPD_MORTGAGE_FICO_V2,Mortgage lifetime PD by FICO,Mortgage,fico_band,Subprime,Downside,54,0.005902008877682819,0.39181458230670396,V2,SYNTHETIC_DEMO
LPD_MORTGAGE_FICO_V2,Mortgage lifetime PD by FICO,Mortgage,fico_band,Subprime,Downside,55,0.005849397645717589,0.39766397995242153,V2,SYNTHETIC_DEMO
LPD_MORTGAGE_FICO_V2,Mortgage lifetime PD by FICO,Mortgage,fico_band,Subprime,Downside,56,0.005797046986876442,0.403461026939298,V2,SYNTHETIC_DEMO
LPD_MORTGAGE_FICO_V2,Mortgage lifetime PD by FICO,Mortgage,fico_band,Subprime,Downside,57,0.0057449669354146145,0.40920599387471257,V2,SYNTHETIC_DEMO
LPD_MORTGAGE_FICO_V2,Mortgage lifetime PD by FICO,Mortgage,fico_band,Subprime,Downside,58,0.0056931668098278276,0.41489916068454036,V2,SYNTHETIC_DEMO
LPD_MORTGAGE_FICO_V2,Mortgage lifetime PD by FICO,Mortgage,fico_band,Subprime,Downside,59,0.005641655249629793,0.42054081593417014,V2,SYNTHETIC_DEMO
LPD_MORTGAGE_FICO_V2,Mortgage lifetime PD by FICO,Mortgage,fico_band,Subprime,Downside,60,0.0055904402503835346,0.4261312561845537,V2,SYNTHETIC_DEMO
LPD_MORTGAGE_FICO_V2,Mortgage lifetime PD by FICO,Mortgage,fico_band,Subprime,Downside,61,0.005539529197062311,0.4316707853816161,V2,SYNTHETIC_DEMO
LPD_MORTGAGE_FICO_V2,Mortgage lifetime PD by FICO,Mortgage,fico_band,Subprime,Downside,62,0.005488928895816299,0.4371597142774324,V2,SYNTHETIC_DEMO
LPD_MORTGAGE_FICO_V2,Mortgage lifetime PD by FICO,Mortgage,fico_band,Subprime,Downside,63,0.005438645604214674,0.4425983598816471,V2,SYNTHETIC_DEMO
LPD_MORTGAGE_FICO_V2,Mortgage lifetime PD by FICO,Mortgage,fico_band,Subprime,Downside,64,0.005388685060032926,0.44798704494167996,V2,SYNTHETIC_DEMO
LPD_MORTGAGE_FICO_V2,Mortgage lifetime PD by FICO,Mortgage,fico_band,Subprime,Downside,65,0.005339052508651384,0.45332609745033137,V2,SYNTHETIC_DEMO
LPD_MORTGAGE_FICO_V2,Mortgage lifetime PD by FICO,Mortgage,fico_band,Subprime,Downside,66,0.00528975272912656,0.45861585017945794,V2,SYNTHETIC_DEMO
LPD_MORTGAGE_FICO_V2,Mortgage lifetime PD by FICO,Mortgage,fico_band,Subprime,Downside,67,0.00524079005899847,0.4638566402384564,V2,SYNTHETIC_DEMO
LPD_MORTGAGE_FICO_V2,Mortgage lifetime PD by FICO,Mortgage,fico_band,Subprime,Downside,68,0.005192168417889663,0.469048808656346,V2,SYNTHETIC_DEMO
LPD_MORTGAGE_FICO_V2,Mortgage lifetime PD by FICO,Mortgage,fico_band,Subprime,Downside,69,0.0051438913299529584,0.474192699986299,V2,SYNTHETIC_DEMO
LPD_MORTGAGE_FICO_V2,Mortgage lifetime PD by FICO,Mortgage,fico_band,Subprime,Downside,70,0.005095961945221481,0.4792886619315204,V2,SYNTHETIC_DEMO
LPD_MORTGAGE_FICO_V2,Mortgage lifetime PD by FICO,Mortgage,fico_band,Subprime,Downside,71,0.005048383059910558,0.48433704499143093,V2,SYNTHETIC_DEMO
LPD_MORTGAGE_FICO_V2,Mortgage lifetime PD by FICO,Mortgage,fico_band,Subprime,Downside,72,0.005001157135722251,0.4893382021271532,V2,SYNTHETIC_DEMO
LPD_MORTGAGE_FICO_V2,Mortgage lifetime PD by FICO,Mortgage,fico_band,Subprime,Downside,73,0.004954286318197788,0.494292488445351,V2,SYNTHETIC_DEMO
LPD_MORTGAGE_FICO_V2,Mortgage lifetime PD by FICO,Mortgage,fico_band,Subprime,Downside,74,0.004907772454163533,0.4992002608995145,V2,SYNTHETIC_DEMO
LPD_MORTGAGE_FICO_V2,Mortgage lifetime PD by FICO,Mortgage,fico_band,Subprime,Downside,75,0.0048616171083126405,0.5040618780078272,V2,SYNTHETIC_DEMO
LPD_MORTGAGE_FICO_V2,Mortgage lifetime PD by FICO,Mortgage,fico_band,Subprime,Downside,76,0.004815821578963703,0.5088776995867909,V2,SYNTHETIC_DEMO
LPD_MORTGAGE_FICO_V2,Mortgage lifetime PD by FICO,Mortgage,fico_band,Subprime,Downside,77,0.004770386913035404,0.5136480864998263,V2,SYNTHETIC_DEMO
LPD_MORTGAGE_FICO_V2,Mortgage lifetime PD by FICO,Mortgage,fico_band,Subprime,Downside,78,0.004725313920274165,0.5183734004201004,V2,SYNTHETIC_DEMO
LPD_MORTGAGE_FICO_V2,Mortgage lifetime PD by FICO,Mortgage,fico_band,Subprime,Downside,79,0.0046806031867705445,0.5230540036068709,V2,SYNTHETIC_DEMO
LPD_MORTGAGE_FICO_V2,Mortgage lifetime PD by FICO,Mortgage,fico_band,Subprime,Downside,80,0.004636255087799004,0.5276902586946699,V2,SYNTHETIC_DEMO
LPD_MORTGAGE_FICO_V2,Mortgage lifetime PD by FICO,Mortgage,fico_band,Subprime,Downside,81,0.004592269800012202,0.5322825284946822,V2,SYNTHETIC_DEMO
LPD_MORTGAGE_FICO_V2,Mortgage lifetime PD by FICO,Mortgage,fico_band,Subprime,Downside,82,0.00454864731302219,0.5368311758077043,V2,SYNTHETIC_DEMO
LPD_MORTGAGE_FICO_V2,Mortgage lifetime PD by FICO,Mortgage,fico_band,Subprime,Downside,83,0.00450538744039736,0.5413365632481018,V2,SYNTHETIC_DEMO
LPD_MORTGAGE_FICO_V2,Mortgage lifetime PD by FICO,Mortgage,fico_band,Subprime,Downside,84,0.004462489830103199,0.5457990530782049,V2,SYNTHETIC_DEMO
LPD_MORTGAGE_FICO_V2,Mortgage lifetime PD by FICO,Mortgage,fico_band,Subprime,Downside,85,0.004419953974414449,0.5502190070526194,V2,SYNTHETIC_DEMO
LPD_MORTGAGE_FICO_V2,Mortgage lifetime PD by FICO,Mortgage,fico_band,Subprime,Downside,86,0.0043777792193235455,0.554596786271943,V2,SYNTHETIC_DEMO
LPD_MORTGAGE_FICO_V2,Mortgage lifetime PD by FICO,Mortgage,fico_band,Subprime,Downside,87,0.004335964773470393,0.5589327510454133,V2,SYNTHETIC_DEMO
LPD_MORTGAGE_FICO_V2,Mortgage lifetime PD by FICO,Mortgage,fico_band,Subprime,Downside,88,0.004294509716616231,0.5632272607620294,V2,SYNTHETIC_DEMO
LPD_MORTGAGE_FICO_V2,Mortgage lifetime PD by FICO,Mortgage,fico_band,Subprime,Downside,89,0.004253413007684495,0.567480673769714,V2,SYNTHETIC_DEMO
LPD_MORTGAGE_FICO_V2,Mortgage lifetime PD by FICO,Mortgage,fico_band,Subprime,Downside,90,0.004212673492389466,0.5716933472621035,V2,SYNTHETIC_DEMO
LPD_MORTGAGE_FICO_V2,Mortgage lifetime PD by FICO,Mortgage,fico_band,Subprime,Downside,91,0.004172289910472286,0.5758656371725758,V2,SYNTHETIC_DEMO
LPD_MORTGAGE_FICO_V2,Mortgage lifetime PD by FICO,Mortgage,fico_band,Subprime,Downside,92,0.004132260902565241,0.579997898075141,V2,SYNTHETIC_DEMO
LPD_MORTGAGE_FICO_V2,Mortgage lifetime PD by FICO,Mortgage,fico_band,Subprime,Downside,93,0.004092585016700341,0.5840904830918414,V2,SYNTHETIC_DEMO
LPD_MORTGAGE_FICO_V2,Mortgage lifetime PD by FICO,Mortgage,fico_band,Subprime,Downside,94,0.0040532607144820095,0.5881437438063234,V2,SYNTHETIC_DEMO
LPD_MORTGAGE_FICO_V2,Mortgage lifetime PD by FICO,Mortgage,fico_band,Subprime,Downside,95,0.0040142863769383925,0.5921580301832619,V2,SYNTHETIC_DEMO
LPD_MORTGAGE_FICO_V2,Mortgage lifetime PD by FICO,Mortgage,fico_band,Subprime,Downside,96,0.003975660310068646,0.5961336904933304,V2,SYNTHETIC_DEMO
LPD_MORTGAGE_FICO_V2,Mortgage lifetime PD by FICO,Mortgage,fico_band,Subprime,Downside,97,0.003937380750100205,0.6000710712434306,V2,SYNTHETIC_DEMO
LPD_MORTGAGE_FICO_V2,Mortgage lifetime PD by FICO,Mortgage,fico_band,Subprime,Downside,98,0.0038994458684712434,0.6039705171119019,V2,SYNTHETIC_DEMO
LPD_MORTGAGE_FICO_V2,Mortgage lifetime PD by FICO,Mortgage,fico_band,Subprime,Downside,99,0.0038618537765511144,0.607832370888453,V2,SYNTHETIC_DEMO
LPD_MORTGAGE_FICO_V2,Mortgage lifetime PD by FICO,Mortgage,fico_band,Subprime,Downside,100,0.0038246025301124525,0.6116569734185655,V2,SYNTHETIC_DEMO
LPD_MORTGAGE_FICO_V2,Mortgage lifetime PD by FICO,Mortgage,fico_band,Subprime,Downside,101,0.0037876901335669403,0.6154446635521325,V2,SYNTHETIC_DEMO
LPD_MORTGAGE_FICO_V2,Mortgage lifetime PD by FICO,Mortgage,fico_band,Subprime,Downside,102,0.003751114543976299,0.6191957780961087,V2,SYNTHETIC_DEMO
LPD_MORTGAGE_FICO_V2,Mortgage lifetime PD by FICO,Mortgage,fico_band,Subprime,Downside,103,0.003714873674850499,0.6229106517709593,V2,SYNTHETIC_DEMO
LPD_MORTGAGE_FICO_V2,Mortgage lifetime PD by FICO,Mortgage,fico_band,Subprime,Downside,104,0.0036789653997428284,0.626589617170702,V2,SYNTHETIC_DEMO
LPD_MORTGAGE_FICO_V2,Mortgage lifetime PD by FICO,Mortgage,fico_band,Subprime,Downside,105,0.0036433875556525913,0.6302330047263547,V2,SYNTHETIC_DEMO
LPD_MORTGAGE_FICO_V2,Mortgage lifetime PD by FICO,Mortgage,fico_band,Subprime,Downside,106,0.0036081379462448208,0.6338411426725994,V2,SYNTHETIC_DEMO
LPD_MORTGAGE_FICO_V2,Mortgage lifetime PD by FICO,Mortgage,fico_band,Subprime,Downside,107,0.0035732143448964754,0.6374143570174959,V2,SYNTHETIC_DEMO
LPD_MORTGAGE_FICO_V2,Mortgage lifetime PD by FICO,Mortgage,fico_band,Subprime,Downside,108,0.0035386144975771993,0.6409529715150731,V2,SYNTHETIC_DEMO
LPD_MORTGAGE_FICO_V2,Mortgage lifetime PD by FICO,Mortgage,fico_band,Subprime,Downside,109,0.003504336125573739,0.6444573076406468,V2,SYNTHETIC_DEMO
LPD_MORTGAGE_FICO_V2,Mortgage lifetime PD by FICO,Mortgage,fico_band,Subprime,Downside,110,0.003470376928065196,0.6479276845687121,V2,SYNTHETIC_DEMO
LPD_MORTGAGE_FICO_V2,Mortgage lifetime PD by FICO,Mortgage,fico_band,Subprime,Downside,111,0.003436734584557154,0.6513644191532693,V2,SYNTHETIC_DEMO
LPD_MORTGAGE_FICO_V2,Mortgage lifetime PD by FICO,Mortgage,fico_band,Subprime,Downside,112,0.003403406757181316,0.6547678259104506,V2,SYNTHETIC_DEMO
LPD_MORTGAGE_FICO_V2,Mortgage lifetime PD by FICO,Mortgage,fico_band,Subprime,Downside,113,0.0033703910928679567,0.6581382170033185,V2,SYNTHETIC_DEMO
LPD_MORTGAGE_FICO_V2,Mortgage lifetime PD by FICO,Mortgage,fico_band,Subprime,Downside,114,0.003337685225397083,0.6614759022287156,V2,SYNTHETIC_DEMO
LPD_MORTGAGE_FICO_V2,Mortgage lifetime PD by FICO,Mortgage,fico_band,Subprime,Downside,115,0.003305286777335048,0.6647811890060507,V2,SYNTHETIC_DEMO
LPD_MORTGAGE_FICO_V2,Mortgage lifetime PD by FICO,Mortgage,fico_band,Subprime,Downside,116,0.0032731933618616593,0.6680543823679123,V2,SYNTHETIC_DEMO
LPD_MORTGAGE_FICO_V2,Mortgage lifetime PD by FICO,Mortgage,fico_band,Subprime,Downside,117,0.0032414025844941996,0.6712957849524064,V2,SYNTHETIC_DEMO
LPD_MORTGAGE_FICO_V2,Mortgage lifetime PD by FICO,Mortgage,fico_band,Subprime,Downside,118,0.0032099120447128555,0.6745056969971193,V2,SYNTHETIC_DEMO
LPD_MORTGAGE_FICO_V2,Mortgage lifetime PD by FICO,Mortgage,fico_band,Subprime,Downside,119,0.0031787193374930955,0.6776844163346124,V2,SYNTHETIC_DEMO
LPD_MORTGAGE_FICO_V2,Mortgage lifetime PD by FICO,Mortgage,fico_band,Subprime,Downside,120,0.003147822054749343,0.6808322383893617,V2,SYNTHETIC_DEMO
LPD_MORTGAGE_FICO_V2,Mortgage lifetime PD by FICO,Mortgage,fico_band,Prime,Severe,1,0.0010894005596857603,0.0010894005596857603,V2,SYNTHETIC_DEMO
LPD_MORTGAGE_FICO_V2,Mortgage lifetime PD by FICO,Mortgage,fico_band,Prime,Severe,2,0.0010958716690039972,0.002185272228689805,V2,SYNTHETIC_DEMO
LPD_MORTGAGE_FICO_V2,Mortgage lifetime PD by FICO,Mortgage,fico_band,Prime,Severe,3,0.001102007352751133,0.0032872795814409272,V2,SYNTHETIC_DEMO
LPD_MORTGAGE_FICO_V2,Mortgage lifetime PD by FICO,Mortgage,fico_band,Prime,Severe,4,0.0011078215206192844,0.004395101102060206,V2,SYNTHETIC_DEMO
LPD_MORTGAGE_FICO_V2,Mortgage lifetime PD by FICO,Mortgage,fico_band,Prime,Severe,5,0.0011133275196929567,0.005508428621753159,V2,SYNTHETIC_DEMO
LPD_MORTGAGE_FICO_V2,Mortgage lifetime PD by FICO,Mortgage,fico_band,Prime,Severe,6,0.001118538156314752,0.006626966778067955,V2,SYNTHETIC_DEMO
LPD_MORTGAGE_FICO_V2,Mortgage lifetime PD by FICO,Mortgage,fico_band,Prime,Severe,7,0.0011234657171748292,0.007750432495242765,V2,SYNTHETIC_DEMO
LPD_MORTGAGE_FICO_V2,Mortgage lifetime PD by FICO,Mortgage,fico_band,Prime,Severe,8,0.0011281219896452372,0.008878554484888057,V2,SYNTHETIC_DEMO
LPD_MORTGAGE_FICO_V2,Mortgage lifetime PD by FICO,Mortgage,fico_band,Prime,Severe,9,0.0011325182813799331,0.010011072766268003,V2,SYNTHETIC_DEMO
LPD_MORTGAGE_FICO_V2,Mortgage lifetime PD by FICO,Mortgage,fico_band,Prime,Severe,10,0.0011366654392020881,0.011147738205470104,V2,SYNTHETIC_DEMO
LPD_MORTGAGE_FICO_V2,Mortgage lifetime PD by FICO,Mortgage,fico_band,Prime,Severe,11,0.0011405738673009858,0.012288312072771035,V2,SYNTHETIC_DEMO
LPD_MORTGAGE_FICO_V2,Mortgage lifetime PD by FICO,Mortgage,fico_band,Prime,Severe,12,0.0011442535447565856,0.013432565617527592,V2,SYNTHETIC_DEMO
LPD_MORTGAGE_FICO_V2,Mortgage lifetime PD by FICO,Mortgage,fico_band,Prime,Severe,13,0.0011477140424155368,0.01458027965994313,V2,SYNTHETIC_DEMO
LPD_MORTGAGE_FICO_V2,Mortgage lifetime PD by FICO,Mortgage,fico_band,Prime,Severe,14,0.0011509645391369475,0.01573124419908012,V2,SYNTHETIC_DEMO
LPD_MORTGAGE_FICO_V2,Mortgage lifetime PD by FICO,Mortgage,fico_band,Prime,Severe,15,0.0011540138374289178,0.016885258036509088,V2,SYNTHETIC_DEMO
LPD_MORTGAGE_FICO_V2,Mortgage lifetime PD by FICO,Mortgage,fico_band,Prime,Severe,16,0.0011568703784949888,0.018042128415004077,V2,SYNTHETIC_DEMO
LPD_MORTGAGE_FICO_V2,Mortgage lifetime PD by FICO,Mortgage,fico_band,Prime,Severe,17,0.001159542256710922,0.019201670671714965,V2,SYNTHETIC_DEMO
LPD_MORTGAGE_FICO_V2,Mortgage lifetime PD by FICO,Mortgage,fico_band,Prime,Severe,18,0.0011620372335493852,0.020363707905264317,V2,SYNTHETIC_DEMO
LPD_MORTGAGE_FICO_V2,Mortgage lifetime PD by FICO,Mortgage,fico_band,Prime,Severe,19,0.0011643627509727145,0.021528070656237075,V2,SYNTHETIC_DEMO
LPD_MORTGAGE_FICO_V2,Mortgage lifetime PD by FICO,Mortgage,fico_band,Prime,Severe,20,0.0011665259443104444,0.022694596600547512,V2,SYNTHETIC_DEMO
LPD_MORTGAGE_FICO_V2,Mortgage lifetime PD by FICO,Mortgage,fico_band,Prime,Severe,21,0.0011685336546401648,0.023863130255187714,V2,SYNTHETIC_DEMO
LPD_MORTGAGE_FICO_V2,Mortgage lifetime PD by FICO,Mortgage,fico_band,Prime,Severe,22,0.001170392440689433,0.02503352269587711,V2,SYNTHETIC_DEMO
LPD_MORTGAGE_FICO_V2,Mortgage lifetime PD by FICO,Mortgage,fico_band,Prime,Severe,23,0.0011721085902742373,0.026205631286151387,V2,SYNTHETIC_DEMO
LPD_MORTGAGE_FICO_V2,Mortgage lifetime PD by FICO,Mortgage,fico_band,Prime,Severe,24,0.001173688131291893,0.027379319417443315,V2,SYNTHETIC_DEMO
LPD_MORTGAGE_FICO_V2,Mortgage lifetime PD by FICO,Mortgage,fico_band,Prime,Severe,25,0.0011751368422834138,0.028554456259726746,V2,SYNTHETIC_DEMO
LPD_MORTGAGE_FICO_V2,Mortgage lifetime PD by FICO,Mortgage,fico_band,Prime,Severe,26,0.0011764602625814356,0.029730916522308193,V2,SYNTHETIC_DEMO
LPD_MORTGAGE_FICO_V2,Mortgage lifetime PD by FICO,Mortgage,fico_band,Prime,Severe,27,0.00117766370205808,0.030908580224366267,V2,SYNTHETIC_DEMO
LPD_MORTGAGE_FICO_V2,Mortgage lifetime PD by FICO,Mortgage,fico_band,Prime,Severe,28,0.0011787522504882525,0.03208733247485451,V2,SYNTHETIC_DEMO
LPD_MORTGAGE_FICO_V2,Mortgage lifetime PD by FICO,Mortgage,fico_band,Prime,Severe,29,0.0011797307865422414,0.03326706326139672,V2,SYNTHETIC_DEMO
LPD_MORTGAGE_FICO_V2,Mortgage lifetime PD by FICO,Mortgage,fico_band,Prime,Severe,30,0.0011806039864205177,0.034447667247817226,V2,SYNTHETIC_DEMO
LPD_MORTGAGE_FICO_V2,Mortgage lifetime PD by FICO,Mortgage,fico_band,Prime,Severe,31,0.0011813763321457471,0.03562904357996299,V2,SYNTHETIC_DEMO
LPD_MORTGAGE_FICO_V2,Mortgage lifetime PD by FICO,Mortgage,fico_band,Prime,Severe,32,0.0011820521195236601,0.03681109569948671,V2,SYNTHETIC_DEMO
LPD_MORTGAGE_FICO_V2,Mortgage lifetime PD by FICO,Mortgage,fico_band,Prime,Severe,33,0.001182635465784695,0.03799373116527138,V2,SYNTHETIC_DEMO
LPD_MORTGAGE_FICO_V2,Mortgage lifetime PD by FICO,Mortgage,fico_band,Prime,Severe,34,0.00118313031692127,0.03917686148219268,V2,SYNTHETIC_DEMO
LPD_MORTGAGE_FICO_V2,Mortgage lifetime PD by FICO,Mortgage,fico_band,Prime,Severe,35,0.001183540454728499,0.04036040193692114,V2,SYNTHETIC_DEMO
LPD_MORTGAGE_FICO_V2,Mortgage lifetime PD by FICO,Mortgage,fico_band,Prime,Severe,36,0.0011838695035625197,0.04154427144048367,V2,SYNTHETIC_DEMO
LPD_MORTGAGE_FICO_V2,Mortgage lifetime PD by FICO,Mortgage,fico_band,Prime,Severe,37,0.0011841209368266515,0.0427283923773103,V2,SYNTHETIC_DEMO
LPD_MORTGAGE_FICO_V2,Mortgage lifetime PD by FICO,Mortgage,fico_band,Prime,Severe,38,0.0011842980831947689,0.043912690460505055,V2,SYNTHETIC_DEMO
LPD_MORTGAGE_FICO_V2,Mortgage lifetime PD by FICO,Mortgage,fico_band,Prime,Severe,39,0.0011844041325836303,0.04509709459308864,V2,SYNTHETIC_DEMO
LPD_MORTGAGE_FICO_V2,Mortgage lifetime PD by FICO,Mortgage,fico_band,Prime,Severe,40,0.0011844421418828036,0.046281536734971485,V2,SYNTHETIC_DEMO
LPD_MORTGAGE_FICO_V2,Mortgage lifetime PD by FICO,Mortgage,fico_band,Prime,Severe,41,0.001184415040452329,0.04746595177542379,V2,SYNTHETIC_DEMO
LPD_MORTGAGE_FICO_V2,Mortgage lifetime PD by FICO,Mortgage,fico_band,Prime,Severe,42,0.0011843256353963332,0.048650277410820175,V2,SYNTHETIC_DEMO
LPD_MORTGAGE_FICO_V2,Mortgage lifetime PD by FICO,Mortgage,fico_band,Prime,Severe,43,0.0011841766166230238,0.04983445402744324,V2,SYNTHETIC_DEMO
LPD_MORTGAGE_FICO_V2,Mortgage lifetime PD by FICO,Mortgage,fico_band,Prime,Severe,44,0.0011839705616973509,0.05101842458914063,V2,SYNTHETIC_DEMO
LPD_MORTGAGE_FICO_V2,Mortgage lifetime PD by FICO,Mortgage,fico_band,Prime,Severe,45,0.001183709940496623,0.05220213452963729,V2,SYNTHETIC_DEMO
LPD_MORTGAGE_FICO_V2,Mortgage lifetime PD by FICO,Mortgage,fico_band,Prime,Severe,46,0.0011833971196745952,0.053385531649311924,V2,SYNTHETIC_DEMO
LPD_MORTGAGE_FICO_V2,Mortgage lifetime PD by FICO,Mortgage,fico_band,Prime,Severe,47,0.0011830343669443743,0.05456856601625626,V2,SYNTHETIC_DEMO
LPD_MORTGAGE_FICO_V2,Mortgage lifetime PD by FICO,Mortgage,fico_band,Prime,Severe,48,0.0011826238551851938,0.05575118987144145,V2,SYNTHETIC_DEMO
LPD_MORTGAGE_FICO_V2,Mortgage lifetime PD by FICO,Mortgage,fico_band,Prime,Severe,49,0.0011821676663802975,0.056933357537821805,V2,SYNTHETIC_DEMO
LPD_MORTGAGE_FICO_V2,Mortgage lifetime PD by FICO,Mortgage,fico_band,Prime,Severe,50,0.0011816677953942081,0.058115025333216,V2,SYNTHETIC_DEMO
LPD_MORTGAGE_FICO_V2,Mortgage lifetime PD by FICO,Mortgage,fico_band,Prime,Severe,51,0.001181126153594137,0.05929615148681011,V2,SYNTHETIC_DEMO
LPD_MORTGAGE_FICO_V2,Mortgage lifetime PD by FICO,Mortgage,fico_band,Prime,Severe,52,0.0011805445723226044,0.06047669605913275,V2,SYNTHETIC_DEMO
LPD_MORTGAGE_FICO_V2,Mortgage lifetime PD by FICO,Mortgage,fico_band,Prime,Severe,53,0.0011799248062272386,0.061656620865359946,V2,SYNTHETIC_DEMO
LPD_MORTGAGE_FICO_V2,Mortgage lifetime PD by FICO,Mortgage,fico_band,Prime,Severe,54,0.0011792685364529765,0.06283588940181295,V2,SYNTHETIC_DEMO
LPD_MORTGAGE_FICO_V2,Mortgage lifetime PD by FICO,Mortgage,fico_band,Prime,Severe,55,0.0011785773737032124,0.06401446677551614,V2,SYNTHETIC_DEMO
LPD_MORTGAGE_FICO_V2,Mortgage lifetime PD by FICO,Mortgage,fico_band,Prime,Severe,56,0.0011778528611745285,0.0651923196366907,V2,SYNTHETIC_DEMO
LPD_MORTGAGE_FICO_V2,Mortgage lifetime PD by FICO,Mortgage,fico_band,Prime,Severe,57,0.001177096477369315,0.06636941611406,V2,SYNTHETIC_DEMO
LPD_MORTGAGE_FICO_V2,Mortgage lifetime PD by FICO,Mortgage,fico_band,Prime,Severe,58,0.001176309638793771,0.06754572575285378,V2,SYNTHETIC_DEMO
LPD_MORTGAGE_FICO_V2,Mortgage lifetime PD by FICO,Mortgage,fico_band,Prime,Severe,59,0.0011754937025425165,0.06872121945539633,V2,SYNTHETIC_DEMO
LPD_MORTGAGE_FICO_V2,Mortgage lifetime PD by FICO,Mortgage,fico_band,Prime,Severe,60,0.0011746499687778726,0.06989586942417425,V2,SYNTHETIC_DEMO
LPD_MORTGAGE_FICO_V2,Mortgage lifetime PD by FICO,Mortgage,fico_band,Prime,Severe,61,0.0011737796831050957,0.07106964910727931,V2,SYNTHETIC_DEMO
LPD_MORTGAGE_FICO_V2,Mortgage lifetime PD by FICO,Mortgage,fico_band,Prime,Severe,62,0.0011728840388504154,0.07224253314612972,V2,SYNTHETIC_DEMO
LPD_MORTGAGE_FICO_V2,Mortgage lifetime PD by FICO,Mortgage,fico_band,Prime,Severe,63,0.0011719641792434258,0.0734144973253732,V2,SYNTHETIC_DEMO
LPD_MORTGAGE_FICO_V2,Mortgage lifetime PD by FICO,Mortgage,fico_band,Prime,Severe,64,0.0011710211995098008,0.07458551852488304,V2,SYNTHETIC_DEMO
LPD_MORTGAGE_FICO_V2,Mortgage lifetime PD by FICO,Mortgage,fico_band,Prime,Severe,65,0.0011700561488767532,0.07575557467375982,V2,SYNTHETIC_DEMO
LPD_MORTGAGE_FICO_V2,Mortgage lifetime PD by FICO,Mortgage,fico_band,Prime,Severe,66,0.0011690700324955043,0.07692464470625537,V2,SYNTHETIC_DEMO
LPD_MORTGAGE_FICO_V2,Mortgage lifetime PD by FICO,Mortgage,fico_band,Prime,Severe,67,0.001168063813283247,0.07809270851953865,V2,SYNTHETIC_DEMO
LPD_MORTGAGE_FICO_V2,Mortgage lifetime PD by FICO,Mortgage,fico_band,Prime,Severe,68,0.0011670384136894271,0.07925974693322813,V2,SYNTHETIC_DEMO
LPD_MORTGAGE_FICO_V2,Mortgage lifetime PD by FICO,Mortgage,fico_band,Prime,Severe,69,0.0011659947173875479,0.08042574165061567,V2,SYNTHETIC_DEMO
LPD_MORTGAGE_FICO_V2,Mortgage lifetime PD by FICO,Mortgage,fico_band,Prime,Severe,70,0.001164933570897684,0.08159067522151331,V2,SYNTHETIC_DEMO
LPD_MORTGAGE_FICO_V2,Mortgage lifetime PD by FICO,Mortgage,fico_band,Prime,Severe,71,0.0011638557851404575,0.08275453100665375,V2,SYNTHETIC_DEMO
LPD_MORTGAGE_FICO_V2,Mortgage lifetime PD by FICO,Mortgage,fico_band,Prime,Severe,72,0.0011627621369266897,0.08391729314358043,V2,SYNTHETIC_DEMO
LPD_MORTGAGE_FICO_V2,Mortgage lifetime PD by FICO,Mortgage,fico_band,Prime,Severe,73,0.0011616533703854902,0.08507894651396597,V2,SYNTHETIC_DEMO
LPD_MORTGAGE_FICO_V2,Mortgage lifetime PD by FICO,Mortgage,fico_band,Prime,Severe,74,0.0011605301983317825,0.0862394767122977,V2,SYNTHETIC_DEMO
LPD_MORTGAGE_FICO_V2,Mortgage lifetime PD by FICO,Mortgage,fico_band,Prime,Severe,75,0.0011593933035779253,0.08739887001587565,V2,SYNTHETIC_DEMO
LPD_MORTGAGE_FICO_V2,Mortgage lifetime PD by FICO,Mortgage,fico_band,Prime,Severe,76,0.0011582433401895792,0.0885571133560652,V2,SYNTHETIC_DEMO
LPD_MORTGAGE_FICO_V2,Mortgage lifetime PD by FICO,Mortgage,fico_band,Prime,Severe,77,0.0011570809346902271,0.08971419429075544,V2,SYNTHETIC_DEMO
LPD_MORTGAGE_FICO_V2,Mortgage lifetime PD by FICO,Mortgage,fico_band,Prime,Severe,78,0.0011559066872145701,0.09087010097796999,V2,SYNTHETIC_DEMO
LPD_MORTGAGE_FICO_V2,Mortgage lifetime PD by FICO,Mortgage,fico_band,Prime,Severe,79,0.0011547211726140496,0.09202482215058405,V2,SYNTHETIC_DEMO
LPD_MORTGAGE_FICO_V2,Mortgage lifetime PD by FICO,Mortgage,fico_band,Prime,Severe,80,0.0011535249415166096,0.09317834709210071,V2,SYNTHETIC_DEMO
LPD_MORTGAGE_FICO_V2,Mortgage lifetime PD by FICO,Mortgage,fico_band,Prime,Severe,81,0.0011523185213416858,0.09433066561344239,V2,SYNTHETIC_DEMO
LPD_MORTGAGE_FICO_V2,Mortgage lifetime PD by FICO,Mortgage,fico_band,Prime,Severe,82,0.0011511024172726105,0.09548176803071495,V2,SYNTHETIC_DEMO
LPD_MORTGAGE_FICO_V2,Mortgage lifetime PD by FICO,Mortgage,fico_band,Prime,Severe,83,0.0011498771131895021,0.09663164514390443,V2,SYNTHETIC_DEMO
LPD_MORTGAGE_FICO_V2,Mortgage lifetime PD by FICO,Mortgage,fico_band,Prime,Severe,84,0.0011486430725615707,0.097780288216466,V2,SYNTHETIC_DEMO
LPD_MORTGAGE_FICO_V2,Mortgage lifetime PD by FICO,Mortgage,fico_band,Prime,Severe,85,0.0011474007393035936,0.09892768895576964,V2,SYNTHETIC_DEMO
LPD_MORTGAGE_FICO_V2,Mortgage lifetime PD by FICO,Mortgage,fico_band,Prime,Severe,86,0.0011461505385953663,0.10007383949436499,V2,SYNTHETIC_DEMO
LPD_MORTGAGE_FICO_V2,Mortgage lifetime PD by FICO,Mortgage,fico_band,Prime,Severe,87,0.0011448928776679394,0.10121873237203294,V2,SYNTHETIC_DEMO
LPD_MORTGAGE_FICO_V2,Mortgage lifetime PD by FICO,Mortgage,fico_band,Prime,Severe,88,0.0011436281465561336,0.10236236051858905,V2,SYNTHETIC_DEMO
LPD_MORTGAGE_FICO_V2,Mortgage lifetime PD by FICO,Mortgage,fico_band,Prime,Severe,89,0.0011423567188197123,0.10350471723740873,V2,SYNTHETIC_DEMO
LPD_MORTGAGE_FICO_V2,Mortgage lifetime PD by FICO,Mortgage,fico_band,Prime,Severe,90,0.0011410789522350768,0.10464579618964376,V2,SYNTHETIC_DEMO
LPD_MORTGAGE_FICO_V2,Mortgage lifetime PD by FICO,Mortgage,fico_band,Prime,Severe,91,0.0011397951894571436,0.10578559137910093,V2,SYNTHETIC_DEMO
LPD_MORTGAGE_FICO_V2,Mortgage lifetime PD by FICO,Mortgage,fico_band,Prime,Severe,92,0.0011385057586537437,0.10692409713775464,V2,SYNTHETIC_DEMO
LPD_MORTGAGE_FICO_V2,Mortgage lifetime PD by FICO,Mortgage,fico_band,Prime,Severe,93,0.0011372109741138812,0.10806130811186854,V2,SYNTHETIC_DEMO
LPD_MORTGAGE_FICO_V2,Mortgage lifetime PD by FICO,Mortgage,fico_band,Prime,Severe,94,0.0011359111368297733,0.1091972192486983,V2,SYNTHETIC_DEMO
LPD_MORTGAGE_FICO_V2,Mortgage lifetime PD by FICO,Mortgage,fico_band,Prime,Severe,95,0.0011346065350553815,0.11033182578375367,V2,SYNTHETIC_DEMO
LPD_MORTGAGE_FICO_V2,Mortgage lifetime PD by FICO,Mortgage,fico_band,Prime,Severe,96,0.0011332974448407444,0.11146512322859436,V2,SYNTHETIC_DEMO
LPD_MORTGAGE_FICO_V2,Mortgage lifetime PD by FICO,Mortgage,fico_band,Prime,Severe,97,0.0011319841305445005,0.11259710735913886,V2,SYNTHETIC_DEMO
LPD_MORTGAGE_FICO_V2,Mortgage lifetime PD by FICO,Mortgage,fico_band,Prime,Severe,98,0.001130666845324492,0.11372777420446334,V2,SYNTHETIC_DEMO
LPD_MORTGAGE_FICO_V2,Mortgage lifetime PD by FICO,Mortgage,fico_band,Prime,Severe,99,0.0011293458316080265,0.1148571200360714,V2,SYNTHETIC_DEMO
LPD_MORTGAGE_FICO_V2,Mortgage lifetime PD by FICO,Mortgage,fico_band,Prime,Severe,100,0.0011280213215429523,0.1159851413576144,V2,SYNTHETIC_DEMO
LPD_MORTGAGE_FICO_V2,Mortgage lifetime PD by FICO,Mortgage,fico_band,Prime,Severe,101,0.0011266935374284455,0.11711183489504284,V2,SYNTHETIC_DEMO
LPD_MORTGAGE_FICO_V2,Mortgage lifetime PD by FICO,Mortgage,fico_band,Prime,Severe,102,0.0011253626921291192,0.118237197587172,V2,SYNTHETIC_DEMO
LPD_MORTGAGE_FICO_V2,Mortgage lifetime PD by FICO,Mortgage,fico_band,Prime,Severe,103,0.0011240289894712287,0.11936122657664328,V2,SYNTHETIC_DEMO
LPD_MORTGAGE_FICO_V2,Mortgage lifetime PD by FICO,Mortgage,fico_band,Prime,Severe,104,0.001122692624622115,0.12048391920126544,V2,SYNTHETIC_DEMO
LPD_MORTGAGE_FICO_V2,Mortgage lifetime PD by FICO,Mortgage,fico_band,Prime,Severe,105,0.001121353784453812,0.12160527298571921,V2,SYNTHETIC_DEMO
LPD_MORTGAGE_FICO_V2,Mortgage lifetime PD by FICO,Mortgage,fico_band,Prime,Severe,106,0.0011200126478917408,0.12272528563361096,V2,SYNTHETIC_DEMO
LPD_MORTGAGE_FICO_V2,Mortgage lifetime PD by FICO,Mortgage,fico_band,Prime,Severe,107,0.0011186693862484296,0.12384395501985934,V2,SYNTHETIC_DEMO
LPD_MORTGAGE_FICO_V2,Mortgage lifetime PD by FICO,Mortgage,fico_band,Prime,Severe,108,0.0011173241635431717,0.1249612791834025,V2,SYNTHETIC_DEMO
LPD_MORTGAGE_FICO_V2,Mortgage lifetime PD by FICO,Mortgage,fico_band,Prime,Severe,109,0.0011159771368084244,0.12607725632021094,V2,SYNTHETIC_DEMO
LPD_MORTGAGE_FICO_V2,Mortgage lifetime PD by FICO,Mortgage,fico_band,Prime,Severe,110,0.0011146284563836536,0.1271918847765946,V2,SYNTHETIC_DEMO
LPD_MORTGAGE_FICO_V2,Mortgage lifetime PD by FICO,Mortgage,fico_band,Prime,Severe,111,0.0011132782661962505,0.12830516304279083,V2,SYNTHETIC_DEMO
LPD_MORTGAGE_FICO_V2,Mortgage lifetime PD by FICO,Mortgage,fico_band,Prime,Severe,112,0.0011119267040309887,0.12941708974682187,V2,SYNTHETIC_DEMO
LPD_MORTGAGE_FICO_V2,Mortgage lifetime PD by FICO,Mortgage,fico_band,Prime,Severe,113,0.0011105739017884205,0.13052766364861024,V2,SYNTHETIC_DEMO
LPD_MORTGAGE_FICO_V2,Mortgage lifetime PD by FICO,Mortgage,fico_band,Prime,Severe,114,0.0011092199857317272,0.131636883634342,V2,SYNTHETIC_DEMO
LPD_MORTGAGE_FICO_V2,Mortgage lifetime PD by FICO,Mortgage,fico_band,Prime,Severe,115,0.0011078650767237675,0.13274474871106579,V2,SYNTHETIC_DEMO
LPD_MORTGAGE_FICO_V2,Mortgage lifetime PD by FICO,Mortgage,fico_band,Prime,Severe,116,0.00110650929045432,0.1338512580015201,V2,SYNTHETIC_DEMO
LPD_MORTGAGE_FICO_V2,Mortgage lifetime PD by FICO,Mortgage,fico_band,Prime,Severe,117,0.0011051527376572169,0.1349564107391773,V2,SYNTHETIC_DEMO
LPD_MORTGAGE_FICO_V2,Mortgage lifetime PD by FICO,Mortgage,fico_band,Prime,Severe,118,0.001103795524318714,0.13606020626349602,V2,SYNTHETIC_DEMO
LPD_MORTGAGE_FICO_V2,Mortgage lifetime PD by FICO,Mortgage,fico_band,Prime,Severe,119,0.0011024377518769827,0.13716264401537304,V2,SYNTHETIC_DEMO
LPD_MORTGAGE_FICO_V2,Mortgage lifetime PD by FICO,Mortgage,fico_band,Prime,Severe,120,0.0011010795174133776,0.13826372353278638,V2,SYNTHETIC_DEMO
LPD_MORTGAGE_FICO_V2,Mortgage lifetime PD by FICO,Mortgage,fico_band,Near Prime,Severe,1,0.0033082256128357246,0.0033082256128357246,V2,SYNTHETIC_DEMO
LPD_MORTGAGE_FICO_V2,Mortgage lifetime PD by FICO,Mortgage,fico_band,Near Prime,Severe,2,0.0033207736210653918,0.006628999233901145,V2,SYNTHETIC_DEMO
LPD_MORTGAGE_FICO_V2,Mortgage lifetime PD by FICO,Mortgage,fico_band,Near Prime,Severe,3,0.003332173756876448,0.00996117299077759,V2,SYNTHETIC_DEMO
LPD_MORTGAGE_FICO_V2,Mortgage lifetime PD by FICO,Mortgage,fico_band,Near Prime,Severe,4,0.0033424767488986207,0.013303649739676238,V2,SYNTHETIC_DEMO
LPD_MORTGAGE_FICO_V2,Mortgage lifetime PD by FICO,Mortgage,fico_band,Near Prime,Severe,5,0.003351731287865202,0.016655381027541494,V2,SYNTHETIC_DEMO
LPD_MORTGAGE_FICO_V2,Mortgage lifetime PD by FICO,Mortgage,fico_band,Near Prime,Severe,6,0.0033599840986727005,0.020015365126214157,V2,SYNTHETIC_DEMO
LPD_MORTGAGE_FICO_V2,Mortgage lifetime PD by FICO,Mortgage,fico_band,Near Prime,Severe,7,0.0033672800107321615,0.023382645136946323,V2,SYNTHETIC_DEMO
LPD_MORTGAGE_FICO_V2,Mortgage lifetime PD by FICO,Mortgage,fico_band,Near Prime,Severe,8,0.00337366202656941,0.026756307163515736,V2,SYNTHETIC_DEMO
LPD_MORTGAGE_FICO_V2,Mortgage lifetime PD by FICO,Mortgage,fico_band,Near Prime,Severe,9,0.003379171388643759,0.030135478552159478,V2,SYNTHETIC_DEMO
LPD_MORTGAGE_FICO_V2,Mortgage lifetime PD by FICO,Mortgage,fico_band,Near Prime,Severe,10,0.003383847644364163,0.03351932619652365,V2,SYNTHETIC_DEMO
LPD_MORTGAGE_FICO_V2,Mortgage lifetime PD by FICO,Mortgage,fico_band,Near Prime,Severe,11,0.003387728709290657,0.03690705490581425,V2,SYNTHETIC_DEMO
LPD_MORTGAGE_FICO_V2,Mortgage lifetime PD by FICO,Mortgage,fico_band,Near Prime,Severe,12,0.003390850928516122,0.04029790583433035,V2,SYNTHETIC_DEMO
LPD_MORTGAGE_FICO_V2,Mortgage lifetime PD by FICO,Mortgage,fico_band,Near Prime,Severe,13,0.0033932491362296366,0.043691154970559976,V2,SYNTHETIC_DEMO
LPD_MORTGAGE_FICO_V2,Mortgage lifetime PD by FICO,Mortgage,fico_band,Near Prime,Severe,14,0.0033949567134710407,0.047086111684030985,V2,SYNTHETIC_DEMO
LPD_MORTGAGE_FICO_V2,Mortgage lifetime PD by FICO,Mortgage,fico_band,Near Prime,Severe,15,0.0033960056440886675,0.05048211732811969,V2,SYNTHETIC_DEMO
LPD_MORTGAGE_FICO_V2,Mortgage lifetime PD by FICO,Mortgage,fico_band,Near Prime,Severe,16,0.0033964265689189546,0.05387854389703861,V2,SYNTHETIC_DEMO
LPD_MORTGAGE_FICO_V2,Mortgage lifetime PD by FICO,Mortgage,fico_band,Near Prime,Severe,17,0.003396248838210088,0.057274792735248714,V2,SYNTHETIC_DEMO
LPD_MORTGAGE_FICO_V2,Mortgage lifetime PD by FICO,Mortgage,fico_band,Near Prime,Severe,18,0.0033955005623139767,0.06067029329756268,V2,SYNTHETIC_DEMO
LPD_MORTGAGE_FICO_V2,Mortgage lifetime PD by FICO,Mortgage,fico_band,Near Prime,Severe,19,0.0033942086606772704,0.06406450195823998,V2,SYNTHETIC_DEMO
LPD_MORTGAGE_FICO_V2,Mortgage lifetime PD by FICO,Mortgage,fico_band,Near Prime,Severe,20,0.0033923989091605372,0.06745690086740053,V2,SYNTHETIC_DEMO
LPD_MORTGAGE_FICO_V2,Mortgage lifetime PD by FICO,Mortgage,fico_band,Near Prime,Severe,21,0.0033900959857193977,0.0708469968531199,V2,SYNTHETIC_DEMO
LPD_MORTGAGE_FICO_V2,Mortgage lifetime PD by FICO,Mortgage,fico_band,Near Prime,Severe,22,0.003387323514484035,0.07423432036760391,V2,SYNTHETIC_DEMO
LPD_MORTGAGE_FICO_V2,Mortgage lifetime PD by FICO,Mortgage,fico_band,Near Prime,Severe,23,0.00338410410827052,0.07761842447587441,V2,SYNTHETIC_DEMO
LPD_MORTGAGE_FICO_V2,Mortgage lifetime PD by FICO,Mortgage,fico_band,Near Prime,Severe,24,0.0033804594095653844,0.08099888388543985,V2,SYNTHETIC_DEMO
LPD_MORTGAGE_FICO_V2,Mortgage lifetime PD by FICO,Mortgage,fico_band,Near Prime,Severe,25,0.0033764101300183596,0.08437529401545818,V2,SYNTHETIC_DEMO
LPD_MORTGAGE_FICO_V2,Mortgage lifetime PD by FICO,Mortgage,fico_band,Near Prime,Severe,26,0.003371976088485099,0.08774727010394323,V2,SYNTHETIC_DEMO
LPD_MORTGAGE_FICO_V2,Mortgage lifetime PD by FICO,Mortgage,fico_band,Near Prime,Severe,27,0.0033671762476580017,0.09111444635160126,V2,SYNTHETIC_DEMO
LPD_MORTGAGE_FICO_V2,Mortgage lifetime PD by FICO,Mortgage,fico_band,Near Prime,Severe,28,0.003362028749325539,0.09447647510092683,V2,SYNTHETIC_DEMO
LPD_MORTGAGE_FICO_V2,Mortgage lifetime PD by FICO,Mortgage,fico_band,Near Prime,Severe,29,0.003356550948299886,0.09783302604922672,V2,SYNTHETIC_DEMO
LPD_MORTGAGE_FICO_V2,Mortgage lifetime PD by FICO,Mortgage,fico_band,Near Prime,Severe,30,0.003350759445052688,0.10118378549427942,V2,SYNTHETIC_DEMO
LPD_MORTGAGE_FICO_V2,Mortgage lifetime PD by FICO,Mortgage,fico_band,Near Prime,Severe,31,0.0033446701170985844,0.10452845561137802,V2,SYNTHETIC_DEMO
LPD_MORTGAGE_FICO_V2,Mortgage lifetime PD by FICO,Mortgage,fico_band,Near Prime,Severe,32,0.0033382981491658285,0.10786675376054389,V2,SYNTHETIC_DEMO
LPD_MORTGAGE_FICO_V2,Mortgage lifetime PD by FICO,Mortgage,fico_band,Near Prime,Severe,33,0.0033316580621926355,0.11119841182273649,V2,SYNTHETIC_DEMO
LPD_MORTGAGE_FICO_V2,Mortgage lifetime PD by FICO,Mortgage,fico_band,Near Prime,Severe,34,0.0033247637411889666,0.11452317556392544,V2,SYNTHETIC_DEMO
LPD_MORTGAGE_FICO_V2,Mortgage lifetime PD by FICO,Mortgage,fico_band,Near Prime,Severe,35,0.003317628461998645,0.11784080402592412,V2,SYNTHETIC_DEMO
LPD_MORTGAGE_FICO_V2,Mortgage lifetime PD by FICO,Mortgage,fico_band,Near Prime,Severe,36,0.0033102649170025397,0.12115106894292671,V2,SYNTHETIC_DEMO
LPD_MORTGAGE_FICO_V2,Mortgage lifetime PD by FICO,Mortgage,fico_band,Near Prime,Severe,37,0.003302685239796672,0.12445375418272342,V2,SYNTHETIC_DEMO
LPD_MORTGAGE_FICO_V2,Mortgage lifetime PD by FICO,Mortgage,fico_band,Near Prime,Severe,38,0.003294901028881908,0.12774865521160528,V2,SYNTHETIC_DEMO
LPD_MORTGAGE_FICO_V2,Mortgage lifetime PD by FICO,Mortgage,fico_band,Near Prime,Severe,39,0.003286923370400228,0.13103557858200554,V2,SYNTHETIC_DEMO
LPD_MORTGAGE_FICO_V2,Mortgage lifetime PD by FICO,Mortgage,fico_band,Near Prime,Severe,40,0.003278762859951378,0.13431434144195686,V2,SYNTHETIC_DEMO
LPD_MORTGAGE_FICO_V2,Mortgage lifetime PD by FICO,Mortgage,fico_band,Near Prime,Severe,41,0.0032704296235235224,0.1375847710654804,V2,SYNTHETIC_DEMO
LPD_MORTGAGE_FICO_V2,Mortgage lifetime PD by FICO,Mortgage,fico_band,Near Prime,Severe,42,0.0032619333375697246,0.14084670440305014,V2,SYNTHETIC_DEMO
LPD_MORTGAGE_FICO_V2,Mortgage lifetime PD by FICO,Mortgage,fico_band,Near Prime,Severe,43,0.003253283248263175,0.14409998765131327,V2,SYNTHETIC_DEMO
LPD_MORTGAGE_FICO_V2,Mortgage lifetime PD by FICO,Mortgage,fico_band,Near Prime,Severe,44,0.003244488189959338,0.14734447584127264,V2,SYNTHETIC_DEMO
LPD_MORTGAGE_FICO_V2,Mortgage lifetime PD by FICO,Mortgage,fico_band,Near Prime,Severe,45,0.003235556602897764,0.1505800324441704,V2,SYNTHETIC_DEMO
LPD_MORTGAGE_FICO_V2,Mortgage lifetime PD by FICO,Mortgage,fico_band,Near Prime,Severe,46,0.0032264965501704536,0.15380652899434089,V2,SYNTHETIC_DEMO
LPD_MORTGAGE_FICO_V2,Mortgage lifetime PD by FICO,Mortgage,fico_band,Near Prime,Severe,47,0.003217315733985599,0.15702384472832653,V2,SYNTHETIC_DEMO
LPD_MORTGAGE_FICO_V2,Mortgage lifetime PD by FICO,Mortgage,fico_band,Near Prime,Severe,48,0.0032080215112534863,0.16023186623957997,V2,SYNTHETIC_DEMO
LPD_MORTGAGE_FICO_V2,Mortgage lifetime PD by FICO,Mortgage,fico_band,Near Prime,Severe,49,0.003198620908521111,0.16343048714810104,V2,SYNTHETIC_DEMO
LPD_MORTGAGE_FICO_V2,Mortgage lifetime PD by FICO,Mortgage,fico_band,Near Prime,Severe,50,0.003189120636281607,0.16661960778438267,V2,SYNTHETIC_DEMO
LPD_MORTGAGE_FICO_V2,Mortgage lifetime PD by FICO,Mortgage,fico_band,Near Prime,Severe,51,0.0031795271026814277,0.1697991348870641,V2,SYNTHETIC_DEMO
LPD_MORTGAGE_FICO_V2,Mortgage lifetime PD by FICO,Mortgage,fico_band,Near Prime,Severe,52,0.003169846426650856,0.17296898131371496,V2,SYNTHETIC_DEMO
LPD_MORTGAGE_FICO_V2,Mortgage lifetime PD by FICO,Mortgage,fico_band,Near Prime,Severe,53,0.003160084450479389,0.1761290657641944,V2,SYNTHETIC_DEMO
LPD_MORTGAGE_FICO_V2,Mortgage lifetime PD by FICO,Mortgage,fico_band,Near Prime,Severe,54,0.0031502467518597873,0.17927931251605422,V2,SYNTHETIC_DEMO
LPD_MORTGAGE_FICO_V2,Mortgage lifetime PD by FICO,Mortgage,fico_band,Near Prime,Severe,55,0.0031403386554198416,0.18241965117147407,V2,SYNTHETIC_DEMO
LPD_MORTGAGE_FICO_V2,Mortgage lifetime PD by FICO,Mortgage,fico_band,Near Prime,Severe,56,0.0031303652437651448,0.18555001641523927,V2,SYNTHETIC_DEMO
LPD_MORTGAGE_FICO_V2,Mortgage lifetime PD by FICO,Mortgage,fico_band,Near Prime,Severe,57,0.0031203313680508017,0.18867034778329006,V2,SYNTHETIC_DEMO
LPD_MORTGAGE_FICO_V2,Mortgage lifetime PD by FICO,Mortgage,fico_band,Near Prime,Severe,58,0.0031102416581019346,0.19178058944139198,V2,SYNTHETIC_DEMO
LPD_MORTGAGE_FICO_V2,Mortgage lifetime PD by FICO,Mortgage,fico_band,Near Prime,Severe,59,0.00310010053210181,0.19488068997349384,V2,SYNTHETIC_DEMO
LPD_MORTGAGE_FICO_V2,Mortgage lifetime PD by FICO,Mortgage,fico_band,Near Prime,Severe,60,0.00308991220586441,0.19797060217935825,V2,SYNTHETIC_DEMO
LPD_MORTGAGE_FICO_V2,Mortgage lifetime PD by FICO,Mortgage,fico_band,Near Prime,Severe,61,0.003079680701709796,0.20105028288106808,V2,SYNTHETIC_DEMO
LPD_MORTGAGE_FICO_V2,Mortgage lifetime PD by FICO,Mortgage,fico_band,Near Prime,Severe,62,0.003069409856957263,0.20411969273802533,V2,SYNTHETIC_DEMO
LPD_MORTGAGE_FICO_V2,Mortgage lifetime PD by FICO,Mortgage,fico_band,Near Prime,Severe,63,0.003059103332053536,0.20717879607007883,V2,SYNTHETIC_DEMO
LPD_MORTGAGE_FICO_V2,Mortgage lifetime PD by FICO,Mortgage,fico_band,Near Prime,Severe,64,0.00304876461835038,0.21022756068842918,V2,SYNTHETIC_DEMO
LPD_MORTGAGE_FICO_V2,Mortgage lifetime PD by FICO,Mortgage,fico_band,Near Prime,Severe,65,0.0030383970455462733,0.2132659577339755,V2,SYNTHETIC_DEMO
LPD_MORTGAGE_FICO_V2,Mortgage lifetime PD by FICO,Mortgage,fico_band,Near Prime,Severe,66,0.003028003788806803,0.21629396152278235,V2,SYNTHETIC_DEMO
LPD_MORTGAGE_FICO_V2,Mortgage lifetime PD by FICO,Mortgage,fico_band,Near Prime,Severe,67,0.0030175878755763197,0.21931154939835862,V2,SYNTHETIC_DEMO
LPD_MORTGAGE_FICO_V2,Mortgage lifetime PD by FICO,Mortgage,fico_band,Near Prime,Severe,68,0.003007152192094836,0.22231870159045342,V2,SYNTHETIC_DEMO
LPD_MORTGAGE_FICO_V2,Mortgage lifetime PD by FICO,Mortgage,fico_band,Near Prime,Severe,69,0.002996699489632122,0.22531540108008552,V2,SYNTHETIC_DEMO
LPD_MORTGAGE_FICO_V2,Mortgage lifetime PD by FICO,Mortgage,fico_band,Near Prime,Severe,70,0.00298623239045084,0.22830163347053634,V2,SYNTHETIC_DEMO
LPD_MORTGAGE_FICO_V2,Mortgage lifetime PD by FICO,Mortgage,fico_band,Near Prime,Severe,71,0.0029757533935101358,0.23127738686404642,V2,SYNTHETIC_DEMO
LPD_MORTGAGE_FICO_V2,Mortgage lifetime PD by FICO,Mortgage,fico_band,Near Prime,Severe,72,0.0029652648799218377,0.2342426517439683,V2,SYNTHETIC_DEMO
LPD_MORTGAGE_FICO_V2,Mortgage lifetime PD by FICO,Mortgage,fico_band,Near Prime,Severe,73,0.0029547691181679996,0.23719742086213635,V2,SYNTHETIC_DEMO
LPD_MORTGAGE_FICO_V2,Mortgage lifetime PD by FICO,Mortgage,fico_band,Near Prime,Severe,74,0.0029442682690910015,0.24014168913122735,V2,SYNTHETIC_DEMO
LPD_MORTGAGE_FICO_V2,Mortgage lifetime PD by FICO,Mortgage,fico_band,Near Prime,Severe,75,0.0029337643906665006,0.24307545352189386,V2,SYNTHETIC_DEMO
LPD_MORTGAGE_FICO_V2,Mortgage lifetime PD by FICO,Mortgage,fico_band,Near Prime,Severe,76,0.0029232594425670456,0.24599871296446085,V2,SYNTHETIC_DEMO
LPD_MORTGAGE_FICO_V2,Mortgage lifetime PD by FICO,Mortgage,fico_band,Near Prime,Severe,77,0.002912755290526354,0.24891146825498722,V2,SYNTHETIC_DEMO
LPD_MORTGAGE_FICO_V2,Mortgage lifetime PD by FICO,Mortgage,fico_band,Near Prime,Severe,78,0.002902253710512877,0.2518137219655001,V2,SYNTHETIC_DEMO
LPD_MORTGAGE_FICO_V2,Mortgage lifetime PD by FICO,Mortgage,fico_band,Near Prime,Severe,79,0.0028917563927202523,0.2547054783582203,V2,SYNTHETIC_DEMO
LPD_MORTGAGE_FICO_V2,Mortgage lifetime PD by FICO,Mortgage,fico_band,Near Prime,Severe,80,0.0028812649453827557,0.2575867433036031,V2,SYNTHETIC_DEMO
LPD_MORTGAGE_FICO_V2,Mortgage lifetime PD by FICO,Mortgage,fico_band,Near Prime,Severe,81,0.00287078089842393,0.26045752420202706,V2,SYNTHETIC_DEMO
LPD_MORTGAGE_FICO_V2,Mortgage lifetime PD by FICO,Mortgage,fico_band,Near Prime,Severe,82,0.002860305706944429,0.26331782990897146,V2,SYNTHETIC_DEMO
LPD_MORTGAGE_FICO_V2,Mortgage lifetime PD by FICO,Mortgage,fico_band,Near Prime,Severe,83,0.002849840754556686,0.2661676706635281,V2,SYNTHETIC_DEMO
LPD_MORTGAGE_FICO_V2,Mortgage lifetime PD by FICO,Mortgage,fico_band,Near Prime,Severe,84,0.002839387356574043,0.26900705802010216,V2,SYNTHETIC_DEMO
LPD_MORTGAGE_FICO_V2,Mortgage lifetime PD by FICO,Mortgage,fico_band,Near Prime,Severe,85,0.0028289467630579373,0.27183600478316006,V2,SYNTHETIC_DEMO
LPD_MORTGAGE_FICO_V2,Mortgage lifetime PD by FICO,Mortgage,fico_band,Near Prime,Severe,86,0.002818520161732484,0.2746545249448925,V2,SYNTHETIC_DEMO
LPD_MORTGAGE_FICO_V2,Mortgage lifetime PD by FICO,Mortgage,fico_band,Near Prime,Severe,87,0.002808108680770103,0.2774626336256626,V2,SYNTHETIC_DEMO
LPD_MORTGAGE_FICO_V2,Mortgage lifetime PD by FICO,Mortgage,fico_band,Near Prime,Severe,88,0.0027977133914542335,0.2802603470171168,V2,SYNTHETIC_DEMO
LPD_MORTGAGE_FICO_V2,Mortgage lifetime PD by FICO,Mortgage,fico_band,Near Prime,Severe,89,0.0027873353107251554,0.28304768232784194,V2,SYNTHETIC_DEMO
LPD_MORTGAGE_FICO_V2,Mortgage lifetime PD by FICO,Mortgage,fico_band,Near Prime,Severe,90,0.002776975403613163,0.28582465773145516,V2,SYNTHETIC_DEMO
LPD_MORTGAGE_FICO_V2,Mortgage lifetime PD by FICO,Mortgage,fico_band,Near Prime,Severe,91,0.0027666345855649603,0.2885912923170201,V2,SYNTHETIC_DEMO
LPD_MORTGAGE_FICO_V2,Mortgage lifetime PD by FICO,Mortgage,fico_band,Near Prime,Severe,92,0.002756313724666256,0.2913476060416863,V2,SYNTHETIC_DEMO
LPD_MORTGAGE_FICO_V2,Mortgage lifetime PD by FICO,Mortgage,fico_band,Near Prime,Severe,93,0.0027460136437675764,0.2940936196854539,V2,SYNTHETIC_DEMO
LPD_MORTGAGE_FICO_V2,Mortgage lifetime PD by FICO,Mortgage,fico_band,Near Prime,Severe,94,0.0027357351225151027,0.296829354807969,V2,SYNTHETIC_DEMO
LPD_MORTGAGE_FICO_V2,Mortgage lifetime PD by FICO,Mortgage,fico_band,Near Prime,Severe,95,0.0027254788992924716,0.29955483370726144,V2,SYNTHETIC_DEMO
LPD_MORTGAGE_FICO_V2,Mortgage lifetime PD by FICO,Mortgage,fico_band,Near Prime,Severe,96,0.0027152456730759698,0.30227007938033745,V2,SYNTHETIC_DEMO
LPD_MORTGAGE_FICO_V2,Mortgage lifetime PD by FICO,Mortgage,fico_band,Near Prime,Severe,97,0.0027050361052083018,0.3049751154855458,V2,SYNTHETIC_DEMO
LPD_MORTGAGE_FICO_V2,Mortgage lifetime PD by FICO,Mortgage,fico_band,Near Prime,Severe,98,0.00269485082109382,0.30766996630663956,V2,SYNTHETIC_DEMO
LPD_MORTGAGE_FICO_V2,Mortgage lifetime PD by FICO,Mortgage,fico_band,Near Prime,Severe,99,0.002684690411818272,0.31035465671845786,V2,SYNTHETIC_DEMO
LPD_MORTGAGE_FICO_V2,Mortgage lifetime PD by FICO,Mortgage,fico_band,Near Prime,Severe,100,0.0026745554356971198,0.313029212154155,V2,SYNTHETIC_DEMO
LPD_MORTGAGE_FICO_V2,Mortgage lifetime PD by FICO,Mortgage,fico_band,Near Prime,Severe,101,0.0026644464197554067,0.3156936585739104,V2,SYNTHETIC_DEMO
LPD_MORTGAGE_FICO_V2,Mortgage lifetime PD by FICO,Mortgage,fico_band,Near Prime,Severe,102,0.0026543638611416036,0.318348022435052,V2,SYNTHETIC_DEMO
LPD_MORTGAGE_FICO_V2,Mortgage lifetime PD by FICO,Mortgage,fico_band,Near Prime,Severe,103,0.002644308228479343,0.3209923306635314,V2,SYNTHETIC_DEMO
LPD_MORTGAGE_FICO_V2,Mortgage lifetime PD by FICO,Mortgage,fico_band,Near Prime,Severe,104,0.0026342799631587296,0.32362661062669007,V2,SYNTHETIC_DEMO
LPD_MORTGAGE_FICO_V2,Mortgage lifetime PD by FICO,Mortgage,fico_band,Near Prime,Severe,105,0.0026242794805706165,0.3262508901072607,V2,SYNTHETIC_DEMO
LPD_MORTGAGE_FICO_V2,Mortgage lifetime PD by FICO,Mortgage,fico_band,Near Prime,Severe,106,0.0026143071712859457,0.3288651972785467,V2,SYNTHETIC_DEMO
LPD_MORTGAGE_FICO_V2,Mortgage lifetime PD by FICO,Mortgage,fico_band,Near Prime,Severe,107,0.002604363402183184,0.33146956068072986,V2,SYNTHETIC_DEMO
LPD_MORTGAGE_FICO_V2,Mortgage lifetime PD by FICO,Mortgage,fico_band,Near Prime,Severe,108,0.0025944485175248707,0.33406400919825474,V2,SYNTHETIC_DEMO
LPD_MORTGAGE_FICO_V2,Mortgage lifetime PD by FICO,Mortgage,fico_band,Near Prime,Severe,109,0.002584562839987453,0.33664857203824217,V2,SYNTHETIC_DEMO
LPD_MORTGAGE_FICO_V2,Mortgage lifetime PD by FICO,Mortgage,fico_band,Near Prime,Severe,110,0.002574706671644223,0.33922327870988644,V2,SYNTHETIC_DEMO
LPD_MORTGAGE_FICO_V2,Mortgage lifetime PD by FICO,Mortgage,fico_band,Near Prime,Severe,111,0.0025648802949054797,0.34178815900479187,V2,SYNTHETIC_DEMO
LPD_MORTGAGE_FICO_V2,Mortgage lifetime PD by FICO,Mortgage,fico_band,Near Prime,Severe,112,0.0025550839734164656,0.3443432429782083,V2,SYNTHETIC_DEMO
LPD_MORTGAGE_FICO_V2,Mortgage lifetime PD by FICO,Mortgage,fico_band,Near Prime,Severe,113,0.002545317952915397,0.34688856093112364,V2,SYNTHETIC_DEMO
LPD_MORTGAGE_FICO_V2,Mortgage lifetime PD by FICO,Mortgage,fico_band,Near Prime,Severe,114,0.0025355824620536616,0.3494241433931773,V2,SYNTHETIC_DEMO
LPD_MORTGAGE_FICO_V2,Mortgage lifetime PD by FICO,Mortgage,fico_band,Near Prime,Severe,115,0.002525877713178903,0.3519500211063562,V2,SYNTHETIC_DEMO
LPD_MORTGAGE_FICO_V2,Mortgage lifetime PD by FICO,Mortgage,fico_band,Near Prime,Severe,116,0.0025162039030839035,0.35446622500944014,V2,SYNTHETIC_DEMO
LPD_MORTGAGE_FICO_V2,Mortgage lifetime PD by FICO,Mortgage,fico_band,Near Prime,Severe,117,0.0025065612137217743,0.35697278622316186,V2,SYNTHETIC_DEMO
LPD_MORTGAGE_FICO_V2,Mortgage lifetime PD by FICO,Mortgage,fico_band,Near Prime,Severe,118,0.002496949812889561,0.3594697360360515,V2,SYNTHETIC_DEMO
LPD_MORTGAGE_FICO_V2,Mortgage lifetime PD by FICO,Mortgage,fico_band,Near Prime,Severe,119,0.0024873698548809127,0.36195710589093244,V2,SYNTHETIC_DEMO
LPD_MORTGAGE_FICO_V2,Mortgage lifetime PD by FICO,Mortgage,fico_band,Near Prime,Severe,120,0.0024778214811103758,0.36443492737204286,V2,SYNTHETIC_DEMO
LPD_MORTGAGE_FICO_V2,Mortgage lifetime PD by FICO,Mortgage,fico_band,Subprime,Severe,1,0.012564261275118782,0.012564261275118782,V2,SYNTHETIC_DEMO
LPD_MORTGAGE_FICO_V2,Mortgage lifetime PD by FICO,Mortgage,fico_band,Subprime,Severe,2,0.012499567086186679,0.025063828361305496,V2,SYNTHETIC_DEMO
LPD_MORTGAGE_FICO_V2,Mortgage lifetime PD by FICO,Mortgage,fico_band,Subprime,Severe,3,0.012429663920175025,0.03749349228148047,V2,SYNTHETIC_DEMO
LPD_MORTGAGE_FICO_V2,Mortgage lifetime PD by FICO,Mortgage,fico_band,Subprime,Severe,4,0.012354917697654878,0.04984840997913531,V2,SYNTHETIC_DEMO
LPD_MORTGAGE_FICO_V2,Mortgage lifetime PD by FICO,Mortgage,fico_band,Subprime,Severe,5,0.012275677535747263,0.06212408751488252,V2,SYNTHETIC_DEMO
LPD_MORTGAGE_FICO_V2,Mortgage lifetime PD by FICO,Mortgage,fico_band,Subprime,Severe,6,0.012192276239681901,0.07431636375456441,V2,SYNTHETIC_DEMO
LPD_MORTGAGE_FICO_V2,Mortgage lifetime PD by FICO,Mortgage,fico_band,Subprime,Severe,7,0.012105030804737365,0.08642139455930176,V2,SYNTHETIC_DEMO
LPD_MORTGAGE_FICO_V2,Mortgage lifetime PD by FICO,Mortgage,fico_band,Subprime,Severe,8,0.012014242925133341,0.09843563748443507,V2,SYNTHETIC_DEMO
LPD_MORTGAGE_FICO_V2,Mortgage lifetime PD by FICO,Mortgage,fico_band,Subprime,Severe,9,0.01192019950682289,0.11035583699125795,V2,SYNTHETIC_DEMO
LPD_MORTGAGE_FICO_V2,Mortgage lifetime PD by FICO,Mortgage,fico_band,Subprime,Severe,10,0.011823173181477695,0.12217901017273569,V2,SYNTHETIC_DEMO
LPD_MORTGAGE_FICO_V2,Mortgage lifetime PD by FICO,Mortgage,fico_band,Subprime,Severe,11,0.011723422819279473,0.1339024329920152,V2,SYNTHETIC_DEMO
LPD_MORTGAGE_FICO_V2,Mortgage lifetime PD by FICO,Mortgage,fico_band,Subprime,Severe,12,0.01162119403842211,0.1455236270304373,V2,SYNTHETIC_DEMO
LPD_MORTGAGE_FICO_V2,Mortgage lifetime PD by FICO,Mortgage,fico_band,Subprime,Severe,13,0.011516719709499263,0.1570403467399366,V2,SYNTHETIC_DEMO
LPD_MORTGAGE_FICO_V2,Mortgage lifetime PD by FICO,Mortgage,fico_band,Subprime,Severe,14,0.011410220453195624,0.16845056719313223,V2,SYNTHETIC_DEMO
LPD_MORTGAGE_FICO_V2,Mortgage lifetime PD by FICO,Mortgage,fico_band,Subprime,Severe,15,0.011301905129923028,0.17975247232305525,V2,SYNTHETIC_DEMO
LPD_MORTGAGE_FICO_V2,Mortgage lifetime PD by FICO,Mortgage,fico_band,Subprime,Severe,16,0.011191971320248663,0.19094444364330387,V2,SYNTHETIC_DEMO
LPD_MORTGAGE_FICO_V2,Mortgage lifetime PD by FICO,Mortgage,fico_band,Subprime,Severe,17,0.011080605795140166,0.20202504943844402,V2,SYNTHETIC_DEMO
LPD_MORTGAGE_FICO_V2,Mortgage lifetime PD by FICO,Mortgage,fico_band,Subprime,Severe,18,0.01096798497522532,0.21299303441366935,V2,SYNTHETIC_DEMO
LPD_MORTGAGE_FICO_V2,Mortgage lifetime PD by FICO,Mortgage,fico_band,Subprime,Severe,19,0.010854275378407986,0.22384730979207734,V2,SYNTHETIC_DEMO
LPD_MORTGAGE_FICO_V2,Mortgage lifetime PD by FICO,Mortgage,fico_band,Subprime,Severe,20,0.010739634055318291,0.23458694384739565,V2,SYNTHETIC_DEMO
LPD_MORTGAGE_FICO_V2,Mortgage lifetime PD by FICO,Mortgage,fico_band,Subprime,Severe,21,0.010624209012196871,0.2452111528595925,V2,SYNTHETIC_DEMO
LPD_MORTGAGE_FICO_V2,Mortgage lifetime PD by FICO,Mortgage,fico_band,Subprime,Severe,22,0.010508139620915817,0.2557192924805083,V2,SYNTHETIC_DEMO
LPD_MORTGAGE_FICO_V2,Mortgage lifetime PD by FICO,Mortgage,fico_band,Subprime,Severe,23,0.010391557015938482,0.2661108494964468,V2,SYNTHETIC_DEMO
LPD_MORTGAGE_FICO_V2,Mortgage lifetime PD by FICO,Mortgage,fico_band,Subprime,Severe,24,0.010274584478101645,0.2763854339745485,V2,SYNTHETIC_DEMO
LPD_MORTGAGE_FICO_V2,Mortgage lifetime PD by FICO,Mortgage,fico_band,Subprime,Severe,25,0.010157337805179656,0.2865427717797282,V2,SYNTHETIC_DEMO
LPD_MORTGAGE_FICO_V2,Mortgage lifetime PD by FICO,Mortgage,fico_band,Subprime,Severe,26,0.010039925669253422,0.2965826974489816,V2,SYNTHETIC_DEMO
LPD_MORTGAGE_FICO_V2,Mortgage lifetime PD by FICO,Mortgage,fico_band,Subprime,Severe,27,0.009922449960966305,0.30650514740994783,V2,SYNTHETIC_DEMO
LPD_MORTGAGE_FICO_V2,Mortgage lifetime PD by FICO,Mortgage,fico_band,Subprime,Severe,28,0.009805006120794811,0.31631015353074265,V2,SYNTHETIC_DEMO
LPD_MORTGAGE_FICO_V2,Mortgage lifetime PD by FICO,Mortgage,fico_band,Subprime,Severe,29,0.009687683457509212,0.3259978369882519,V2,SYNTHETIC_DEMO
LPD_MORTGAGE_FICO_V2,Mortgage lifetime PD by FICO,Mortgage,fico_band,Subprime,Severe,30,0.009570565454029387,0.33556840244228126,V2,SYNTHETIC_DEMO
LPD_MORTGAGE_FICO_V2,Mortgage lifetime PD by FICO,Mortgage,fico_band,Subprime,Severe,31,0.009453730060917959,0.34502213250319924,V2,SYNTHETIC_DEMO
LPD_MORTGAGE_FICO_V2,Mortgage lifetime PD by FICO,Mortgage,fico_band,Subprime,Severe,32,0.009337249977773368,0.35435938248097265,V2,SYNTHETIC_DEMO
LPD_MORTGAGE_FICO_V2,Mortgage lifetime PD by FICO,Mortgage,fico_band,Subprime,Severe,33,0.00922119292280967,0.3635805754037823,V2,SYNTHETIC_DEMO
LPD_MORTGAGE_FICO_V2,Mortgage lifetime PD by FICO,Mortgage,fico_band,Subprime,Severe,34,0.0091056218909255,0.37268619729470776,V2,SYNTHETIC_DEMO
LPD_MORTGAGE_FICO_V2,Mortgage lifetime PD by FICO,Mortgage,fico_band,Subprime,Severe,35,0.008990595400578484,0.3816767926952862,V2,SYNTHETIC_DEMO
LPD_MORTGAGE_FICO_V2,Mortgage lifetime PD by FICO,Mortgage,fico_band,Subprime,Severe,36,0.008876167729792042,0.39055296042507825,V2,SYNTHETIC_DEMO
LPD_MORTGAGE_FICO_V2,Mortgage lifetime PD by FICO,Mortgage,fico_band,Subprime,Severe,37,0.008762389141627332,0.39931534956670556,V2,SYNTHETIC_DEMO
LPD_MORTGAGE_FICO_V2,Mortgage lifetime PD by FICO,Mortgage,fico_band,Subprime,Severe,38,0.008649306099460583,0.40796465566616613,V2,SYNTHETIC_DEMO
LPD_MORTGAGE_FICO_V2,Mortgage lifetime PD by FICO,Mortgage,fico_band,Subprime,Severe,39,0.008536961472405328,0.4165016171385715,V2,SYNTHETIC_DEMO
LPD_MORTGAGE_FICO_V2,Mortgage lifetime PD by FICO,Mortgage,fico_band,Subprime,Severe,40,0.00842539473122368,0.4249270118697952,V2,SYNTHETIC_DEMO
LPD_MORTGAGE_FICO_V2,Mortgage lifetime PD by FICO,Mortgage,fico_band,Subprime,Severe,41,0.00831464213506579,0.43324165400486103,V2,SYNTHETIC_DEMO
LPD_MORTGAGE_FICO_V2,Mortgage lifetime PD by FICO,Mortgage,fico_band,Subprime,Severe,42,0.00820473690937796,0.441446390914239,V2,SYNTHETIC_DEMO
LPD_MORTGAGE_FICO_V2,Mortgage lifetime PD by FICO,Mortgage,fico_band,Subprime,Severe,43,0.008095709415312683,0.44954210032955166,V2,SYNTHETIC_DEMO
LPD_MORTGAGE_FICO_V2,Mortgage lifetime PD by FICO,Mortgage,fico_band,Subprime,Severe,44,0.00798758731097247,0.45752968764052415,V2,SYNTHETIC_DEMO
LPD_MORTGAGE_FICO_V2,Mortgage lifetime PD by FICO,Mortgage,fico_band,Subprime,Severe,45,0.007880395704810896,0.46541008334533507,V2,SYNTHETIC_DEMO
LPD_MORTGAGE_FICO_V2,Mortgage lifetime PD by FICO,Mortgage,fico_band,Subprime,Severe,46,0.007774157301508912,0.47318424064684395,V2,SYNTHETIC_DEMO
LPD_MORTGAGE_FICO_V2,Mortgage lifetime PD by FICO,Mortgage,fico_band,Subprime,Severe,47,0.0076688925406384134,0.48085313318748235,V2,SYNTHETIC_DEMO
LPD_MORTGAGE_FICO_V2,Mortgage lifetime PD by FICO,Mortgage,fico_band,Subprime,Severe,48,0.007564619728415114,0.4884177529158975,V2,SYNTHETIC_DEMO
LPD_MORTGAGE_FICO_V2,Mortgage lifetime PD by FICO,Mortgage,fico_band,Subprime,Severe,49,0.007461355162837165,0.4958791080787347,V2,SYNTHETIC_DEMO
LPD_MORTGAGE_FICO_V2,Mortgage lifetime PD by FICO,Mortgage,fico_band,Subprime,Severe,50,0.0073591132524954035,0.5032382213312301,V2,SYNTHETIC_DEMO
LPD_MORTGAGE_FICO_V2,Mortgage lifetime PD by FICO,Mortgage,fico_band,Subprime,Severe,51,0.007257906629335123,0.5104961279605652,V2,SYNTHETIC_DEMO
LPD_MORTGAGE_FICO_V2,Mortgage lifetime PD by FICO,Mortgage,fico_band,Subprime,Severe,52,0.007157746255637166,0.5176538742162023,V2,SYNTHETIC_DEMO
LPD_MORTGAGE_FICO_V2,Mortgage lifetime PD by FICO,Mortgage,fico_band,Subprime,Severe,53,0.0070586415254807215,0.5247125157416831,V2,SYNTHETIC_DEMO
LPD_MORTGAGE_FICO_V2,Mortgage lifetime PD by FICO,Mortgage,fico_band,Subprime,Severe,54,0.006960600360938657,0.5316731161026218,V2,SYNTHETIC_DEMO
LPD_MORTGAGE_FICO_V2,Mortgage lifetime PD by FICO,Mortgage,fico_band,Subprime,Severe,55,0.006863629303249302,0.538536745405871,V2,SYNTHETIC_DEMO
LPD_MORTGAGE_FICO_V2,Mortgage lifetime PD by FICO,Mortgage,fico_band,Subprime,Severe,56,0.0067677335991975125,0.5453044790050685,V2,SYNTHETIC_DEMO
LPD_MORTGAGE_FICO_V2,Mortgage lifetime PD by FICO,Mortgage,fico_band,Subprime,Severe,57,0.006672917282931836,0.5519773962880004,V2,SYNTHETIC_DEMO
LPD_MORTGAGE_FICO_V2,Mortgage lifetime PD by FICO,Mortgage,fico_band,Subprime,Severe,58,0.006579183253433345,0.5585565795414338,V2,SYNTHETIC_DEMO
LPD_MORTGAGE_FICO_V2,Mortgage lifetime PD by FICO,Mortgage,fico_band,Subprime,Severe,59,0.006486533347844888,0.5650431128892786,V2,SYNTHETIC_DEMO
LPD_MORTGAGE_FICO_V2,Mortgage lifetime PD by FICO,Mortgage,fico_band,Subprime,Severe,60,0.0063949684108602165,0.5714380813001388,V2,SYNTHETIC_DEMO
LPD_MORTGAGE_FICO_V2,Mortgage lifetime PD by FICO,Mortgage,fico_band,Subprime,Severe,61,0.00630448836036493,0.5777425696605039,V2,SYNTHETIC_DEMO
LPD_MORTGAGE_FICO_V2,Mortgage lifetime PD by FICO,Mortgage,fico_band,Subprime,Severe,62,0.0062150922495126165,0.5839576619100164,V2,SYNTHETIC_DEMO
LPD_MORTGAGE_FICO_V2,Mortgage lifetime PD by FICO,Mortgage,fico_band,Subprime,Severe,63,0.00612677832541189,0.5900844402354283,V2,SYNTHETIC_DEMO
LPD_MORTGAGE_FICO_V2,Mortgage lifetime PD by FICO,Mortgage,fico_band,Subprime,Severe,64,0.0060395440845931415,0.5961239843200214,V2,SYNTHETIC_DEMO
LPD_MORTGAGE_FICO_V2,Mortgage lifetime PD by FICO,Mortgage,fico_band,Subprime,Severe,65,0.005953386325415094,0.6020773706454365,V2,SYNTHETIC_DEMO
LPD_MORTGAGE_FICO_V2,Mortgage lifetime PD by FICO,Mortgage,fico_band,Subprime,Severe,66,0.005868301197565689,0.6079456718430022,V2,SYNTHETIC_DEMO
LPD_MORTGAGE_FICO_V2,Mortgage lifetime PD by FICO,Mortgage,fico_band,Subprime,Severe,67,0.005784284248803607,0.6137299560918058,V2,SYNTHETIC_DEMO
LPD_MORTGAGE_FICO_V2,Mortgage lifetime PD by FICO,Mortgage,fico_band,Subprime,Severe,68,0.005701330469081305,0.6194312865608871,V2,SYNTHETIC_DEMO
LPD_MORTGAGE_FICO_V2,Mortgage lifetime PD by FICO,Mortgage,fico_band,Subprime,Severe,69,0.005619434332182642,0.6250507208930698,V2,SYNTHETIC_DEMO
LPD_MORTGAGE_FICO_V2,Mortgage lifetime PD by FICO,Mortgage,fico_band,Subprime,Severe,70,0.005538589835003017,0.6305893107280727,V2,SYNTHETIC_DEMO
LPD_MORTGAGE_FICO_V2,Mortgage lifetime PD by FICO,Mortgage,fico_band,Subprime,Severe,71,0.005458790534594175,0.6360481012626669,V2,SYNTHETIC_DEMO
LPD_MORTGAGE_FICO_V2,Mortgage lifetime PD by FICO,Mortgage,fico_band,Subprime,Severe,72,0.005380029583088471,0.6414281308457555,V2,SYNTHETIC_DEMO
LPD_MORTGAGE_FICO_V2,Mortgage lifetime PD by FICO,Mortgage,fico_band,Subprime,Severe,73,0.005302299760614375,0.6467304306063697,V2,SYNTHETIC_DEMO
LPD_MORTGAGE_FICO_V2,Mortgage lifetime PD by FICO,Mortgage,fico_band,Subprime,Severe,74,0.005225593506306876,0.6519560241126766,V2,SYNTHETIC_DEMO
LPD_MORTGAGE_FICO_V2,Mortgage lifetime PD by FICO,Mortgage,fico_band,Subprime,Severe,75,0.00514990294751411,0.6571059270601907,V2,SYNTHETIC_DEMO
LPD_MORTGAGE_FICO_V2,Mortgage lifetime PD by FICO,Mortgage,fico_band,Subprime,Severe,76,0.005075219927294642,0.6621811469874854,V2,SYNTHETIC_DEMO
LPD_MORTGAGE_FICO_V2,Mortgage lifetime PD by FICO,Mortgage,fico_band,Subprime,Severe,77,0.005001536030296035,0.6671826830177814,V2,SYNTHETIC_DEMO
LPD_MORTGAGE_FICO_V2,Mortgage lifetime PD by FICO,Mortgage,fico_band,Subprime,Severe,78,0.004928842607101072,0.6721115256248824,V2,SYNTHETIC_DEMO
LPD_MORTGAGE_FICO_V2,Mortgage lifetime PD by FICO,Mortgage,fico_band,Subprime,Severe,79,0.004857130797122878,0.6769686564220053,V2,SYNTHETIC_DEMO
LPD_MORTGAGE_FICO_V2,Mortgage lifetime PD by FICO,Mortgage,fico_band,Subprime,Severe,80,0.004786391550127389,0.6817550479721327,V2,SYNTHETIC_DEMO
LPD_MORTGAGE_FICO_V2,Mortgage lifetime PD by FICO,Mortgage,fico_band,Subprime,Severe,81,0.004716615646456335,0.686471663618589,V2,SYNTHETIC_DEMO
LPD_MORTGAGE_FICO_V2,Mortgage lifetime PD by FICO,Mortgage,fico_band,Subprime,Severe,82,0.004647793716021017,0.69111945733461,V2,SYNTHETIC_DEMO
LPD_MORTGAGE_FICO_V2,Mortgage lifetime PD by FICO,Mortgage,fico_band,Subprime,Severe,83,0.004579916256133945,0.695699373590744,V2,SYNTHETIC_DEMO
LPD_MORTGAGE_FICO_V2,Mortgage lifetime PD by FICO,Mortgage,fico_band,Subprime,Severe,84,0.004512973648240703,0.7002123472389847,V2,SYNTHETIC_DEMO
LPD_MORTGAGE_FICO_V2,Mortgage lifetime PD by FICO,Mortgage,fico_band,Subprime,Severe,85,0.0044469561736126435,0.7046593034125974,V2,SYNTHETIC_DEMO
LPD_MORTGAGE_FICO_V2,Mortgage lifetime PD by FICO,Mortgage,fico_band,Subprime,Severe,86,0.004381854028056836,0.7090411574406542,V2,SYNTHETIC_DEMO
LPD_MORTGAGE_FICO_V2,Mortgage lifetime PD by FICO,Mortgage,fico_band,Subprime,Severe,87,0.004317657335697692,0.7133588147763519,V2,SYNTHETIC_DEMO
LPD_MORTGAGE_FICO_V2,Mortgage lifetime PD by FICO,Mortgage,fico_band,Subprime,Severe,88,0.0042543561618809365,0.7176131709382327,V2,SYNTHETIC_DEMO
LPD_MORTGAGE_FICO_V2,Mortgage lifetime PD by FICO,Mortgage,fico_band,Subprime,Severe,89,0.004191940525248728,0.7218051114634816,V2,SYNTHETIC_DEMO
LPD_MORTGAGE_FICO_V2,Mortgage lifetime PD by FICO,Mortgage,fico_band,Subprime,Severe,90,0.004130400409031824,0.7259355118725134,V2,SYNTHETIC_DEMO
LPD_MORTGAGE_FICO_V2,Mortgage lifetime PD by FICO,Mortgage,fico_band,Subprime,Severe,91,0.00406972577160258,0.730005237644116,V2,SYNTHETIC_DEMO
LPD_MORTGAGE_FICO_V2,Mortgage lifetime PD by FICO,Mortgage,fico_band,Subprime,Severe,92,0.0040099065563294015,0.7340151442004453,V2,SYNTHETIC_DEMO
LPD_MORTGAGE_FICO_V2,Mortgage lifetime PD by FICO,Mortgage,fico_band,Subprime,Severe,93,0.0039509327007727826,0.7379660769012182,V2,SYNTHETIC_DEMO
LPD_MORTGAGE_FICO_V2,Mortgage lifetime PD by FICO,Mortgage,fico_band,Subprime,Severe,94,0.003892794145259042,0.7418588710464772,V2,SYNTHETIC_DEMO
LPD_MORTGAGE_FICO_V2,Mortgage lifetime PD by FICO,Mortgage,fico_band,Subprime,Severe,95,0.0038354808408674573,0.7456943518873447,V2,SYNTHETIC_DEMO
LPD_MORTGAGE_FICO_V2,Mortgage lifetime PD by FICO,Mortgage,fico_band,Subprime,Severe,96,0.003778982756863722,0.7494733346442084,V2,SYNTHETIC_DEMO
LPD_MORTGAGE_FICO_V2,Mortgage lifetime PD by FICO,Mortgage,fico_band,Subprime,Severe,97,0.0037232898876113237,0.7531966245318197,V2,SYNTHETIC_DEMO
LPD_MORTGAGE_FICO_V2,Mortgage lifetime PD by FICO,Mortgage,fico_band,Subprime,Severe,98,0.0036683922589906526,0.7568650167908103,V2,SYNTHETIC_DEMO
LPD_MORTGAGE_FICO_V2,Mortgage lifetime PD by FICO,Mortgage,fico_band,Subprime,Severe,99,0.003614279934353757,0.7604792967251641,V2,SYNTHETIC_DEMO
LPD_MORTGAGE_FICO_V2,Mortgage lifetime PD by FICO,Mortgage,fico_band,Subprime,Severe,100,0.0035609430200419304,0.764040239745206,V2,SYNTHETIC_DEMO
LPD_MORTGAGE_FICO_V2,Mortgage lifetime PD by FICO,Mortgage,fico_band,Subprime,Severe,101,0.0035083716704906987,0.7675486114156967,V2,SYNTHETIC_DEMO
LPD_MORTGAGE_FICO_V2,Mortgage lifetime PD by FICO,Mortgage,fico_band,Subprime,Severe,102,0.00345655609294685,0.7710051675086436,V2,SYNTHETIC_DEMO
LPD_MORTGAGE_FICO_V2,Mortgage lifetime PD by FICO,Mortgage,fico_band,Subprime,Severe,103,0.003405486551819325,0.7744106540604629,V2,SYNTHETIC_DEMO
LPD_MORTGAGE_FICO_V2,Mortgage lifetime PD by FICO,Mortgage,fico_band,Subprime,Severe,104,0.0033551533726860236,0.7777658074331489,V2,SYNTHETIC_DEMO
LPD_MORTGAGE_FICO_V2,Mortgage lifetime PD by FICO,Mortgage,fico_band,Subprime,Severe,105,0.0033055469459760795,0.781071354379125,V2,SYNTHETIC_DEMO
LPD_MORTGAGE_FICO_V2,Mortgage lifetime PD by FICO,Mortgage,fico_band,Subprime,Severe,106,0.0032566577303474206,0.7843280121094724,V2,SYNTHETIC_DEMO
LPD_MORTGAGE_FICO_V2,Mortgage lifetime PD by FICO,Mortgage,fico_band,Subprime,Severe,107,0.0032084762557768945,0.7875364883652493,V2,SYNTHETIC_DEMO
LPD_MORTGAGE_FICO_V2,Mortgage lifetime PD by FICO,Mortgage,fico_band,Subprime,Severe,108,0.003160993126380762,0.7906974814916301,V2,SYNTHETIC_DEMO
LPD_MORTGAGE_FICO_V2,Mortgage lifetime PD by FICO,Mortgage,fico_band,Subprime,Severe,109,0.0031141990229810613,0.7938116805146112,V2,SYNTHETIC_DEMO
LPD_MORTGAGE_FICO_V2,Mortgage lifetime PD by FICO,Mortgage,fico_band,Subprime,Severe,110,0.0030680847054336624,0.7968797652200448,V2,SYNTHETIC_DEMO
LPD_MORTGAGE_FICO_V2,Mortgage lifetime PD by FICO,Mortgage,fico_band,Subprime,Severe,111,0.0030226410147319274,0.7999024062347767,V2,SYNTHETIC_DEMO
LPD_MORTGAGE_FICO_V2,Mortgage lifetime PD by FICO,Mortgage,fico_band,Subprime,Severe,112,0.0029778588748999384,0.8028802651096767,V2,SYNTHETIC_DEMO
LPD_MORTGAGE_FICO_V2,Mortgage lifetime PD by FICO,Mortgage,fico_band,Subprime,Severe,113,0.002933729294687958,0.8058139944043646,V2,SYNTHETIC_DEMO
LPD_MORTGAGE_FICO_V2,Mortgage lifetime PD by FICO,Mortgage,fico_band,Subprime,Severe,114,0.0028902433690823803,0.808704237773447,V2,SYNTHETIC_DEMO
LPD_MORTGAGE_FICO_V2,Mortgage lifetime PD by FICO,Mortgage,fico_band,Subprime,Severe,115,0.0028473922806415875,0.8115516300540886,V2,SYNTHETIC_DEMO
LPD_MORTGAGE_FICO_V2,Mortgage lifetime PD by FICO,Mortgage,fico_band,Subprime,Severe,116,0.0028051673006684536,0.8143567973547571,V2,SYNTHETIC_DEMO
LPD_MORTGAGE_FICO_V2,Mortgage lifetime PD by FICO,Mortgage,fico_band,Subprime,Severe,117,0.002763559790230069,0.8171203571449871,V2,SYNTHETIC_DEMO
LPD_MORTGAGE_FICO_V2,Mortgage lifetime PD by FICO,Mortgage,fico_band,Subprime,Severe,118,0.002722561201033787,0.819842918346021,V2,SYNTHETIC_DEMO
LPD_MORTGAGE_FICO_V2,Mortgage lifetime PD by FICO,Mortgage,fico_band,Subprime,Severe,119,0.0026821630761693326,0.8225250814221903,V2,SYNTHETIC_DEMO
LPD_MORTGAGE_FICO_V2,Mortgage lifetime PD by FICO,Mortgage,fico_band,Subprime,Severe,120,0.0026423570507250345,0.8251674384729153,V2,SYNTHETIC_DEMO
LPD_CRE_MOODYS_V2,CRE lifetime PD by Moody's,Commercial Real Estate,moodys_band,Aaa-A,Baseline,1,0.00033640368941822985,0.00033640368941822985,V2,SYNTHETIC_DEMO
LPD_CRE_MOODYS_V2,CRE lifetime PD by Moody's,Commercial Real Estate,moodys_band,Aaa-A,Baseline,2,0.0003386471708514831,0.0006750508602697547,V2,SYNTHETIC_DEMO
LPD_CRE_MOODYS_V2,CRE lifetime PD by Moody's,Commercial Real Estate,moodys_band,Aaa-A,Baseline,3,0.00034079221477146876,0.0010158430750412117,V2,SYNTHETIC_DEMO
LPD_CRE_MOODYS_V2,CRE lifetime PD by Moody's,Commercial Real Estate,moodys_band,Aaa-A,Baseline,4,0.0003428428528274894,0.001358685927868697,V2,SYNTHETIC_DEMO
LPD_CRE_MOODYS_V2,CRE lifetime PD by Moody's,Commercial Real Estate,moodys_band,Aaa-A,Baseline,5,0.0003448029526420546,0.0017034888805107506,V2,SYNTHETIC_DEMO
LPD_CRE_MOODYS_V2,CRE lifetime PD by Moody's,Commercial Real Estate,moodys_band,Aaa-A,Baseline,6,0.00034667622440449095,0.0020501651049152914,V2,SYNTHETIC_DEMO
LPD_CRE_MOODYS_V2,CRE lifetime PD by Moody's,Commercial Real Estate,moodys_band,Aaa-A,Baseline,7,0.0003484662272059077,0.0023986313321211483,V2,SYNTHETIC_DEMO
LPD_CRE_MOODYS_V2,CRE lifetime PD by Moody's,Commercial Real Estate,moodys_band,Aaa-A,Baseline,8,0.0003501763751242741,0.002748807707245393,V2,SYNTHETIC_DEMO
LPD_CRE_MOODYS_V2,CRE lifetime PD by Moody's,Commercial Real Estate,moodys_band,Aaa-A,Baseline,9,0.0003518099430714561,0.0031006176503168836,V2,SYNTHETIC_DEMO
LPD_CRE_MOODYS_V2,CRE lifetime PD by Moody's,Commercial Real Estate,moodys_band,Aaa-A,Baseline,10,0.000353370072407725,0.0034539877227246496,V2,SYNTHETIC_DEMO
LPD_CRE_MOODYS_V2,CRE lifetime PD by Moody's,Commercial Real Estate,moodys_band,Aaa-A,Baseline,11,0.0003548597763360881,0.0038088474990607413,V2,SYNTHETIC_DEMO
LPD_CRE_MOODYS_V2,CRE lifetime PD by Moody's,Commercial Real Estate,moodys_band,Aaa-A,Baseline,12,0.0003562819450816707,0.004165129444142379,V2,SYNTHETIC_DEMO
LPD_CRE_MOODYS_V2,CRE lifetime PD by Moody's,Commercial Real Estate,moodys_band,Aaa-A,Baseline,13,0.00035763935086642503,0.004522768795008791,V2,SYNTHETIC_DEMO
LPD_CRE_MOODYS_V2,CRE lifetime PD by Moody's,Commercial Real Estate,moodys_band,Aaa-A,Baseline,14,0.00035893465268618276,0.004881703447695007,V2,SYNTHETIC_DEMO
LPD_CRE_MOODYS_V2,CRE lifetime PD by Moody's,Commercial Real Estate,moodys_band,Aaa-A,Baseline,15,0.000360170400897124,0.0052418738485920935,V2,SYNTHETIC_DEMO
LPD_CRE_MOODYS_V2,CRE lifetime PD by Moody's,Commercial Real Estate,moodys_band,Aaa-A,Baseline,16,0.00036134904161988805,0.0056032228902119785,V2,SYNTHETIC_DEMO
LPD_CRE_MOODYS_V2,CRE lifetime PD by Moody's,Commercial Real Estate,moodys_band,Aaa-A,Baseline,17,0.0003624729209679383,0.005965695811179894,V2,SYNTHETIC_DEMO
LPD_CRE_MOODYS_V2,CRE lifetime PD by Moody's,Commercial Real Estate,moodys_band,Aaa-A,Baseline,18,0.00036354428910694356,0.006329240100286793,V2,SYNTHETIC_DEMO
LPD_CRE_MOODYS_V2,CRE lifetime PD by Moody's,Commercial Real Estate,moodys_band,Aaa-A,Baseline,19,0.0003645653041517504,0.006693805404438535,V2,SYNTHETIC_DEMO
LPD_CRE_MOODYS_V2,CRE lifetime PD by Moody's,Commercial Real Estate,moodys_band,Aaa-A,Baseline,20,0.0003655380359066737,0.0070593434403452004,V2,SYNTHETIC_DEMO
LPD_CRE_MOODYS_V2,CRE lifetime PD by Moody's,Commercial Real Estate,moodys_band,Aaa-A,Baseline,21,0.0003664644694573931,0.007425807909802629,V2,SYNTHETIC_DEMO
LPD_CRE_MOODYS_V2,CRE lifetime PD by Moody's,Commercial Real Estate,moodys_band,Aaa-A,Baseline,22,0.00036734650861637265,0.0077931544184189905,V2,SYNTHETIC_DEMO
LPD_CRE_MOODYS_V2,CRE lifetime PD by Moody's,Commercial Real Estate,moodys_band,Aaa-A,Baseline,23,0.00036818597923179405,0.008161340397650818,V2,SYNTHETIC_DEMO
LPD_CRE_MOODYS_V2,CRE lifetime PD by Moody's,Commercial Real Estate,moodys_band,Aaa-A,Baseline,24,0.000368984632362402,0.008530325030013275,V2,SYNTHETIC_DEMO
LPD_CRE_MOODYS_V2,CRE lifetime PD by Moody's,Commercial Real Estate,moodys_band,Aaa-A,Baseline,25,0.00036974414732431944,0.008900069177337544,V2,SYNTHETIC_DEMO
LPD_CRE_MOODYS_V2,CRE lifetime PD by Moody's,Commercial Real Estate,moodys_band,Aaa-A,Baseline,26,0.0003704661346159017,0.009270535311953432,V2,SYNTHETIC_DEMO
LPD_CRE_MOODYS_V2,CRE lifetime PD by Moody's,Commercial Real Estate,moodys_band,Aaa-A,Baseline,27,0.0003711521387232974,0.009641687450676728,V2,SYNTHETIC_DEMO
LPD_CRE_MOODYS_V2,CRE lifetime PD by Moody's,Commercial Real Estate,moodys_band,Aaa-A,Baseline,28,0.0003718036408143521,0.010013491091491078,V2,SYNTHETIC_DEMO
LPD_CRE_MOODYS_V2,CRE lifetime PD by Moody's,Commercial Real Estate,moodys_band,Aaa-A,Baseline,29,0.0003724220613220023,0.01038591315281312,V2,SYNTHETIC_DEMO
LPD_CRE_MOODYS_V2,CRE lifetime PD by Moody's,Commercial Real Estate,moodys_band,Aaa-A,Baseline,30,0.0003730087624243725,0.01075892191523753,V2,SYNTHETIC_DEMO
LPD_CRE_MOODYS_V2,CRE lifetime PD by Moody's,Commercial Real Estate,moodys_band,Aaa-A,Baseline,31,0.00037356505042351017,0.011132486965661048,V2,SYNTHETIC_DEMO
LPD_CRE_MOODYS_V2,CRE lifetime PD by Moody's,Commercial Real Estate,moodys_band,Aaa-A,Baseline,32,0.000374092178028881,0.01150657914368991,V2,SYNTHETIC_DEMO
LPD_CRE_MOODYS_V2,CRE lifetime PD by Moody's,Commercial Real Estate,moodys_band,Aaa-A,Baseline,33,0.00037459134654735187,0.011881170490237292,V2,SYNTHETIC_DEMO
LPD_CRE_MOODYS_V2,CRE lifetime PD by Moody's,Commercial Real Estate,moodys_band,Aaa-A,Baseline,34,0.0003750637079846929,0.012256234198221971,V2,SYNTHETIC_DEMO
LPD_CRE_MOODYS_V2,CRE lifetime PD by Moody's,Commercial Real Estate,moodys_band,Aaa-A,Baseline,35,0.0003755103670618722,0.01263174456528382,V2,SYNTHETIC_DEMO
LPD_CRE_MOODYS_V2,CRE lifetime PD by Moody's,Commercial Real Estate,moodys_band,Aaa-A,Baseline,36,0.00037593238314909046,0.013007676948432856,V2,SYNTHETIC_DEMO
LPD_CRE_MOODYS_V2,CRE lifetime PD by Moody's,Commercial Real Estate,moodys_band,Aaa-A,Baseline,37,0.0003763307721220426,0.013384007720554925,V2,SYNTHETIC_DEMO
LPD_CRE_MOODYS_V2,CRE lifetime PD by Moody's,Commercial Real Estate,moodys_band,Aaa-A,Baseline,38,0.00037670650814148915,0.013760714228696402,V2,SYNTHETIC_DEMO
LPD_CRE_MOODYS_V2,CRE lifetime PD by Moody's,Commercial Real Estate,moodys_band,Aaa-A,Baseline,39,0.00037706052536161394,0.014137774754057975,V2,SYNTHETIC_DEMO
LPD_CRE_MOODYS_V2,CRE lifetime PD by Moody's,Commercial Real Estate,moodys_band,Aaa-A,Baseline,40,0.00037739371956803245,0.014515168473625994,V2,SYNTHETIC_DEMO
LPD_CRE_MOODYS_V2,CRE lifetime PD by Moody's,Commercial Real Estate,moodys_band,Aaa-A,Baseline,41,0.00037770694974939025,0.014892875423375362,V2,SYNTHETIC_DEMO
LPD_CRE_MOODYS_V2,CRE lifetime PD by Moody's,Commercial Real Estate,moodys_band,Aaa-A,Baseline,42,0.00037800103960527917,0.015270876462980643,V2,SYNTHETIC_DEMO
LPD_CRE_MOODYS_V2,CRE lifetime PD by Moody's,Commercial Real Estate,moodys_band,Aaa-A,Baseline,43,0.00037827677899177905,0.01564915324197247,V2,SYNTHETIC_DEMO
LPD_CRE_MOODYS_V2,CRE lifetime PD by Moody's,Commercial Real Estate,moodys_band,Aaa-A,Baseline,44,0.00037853492530910275,0.016027688167281617,V2,SYNTHETIC_DEMO
LPD_CRE_MOODYS_V2,CRE lifetime PD by Moody's,Commercial Real Estate,moodys_band,Aaa-A,Baseline,45,0.0003787762048319913,0.01640646437211357,V2,SYNTHETIC_DEMO
LPD_CRE_MOODYS_V2,CRE lifetime PD by Moody's,Commercial Real Estate,moodys_band,Aaa-A,Baseline,46,0.00037900131398580243,0.0167854656860994,V2,SYNTHETIC_DEMO
LPD_CRE_MOODYS_V2,CRE lifetime PD by Moody's,Commercial Real Estate,moodys_band,Aaa-A,Baseline,47,0.0003792109205710135,0.017164676606670426,V2,SYNTHETIC_DEMO
LPD_CRE_MOODYS_V2,CRE lifetime PD by Moody's,Commercial Real Estate,moodys_band,Aaa-A,Baseline,48,0.0003794056649368919,0.01754408227160731,V2,SYNTHETIC_DEMO
LPD_CRE_MOODYS_V2,CRE lifetime PD by Moody's,Commercial Real Estate,moodys_band,Aaa-A,Baseline,49,0.0003795861611081403,0.017923668432715423,V2,SYNTHETIC_DEMO
LPD_CRE_MOODYS_V2,CRE lifetime PD by Moody's,Commercial Real Estate,moodys_band,Aaa-A,Baseline,50,0.0003797529978649391,0.01830342143058039,V2,SYNTHETIC_DEMO
LPD_CRE_MOODYS_V2,CRE lifetime PD by Moody's,Commercial Real Estate,moodys_band,Aaa-A,Baseline,51,0.0003799067397787685,0.018683328170359115,V2,SYNTHETIC_DEMO
LPD_CRE_MOODYS_V2,CRE lifetime PD by Moody's,Commercial Real Estate,moodys_band,Aaa-A,Baseline,52,0.000380047928206066,0.019063376098565232,V2,SYNTHETIC_DEMO
LPD_CRE_MOODYS_V2,CRE lifetime PD by Moody's,Commercial Real Estate,moodys_band,Aaa-A,Baseline,53,0.0003801770822415485,0.019443553180806816,V2,SYNTHETIC_DEMO
LPD_CRE_MOODYS_V2,CRE lifetime PD by Moody's,Commercial Real Estate,moodys_band,Aaa-A,Baseline,54,0.00038029469963172434,0.01982384788043856,V2,SYNTHETIC_DEMO
LPD_CRE_MOODYS_V2,CRE lifetime PD by Moody's,Commercial Real Estate,moodys_band,Aaa-A,Baseline,55,0.00038040125765183714,0.02020424913809038,V2,SYNTHETIC_DEMO
LPD_CRE_MOODYS_V2,CRE lifetime PD by Moody's,Commercial Real Estate,moodys_band,Aaa-A,Baseline,56,0.0003804972139464325,0.020584746352036776,V2,SYNTHETIC_DEMO
LPD_CRE_MOODYS_V2,CRE lifetime PD by Moody's,Commercial Real Estate,moodys_band,Aaa-A,Baseline,57,0.0003805830073354787,0.02096532935937223,V2,SYNTHETIC_DEMO
LPD_CRE_MOODYS_V2,CRE lifetime PD by Moody's,Commercial Real Estate,moodys_band,Aaa-A,Baseline,58,0.0003806590585878599,0.021345988417960093,V2,SYNTHETIC_DEMO
LPD_CRE_MOODYS_V2,CRE lifetime PD by Moody's,Commercial Real Estate,moodys_band,Aaa-A,Baseline,59,0.0003807257711628605,0.021726714189122975,V2,SYNTHETIC_DEMO
LPD_CRE_MOODYS_V2,CRE lifetime PD by Moody's,Commercial Real Estate,moodys_band,Aaa-A,Baseline,60,0.0003807835319213466,0.022107497721044367,V2,SYNTHETIC_DEMO
LPD_CRE_MOODYS_V2,CRE lifetime PD by Moody's,Commercial Real Estate,moodys_band,Aaa-A,Baseline,61,0.00038083271180747554,0.02248833043285181,V2,SYNTHETIC_DEMO
LPD_CRE_MOODYS_V2,CRE lifetime PD by Moody's,Commercial Real Estate,moodys_band,Aaa-A,Baseline,62,0.0003808736665035026,0.022869204099355334,V2,SYNTHETIC_DEMO
LPD_CRE_MOODYS_V2,CRE lifetime PD by Moody's,Commercial Real Estate,moodys_band,Aaa-A,Baseline,63,0.0003809067370561211,0.023250110836411486,V2,SYNTHETIC_DEMO
LPD_CRE_MOODYS_V2,CRE lifetime PD by Moody's,Commercial Real Estate,moodys_band,Aaa-A,Baseline,64,0.0003809322504787462,0.023631043086890235,V2,SYNTHETIC_DEMO
LPD_CRE_MOODYS_V2,CRE lifetime PD by Moody's,Commercial Real Estate,moodys_band,Aaa-A,Baseline,65,0.0003809505203278495,0.024011993607218063,V2,SYNTHETIC_DEMO
LPD_CRE_MOODYS_V2,CRE lifetime PD by Moody's,Commercial Real Estate,moodys_band,Aaa-A,Baseline,66,0.00038096184725644423,0.024392955454474508,V2,SYNTHETIC_DEMO
LPD_CRE_MOODYS_V2,CRE lifetime PD by Moody's,Commercial Real Estate,moodys_band,Aaa-A,Baseline,67,0.00038096651954445417,0.024773921974018953,V2,SYNTHETIC_DEMO
LPD_CRE_MOODYS_V2,CRE lifetime PD by Moody's,Commercial Real Estate,moodys_band,Aaa-A,Baseline,68,0.00038096481360754106,0.02515488678762645,V2,SYNTHETIC_DEMO
LPD_CRE_MOODYS_V2,CRE lifetime PD by Moody's,Commercial Real Estate,moodys_band,Aaa-A,Baseline,69,0.00038095699448477085,0.025535843782111267,V2,SYNTHETIC_DEMO
LPD_CRE_MOODYS_V2,CRE lifetime PD by Moody's,Commercial Real Estate,moodys_band,Aaa-A,Baseline,70,0.00038094331630636366,0.025916787098417604,V2,SYNTHETIC_DEMO
LPD_CRE_MOODYS_V2,CRE lifetime PD by Moody's,Commercial Real Estate,moodys_band,Aaa-A,Baseline,71,0.0003809240227427697,0.026297711121160416,V2,SYNTHETIC_DEMO
LPD_CRE_MOODYS_V2,CRE lifetime PD by Moody's,Commercial Real Estate,moodys_band,Aaa-A,Baseline,72,0.000380899347434146,0.026678610468594544,V2,SYNTHETIC_DEMO
LPD_CRE_MOODYS_V2,CRE lifetime PD by Moody's,Commercial Real Estate,moodys_band,Aaa-A,Baseline,73,0.00038086951440352996,0.02705947998299807,V2,SYNTHETIC_DEMO
LPD_CRE_MOODYS_V2,CRE lifetime PD by Moody's,Commercial Real Estate,moodys_band,Aaa-A,Baseline,74,0.00038083473845191467,0.027440314721450032,V2,SYNTHETIC_DEMO
LPD_CRE_MOODYS_V2,CRE lifetime PD by Moody's,Commercial Real Estate,moodys_band,Aaa-A,Baseline,75,0.0003807952255380832,0.027821109946988165,V2,SYNTHETIC_DEMO
LPD_CRE_MOODYS_V2,CRE lifetime PD by Moody's,Commercial Real Estate,moodys_band,Aaa-A,Baseline,76,0.0003807511731418397,0.028201861120130012,V2,SYNTHETIC_DEMO
LPD_CRE_MOODYS_V2,CRE lifetime PD by Moody's,Commercial Real Estate,moodys_band,Aaa-A,Baseline,77,0.0003807027706129478,0.028582563890742985,V2,SYNTHETIC_DEMO
LPD_CRE_MOODYS_V2,CRE lifetime PD by Moody's,Commercial Real Estate,moodys_band,Aaa-A,Baseline,78,0.000380650199506031,0.028963214090249045,V2,SYNTHETIC_DEMO
LPD_CRE_MOODYS_V2,CRE lifetime PD by Moody's,Commercial Real Estate,moodys_band,Aaa-A,Baseline,79,0.0003805936339005034,0.029343807724149573,V2,SYNTHETIC_DEMO
LPD_CRE_MOODYS_V2,CRE lifetime PD by Moody's,Commercial Real Estate,moodys_band,Aaa-A,Baseline,80,0.0003805332407090205,0.029724340964858542,V2,SYNTHETIC_DEMO
LPD_CRE_MOODYS_V2,CRE lifetime PD by Moody's,Commercial Real Estate,moodys_band,Aaa-A,Baseline,81,0.00038046917997146517,0.03010481014483002,V2,SYNTHETIC_DEMO
LPD_CRE_MOODYS_V2,CRE lifetime PD by Moody's,Commercial Real Estate,moodys_band,Aaa-A,Baseline,82,0.00038040160513838606,0.030485211749968433,V2,SYNTHETIC_DEMO
LPD_CRE_MOODYS_V2,CRE lifetime PD by Moody's,Commercial Real Estate,moodys_band,Aaa-A,Baseline,83,0.0003803306633420875,0.03086554241331052,V2,SYNTHETIC_DEMO
LPD_CRE_MOODYS_V2,CRE lifetime PD by Moody's,Commercial Real Estate,moodys_band,Aaa-A,Baseline,84,0.00038025649565615846,0.031245798908966727,V2,SYNTHETIC_DEMO
LPD_CRE_MOODYS_V2,CRE lifetime PD by Moody's,Commercial Real Estate,moodys_band,Aaa-A,Baseline,85,0.0003801792373453026,0.03162597814631207,V2,SYNTHETIC_DEMO
LPD_CRE_MOODYS_V2,CRE lifetime PD by Moody's,Commercial Real Estate,moodys_band,Aaa-A,Baseline,86,0.0003800990181042049,0.03200607716441628,V2,SYNTHETIC_DEMO
LPD_CRE_MOODYS_V2,CRE lifetime PD by Moody's,Commercial Real Estate,moodys_band,Aaa-A,Baseline,87,0.00038001596228686406,0.03238609312670315,V2,SYNTHETIC_DEMO
LPD_CRE_MOODYS_V2,CRE lifetime PD by Moody's,Commercial Real Estate,moodys_band,Aaa-A,Baseline,88,0.00037993018912620325,0.03276602331582934,V2,SYNTHETIC_DEMO
LPD_CRE_MOODYS_V2,CRE lifetime PD by Moody's,Commercial Real Estate,moodys_band,Aaa-A,Baseline,89,0.00037984181294495187,0.033145865128774266,V2,SYNTHETIC_DEMO
LPD_CRE_MOODYS_V2,CRE lifetime PD by Moody's,Commercial Real Estate,moodys_band,Aaa-A,Baseline,90,0.0003797509433577173,0.033525616072132,V2,SYNTHETIC_DEMO
LPD_CRE_MOODYS_V2,CRE lifetime PD by Moody's,Commercial Real Estate,moodys_band,Aaa-A,Baseline,91,0.0003796576854649148,0.03390527375759689,V2,SYNTHETIC_DEMO
LPD_CRE_MOODYS_V2,CRE lifetime PD by Moody's,Commercial Real Estate,moodys_band,Aaa-A,Baseline,92,0.0003795621400384726,0.03428483589763531,V2,SYNTHETIC_DEMO
LPD_CRE_MOODYS_V2,CRE lifetime PD by Moody's,Commercial Real Estate,moodys_band,Aaa-A,Baseline,93,0.00037946440369987023,0.03466430030133516,V2,SYNTHETIC_DEMO
LPD_CRE_MOODYS_V2,CRE lifetime PD by Moody's,Commercial Real Estate,moodys_band,Aaa-A,Baseline,94,0.0003793645690911773,0.035043664870426317,V2,SYNTHETIC_DEMO
LPD_CRE_MOODYS_V2,CRE lifetime PD by Moody's,Commercial Real Estate,moodys_band,Aaa-A,Baseline,95,0.00037926272503879013,0.03542292759546506,V2,SYNTHETIC_DEMO
LPD_CRE_MOODYS_V2,CRE lifetime PD by Moody's,Commercial Real Estate,moodys_band,Aaa-A,Baseline,96,0.00037915895671053045,0.03580208655217554,V2,SYNTHETIC_DEMO
LPD_CRE_MOODYS_V2,CRE lifetime PD by Moody's,Commercial Real Estate,moodys_band,Aaa-A,Baseline,97,0.0003790533457663394,0.036181139897941916,V2,SYNTHETIC_DEMO
LPD_CRE_MOODYS_V2,CRE lifetime PD by Moody's,Commercial Real Estate,moodys_band,Aaa-A,Baseline,98,0.0003789459705024787,0.03656008586844439,V2,SYNTHETIC_DEMO
LPD_CRE_MOODYS_V2,CRE lifetime PD by Moody's,Commercial Real Estate,moodys_band,Aaa-A,Baseline,99,0.0003788369059900065,0.036938922774434446,V2,SYNTHETIC_DEMO
LPD_CRE_MOODYS_V2,CRE lifetime PD by Moody's,Commercial Real Estate,moodys_band,Aaa-A,Baseline,100,0.00037872622420807866,0.03731764899864254,V2,SYNTHETIC_DEMO
LPD_CRE_MOODYS_V2,CRE lifetime PD by Moody's,Commercial Real Estate,moodys_band,Aaa-A,Baseline,101,0.0003786139941702754,0.03769626299281281,V2,SYNTHETIC_DEMO
LPD_CRE_MOODYS_V2,CRE lifetime PD by Moody's,Commercial Real Estate,moodys_band,Aaa-A,Baseline,102,0.0003785002820478173,0.03807476327486059,V2,SYNTHETIC_DEMO
LPD_CRE_MOODYS_V2,CRE lifetime PD by Moody's,Commercial Real Estate,moodys_band,Aaa-A,Baseline,103,0.0003783851512857311,0.03845314842614633,V2,SYNTHETIC_DEMO
LPD_CRE_MOODYS_V2,CRE lifetime PD by Moody's,Commercial Real Estate,moodys_band,Aaa-A,Baseline,104,0.00037826866271529303,0.03883141708886162,V2,SYNTHETIC_DEMO
LPD_CRE_MOODYS_V2,CRE lifetime PD by Moody's,Commercial Real Estate,moodys_band,Aaa-A,Baseline,105,0.0003781508746621222,0.039209567963523706,V2,SYNTHETIC_DEMO
LPD_CRE_MOODYS_V2,CRE lifetime PD by Moody's,Commercial Real Estate,moodys_band,Aaa-A,Baseline,106,0.0003780318430485487,0.03958759980657223,V2,SYNTHETIC_DEMO
LPD_CRE_MOODYS_V2,CRE lifetime PD by Moody's,Commercial Real Estate,moodys_band,Aaa-A,Baseline,107,0.0003779116214932602,0.03996551142806548,V2,SYNTHETIC_DEMO
LPD_CRE_MOODYS_V2,CRE lifetime PD by Moody's,Commercial Real Estate,moodys_band,Aaa-A,Baseline,108,0.0003777902614057826,0.04034330168947131,V2,SYNTHETIC_DEMO
LPD_CRE_MOODYS_V2,CRE lifetime PD by Moody's,Commercial Real Estate,moodys_band,Aaa-A,Baseline,109,0.0003776678120776218,0.04072096950154891,V2,SYNTHETIC_DEMO
LPD_CRE_MOODYS_V2,CRE lifetime PD by Moody's,Commercial Real Estate,moodys_band,Aaa-A,Baseline,110,0.0003775443207693308,0.04109851382231822,V2,SYNTHETIC_DEMO
LPD_CRE_MOODYS_V2,CRE lifetime PD by Moody's,Commercial Real Estate,moodys_band,Aaa-A,Baseline,111,0.00037741983279415307,0.041475933655112374,V2,SYNTHETIC_DEMO
LPD_CRE_MOODYS_V2,CRE lifetime PD by Moody's,Commercial Real Estate,moodys_band,Aaa-A,Baseline,112,0.0003772943915984651,0.04185322804671088,V2,SYNTHETIC_DEMO
LPD_CRE_MOODYS_V2,CRE lifetime PD by Moody's,Commercial Real Estate,moodys_band,Aaa-A,Baseline,113,0.0003771680388381771,0.042230396085549016,V2,SYNTHETIC_DEMO
LPD_CRE_MOODYS_V2,CRE lifetime PD by Moody's,Commercial Real Estate,moodys_band,Aaa-A,Baseline,114,0.0003770408144529102,0.042607436900001905,V2,SYNTHETIC_DEMO
LPD_CRE_MOODYS_V2,CRE lifetime PD by Moody's,Commercial Real Estate,moodys_band,Aaa-A,Baseline,115,0.00037691275673636473,0.04298434965673825,V2,SYNTHETIC_DEMO
LPD_CRE_MOODYS_V2,CRE lifetime PD by Moody's,Commercial Real Estate,moodys_band,Aaa-A,Baseline,116,0.000376783902404482,0.04336113355914273,V2,SYNTHETIC_DEMO
LPD_CRE_MOODYS_V2,CRE lifetime PD by Moody's,Commercial Real Estate,moodys_band,Aaa-A,Baseline,117,0.00037665428665970913,0.0437377878458024,V2,SYNTHETIC_DEMO
LPD_CRE_MOODYS_V2,CRE lifetime PD by Moody's,Commercial Real Estate,moodys_band,Aaa-A,Baseline,118,0.0003765239432541375,0.04411431178905656,V2,SYNTHETIC_DEMO
LPD_CRE_MOODYS_V2,CRE lifetime PD by Moody's,Commercial Real Estate,moodys_band,Aaa-A,Baseline,119,0.0003763929045487594,0.044490704693605276,V2,SYNTHETIC_DEMO
LPD_CRE_MOODYS_V2,CRE lifetime PD by Moody's,Commercial Real Estate,moodys_band,Aaa-A,Baseline,120,0.00037626120157087026,0.044866965895176136,V2,SYNTHETIC_DEMO
LPD_CRE_MOODYS_V2,CRE lifetime PD by Moody's,Commercial Real Estate,moodys_band,Baa,Baseline,1,0.0008433558082189263,0.0008433558082189263,V2,SYNTHETIC_DEMO
LPD_CRE_MOODYS_V2,CRE lifetime PD by Moody's,Commercial Real Estate,moodys_band,Baa,Baseline,2,0.0008485662590302842,0.0016919220672492186,V2,SYNTHETIC_DEMO
LPD_CRE_MOODYS_V2,CRE lifetime PD by Moody's,Commercial Real Estate,moodys_band,Baa,Baseline,3,0.0008535211574139474,0.002545443224663213,V2,SYNTHETIC_DEMO
LPD_CRE_MOODYS_V2,CRE lifetime PD by Moody's,Commercial Real Estate,moodys_band,Baa,Baseline,4,0.0008582310512537452,0.0034036742759169236,V2,SYNTHETIC_DEMO
LPD_CRE_MOODYS_V2,CRE lifetime PD by Moody's,Commercial Real Estate,moodys_band,Baa,Baseline,5,0.0008627060610585352,0.004266380336975462,V2,SYNTHETIC_DEMO
LPD_CRE_MOODYS_V2,CRE lifetime PD by Moody's,Commercial Real Estate,moodys_band,Baa,Baseline,6,0.0008669558967556969,0.005133336233731134,V2,SYNTHETIC_DEMO
LPD_CRE_MOODYS_V2,CRE lifetime PD by Moody's,Commercial Real Estate,moodys_band,Baa,Baseline,7,0.0008709898738659298,0.006004326107597047,V2,SYNTHETIC_DEMO
LPD_CRE_MOODYS_V2,CRE lifetime PD by Moody's,Commercial Real Estate,moodys_band,Baa,Baseline,8,0.0008748169290823547,0.006879143036679358,V2,SYNTHETIC_DEMO
LPD_CRE_MOODYS_V2,CRE lifetime PD by Moody's,Commercial Real Estate,moodys_band,Baa,Baseline,9,0.0008784456352687223,0.00775758867194809,V2,SYNTHETIC_DEMO
LPD_CRE_MOODYS_V2,CRE lifetime PD by Moody's,Commercial Real Estate,moodys_band,Baa,Baseline,10,0.0008818842158979901,0.008639472887846056,V2,SYNTHETIC_DEMO
LPD_CRE_MOODYS_V2,CRE lifetime PD by Moody's,Commercial Real Estate,moodys_band,Baa,Baseline,11,0.0008851405589476629,0.009524613446793673,V2,SYNTHETIC_DEMO
LPD_CRE_MOODYS_V2,CRE lifetime PD by Moody's,Commercial Real Estate,moodys_band,Baa,Baseline,12,0.0008882222302714206,0.01041283567706508,V2,SYNTHETIC_DEMO
LPD_CRE_MOODYS_V2,CRE lifetime PD by Moody's,Commercial Real Estate,moodys_band,Baa,Baseline,13,0.0008911364864628178,0.011303972163527853,V2,SYNTHETIC_DEMO
LPD_CRE_MOODYS_V2,CRE lifetime PD by Moody's,Commercial Real Estate,moodys_band,Baa,Baseline,14,0.000893890287229329,0.012197862450757158,V2,SYNTHETIC_DEMO
LPD_CRE_MOODYS_V2,CRE lifetime PD by Moody's,Commercial Real Estate,moodys_band,Baa,Baseline,15,0.0008964903072927322,0.013094352758049932,V2,SYNTHETIC_DEMO
LPD_CRE_MOODYS_V2,CRE lifetime PD by Moody's,Commercial Real Estate,moodys_band,Baa,Baseline,16,0.0008989429478326963,0.013993295705882591,V2,SYNTHETIC_DEMO
LPD_CRE_MOODYS_V2,CRE lifetime PD by Moody's,Commercial Real Estate,moodys_band,Baa,Baseline,17,0.0009012543474894116,0.014894550053372035,V2,SYNTHETIC_DEMO
LPD_CRE_MOODYS_V2,CRE lifetime PD by Moody's,Commercial Real Estate,moodys_band,Baa,Baseline,18,0.0009034303929396063,0.015797980446311644,V2,SYNTHETIC_DEMO
LPD_CRE_MOODYS_V2,CRE lifetime PD by Moody's,Commercial Real Estate,moodys_band,Baa,Baseline,19,0.0009054767290631602,0.016703457175374803,V2,SYNTHETIC_DEMO
LPD_CRE_MOODYS_V2,CRE lifetime PD by Moody's,Commercial Real Estate,moodys_band,Baa,Baseline,20,0.0009073987687126907,0.01761085594408751,V2,SYNTHETIC_DEMO
LPD_CRE_MOODYS_V2,CRE lifetime PD by Moody's,Commercial Real Estate,moodys_band,Baa,Baseline,21,0.0009092017021026148,0.018520057646190136,V2,SYNTHETIC_DEMO
LPD_CRE_MOODYS_V2,CRE lifetime PD by Moody's,Commercial Real Estate,moodys_band,Baa,Baseline,22,0.0009108905058289985,0.01943094815201918,V2,SYNTHETIC_DEMO
LPD_CRE_MOODYS_V2,CRE lifetime PD by Moody's,Commercial Real Estate,moodys_band,Baa,Baseline,23,0.0009124699515358043,0.020343418103555,V2,SYNTHETIC_DEMO
LPD_CRE_MOODYS_V2,CRE lifetime PD by Moody's,Commercial Real Estate,moodys_band,Baa,Baseline,24,0.0009139446142401023,0.021257362717795103,V2,SYNTHETIC_DEMO
LPD_CRE_MOODYS_V2,CRE lifetime PD by Moody's,Commercial Real Estate,moodys_band,Baa,Baseline,25,0.0009153188803270809,0.022172681598122135,V2,SYNTHETIC_DEMO
LPD_CRE_MOODYS_V2,CRE lifetime PD by Moody's,Commercial Real Estate,moodys_band,Baa,Baseline,26,0.0009165969552297115,0.023089278553351855,V2,SYNTHETIC_DEMO
LPD_CRE_MOODYS_V2,CRE lifetime PD by Moody's,Commercial Real Estate,moodys_band,Baa,Baseline,27,0.000917782870803647,0.02400706142415554,V2,SYNTHETIC_DEMO
LPD_CRE_MOODYS_V2,CRE lifetime PD by Moody's,Commercial Real Estate,moodys_band,Baa,Baseline,28,0.0009188804924073677,0.024925941916562944,V2,SYNTHETIC_DEMO
LPD_CRE_MOODYS_V2,CRE lifetime PD by Moody's,Commercial Real Estate,moodys_band,Baa,Baseline,29,0.0009198935257024269,0.025845835442265375,V2,SYNTHETIC_DEMO
LPD_CRE_MOODYS_V2,CRE lifetime PD by Moody's,Commercial Real Estate,moodys_band,Baa,Baseline,30,0.000920825523179584,0.026766660965445,V2,SYNTHETIC_DEMO
LPD_CRE_MOODYS_V2,CRE lifetime PD by Moody's,Commercial Real Estate,moodys_band,Baa,Baseline,31,0.000921679890425993,0.02768834085587102,V2,SYNTHETIC_DEMO
LPD_CRE_MOODYS_V2,CRE lifetime PD by Moody's,Commercial Real Estate,moodys_band,Baa,Baseline,32,0.0009224598921399775,0.028610800748011034,V2,SYNTHETIC_DEMO
LPD_CRE_MOODYS_V2,CRE lifetime PD by Moody's,Commercial Real Estate,moodys_band,Baa,Baseline,33,0.0009231686579041822,0.02953396940591524,V2,SYNTHETIC_DEMO
LPD_CRE_MOODYS_V2,CRE lifetime PD by Moody's,Commercial Real Estate,moodys_band,Baa,Baseline,34,0.0009238091877270542,0.030457778593642293,V2,SYNTHETIC_DEMO
LPD_CRE_MOODYS_V2,CRE lifetime PD by Moody's,Commercial Real Estate,moodys_band,Baa,Baseline,35,0.0009243843573612115,0.03138216295100349,V2,SYNTHETIC_DEMO
LPD_CRE_MOODYS_V2,CRE lifetime PD by Moody's,Commercial Real Estate,moodys_band,Baa,Baseline,36,0.0009248969234060981,0.03230705987440963,V2,SYNTHETIC_DEMO
LPD_CRE_MOODYS_V2,CRE lifetime PD by Moody's,Commercial Real Estate,moodys_band,Baa,Baseline,37,0.0009253495282055666,0.03323240940261518,V2,SYNTHETIC_DEMO
LPD_CRE_MOODYS_V2,CRE lifetime PD by Moody's,Commercial Real Estate,moodys_band,Baa,Baseline,38,0.0009257447045471481,0.034158154107162275,V2,SYNTHETIC_DEMO
LPD_CRE_MOODYS_V2,CRE lifetime PD by Moody's,Commercial Real Estate,moodys_band,Baa,Baseline,39,0.0009260848801701118,0.03508423898733237,V2,SYNTHETIC_DEMO
LPD_CRE_MOODYS_V2,CRE lifetime PD by Moody's,Commercial Real Estate,moodys_band,Baa,Baseline,40,0.000926372382091664,0.03601061136942407,V2,SYNTHETIC_DEMO
LPD_CRE_MOODYS_V2,CRE lifetime PD by Moody's,Commercial Real Estate,moodys_band,Baa,Baseline,41,0.0009266094407563414,0.03693722081018036,V2,SYNTHETIC_DEMO
LPD_CRE_MOODYS_V2,CRE lifetime PD by Moody's,Commercial Real Estate,moodys_band,Baa,Baseline,42,0.0009267981940178309,0.037864019004198224,V2,SYNTHETIC_DEMO
LPD_CRE_MOODYS_V2,CRE lifetime PD by Moody's,Commercial Real Estate,moodys_band,Baa,Baseline,43,0.0009269406909578343,0.03879095969515611,V2,SYNTHETIC_DEMO
LPD_CRE_MOODYS_V2,CRE lifetime PD by Moody's,Commercial Real Estate,moodys_band,Baa,Baseline,44,0.0009270388955492652,0.03971799859070535,V2,SYNTHETIC_DEMO
LPD_CRE_MOODYS_V2,CRE lifetime PD by Moody's,Commercial Real Estate,moodys_band,Baa,Baseline,45,0.0009270946901707334,0.040645093280876066,V2,SYNTHETIC_DEMO
LPD_CRE_MOODYS_V2,CRE lifetime PD by Moody's,Commercial Real Estate,moodys_band,Baa,Baseline,46,0.0009271098789764775,0.04157220315985255,V2,SYNTHETIC_DEMO
LPD_CRE_MOODYS_V2,CRE lifetime PD by Moody's,Commercial Real Estate,moodys_band,Baa,Baseline,47,0.000927086191129746,0.04249928935098235,V2,SYNTHETIC_DEMO
LPD_CRE_MOODYS_V2,CRE lifetime PD by Moody's,Commercial Real Estate,moodys_band,Baa,Baseline,48,0.000927025283902377,0.04342631463488478,V2,SYNTHETIC_DEMO
LPD_CRE_MOODYS_V2,CRE lifetime PD by Moody's,Commercial Real Estate,moodys_band,Baa,Baseline,49,0.0009269287456492895,0.044353243380534035,V2,SYNTHETIC_DEMO
LPD_CRE_MOODYS_V2,CRE lifetime PD by Moody's,Commercial Real Estate,moodys_band,Baa,Baseline,50,0.0009267980986594378,0.04528004147919351,V2,SYNTHETIC_DEMO
LPD_CRE_MOODYS_V2,CRE lifetime PD by Moody's,Commercial Real Estate,moodys_band,Baa,Baseline,51,0.0009266348018904186,0.04620667628108388,V2,SYNTHETIC_DEMO
LPD_CRE_MOODYS_V2,CRE lifetime PD by Moody's,Commercial Real Estate,moodys_band,Baa,Baseline,52,0.0009264402535914461,0.047133116534675334,V2,SYNTHETIC_DEMO
LPD_CRE_MOODYS_V2,CRE lifetime PD by Moody's,Commercial Real Estate,moodys_band,Baa,Baseline,53,0.0009262157938176983,0.04805933232849302,V2,SYNTHETIC_DEMO
LPD_CRE_MOODYS_V2,CRE lifetime PD by Moody's,Commercial Real Estate,moodys_band,Baa,Baseline,54,0.0009259627068416794,0.048985295035334664,V2,SYNTHETIC_DEMO
LPD_CRE_MOODYS_V2,CRE lifetime PD by Moody's,Commercial Real Estate,moodys_band,Baa,Baseline,55,0.0009256822234656281,0.04991097725880034,V2,SYNTHETIC_DEMO
LPD_CRE_MOODYS_V2,CRE lifetime PD by Moody's,Commercial Real Estate,moodys_band,Baa,Baseline,56,0.0009253755232382475,0.050836352782038574,V2,SYNTHETIC_DEMO
LPD_CRE_MOODYS_V2,CRE lifetime PD by Moody's,Commercial Real Estate,moodys_band,Baa,Baseline,57,0.0009250437365806033,0.05176139651861922,V2,SYNTHETIC_DEMO
LPD_CRE_MOODYS_V2,CRE lifetime PD by Moody's,Commercial Real Estate,moodys_band,Baa,Baseline,58,0.0009246879468242187,0.05268608446544343,V2,SYNTHETIC_DEMO
LPD_CRE_MOODYS_V2,CRE lifetime PD by Moody's,Commercial Real Estate,moodys_band,Baa,Baseline,59,0.000924309192165227,0.05361039365760867,V2,SYNTHETIC_DEMO
LPD_CRE_MOODYS_V2,CRE lifetime PD by Moody's,Commercial Real Estate,moodys_band,Baa,Baseline,60,0.0009239084675376847,0.05453430212514632,V2,SYNTHETIC_DEMO
LPD_CRE_MOODYS_V2,CRE lifetime PD by Moody's,Commercial Real Estate,moodys_band,Baa,Baseline,61,0.0009234867264099774,0.05545778885155628,V2,SYNTHETIC_DEMO
LPD_CRE_MOODYS_V2,CRE lifetime PD by Moody's,Commercial Real Estate,moodys_band,Baa,Baseline,62,0.0009230448825068604,0.05638083373406311,V2,SYNTHETIC_DEMO
LPD_CRE_MOODYS_V2,CRE lifetime PD by Moody's,Commercial Real Estate,moodys_band,Baa,Baseline,63,0.0009225838114600877,0.05730341754552315,V2,SYNTHETIC_DEMO
LPD_CRE_MOODYS_V2,CRE lifetime PD by Moody's,Commercial Real Estate,moodys_band,Baa,Baseline,64,0.0009221043523914029,0.05822552189791452,V2,SYNTHETIC_DEMO
LPD_CRE_MOODYS_V2,CRE lifetime PD by Moody's,Commercial Real Estate,moodys_band,Baa,Baseline,65,0.000921607309429341,0.059147129207343885,V2,SYNTHETIC_DEMO
LPD_CRE_MOODYS_V2,CRE lifetime PD by Moody's,Commercial Real Estate,moodys_band,Baa,Baseline,66,0.0009210934531640064,0.06006822266050793,V2,SYNTHETIC_DEMO
LPD_CRE_MOODYS_V2,CRE lifetime PD by Moody's,Commercial Real Estate,moodys_band,Baa,Baseline,67,0.0009205635220414525,0.06098878618254944,V2,SYNTHETIC_DEMO
LPD_CRE_MOODYS_V2,CRE lifetime PD by Moody's,Commercial Real Estate,moodys_band,Baa,Baseline,68,0.0009200182236997058,0.06190880440624913,V2,SYNTHETIC_DEMO
LPD_CRE_MOODYS_V2,CRE lifetime PD by Moody's,Commercial Real Estate,moodys_band,Baa,Baseline,69,0.0009194582362506499,0.06282826264249974,V2,SYNTHETIC_DEMO
LPD_CRE_MOODYS_V2,CRE lifetime PD by Moody's,Commercial Real Estate,moodys_band,Baa,Baseline,70,0.0009188842095077919,0.06374714685200755,V2,SYNTHETIC_DEMO
LPD_CRE_MOODYS_V2,CRE lifetime PD by Moody's,Commercial Real Estate,moodys_band,Baa,Baseline,71,0.0009182967661635816,0.06466544361817117,V2,SYNTHETIC_DEMO
LPD_CRE_MOODYS_V2,CRE lifetime PD by Moody's,Commercial Real Estate,moodys_band,Baa,Baseline,72,0.000917696502917639,0.06558314012108879,V2,SYNTHETIC_DEMO
LPD_CRE_MOODYS_V2,CRE lifetime PD by Moody's,Commercial Real Estate,moodys_band,Baa,Baseline,73,0.0009170839915589004,0.06650022411264767,V2,SYNTHETIC_DEMO
LPD_CRE_MOODYS_V2,CRE lifetime PD by Moody's,Commercial Real Estate,moodys_band,Baa,Baseline,74,0.0009164597800021838,0.06741668389264988,V2,SYNTHETIC_DEMO
LPD_CRE_MOODYS_V2,CRE lifetime PD by Moody's,Commercial Real Estate,moodys_band,Baa,Baseline,75,0.0009158243932818526,0.06833250828593174,V2,SYNTHETIC_DEMO
LPD_CRE_MOODYS_V2,CRE lifetime PD by Moody's,Commercial Real Estate,moodys_band,Baa,Baseline,76,0.0009151783345045056,0.06924768662043623,V2,SYNTHETIC_DEMO
LPD_CRE_MOODYS_V2,CRE lifetime PD by Moody's,Commercial Real Estate,moodys_band,Baa,Baseline,77,0.0009145220857618941,0.07016220870619816,V2,SYNTHETIC_DEMO
LPD_CRE_MOODYS_V2,CRE lifetime PD by Moody's,Commercial Real Estate,moodys_band,Baa,Baseline,78,0.0009138561090061808,0.07107606481520434,V2,SYNTHETIC_DEMO
LPD_CRE_MOODYS_V2,CRE lifetime PD by Moody's,Commercial Real Estate,moodys_band,Baa,Baseline,79,0.0009131808468885134,0.07198924566209286,V2,SYNTHETIC_DEMO
LPD_CRE_MOODYS_V2,CRE lifetime PD by Moody's,Commercial Real Estate,moodys_band,Baa,Baseline,80,0.0009124967235631095,0.07290174238565594,V2,SYNTHETIC_DEMO
LPD_CRE_MOODYS_V2,CRE lifetime PD by Moody's,Commercial Real Estate,moodys_band,Baa,Baseline,81,0.0009118041454575985,0.0738135465311135,V2,SYNTHETIC_DEMO
LPD_CRE_MOODYS_V2,CRE lifetime PD by Moody's,Commercial Real Estate,moodys_band,Baa,Baseline,82,0.0009111035020117973,0.07472465003312534,V2,SYNTHETIC_DEMO
LPD_CRE_MOODYS_V2,CRE lifetime PD by Moody's,Commercial Real Estate,moodys_band,Baa,Baseline,83,0.0009103951663850275,0.07563504519951036,V2,SYNTHETIC_DEMO
LPD_CRE_MOODYS_V2,CRE lifetime PD by Moody's,Commercial Real Estate,moodys_band,Baa,Baseline,84,0.0009096794961350625,0.07654472469564544,V2,SYNTHETIC_DEMO
LPD_CRE_MOODYS_V2,CRE lifetime PD by Moody's,Commercial Real Estate,moodys_band,Baa,Baseline,85,0.0009089568338679659,0.07745368152951337,V2,SYNTHETIC_DEMO
LPD_CRE_MOODYS_V2,CRE lifetime PD by Moody's,Commercial Real Estate,moodys_band,Baa,Baseline,86,0.0009082275078612779,0.07836190903737461,V2,SYNTHETIC_DEMO
LPD_CRE_MOODYS_V2,CRE lifetime PD by Moody's,Commercial Real Estate,moodys_band,Baa,Baseline,87,0.0009074918326611352,0.07926940087003576,V2,SYNTHETIC_DEMO
LPD_CRE_MOODYS_V2,CRE lifetime PD by Moody's,Commercial Real Estate,moodys_band,Baa,Baseline,88,0.0009067501096549344,0.08017615097969066,V2,SYNTHETIC_DEMO
LPD_CRE_MOODYS_V2,CRE lifetime PD by Moody's,Commercial Real Estate,moodys_band,Baa,Baseline,89,0.0009060026276193991,0.08108215360731008,V2,SYNTHETIC_DEMO
LPD_CRE_MOODYS_V2,CRE lifetime PD by Moody's,Commercial Real Estate,moodys_band,Baa,Baseline,90,0.0009052496632469725,0.08198740327055709,V2,SYNTHETIC_DEMO
LPD_CRE_MOODYS_V2,CRE lifetime PD by Moody's,Commercial Real Estate,moodys_band,Baa,Baseline,91,0.000904491481649055,0.08289189475220615,V2,SYNTHETIC_DEMO
LPD_CRE_MOODYS_V2,CRE lifetime PD by Moody's,Commercial Real Estate,moodys_band,Baa,Baseline,92,0.0009037283368390941,0.0837956230890452,V2,SYNTHETIC_DEMO
LPD_CRE_MOODYS_V2,CRE lifetime PD by Moody's,Commercial Real Estate,moodys_band,Baa,Baseline,93,0.0009029604721955681,0.08469858356124071,V2,SYNTHETIC_DEMO
LPD_CRE_MOODYS_V2,CRE lifetime PD by Moody's,Commercial Real Estate,moodys_band,Baa,Baseline,94,0.0009021881209049961,0.08560077168214575,V2,SYNTHETIC_DEMO
LPD_CRE_MOODYS_V2,CRE lifetime PD by Moody's,Commercial Real Estate,moodys_band,Baa,Baseline,95,0.0009014115063875564,0.08650218318853331,V2,SYNTHETIC_DEMO
LPD_CRE_MOODYS_V2,CRE lifetime PD by Moody's,Commercial Real Estate,moodys_band,Baa,Baseline,96,0.0009006308427039056,0.08740281403123717,V2,SYNTHETIC_DEMO
LPD_CRE_MOODYS_V2,CRE lifetime PD by Moody's,Commercial Real Estate,moodys_band,Baa,Baseline,97,0.0008998463349459685,0.08830266036618317,V2,SYNTHETIC_DEMO
LPD_CRE_MOODYS_V2,CRE lifetime PD by Moody's,Commercial Real Estate,moodys_band,Baa,Baseline,98,0.0008990581796107951,0.08920171854579395,V2,SYNTHETIC_DEMO
LPD_CRE_MOODYS_V2,CRE lifetime PD by Moody's,Commercial Real Estate,moodys_band,Baa,Baseline,99,0.0008982665649588183,0.09009998511075279,V2,SYNTHETIC_DEMO
LPD_CRE_MOODYS_V2,CRE lifetime PD by Moody's,Commercial Real Estate,moodys_band,Baa,Baseline,100,0.0008974716713583376,0.09099745678211113,V2,SYNTHETIC_DEMO
LPD_CRE_MOODYS_V2,CRE lifetime PD by Moody's,Commercial Real Estate,moodys_band,Baa,Baseline,101,0.0008966736716137,0.09189413045372485,V2,SYNTHETIC_DEMO
LPD_CRE_MOODYS_V2,CRE lifetime PD by Moody's,Commercial Real Estate,moodys_band,Baa,Baseline,102,0.0008958727312815307,0.09279000318500641,V2,SYNTHETIC_DEMO
LPD_CRE_MOODYS_V2,CRE lifetime PD by Moody's,Commercial Real Estate,moodys_band,Baa,Baseline,103,0.000895069008973079,0.09368507219397948,V2,SYNTHETIC_DEMO
LPD_CRE_MOODYS_V2,CRE lifetime PD by Moody's,Commercial Real Estate,moodys_band,Baa,Baseline,104,0.0008942626566436849,0.0945793348506232,V2,SYNTHETIC_DEMO
LPD_CRE_MOODYS_V2,CRE lifetime PD by Moody's,Commercial Real Estate,moodys_band,Baa,Baseline,105,0.0008934538198706631,0.09547278867049391,V2,SYNTHETIC_DEMO
LPD_CRE_MOODYS_V2,CRE lifetime PD by Moody's,Commercial Real Estate,moodys_band,Baa,Baseline,106,0.0008926426381197862,0.09636543130861375,V2,SYNTHETIC_DEMO
LPD_CRE_MOODYS_V2,CRE lifetime PD by Moody's,Commercial Real Estate,moodys_band,Baa,Baseline,107,0.0008918292449997454,0.0972572605536135,V2,SYNTHETIC_DEMO
LPD_CRE_MOODYS_V2,CRE lifetime PD by Moody's,Commercial Real Estate,moodys_band,Baa,Baseline,108,0.0008910137685067785,0.09814827432212025,V2,SYNTHETIC_DEMO
LPD_CRE_MOODYS_V2,CRE lifetime PD by Moody's,Commercial Real Estate,moodys_band,Baa,Baseline,109,0.0008901963312590344,0.09903847065337934,V2,SYNTHETIC_DEMO
LPD_CRE_MOODYS_V2,CRE lifetime PD by Moody's,Commercial Real Estate,moodys_band,Baa,Baseline,110,0.0008893770507210469,0.09992784770410035,V2,SYNTHETIC_DEMO
LPD_CRE_MOODYS_V2,CRE lifetime PD by Moody's,Commercial Real Estate,moodys_band,Baa,Baseline,111,0.0008885560394184876,0.10081640374351886,V2,SYNTHETIC_DEMO
LPD_CRE_MOODYS_V2,CRE lifetime PD by Moody's,Commercial Real Estate,moodys_band,Baa,Baseline,112,0.0008877334051447641,0.10170413714866366,V2,SYNTHETIC_DEMO
LPD_CRE_MOODYS_V2,CRE lifetime PD by Moody's,Commercial Real Estate,moodys_band,Baa,Baseline,113,0.0008869092511581274,0.10259104639982175,V2,SYNTHETIC_DEMO
LPD_CRE_MOODYS_V2,CRE lifetime PD by Moody's,Commercial Real Estate,moodys_band,Baa,Baseline,114,0.0008860836763710464,0.10347713007619275,V2,SYNTHETIC_DEMO
LPD_CRE_MOODYS_V2,CRE lifetime PD by Moody's,Commercial Real Estate,moodys_band,Baa,Baseline,115,0.0008852567755320071,0.10436238685172472,V2,SYNTHETIC_DEMO
LPD_CRE_MOODYS_V2,CRE lifetime PD by Moody's,Commercial Real Estate,moodys_band,Baa,Baseline,116,0.0008844286393987944,0.10524681549112347,V2,SYNTHETIC_DEMO
LPD_CRE_MOODYS_V2,CRE lifetime PD by Moody's,Commercial Real Estate,moodys_band,Baa,Baseline,117,0.0008835993549054046,0.10613041484602892,V2,SYNTHETIC_DEMO
LPD_CRE_MOODYS_V2,CRE lifetime PD by Moody's,Commercial Real Estate,moodys_band,Baa,Baseline,118,0.0008827690053214423,0.10701318385135039,V2,SYNTHETIC_DEMO
LPD_CRE_MOODYS_V2,CRE lifetime PD by Moody's,Commercial Real Estate,moodys_band,Baa,Baseline,119,0.0008819376704053447,0.10789512152175573,V2,SYNTHETIC_DEMO
LPD_CRE_MOODYS_V2,CRE lifetime PD by Moody's,Commercial Real Estate,moodys_band,Baa,Baseline,120,0.0008811054265509823,0.10877622694830669,V2,SYNTHETIC_DEMO
LPD_CRE_MOODYS_V2,CRE lifetime PD by Moody's,Commercial Real Estate,moodys_band,Ba,Baseline,1,0.0025539353112914442,0.0025539353112914442,V2,SYNTHETIC_DEMO
LPD_CRE_MOODYS_V2,CRE lifetime PD by Moody's,Commercial Real Estate,moodys_band,Ba,Baseline,2,0.0025654860675019086,0.005119421378793398,V2,SYNTHETIC_DEMO
LPD_CRE_MOODYS_V2,CRE lifetime PD by Moody's,Commercial Real Estate,moodys_band,Ba,Baseline,3,0.0025761820522279765,0.0076956034310213806,V2,SYNTHETIC_DEMO
LPD_CRE_MOODYS_V2,CRE lifetime PD by Moody's,Commercial Real Estate,moodys_band,Ba,Baseline,4,0.002586060095269324,0.010281663526290674,V2,SYNTHETIC_DEMO
LPD_CRE_MOODYS_V2,CRE lifetime PD by Moody's,Commercial Real Estate,moodys_band,Ba,Baseline,5,0.002595155546246929,0.01287681907253757,V2,SYNTHETIC_DEMO
LPD_CRE_MOODYS_V2,CRE lifetime PD by Moody's,Commercial Real Estate,moodys_band,Ba,Baseline,6,0.002603502328591439,0.015480321401128982,V2,SYNTHETIC_DEMO
LPD_CRE_MOODYS_V2,CRE lifetime PD by Moody's,Commercial Real Estate,moodys_band,Ba,Baseline,7,0.002611132992028919,0.018091454393157846,V2,SYNTHETIC_DEMO
LPD_CRE_MOODYS_V2,CRE lifetime PD by Moody's,Commercial Real Estate,moodys_band,Ba,Baseline,8,0.0026180787635598167,0.02070953315671764,V2,SYNTHETIC_DEMO
LPD_CRE_MOODYS_V2,CRE lifetime PD by Moody's,Commercial Real Estate,moodys_band,Ba,Baseline,9,0.0026243695969373287,0.02333390275365499,V2,SYNTHETIC_DEMO
LPD_CRE_MOODYS_V2,CRE lifetime PD by Moody's,Commercial Real Estate,moodys_band,Ba,Baseline,10,0.002630034220652513,0.025963936974307544,V2,SYNTHETIC_DEMO
LPD_CRE_MOODYS_V2,CRE lifetime PD by Moody's,Commercial Real Estate,moodys_band,Ba,Baseline,11,0.002635100184437194,0.02859903715874479,V2,SYNTHETIC_DEMO
LPD_CRE_MOODYS_V2,CRE lifetime PD by Moody's,Commercial Real Estate,moodys_band,Ba,Baseline,12,0.0026395939043033063,0.03123863106304814,V2,SYNTHETIC_DEMO
LPD_CRE_MOODYS_V2,CRE lifetime PD by Moody's,Commercial Real Estate,moodys_band,Ba,Baseline,13,0.002643540706134355,0.03388217176918251,V2,SYNTHETIC_DEMO
LPD_CRE_MOODYS_V2,CRE lifetime PD by Moody's,Commercial Real Estate,moodys_band,Ba,Baseline,14,0.0026469648678535233,0.03652913663703605,V2,SYNTHETIC_DEMO
LPD_CRE_MOODYS_V2,CRE lifetime PD by Moody's,Commercial Real Estate,moodys_band,Ba,Baseline,15,0.002649889660190748,0.039179026297226804,V2,SYNTHETIC_DEMO
LPD_CRE_MOODYS_V2,CRE lifetime PD by Moody's,Commercial Real Estate,moodys_band,Ba,Baseline,16,0.0026523373860752775,0.04183136368330209,V2,SYNTHETIC_DEMO
LPD_CRE_MOODYS_V2,CRE lifetime PD by Moody's,Commercial Real Estate,moodys_band,Ba,Baseline,17,0.0026543294186805546,0.04448569310198269,V2,SYNTHETIC_DEMO
LPD_CRE_MOODYS_V2,CRE lifetime PD by Moody's,Commercial Real Estate,moodys_band,Ba,Baseline,18,0.002655886238151655,0.0471415793401343,V2,SYNTHETIC_DEMO
LPD_CRE_MOODYS_V2,CRE lifetime PD by Moody's,Commercial Real Estate,moodys_band,Ba,Baseline,19,0.0026570274670443105,0.049798606807178625,V2,SYNTHETIC_DEMO
LPD_CRE_MOODYS_V2,CRE lifetime PD by Moody's,Commercial Real Estate,moodys_band,Ba,Baseline,20,0.0026577719045058723,0.052456378711684515,V2,SYNTHETIC_DEMO
LPD_CRE_MOODYS_V2,CRE lifetime PD by Moody's,Commercial Real Estate,moodys_band,Ba,Baseline,21,0.002658137559231369,0.0551145162709159,V2,SYNTHETIC_DEMO
LPD_CRE_MOODYS_V2,CRE lifetime PD by Moody's,Commercial Real Estate,moodys_band,Ba,Baseline,22,0.002658141681225566,0.05777265795214148,V2,SYNTHETIC_DEMO
LPD_CRE_MOODYS_V2,CRE lifetime PD by Moody's,Commercial Real Estate,moodys_band,Ba,Baseline,23,0.0026578007924028422,0.060430458744544335,V2,SYNTHETIC_DEMO
LPD_CRE_MOODYS_V2,CRE lifetime PD by Moody's,Commercial Real Estate,moodys_band,Ba,Baseline,24,0.00265713071605908,0.06308758946060344,V2,SYNTHETIC_DEMO
LPD_CRE_MOODYS_V2,CRE lifetime PD by Moody's,Commercial Real Estate,moodys_band,Ba,Baseline,25,0.002656146605246473,0.06574373606584993,V2,SYNTHETIC_DEMO
LPD_CRE_MOODYS_V2,CRE lifetime PD by Moody's,Commercial Real Estate,moodys_band,Ba,Baseline,26,0.0026548629700843666,0.06839859903593426,V2,SYNTHETIC_DEMO
LPD_CRE_MOODYS_V2,CRE lifetime PD by Moody's,Commercial Real Estate,moodys_band,Ba,Baseline,27,0.0026532937040387077,0.07105189273997292,V2,SYNTHETIC_DEMO
LPD_CRE_MOODYS_V2,CRE lifetime PD by Moody's,Commercial Real Estate,moodys_band,Ba,Baseline,28,0.0026514521092015843,0.07370334484917451,V2,SYNTHETIC_DEMO
LPD_CRE_MOODYS_V2,CRE lifetime PD by Moody's,Commercial Real Estate,moodys_band,Ba,Baseline,29,0.002649350920602217,0.07635269576977677,V2,SYNTHETIC_DEMO
LPD_CRE_MOODYS_V2,CRE lifetime PD by Moody's,Commercial Real Estate,moodys_band,Ba,Baseline,30,0.002647002329581821,0.07899969809935858,V2,SYNTHETIC_DEMO
LPD_CRE_MOODYS_V2,CRE lifetime PD by Moody's,Commercial Real Estate,moodys_band,Ba,Baseline,31,0.0026444180062617723,0.08164411610562039,V2,SYNTHETIC_DEMO
LPD_CRE_MOODYS_V2,CRE lifetime PD by Moody's,Commercial Real Estate,moodys_band,Ba,Baseline,32,0.0026416091211367196,0.08428572522675715,V2,SYNTHETIC_DEMO
LPD_CRE_MOODYS_V2,CRE lifetime PD by Moody's,Commercial Real Estate,moodys_band,Ba,Baseline,33,0.002638586365819843,0.08692431159257696,V2,SYNTHETIC_DEMO
LPD_CRE_MOODYS_V2,CRE lifetime PD by Moody's,Commercial Real Estate,moodys_band,Ba,Baseline,34,0.0026353599729732917,0.08955967156555023,V2,SYNTHETIC_DEMO
LPD_CRE_MOODYS_V2,CRE lifetime PD by Moody's,Commercial Real Estate,moodys_band,Ba,Baseline,35,0.0026319397354476848,0.09219161130099796,V2,SYNTHETIC_DEMO
LPD_CRE_MOODYS_V2,CRE lifetime PD by Moody's,Commercial Real Estate,moodys_band,Ba,Baseline,36,0.002628335024661898,0.09481994632565982,V2,SYNTHETIC_DEMO
LPD_CRE_MOODYS_V2,CRE lifetime PD by Moody's,Commercial Real Estate,moodys_band,Ba,Baseline,37,0.002624554808248999,0.09744450113390879,V2,SYNTHETIC_DEMO
LPD_CRE_MOODYS_V2,CRE lifetime PD by Moody's,Commercial Real Estate,moodys_band,Ba,Baseline,38,0.0026206076669944116,0.10006510880090325,V2,SYNTHETIC_DEMO
LPD_CRE_MOODYS_V2,CRE lifetime PD by Moody's,Commercial Real Estate,moodys_band,Ba,Baseline,39,0.002616501811092055,0.10268161061199532,V2,SYNTHETIC_DEMO
LPD_CRE_MOODYS_V2,CRE lifetime PD by Moody's,Commercial Real Estate,moodys_band,Ba,Baseline,40,0.0026122450957448244,0.10529385570774019,V2,SYNTHETIC_DEMO
LPD_CRE_MOODYS_V2,CRE lifetime PD by Moody's,Commercial Real Estate,moodys_band,Ba,Baseline,41,0.00260784503613186,0.10790170074387206,V2,SYNTHETIC_DEMO
LPD_CRE_MOODYS_V2,CRE lifetime PD by Moody's,Commercial Real Estate,moodys_band,Ba,Baseline,42,0.002603308821767148,0.11050500956563925,V2,SYNTHETIC_DEMO
LPD_CRE_MOODYS_V2,CRE lifetime PD by Moody's,Commercial Real Estate,moodys_band,Ba,Baseline,43,0.002598643330272731,0.11310365289591195,V2,SYNTHETIC_DEMO
LPD_CRE_MOODYS_V2,CRE lifetime PD by Moody's,Commercial Real Estate,moodys_band,Ba,Baseline,44,0.0025938551405876383,0.11569750803649959,V2,SYNTHETIC_DEMO
LPD_CRE_MOODYS_V2,CRE lifetime PD by Moody's,Commercial Real Estate,moodys_band,Ba,Baseline,45,0.0025889505456352653,0.11828645858213482,V2,SYNTHETIC_DEMO
LPD_CRE_MOODYS_V2,CRE lifetime PD by Moody's,Commercial Real Estate,moodys_band,Ba,Baseline,46,0.0025839355644688413,0.12087039414660361,V2,SYNTHETIC_DEMO
LPD_CRE_MOODYS_V2,CRE lifetime PD by Moody's,Commercial Real Estate,moodys_band,Ba,Baseline,47,0.002578815953916387,0.12344921010052001,V2,SYNTHETIC_DEMO
LPD_CRE_MOODYS_V2,CRE lifetime PD by Moody's,Commercial Real Estate,moodys_band,Ba,Baseline,48,0.0025735972197429937,0.12602280732026305,V2,SYNTHETIC_DEMO
LPD_CRE_MOODYS_V2,CRE lifetime PD by Moody's,Commercial Real Estate,moodys_band,Ba,Baseline,49,0.0025682846273513533,0.12859109194761442,V2,SYNTHETIC_DEMO
LPD_CRE_MOODYS_V2,CRE lifetime PD by Moody's,Commercial Real Estate,moodys_band,Ba,Baseline,50,0.002562883212036917,0.13115397515965133,V2,SYNTHETIC_DEMO
LPD_CRE_MOODYS_V2,CRE lifetime PD by Moody's,Commercial Real Estate,moodys_band,Ba,Baseline,51,0.0025573977888160558,0.13371137294846736,V2,SYNTHETIC_DEMO
LPD_CRE_MOODYS_V2,CRE lifetime PD by Moody's,Commercial Real Estate,moodys_band,Ba,Baseline,52,0.002551832961843706,0.13626320591031105,V2,SYNTHETIC_DEMO
LPD_CRE_MOODYS_V2,CRE lifetime PD by Moody's,Commercial Real Estate,moodys_band,Ba,Baseline,53,0.0025461931334381455,0.13880939904374923,V2,SYNTHETIC_DEMO
LPD_CRE_MOODYS_V2,CRE lifetime PD by Moody's,Commercial Real Estate,moodys_band,Ba,Baseline,54,0.0025404825127265385,0.14134988155647576,V2,SYNTHETIC_DEMO
LPD_CRE_MOODYS_V2,CRE lifetime PD by Moody's,Commercial Real Estate,moodys_band,Ba,Baseline,55,0.0025347051239281047,0.14388458668040383,V2,SYNTHETIC_DEMO
LPD_CRE_MOODYS_V2,CRE lifetime PD by Moody's,Commercial Real Estate,moodys_band,Ba,Baseline,56,0.0025288648142893595,0.1464134514946932,V2,SYNTHETIC_DEMO
LPD_CRE_MOODYS_V2,CRE lifetime PD by Moody's,Commercial Real Estate,moodys_band,Ba,Baseline,57,0.0025229652616843854,0.1489364167563776,V2,SYNTHETIC_DEMO
LPD_CRE_MOODYS_V2,CRE lifetime PD by Moody's,Commercial Real Estate,moodys_band,Ba,Baseline,58,0.00251700998189523,0.15145342673827278,V2,SYNTHETIC_DEMO
LPD_CRE_MOODYS_V2,CRE lifetime PD by Moody's,Commercial Real Estate,moodys_band,Ba,Baseline,59,0.002511002335584187,0.153964429073857,V2,SYNTHETIC_DEMO
LPD_CRE_MOODYS_V2,CRE lifetime PD by Moody's,Commercial Real Estate,moodys_band,Ba,Baseline,60,0.002504945534971948,0.15646937460882893,V2,SYNTHETIC_DEMO
LPD_CRE_MOODYS_V2,CRE lifetime PD by Moody's,Commercial Real Estate,moodys_band,Ba,Baseline,61,0.002498842650231472,0.1589682172590604,V2,SYNTHETIC_DEMO
LPD_CRE_MOODYS_V2,CRE lifetime PD by Moody's,Commercial Real Estate,moodys_band,Ba,Baseline,62,0.002492696615612257,0.16146091387467265,V2,SYNTHETIC_DEMO
LPD_CRE_MOODYS_V2,CRE lifetime PD by Moody's,Commercial Real Estate,moodys_band,Ba,Baseline,63,0.002486510235303317,0.16394742410997598,V2,SYNTHETIC_DEMO
LPD_CRE_MOODYS_V2,CRE lifetime PD by Moody's,Commercial Real Estate,moodys_band,Ba,Baseline,64,0.0024802861890471737,0.16642771029902315,V2,SYNTHETIC_DEMO
LPD_CRE_MOODYS_V2,CRE lifetime PD by Moody's,Commercial Real Estate,moodys_band,Ba,Baseline,65,0.002474027037515201,0.16890173733653835,V2,SYNTHETIC_DEMO
LPD_CRE_MOODYS_V2,CRE lifetime PD by Moody's,Commercial Real Estate,moodys_band,Ba,Baseline,66,0.0024677352274535126,0.17136947256399182,V2,SYNTHETIC_DEMO
LPD_CRE_MOODYS_V2,CRE lifetime PD by Moody's,Commercial Real Estate,moodys_band,Ba,Baseline,67,0.0024614130966094465,0.17383088566060123,V2,SYNTHETIC_DEMO
LPD_CRE_MOODYS_V2,CRE lifetime PD by Moody's,Commercial Real Estate,moodys_band,Ba,Baseline,68,0.002455062878447642,0.1762859485390489,V2,SYNTHETIC_DEMO
LPD_CRE_MOODYS_V2,CRE lifetime PD by Moody's,Commercial Real Estate,moodys_band,Ba,Baseline,69,0.0024486867066641814,0.1787346352457131,V2,SYNTHETIC_DEMO
LPD_CRE_MOODYS_V2,CRE lifetime PD by Moody's,Commercial Real Estate,moodys_band,Ba,Baseline,70,0.0024422866195087075,0.18117692186522183,V2,SYNTHETIC_DEMO
LPD_CRE_MOODYS_V2,CRE lifetime PD by Moody's,Commercial Real Estate,moodys_band,Ba,Baseline,71,0.002435864563919694,0.18361278642914147,V2,SYNTHETIC_DEMO
LPD_CRE_MOODYS_V2,CRE lifetime PD by Moody's,Commercial Real Estate,moodys_band,Ba,Baseline,72,0.0024294223994842565,0.18604220882862577,V2,SYNTHETIC_DEMO
LPD_CRE_MOODYS_V2,CRE lifetime PD by Moody's,Commercial Real Estate,moodys_band,Ba,Baseline,73,0.002422961902226794,0.18846517073085256,V2,SYNTHETIC_DEMO
LPD_CRE_MOODYS_V2,CRE lifetime PD by Moody's,Commercial Real Estate,moodys_band,Ba,Baseline,74,0.002416484768235854,0.19088165549908842,V2,SYNTHETIC_DEMO
LPD_CRE_MOODYS_V2,CRE lifetime PD by Moody's,Commercial Real Estate,moodys_band,Ba,Baseline,75,0.0024099926171344743,0.1932916481162229,V2,SYNTHETIC_DEMO
LPD_CRE_MOODYS_V2,CRE lifetime PD by Moody's,Commercial Real Estate,moodys_band,Ba,Baseline,76,0.002403486995402057,0.19569513511162495,V2,SYNTHETIC_DEMO
LPD_CRE_MOODYS_V2,CRE lifetime PD by Moody's,Commercial Real Estate,moodys_band,Ba,Baseline,77,0.002396969379552631,0.19809210449117753,V2,SYNTHETIC_DEMO
LPD_CRE_MOODYS_V2,CRE lifetime PD by Moody's,Commercial Real Estate,moodys_band,Ba,Baseline,78,0.0023904411791769767,0.2004825456703545,V2,SYNTHETIC_DEMO
LPD_CRE_MOODYS_V2,CRE lifetime PD by Moody's,Commercial Real Estate,moodys_band,Ba,Baseline,79,0.0023839037398530804,0.2028664494102076,V2,SYNTHETIC_DEMO
LPD_CRE_MOODYS_V2,CRE lifetime PD by Moody's,Commercial Real Estate,moodys_band,Ba,Baseline,80,0.0023773583459314723,0.20524380775613904,V2,SYNTHETIC_DEMO
LPD_CRE_MOODYS_V2,CRE lifetime PD by Moody's,Commercial Real Estate,moodys_band,Ba,Baseline,81,0.002370806223200791,0.20761461397933978,V2,SYNTHETIC_DEMO
LPD_CRE_MOODYS_V2,CRE lifetime PD by Moody's,Commercial Real Estate,moodys_band,Ba,Baseline,82,0.0023642485414373466,0.20997886252077713,V2,SYNTHETIC_DEMO
LPD_CRE_MOODYS_V2,CRE lifetime PD by Moody's,Commercial Real Estate,moodys_band,Ba,Baseline,83,0.0023576864168455463,0.21233654893762266,V2,SYNTHETIC_DEMO
LPD_CRE_MOODYS_V2,CRE lifetime PD by Moody's,Commercial Real Estate,moodys_band,Ba,Baseline,84,0.00235112091439285,0.21468766985201548,V2,SYNTHETIC_DEMO
LPD_CRE_MOODYS_V2,CRE lifetime PD by Moody's,Commercial Real Estate,moodys_band,Ba,Baseline,85,0.002344553050042774,0.21703222290205826,V2,SYNTHETIC_DEMO
LPD_CRE_MOODYS_V2,CRE lifetime PD by Moody's,Commercial Real Estate,moodys_band,Ba,Baseline,86,0.0023379837928929727,0.21937020669495122,V2,SYNTHETIC_DEMO
LPD_CRE_MOODYS_V2,CRE lifetime PD by Moody's,Commercial Real Estate,moodys_band,Ba,Baseline,87,0.002331414067219475,0.2217016207621707,V2,SYNTHETIC_DEMO
LPD_CRE_MOODYS_V2,CRE lifetime PD by Moody's,Commercial Real Estate,moodys_band,Ba,Baseline,88,0.0023248447544329787,0.22402646551660366,V2,SYNTHETIC_DEMO
LPD_CRE_MOODYS_V2,CRE lifetime PD by Moody's,Commercial Real Estate,moodys_band,Ba,Baseline,89,0.0023182766949507616,0.22634474221155443,V2,SYNTHETIC_DEMO
LPD_CRE_MOODYS_V2,CRE lifetime PD by Moody's,Commercial Real Estate,moodys_band,Ba,Baseline,90,0.002311710689986835,0.22865645290154124,V2,SYNTHETIC_DEMO
LPD_CRE_MOODYS_V2,CRE lifetime PD by Moody's,Commercial Real Estate,moodys_band,Ba,Baseline,91,0.0023051475032651496,0.2309616004048064,V2,SYNTHETIC_DEMO
LPD_CRE_MOODYS_V2,CRE lifetime PD by Moody's,Commercial Real Estate,moodys_band,Ba,Baseline,92,0.0022985878626582607,0.23326018826746464,V2,SYNTHETIC_DEMO
LPD_CRE_MOODYS_V2,CRE lifetime PD by Moody's,Commercial Real Estate,moodys_band,Ba,Baseline,93,0.002292032461754841,0.23555222072921944,V2,SYNTHETIC_DEMO
LPD_CRE_MOODYS_V2,CRE lifetime PD by Moody's,Commercial Real Estate,moodys_band,Ba,Baseline,94,0.0022854819613595356,0.23783770269057902,V2,SYNTHETIC_DEMO
LPD_CRE_MOODYS_V2,CRE lifetime PD by Moody's,Commercial Real Estate,moodys_band,Ba,Baseline,95,0.0022789369909277414,0.24011663968150676,V2,SYNTHETIC_DEMO
LPD_CRE_MOODYS_V2,CRE lifetime PD by Moody's,Commercial Real Estate,moodys_band,Ba,Baseline,96,0.0022723981499372394,0.24238903783144405,V2,SYNTHETIC_DEMO
LPD_CRE_MOODYS_V2,CRE lifetime PD by Moody's,Commercial Real Estate,moodys_band,Ba,Baseline,97,0.002265866009201966,0.24465490384064603,V2,SYNTHETIC_DEMO
LPD_CRE_MOODYS_V2,CRE lifetime PD by Moody's,Commercial Real Estate,moodys_band,Ba,Baseline,98,0.002259341112126785,0.2469142449527728,V2,SYNTHETIC_DEMO
LPD_CRE_MOODYS_V2,CRE lifetime PD by Moody's,Commercial Real Estate,moodys_band,Ba,Baseline,99,0.0022528239759096063,0.24916706892868246,V2,SYNTHETIC_DEMO
LPD_CRE_MOODYS_V2,CRE lifetime PD by Moody's,Commercial Real Estate,moodys_band,Ba,Baseline,100,0.002246315092689649,0.25141338402137214,V2,SYNTHETIC_DEMO
LPD_CRE_MOODYS_V2,CRE lifetime PD by Moody's,Commercial Real Estate,moodys_band,Ba,Baseline,101,0.0022398149306469906,0.2536531989520191,V2,SYNTHETIC_DEMO
LPD_CRE_MOODYS_V2,CRE lifetime PD by Moody's,Commercial Real Estate,moodys_band,Ba,Baseline,102,0.002233323935053794,0.2558865228870729,V2,SYNTHETIC_DEMO
LPD_CRE_MOODYS_V2,CRE lifetime PD by Moody's,Commercial Real Estate,moodys_band,Ba,Baseline,103,0.0022268425292798328,0.25811336541635277,V2,SYNTHETIC_DEMO
LPD_CRE_MOODYS_V2,CRE lifetime PD by Moody's,Commercial Real Estate,moodys_band,Ba,Baseline,104,0.002220371115754236,0.260333736532107,V2,SYNTHETIC_DEMO
LPD_CRE_MOODYS_V2,CRE lifetime PD by Moody's,Commercial Real Estate,moodys_band,Ba,Baseline,105,0.0022139100768858873,0.2625476466089929,V2,SYNTHETIC_DEMO
LPD_CRE_MOODYS_V2,CRE lifetime PD by Moody's,Commercial Real Estate,moodys_band,Ba,Baseline,106,0.0022074597759429225,0.2647551063849358,V2,SYNTHETIC_DEMO
LPD_CRE_MOODYS_V2,CRE lifetime PD by Moody's,Commercial Real Estate,moodys_band,Ba,Baseline,107,0.002201020557894849,0.26695612694283066,V2,SYNTHETIC_DEMO
LPD_CRE_MOODYS_V2,CRE lifetime PD by Moody's,Commercial Real Estate,moodys_band,Ba,Baseline,108,0.002194592750217332,0.26915071969304805,V2,SYNTHETIC_DEMO
LPD_CRE_MOODYS_V2,CRE lifetime PD by Moody's,Commercial Real Estate,moodys_band,Ba,Baseline,109,0.002188176663662279,0.2713388963567104,V2,SYNTHETIC_DEMO
LPD_CRE_MOODYS_V2,CRE lifetime PD by Moody's,Commercial Real Estate,moodys_band,Ba,Baseline,110,0.0021817725929942763,0.2735206689497046,V2,SYNTHETIC_DEMO
LPD_CRE_MOODYS_V2,CRE lifetime PD by Moody's,Commercial Real Estate,moodys_band,Ba,Baseline,111,0.0021753808176950434,0.2756960497673997,V2,SYNTHETIC_DEMO
LPD_CRE_MOODYS_V2,CRE lifetime PD by Moody's,Commercial Real Estate,moodys_band,Ba,Baseline,112,0.0021690016026371427,0.2778650513700368,V2,SYNTHETIC_DEMO
LPD_CRE_MOODYS_V2,CRE lifetime PD by Moody's,Commercial Real Estate,moodys_band,Ba,Baseline,113,0.002162635198728241,0.2800276865687651,V2,SYNTHETIC_DEMO
LPD_CRE_MOODYS_V2,CRE lifetime PD by Moody's,Commercial Real Estate,moodys_band,Ba,Baseline,114,0.0021562818435275034,0.28218396841229254,V2,SYNTHETIC_DEMO
LPD_CRE_MOODYS_V2,CRE lifetime PD by Moody's,Commercial Real Estate,moodys_band,Ba,Baseline,115,0.002149941761834962,0.28433391017412746,V2,SYNTHETIC_DEMO
LPD_CRE_MOODYS_V2,CRE lifetime PD by Moody's,Commercial Real Estate,moodys_band,Ba,Baseline,116,0.002143615166254991,0.2864775253403824,V2,SYNTHETIC_DEMO
LPD_CRE_MOODYS_V2,CRE lifetime PD by Moody's,Commercial Real Estate,moodys_band,Ba,Baseline,117,0.002137302257736041,0.2886148275981184,V2,SYNTHETIC_DEMO
LPD_CRE_MOODYS_V2,CRE lifetime PD by Moody's,Commercial Real Estate,moodys_band,Ba,Baseline,118,0.0021310032260856487,0.290745830824204,V2,SYNTHETIC_DEMO
LPD_CRE_MOODYS_V2,CRE lifetime PD by Moody's,Commercial Real Estate,moodys_band,Ba,Baseline,119,0.002124718250463942,0.2928705490746679,V2,SYNTHETIC_DEMO
LPD_CRE_MOODYS_V2,CRE lifetime PD by Moody's,Commercial Real Estate,moodys_band,Ba,Baseline,120,0.0021184474998551753,0.29498899657452304,V2,SYNTHETIC_DEMO
LPD_CRE_MOODYS_V2,CRE lifetime PD by Moody's,Commercial Real Estate,moodys_band,B,Baseline,1,0.006075118286992254,0.006075118286992254,V2,SYNTHETIC_DEMO
LPD_CRE_MOODYS_V2,CRE lifetime PD by Moody's,Commercial Real Estate,moodys_band,B,Baseline,2,0.0060819066619656045,0.012157024948957873,V2,SYNTHETIC_DEMO
LPD_CRE_MOODYS_V2,CRE lifetime PD by Moody's,Commercial Real Estate,moodys_band,B,Baseline,3,0.006086366586215866,0.018243391535173736,V2,SYNTHETIC_DEMO
LPD_CRE_MOODYS_V2,CRE lifetime PD by Moody's,Commercial Real Estate,moodys_band,B,Baseline,4,0.006088613526700508,0.024332005061874273,V2,SYNTHETIC_DEMO
LPD_CRE_MOODYS_V2,CRE lifetime PD by Moody's,Commercial Real Estate,moodys_band,B,Baseline,5,0.0060887582399641645,0.030420763301838405,V2,SYNTHETIC_DEMO
LPD_CRE_MOODYS_V2,CRE lifetime PD by Moody's,Commercial Real Estate,moodys_band,B,Baseline,6,0.006086906923126389,0.03650767022496482,V2,SYNTHETIC_DEMO
LPD_CRE_MOODYS_V2,CRE lifetime PD by Moody's,Commercial Real Estate,moodys_band,B,Baseline,7,0.0060831613636378725,0.04259083158860266,V2,SYNTHETIC_DEMO
LPD_CRE_MOODYS_V2,CRE lifetime PD by Moody's,Commercial Real Estate,moodys_band,B,Baseline,8,0.006077619087400637,0.04866845067600334,V2,SYNTHETIC_DEMO
LPD_CRE_MOODYS_V2,CRE lifetime PD by Moody's,Commercial Real Estate,moodys_band,B,Baseline,9,0.006070373504904052,0.054738824180907364,V2,SYNTHETIC_DEMO
LPD_CRE_MOODYS_V2,CRE lifetime PD by Moody's,Commercial Real Estate,moodys_band,B,Baseline,10,0.006061514055073144,0.06080033823598052,V2,SYNTHETIC_DEMO
LPD_CRE_MOODYS_V2,CRE lifetime PD by Moody's,Commercial Real Estate,moodys_band,B,Baseline,11,0.006051126346572193,0.06685146458255276,V2,SYNTHETIC_DEMO
LPD_CRE_MOODYS_V2,CRE lifetime PD by Moody's,Commercial Real Estate,moodys_band,B,Baseline,12,0.006039292296342655,0.07289075687889546,V2,SYNTHETIC_DEMO
LPD_CRE_MOODYS_V2,CRE lifetime PD by Moody's,Commercial Real Estate,moodys_band,B,Baseline,13,0.006026090265195198,0.07891684714409064,V2,SYNTHETIC_DEMO
LPD_CRE_MOODYS_V2,CRE lifetime PD by Moody's,Commercial Real Estate,moodys_band,B,Baseline,14,0.00601159519030258,0.08492844233439323,V2,SYNTHETIC_DEMO
LPD_CRE_MOODYS_V2,CRE lifetime PD by Moody's,Commercial Real Estate,moodys_band,B,Baseline,15,0.005995878714475153,0.09092432104886838,V2,SYNTHETIC_DEMO
LPD_CRE_MOODYS_V2,CRE lifetime PD by Moody's,Commercial Real Estate,moodys_band,B,Baseline,16,0.00597900931212093,0.0969033303609893,V2,SYNTHETIC_DEMO
LPD_CRE_MOODYS_V2,CRE lifetime PD by Moody's,Commercial Real Estate,moodys_band,B,Baseline,17,0.005961052411821268,0.10286438277281063,V2,SYNTHETIC_DEMO
LPD_CRE_MOODYS_V2,CRE lifetime PD by Moody's,Commercial Real Estate,moodys_band,B,Baseline,18,0.0059420705154716565,0.10880645328828231,V2,SYNTHETIC_DEMO
LPD_CRE_MOODYS_V2,CRE lifetime PD by Moody's,Commercial Real Estate,moodys_band,B,Baseline,19,0.0059221233139549675,0.11472857660223723,V2,SYNTHETIC_DEMO
LPD_CRE_MOODYS_V2,CRE lifetime PD by Moody's,Commercial Real Estate,moodys_band,B,Baseline,20,0.005901267799333863,0.1206298444015711,V2,SYNTHETIC_DEMO
LPD_CRE_MOODYS_V2,CRE lifetime PD by Moody's,Commercial Real Estate,moodys_band,B,Baseline,21,0.005879558373562947,0.126509402775134,V2,SYNTHETIC_DEMO
LPD_CRE_MOODYS_V2,CRE lifetime PD by Moody's,Commercial Real Estate,moodys_band,B,Baseline,22,0.005857046953731442,0.13236644972886547,V2,SYNTHETIC_DEMO
LPD_CRE_MOODYS_V2,CRE lifetime PD by Moody's,Commercial Real Estate,moodys_band,B,Baseline,23,0.005833783073864882,0.1382002328027303,V2,SYNTHETIC_DEMO
LPD_CRE_MOODYS_V2,CRE lifetime PD by Moody's,Commercial Real Estate,moodys_band,B,Baseline,24,0.0058098139833167705,0.14401004678604712,V2,SYNTHETIC_DEMO
LPD_CRE_MOODYS_V2,CRE lifetime PD by Moody's,Commercial Real Estate,moodys_band,B,Baseline,25,0.005785184741796371,0.14979523152784346,V2,SYNTHETIC_DEMO
LPD_CRE_MOODYS_V2,CRE lifetime PD by Moody's,Commercial Real Estate,moodys_band,B,Baseline,26,0.00575993831108221,0.1555551698389257,V2,SYNTHETIC_DEMO
LPD_CRE_MOODYS_V2,CRE lifetime PD by Moody's,Commercial Real Estate,moodys_band,B,Baseline,27,0.005734115643478617,0.1612892854824043,V2,SYNTHETIC_DEMO
LPD_CRE_MOODYS_V2,CRE lifetime PD by Moody's,Commercial Real Estate,moodys_band,B,Baseline,28,0.0057077557670783445,0.16699704124948267,V2,SYNTHETIC_DEMO
LPD_CRE_MOODYS_V2,CRE lifetime PD by Moody's,Commercial Real Estate,moodys_band,B,Baseline,29,0.005680895867898096,0.17267793711738078,V2,SYNTHETIC_DEMO
LPD_CRE_MOODYS_V2,CRE lifetime PD by Moody's,Commercial Real Estate,moodys_band,B,Baseline,30,0.0056535713689580495,0.17833150848633883,V2,SYNTHETIC_DEMO
LPD_CRE_MOODYS_V2,CRE lifetime PD by Moody's,Commercial Real Estate,moodys_band,B,Baseline,31,0.005625816006378624,0.1839573244927174,V2,SYNTHETIC_DEMO
LPD_CRE_MOODYS_V2,CRE lifetime PD by Moody's,Commercial Real Estate,moodys_band,B,Baseline,32,0.005597661902572105,0.18955498639528956,V2,SYNTHETIC_DEMO
LPD_CRE_MOODYS_V2,CRE lifetime PD by Moody's,Commercial Real Estate,moodys_band,B,Baseline,33,0.005569139636605531,0.1951241260318951,V2,SYNTHETIC_DEMO
LPD_CRE_MOODYS_V2,CRE lifetime PD by Moody's,Commercial Real Estate,moodys_band,B,Baseline,34,0.005540278311814317,0.20066440434370947,V2,SYNTHETIC_DEMO
LPD_CRE_MOODYS_V2,CRE lifetime PD by Moody's,Commercial Real Estate,moodys_band,B,Baseline,35,0.005511105620747835,0.20617550996445733,V2,SYNTHETIC_DEMO
LPD_CRE_MOODYS_V2,CRE lifetime PD by Moody's,Commercial Real Estate,moodys_band,B,Baseline,36,0.0054816479075260926,0.21165715787198347,V2,SYNTHETIC_DEMO
LPD_CRE_MOODYS_V2,CRE lifetime PD by Moody's,Commercial Real Estate,moodys_band,B,Baseline,37,0.005451930227688187,0.21710908809967167,V2,SYNTHETIC_DEMO
LPD_CRE_MOODYS_V2,CRE lifetime PD by Moody's,Commercial Real Estate,moodys_band,B,Baseline,38,0.005421976405613216,0.22253106450528493,V2,SYNTHETIC_DEMO
LPD_CRE_MOODYS_V2,CRE lifetime PD by Moody's,Commercial Real Estate,moodys_band,B,Baseline,39,0.005391809089592777,0.22792287359487773,V2,SYNTHETIC_DEMO
LPD_CRE_MOODYS_V2,CRE lifetime PD by Moody's,Commercial Real Estate,moodys_band,B,Baseline,40,0.005361449804634075,0.23328432339951177,V2,SYNTHETIC_DEMO
LPD_CRE_MOODYS_V2,CRE lifetime PD by Moody's,Commercial Real Estate,moodys_band,B,Baseline,41,0.005330919003071101,0.23861524240258292,V2,SYNTHETIC_DEMO
LPD_CRE_MOODYS_V2,CRE lifetime PD by Moody's,Commercial Real Estate,moodys_band,B,Baseline,42,0.005300236113061518,0.24391547851564443,V2,SYNTHETIC_DEMO
LPD_CRE_MOODYS_V2,CRE lifetime PD by Moody's,Commercial Real Estate,moodys_band,B,Baseline,43,0.005269419585042841,0.24918489810068722,V2,SYNTHETIC_DEMO
LPD_CRE_MOODYS_V2,CRE lifetime PD by Moody's,Commercial Real Estate,moodys_band,B,Baseline,44,0.005238486936223939,0.2544233850369112,V2,SYNTHETIC_DEMO
LPD_CRE_MOODYS_V2,CRE lifetime PD by Moody's,Commercial Real Estate,moodys_band,B,Baseline,45,0.005207454793181934,0.25963083983009316,V2,SYNTHETIC_DEMO
LPD_CRE_MOODYS_V2,CRE lifetime PD by Moody's,Commercial Real Estate,moodys_band,B,Baseline,46,0.005176338932637359,0.2648071787627305,V2,SYNTHETIC_DEMO
LPD_CRE_MOODYS_V2,CRE lifetime PD by Moody's,Commercial Real Estate,moodys_band,B,Baseline,47,0.0051451543204743015,0.2699523330832049,V2,SYNTHETIC_DEMO
LPD_CRE_MOODYS_V2,CRE lifetime PD by Moody's,Commercial Real Estate,moodys_band,B,Baseline,48,0.0051139151490745705,0.27506624823227943,V2,SYNTHETIC_DEMO
LPD_CRE_MOODYS_V2,CRE lifetime PD by Moody's,Commercial Real Estate,moodys_band,B,Baseline,49,0.005082634873029932,0.2801488831053094,V2,SYNTHETIC_DEMO
LPD_CRE_MOODYS_V2,CRE lifetime PD by Moody's,Commercial Real Estate,moodys_band,B,Baseline,50,0.005051326243296816,0.28520020934860624,V2,SYNTHETIC_DEMO
LPD_CRE_MOODYS_V2,CRE lifetime PD by Moody's,Commercial Real Estate,moodys_band,B,Baseline,51,0.0050200013398544125,0.2902202106884606,V2,SYNTHETIC_DEMO
LPD_CRE_MOODYS_V2,CRE lifetime PD by Moody's,Commercial Real Estate,moodys_band,B,Baseline,52,0.004988671602926514,0.2952088822913871,V2,SYNTHETIC_DEMO
LPD_CRE_MOODYS_V2,CRE lifetime PD by Moody's,Commercial Real Estate,moodys_band,B,Baseline,53,0.004957347862824559,0.3001662301542116,V2,SYNTHETIC_DEMO
LPD_CRE_MOODYS_V2,CRE lifetime PD by Moody's,Commercial Real Estate,moodys_band,B,Baseline,54,0.004926040368468181,0.30509227052267984,V2,SYNTHETIC_DEMO
LPD_CRE_MOODYS_V2,CRE lifetime PD by Moody's,Commercial Real Estate,moodys_band,B,Baseline,55,0.0048947588146372074,0.30998702933731703,V2,SYNTHETIC_DEMO
LPD_CRE_MOODYS_V2,CRE lifetime PD by Moody's,Commercial Real Estate,moodys_band,B,Baseline,56,0.004863512368008326,0.31485054170532534,V2,SYNTHETIC_DEMO
LPD_CRE_MOODYS_V2,CRE lifetime PD by Moody's,Commercial Real Estate,moodys_band,B,Baseline,57,0.00483230969202509,0.3196828513973504,V2,SYNTHETIC_DEMO
LPD_CRE_MOODYS_V2,CRE lifetime PD by Moody's,Commercial Real Estate,moodys_band,B,Baseline,58,0.004801158970652452,0.3244840103680029,V2,SYNTHETIC_DEMO
LPD_CRE_MOODYS_V2,CRE lifetime PD by Moody's,Commercial Real Estate,moodys_band,B,Baseline,59,0.004770067931060599,0.3292540782990635,V2,SYNTHETIC_DEMO
LPD_CRE_MOODYS_V2,CRE lifetime PD by Moody's,Commercial Real Estate,moodys_band,B,Baseline,60,0.004739043865285565,0.33399312216434907,V2,SYNTHETIC_DEMO
LPD_CRE_MOODYS_V2,CRE lifetime PD by Moody's,Commercial Real Estate,moodys_band,B,Baseline,61,0.004708093650907943,0.33870121581525703,V2,SYNTHETIC_DEMO
LPD_CRE_MOODYS_V2,CRE lifetime PD by Moody's,Commercial Real Estate,moodys_band,B,Baseline,62,0.004677223770793696,0.34337843958605074,V2,SYNTHETIC_DEMO
LPD_CRE_MOODYS_V2,CRE lifetime PD by Moody's,Commercial Real Estate,moodys_band,B,Baseline,63,0.004646440331936745,0.3480248799179875,V2,SYNTHETIC_DEMO
LPD_CRE_MOODYS_V2,CRE lifetime PD by Moody's,Commercial Real Estate,moodys_band,B,Baseline,64,0.004615749083441466,0.3526406290014289,V2,SYNTHETIC_DEMO
LPD_CRE_MOODYS_V2,CRE lifetime PD by Moody's,Commercial Real Estate,moodys_band,B,Baseline,65,0.004585155433683645,0.35722578443511255,V2,SYNTHETIC_DEMO
LPD_CRE_MOODYS_V2,CRE lifetime PD by Moody's,Commercial Real Estate,moodys_band,B,Baseline,66,0.004554664466685369,0.36178044890179795,V2,SYNTHETIC_DEMO
LPD_CRE_MOODYS_V2,CRE lifetime PD by Moody's,Commercial Real Estate,moodys_band,B,Baseline,67,0.004524280957737621,0.36630472985953555,V2,SYNTHETIC_DEMO
LPD_CRE_MOODYS_V2,CRE lifetime PD by Moody's,Commercial Real Estate,moodys_band,B,Baseline,68,0.004494009388304404,0.3707987392478399,V2,SYNTHETIC_DEMO
LPD_CRE_MOODYS_V2,CRE lifetime PD by Moody's,Commercial Real Estate,moodys_band,B,Baseline,69,0.0044638539602404525,0.3752625932080803,V2,SYNTHETIC_DEMO
LPD_CRE_MOODYS_V2,CRE lifetime PD by Moody's,Commercial Real Estate,moodys_band,B,Baseline,70,0.004433818609351448,0.37969641181743174,V2,SYNTHETIC_DEMO
LPD_CRE_MOODYS_V2,CRE lifetime PD by Moody's,Commercial Real Estate,moodys_band,B,Baseline,71,0.004403907018327831,0.38410031883575957,V2,SYNTHETIC_DEMO
LPD_CRE_MOODYS_V2,CRE lifetime PD by Moody's,Commercial Real Estate,moodys_band,B,Baseline,72,0.004374122629078893,0.38847444146483845,V2,SYNTHETIC_DEMO
LPD_CRE_MOODYS_V2,CRE lifetime PD by Moody's,Commercial Real Estate,moodys_band,B,Baseline,73,0.004344468654493897,0.39281891011933234,V2,SYNTHETIC_DEMO
LPD_CRE_MOODYS_V2,CRE lifetime PD by Moody's,Commercial Real Estate,moodys_band,B,Baseline,74,0.004314948089657474,0.39713385820898983,V2,SYNTHETIC_DEMO
LPD_CRE_MOODYS_V2,CRE lifetime PD by Moody's,Commercial Real Estate,moodys_band,B,Baseline,75,0.004285563722541575,0.40141942193153146,V2,SYNTHETIC_DEMO
LPD_CRE_MOODYS_V2,CRE lifetime PD by Moody's,Commercial Real Estate,moodys_band,B,Baseline,76,0.0042563181441995415,0.40567574007573104,V2,SYNTHETIC_DEMO
LPD_CRE_MOODYS_V2,CRE lifetime PD by Moody's,Commercial Real Estate,moodys_band,B,Baseline,77,0.004227213758483528,0.4099029538342146,V2,SYNTHETIC_DEMO
LPD_CRE_MOODYS_V2,CRE lifetime PD by Moody's,Commercial Real Estate,moodys_band,B,Baseline,78,0.004198252791308084,0.41410120662552263,V2,SYNTHETIC_DEMO
LPD_CRE_MOODYS_V2,CRE lifetime PD by Moody's,Commercial Real Estate,moodys_band,B,Baseline,79,0.004169437299478772,0.41827064392500135,V2,SYNTHETIC_DEMO
LPD_CRE_MOODYS_V2,CRE lifetime PD by Moody's,Commercial Real Estate,moodys_band,B,Baseline,80,0.004140769179107894,0.42241141310410923,V2,SYNTHETIC_DEMO
LPD_CRE_MOODYS_V2,CRE lifetime PD by Moody's,Commercial Real Estate,moodys_band,B,Baseline,81,0.004112250173633739,0.42652366327774294,V2,SYNTHETIC_DEMO
LPD_CRE_MOODYS_V2,CRE lifetime PD by Moody's,Commercial Real Estate,moodys_band,B,Baseline,82,0.004083881881463704,0.43060754515920663,V2,SYNTHETIC_DEMO
LPD_CRE_MOODYS_V2,CRE lifetime PD by Moody's,Commercial Real Estate,moodys_band,B,Baseline,83,0.004055665763256754,0.4346632109224634,V2,SYNTHETIC_DEMO
LPD_CRE_MOODYS_V2,CRE lifetime PD by Moody's,Commercial Real Estate,moodys_band,B,Baseline,84,0.004027603148863019,0.4386908140713264,V2,SYNTHETIC_DEMO
LPD_CRE_MOODYS_V2,CRE lifetime PD by Moody's,Commercial Real Estate,moodys_band,B,Baseline,85,0.003999695243935589,0.442690509315262,V2,SYNTHETIC_DEMO
LPD_CRE_MOODYS_V2,CRE lifetime PD by Moody's,Commercial Real Estate,moodys_band,B,Baseline,86,0.00397194313622962,0.4466624524514916,V2,SYNTHETIC_DEMO
LPD_CRE_MOODYS_V2,CRE lifetime PD by Moody's,Commercial Real Estate,moodys_band,B,Baseline,87,0.003944347801603774,0.4506068002530954,V2,SYNTHETIC_DEMO
LPD_CRE_MOODYS_V2,CRE lifetime PD by Moody's,Commercial Real Estate,moodys_band,B,Baseline,88,0.0039169101097367475,0.4545237103628321,V2,SYNTHETIC_DEMO
LPD_CRE_MOODYS_V2,CRE lifetime PD by Moody's,Commercial Real Estate,moodys_band,B,Baseline,89,0.0038896308295735113,0.4584133411924056,V2,SYNTHETIC_DEMO
LPD_CRE_MOODYS_V2,CRE lifetime PD by Moody's,Commercial Real Estate,moodys_band,B,Baseline,90,0.0038625106345117947,0.46227585182691744,V2,SYNTHETIC_DEMO
LPD_CRE_MOODYS_V2,CRE lifetime PD by Moody's,Commercial Real Estate,moodys_band,B,Baseline,91,0.0038355501073430503,0.4661114019342605,V2,SYNTHETIC_DEMO
LPD_CRE_MOODYS_V2,CRE lifetime PD by Moody's,Commercial Real Estate,moodys_band,B,Baseline,92,0.003808749744957447,0.46992015167921797,V2,SYNTHETIC_DEMO
LPD_CRE_MOODYS_V2,CRE lifetime PD by Moody's,Commercial Real Estate,moodys_band,B,Baseline,93,0.003782109962825085,0.4737022616420431,V2,SYNTHETIC_DEMO
LPD_CRE_MOODYS_V2,CRE lifetime PD by Moody's,Commercial Real Estate,moodys_band,B,Baseline,94,0.0037556310992635338,0.4774578927413067,V2,SYNTHETIC_DEMO
LPD_CRE_MOODYS_V2,CRE lifetime PD by Moody's,Commercial Real Estate,moodys_band,B,Baseline,95,0.0037293134195009797,0.4811872061608077,V2,SYNTHETIC_DEMO
LPD_CRE_MOODYS_V2,CRE lifetime PD by Moody's,Commercial Real Estate,moodys_band,B,Baseline,96,0.0037031571195456584,0.4848903632803533,V2,SYNTHETIC_DEMO
LPD_CRE_MOODYS_V2,CRE lifetime PD by Moody's,Commercial Real Estate,moodys_band,B,Baseline,97,0.0036771623298698323,0.4885675256102231,V2,SYNTHETIC_DEMO
LPD_CRE_MOODYS_V2,CRE lifetime PD by Moody's,Commercial Real Estate,moodys_band,B,Baseline,98,0.003651329118917172,0.4922188547291403,V2,SYNTHETIC_DEMO
LPD_CRE_MOODYS_V2,CRE lifetime PD by Moody's,Commercial Real Estate,moodys_band,B,Baseline,99,0.0036256574964420277,0.49584451222558235,V2,SYNTHETIC_DEMO
LPD_CRE_MOODYS_V2,CRE lifetime PD by Moody's,Commercial Real Estate,moodys_band,B,Baseline,100,0.0036001474166879916,0.49944465964227036,V2,SYNTHETIC_DEMO
LPD_CRE_MOODYS_V2,CRE lifetime PD by Moody's,Commercial Real Estate,moodys_band,B,Baseline,101,0.003574798781413797,0.5030194584236842,V2,SYNTHETIC_DEMO
LPD_CRE_MOODYS_V2,CRE lifetime PD by Moody's,Commercial Real Estate,moodys_band,B,Baseline,102,0.003549611442773762,0.506569069866458,V2,SYNTHETIC_DEMO
LPD_CRE_MOODYS_V2,CRE lifetime PD by Moody's,Commercial Real Estate,moodys_band,B,Baseline,103,0.0035245852060585676,0.5100936550725166,V2,SYNTHETIC_DEMO
LPD_CRE_MOODYS_V2,CRE lifetime PD by Moody's,Commercial Real Estate,moodys_band,B,Baseline,104,0.003499719832304775,0.5135933749048214,V2,SYNTHETIC_DEMO
LPD_CRE_MOODYS_V2,CRE lifetime PD by Moody's,Commercial Real Estate,moodys_band,B,Baseline,105,0.0034750150407772407,0.5170683899455986,V2,SYNTHETIC_DEMO
LPD_CRE_MOODYS_V2,CRE lifetime PD by Moody's,Commercial Real Estate,moodys_band,B,Baseline,106,0.0034504705113321543,0.5205188604569307,V2,SYNTHETIC_DEMO
LPD_CRE_MOODYS_V2,CRE lifetime PD by Moody's,Commercial Real Estate,moodys_band,B,Baseline,107,0.0034260858866652206,0.5239449463435959,V2,SYNTHETIC_DEMO
LPD_CRE_MOODYS_V2,CRE lifetime PD by Moody's,Commercial Real Estate,moodys_band,B,Baseline,108,0.0034018607744506517,0.5273468071180466,V2,SYNTHETIC_DEMO
LPD_CRE_MOODYS_V2,CRE lifetime PD by Moody's,Commercial Real Estate,moodys_band,B,Baseline,109,0.003377794749376533,0.5307246018674232,V2,SYNTHETIC_DEMO
LPD_CRE_MOODYS_V2,CRE lifetime PD by Moody's,Commercial Real Estate,moodys_band,B,Baseline,110,0.003353887355080873,0.534078489222504,V2,SYNTHETIC_DEMO
LPD_CRE_MOODYS_V2,CRE lifetime PD by Moody's,Commercial Real Estate,moodys_band,B,Baseline,111,0.0033301381059935,0.5374086273284975,V2,SYNTHETIC_DEMO
LPD_CRE_MOODYS_V2,CRE lifetime PD by Moody's,Commercial Real Estate,moodys_band,B,Baseline,112,0.0033065464890879924,0.5407151738175855,V2,SYNTHETIC_DEMO
LPD_CRE_MOODYS_V2,CRE lifetime PD by Moody's,Commercial Real Estate,moodys_band,B,Baseline,113,0.0032831119655479008,0.5439982857831334,V2,SYNTHETIC_DEMO
LPD_CRE_MOODYS_V2,CRE lifetime PD by Moody's,Commercial Real Estate,moodys_band,B,Baseline,114,0.0032598339723516707,0.5472581197554851,V2,SYNTHETIC_DEMO
LPD_CRE_MOODYS_V2,CRE lifetime PD by Moody's,Commercial Real Estate,moodys_band,B,Baseline,115,0.0032367119237795457,0.5504948316792646,V2,SYNTHETIC_DEMO
LPD_CRE_MOODYS_V2,CRE lifetime PD by Moody's,Commercial Real Estate,moodys_band,B,Baseline,116,0.0032137452128465868,0.5537085768921113,V2,SYNTHETIC_DEMO
LPD_CRE_MOODYS_V2,CRE lifetime PD by Moody's,Commercial Real Estate,moodys_band,B,Baseline,117,0.003190933212665235,0.5568995101047765,V2,SYNTHETIC_DEMO
LPD_CRE_MOODYS_V2,CRE lifetime PD by Moody's,Commercial Real Estate,moodys_band,B,Baseline,118,0.0031682752777407275,0.5600677853825171,V2,SYNTHETIC_DEMO
LPD_CRE_MOODYS_V2,CRE lifetime PD by Moody's,Commercial Real Estate,moodys_band,B,Baseline,119,0.0031457707452023503,0.5632135561277195,V2,SYNTHETIC_DEMO
LPD_CRE_MOODYS_V2,CRE lifetime PD by Moody's,Commercial Real Estate,moodys_band,B,Baseline,120,0.0031234189359739223,0.5663369750636934,V2,SYNTHETIC_DEMO
LPD_CRE_MOODYS_V2,CRE lifetime PD by Moody's,Commercial Real Estate,moodys_band,Caa,Baseline,1,0.01653385316926459,0.01653385316926459,V2,SYNTHETIC_DEMO
LPD_CRE_MOODYS_V2,CRE lifetime PD by Moody's,Commercial Real Estate,moodys_band,Caa,Baseline,2,0.016385440245751833,0.032919293415016426,V2,SYNTHETIC_DEMO
LPD_CRE_MOODYS_V2,CRE lifetime PD by Moody's,Commercial Real Estate,moodys_band,Caa,Baseline,3,0.016230467206230528,0.049149760621246985,V2,SYNTHETIC_DEMO
LPD_CRE_MOODYS_V2,CRE lifetime PD by Moody's,Commercial Real Estate,moodys_band,Caa,Baseline,4,0.01606952791322647,0.06521928853447345,V2,SYNTHETIC_DEMO
LPD_CRE_MOODYS_V2,CRE lifetime PD by Moody's,Commercial Real Estate,moodys_band,Caa,Baseline,5,0.01590318591531803,0.08112247444979148,V2,SYNTHETIC_DEMO
LPD_CRE_MOODYS_V2,CRE lifetime PD by Moody's,Commercial Real Estate,moodys_band,Caa,Baseline,6,0.01573197536751339,0.09685444981730484,V2,SYNTHETIC_DEMO
LPD_CRE_MOODYS_V2,CRE lifetime PD by Moody's,Commercial Real Estate,moodys_band,Caa,Baseline,7,0.015556401978153542,0.1124108517954584,V2,SYNTHETIC_DEMO
LPD_CRE_MOODYS_V2,CRE lifetime PD by Moody's,Commercial Real Estate,moodys_band,Caa,Baseline,8,0.015376943974509012,0.12778779576996746,V2,SYNTHETIC_DEMO
LPD_CRE_MOODYS_V2,CRE lifetime PD by Moody's,Commercial Real Estate,moodys_band,Caa,Baseline,9,0.015194053080094768,0.14298184885006227,V2,SYNTHETIC_DEMO
LPD_CRE_MOODYS_V2,CRE lifetime PD by Moody's,Commercial Real Estate,moodys_band,Caa,Baseline,10,0.015008155497513966,0.15799000434757626,V2,SYNTHETIC_DEMO
LPD_CRE_MOODYS_V2,CRE lifetime PD by Moody's,Commercial Real Estate,moodys_band,Caa,Baseline,11,0.014819652891374721,0.17280965723895103,V2,SYNTHETIC_DEMO
LPD_CRE_MOODYS_V2,CRE lifetime PD by Moody's,Commercial Real Estate,moodys_band,Caa,Baseline,12,0.014628923366496007,0.18743858060544705,V2,SYNTHETIC_DEMO
LPD_CRE_MOODYS_V2,CRE lifetime PD by Moody's,Commercial Real Estate,moodys_band,Caa,Baseline,13,0.01443632243723216,0.2018749030426792,V2,SYNTHETIC_DEMO
LPD_CRE_MOODYS_V2,CRE lifetime PD by Moody's,Commercial Real Estate,moodys_band,Caa,Baseline,14,0.014242183984313286,0.2161170870269925,V2,SYNTHETIC_DEMO
LPD_CRE_MOODYS_V2,CRE lifetime PD by Moody's,Commercial Real Estate,moodys_band,Caa,Baseline,15,0.014046821196110873,0.2301639082231034,V2,SYNTHETIC_DEMO
LPD_CRE_MOODYS_V2,CRE lifetime PD by Moody's,Commercial Real Estate,moodys_band,Caa,Baseline,16,0.013850527491703995,0.2440144357148074,V2,SYNTHETIC_DEMO
LPD_CRE_MOODYS_V2,CRE lifetime PD by Moody's,Commercial Real Estate,moodys_band,Caa,Baseline,17,0.013653577423547378,0.25766801313835475,V2,SYNTHETIC_DEMO
LPD_CRE_MOODYS_V2,CRE lifetime PD by Moody's,Commercial Real Estate,moodys_band,Caa,Baseline,18,0.013456227557921831,0.2711242406962766,V2,SYNTHETIC_DEMO
LPD_CRE_MOODYS_V2,CRE lifetime PD by Moody's,Commercial Real Estate,moodys_band,Caa,Baseline,19,0.01325871733169133,0.284382958027968,V2,SYNTHETIC_DEMO
LPD_CRE_MOODYS_V2,CRE lifetime PD by Moody's,Commercial Real Estate,moodys_band,Caa,Baseline,20,0.01306126988420085,0.29744422791216885,V2,SYNTHETIC_DEMO
LPD_CRE_MOODYS_V2,CRE lifetime PD by Moody's,Commercial Real Estate,moodys_band,Caa,Baseline,21,0.012864092863421933,0.3103083207755908,V2,SYNTHETIC_DEMO
LPD_CRE_MOODYS_V2,CRE lifetime PD by Moody's,Commercial Real Estate,moodys_band,Caa,Baseline,22,0.012667379205698437,0.32297569998128917,V2,SYNTHETIC_DEMO
LPD_CRE_MOODYS_V2,CRE lifetime PD by Moody's,Commercial Real Estate,moodys_band,Caa,Baseline,23,0.012471307888661787,0.33544700786995096,V2,SYNTHETIC_DEMO
LPD_CRE_MOODYS_V2,CRE lifetime PD by Moody's,Commercial Real Estate,moodys_band,Caa,Baseline,24,0.012276044657075946,0.34772305252702695,V2,SYNTHETIC_DEMO
LPD_CRE_MOODYS_V2,CRE lifetime PD by Moody's,Commercial Real Estate,moodys_band,Caa,Baseline,25,0.012081742721539739,0.3598047952485667,V2,SYNTHETIC_DEMO
LPD_CRE_MOODYS_V2,CRE lifetime PD by Moody's,Commercial Real Estate,moodys_band,Caa,Baseline,26,0.011888543430121147,0.3716933386786878,V2,SYNTHETIC_DEMO
LPD_CRE_MOODYS_V2,CRE lifetime PD by Moody's,Commercial Real Estate,moodys_band,Caa,Baseline,27,0.011696576913124769,0.38338991559181257,V2,SYNTHETIC_DEMO
LPD_CRE_MOODYS_V2,CRE lifetime PD by Moody's,Commercial Real Estate,moodys_band,Caa,Baseline,28,0.01150596270130197,0.39489587829311457,V2,SYNTHETIC_DEMO
LPD_CRE_MOODYS_V2,CRE lifetime PD by Moody's,Commercial Real Estate,moodys_band,Caa,Baseline,29,0.011316810317908717,0.40621268861102333,V2,SYNTHETIC_DEMO
LPD_CRE_MOODYS_V2,CRE lifetime PD by Moody's,Commercial Real Estate,moodys_band,Caa,Baseline,30,0.011129219845093186,0.4173419084561165,V2,SYNTHETIC_DEMO
LPD_CRE_MOODYS_V2,CRE lifetime PD by Moody's,Commercial Real Estate,moodys_band,Caa,Baseline,31,0.010943282465161814,0.42828519092127837,V2,SYNTHETIC_DEMO
LPD_CRE_MOODYS_V2,CRE lifetime PD by Moody's,Commercial Real Estate,moodys_band,Caa,Baseline,32,0.010759080977327182,0.4390442718986055,V2,SYNTHETIC_DEMO
LPD_CRE_MOODYS_V2,CRE lifetime PD by Moody's,Commercial Real Estate,moodys_band,Caa,Baseline,33,0.010576690290585508,0.449620962189191,V2,SYNTHETIC_DEMO
LPD_CRE_MOODYS_V2,CRE lifetime PD by Moody's,Commercial Real Estate,moodys_band,Caa,Baseline,34,0.010396177893405165,0.4600171400825962,V2,SYNTHETIC_DEMO
LPD_CRE_MOODYS_V2,CRE lifetime PD by Moody's,Commercial Real Estate,moodys_band,Caa,Baseline,35,0.010217604300935653,0.47023474438353186,V2,SYNTHETIC_DEMO
LPD_CRE_MOODYS_V2,CRE lifetime PD by Moody's,Commercial Real Estate,moodys_band,Caa,Baseline,36,0.010041023480465351,0.48027576786399717,V2,SYNTHETIC_DEMO
LPD_CRE_MOODYS_V2,CRE lifetime PD by Moody's,Commercial Real Estate,moodys_band,Caa,Baseline,37,0.009866483255869144,0.4901422511198663,V2,SYNTHETIC_DEMO
LPD_CRE_MOODYS_V2,CRE lifetime PD by Moody's,Commercial Real Estate,moodys_band,Caa,Baseline,38,0.00969402569179473,0.4998362768116611,V2,SYNTHETIC_DEMO
LPD_CRE_MOODYS_V2,CRE lifetime PD by Moody's,Commercial Real Estate,moodys_band,Caa,Baseline,39,0.009523687458339215,0.5093599642700003,V2,SYNTHETIC_DEMO
LPD_CRE_MOODYS_V2,CRE lifetime PD by Moody's,Commercial Real Estate,moodys_band,Caa,Baseline,40,0.00935550017696535,0.5187154644469656,V2,SYNTHETIC_DEMO
LPD_CRE_MOODYS_V2,CRE lifetime PD by Moody's,Commercial Real Estate,moodys_band,Caa,Baseline,41,0.00918949074840155,0.5279049551953672,V2,SYNTHETIC_DEMO
LPD_CRE_MOODYS_V2,CRE lifetime PD by Moody's,Commercial Real Estate,moodys_band,Caa,Baseline,42,0.009025681663261906,0.5369306368586291,V2,SYNTHETIC_DEMO
LPD_CRE_MOODYS_V2,CRE lifetime PD by Moody's,Commercial Real Estate,moodys_band,Caa,Baseline,43,0.008864091296110441,0.5457947281547395,V2,SYNTHETIC_DEMO
LPD_CRE_MOODYS_V2,CRE lifetime PD by Moody's,Commercial Real Estate,moodys_band,Caa,Baseline,44,0.008704734183680556,0.5544994623384201,V2,SYNTHETIC_DEMO
LPD_CRE_MOODYS_V2,CRE lifetime PD by Moody's,Commercial Real Estate,moodys_band,Caa,Baseline,45,0.00854762128794578,0.5630470836263659,V2,SYNTHETIC_DEMO
LPD_CRE_MOODYS_V2,CRE lifetime PD by Moody's,Commercial Real Estate,moodys_band,Caa,Baseline,46,0.008392760244720935,0.5714398438710868,V2,SYNTHETIC_DEMO
LPD_CRE_MOODYS_V2,CRE lifetime PD by Moody's,Commercial Real Estate,moodys_band,Caa,Baseline,47,0.008240155598454266,0.579679999469541,V2,SYNTHETIC_DEMO
LPD_CRE_MOODYS_V2,CRE lifetime PD by Moody's,Commercial Real Estate,moodys_band,Caa,Baseline,48,0.008089809023852765,0.5877698084933938,V2,SYNTHETIC_DEMO
LPD_CRE_MOODYS_V2,CRE lifetime PD by Moody's,Commercial Real Estate,moodys_band,Caa,Baseline,49,0.00794171953496259,0.5957115280283564,V2,SYNTHETIC_DEMO
LPD_CRE_MOODYS_V2,CRE lifetime PD by Moody's,Commercial Real Estate,moodys_band,Caa,Baseline,50,0.007795883682306725,0.6035074117106631,V2,SYNTHETIC_DEMO
LPD_CRE_MOODYS_V2,CRE lifetime PD by Moody's,Commercial Real Estate,moodys_band,Caa,Baseline,51,0.007652295738660546,0.6111597074493236,V2,SYNTHETIC_DEMO
LPD_CRE_MOODYS_V2,CRE lifetime PD by Moody's,Commercial Real Estate,moodys_band,Caa,Baseline,52,0.0075109478740263864,0.6186706553233501,V2,SYNTHETIC_DEMO
LPD_CRE_MOODYS_V2,CRE lifetime PD by Moody's,Commercial Real Estate,moodys_band,Caa,Baseline,53,0.007371830320345816,0.6260424856436959,V2,SYNTHETIC_DEMO
LPD_CRE_MOODYS_V2,CRE lifetime PD by Moody's,Commercial Real Estate,moodys_band,Caa,Baseline,54,0.007234931526468865,0.6332774171701647,V2,SYNTHETIC_DEMO
LPD_CRE_MOODYS_V2,CRE lifetime PD by Moody's,Commercial Real Estate,moodys_band,Caa,Baseline,55,0.0071002383038778465,0.6403776554740426,V2,SYNTHETIC_DEMO
LPD_CRE_MOODYS_V2,CRE lifetime PD by Moody's,Commercial Real Estate,moodys_band,Caa,Baseline,56,0.0069677359636434255,0.647345391437686,V2,SYNTHETIC_DEMO
LPD_CRE_MOODYS_V2,CRE lifetime PD by Moody's,Commercial Real Estate,moodys_band,Caa,Baseline,57,0.006837408445070794,0.6541827998827567,V2,SYNTHETIC_DEMO
LPD_CRE_MOODYS_V2,CRE lifetime PD by Moody's,Commercial Real Estate,moodys_band,Caa,Baseline,58,0.006709238436473139,0.6608920383192299,V2,SYNTHETIC_DEMO
LPD_CRE_MOODYS_V2,CRE lifetime PD by Moody's,Commercial Real Estate,moodys_band,Caa,Baseline,59,0.006583207488491599,0.6674752458077216,V2,SYNTHETIC_DEMO
LPD_CRE_MOODYS_V2,CRE lifetime PD by Moody's,Commercial Real Estate,moodys_band,Caa,Baseline,60,0.006459296120361398,0.6739345419280829,V2,SYNTHETIC_DEMO
LPD_CRE_MOODYS_V2,CRE lifetime PD by Moody's,Commercial Real Estate,moodys_band,Caa,Baseline,61,0.006337483919505289,0.6802720258475883,V2,SYNTHETIC_DEMO
LPD_CRE_MOODYS_V2,CRE lifetime PD by Moody's,Commercial Real Estate,moodys_band,Caa,Baseline,62,0.006217749634818969,0.6864897754824072,V2,SYNTHETIC_DEMO
LPD_CRE_MOODYS_V2,CRE lifetime PD by Moody's,Commercial Real Estate,moodys_band,Caa,Baseline,63,0.006100071263994356,0.6925898467464016,V2,SYNTHETIC_DEMO
LPD_CRE_MOODYS_V2,CRE lifetime PD by Moody's,Commercial Real Estate,moodys_band,Caa,Baseline,64,0.0059844261352114975,0.6985742728816131,V2,SYNTHETIC_DEMO
LPD_CRE_MOODYS_V2,CRE lifetime PD by Moody's,Commercial Real Estate,moodys_band,Caa,Baseline,65,0.005870790983512686,0.7044450638651257,V2,SYNTHETIC_DEMO
LPD_CRE_MOODYS_V2,CRE lifetime PD by Moody's,Commercial Real Estate,moodys_band,Caa,Baseline,66,0.005759142022157952,0.7102042058872837,V2,SYNTHETIC_DEMO
LPD_CRE_MOODYS_V2,CRE lifetime PD by Moody's,Commercial Real Estate,moodys_band,Caa,Baseline,67,0.005649455009245393,0.7158536608965291,V2,SYNTHETIC_DEMO
LPD_CRE_MOODYS_V2,CRE lifetime PD by Moody's,Commercial Real Estate,moodys_band,Caa,Baseline,68,0.005541705309866217,0.7213953662063952,V2,SYNTHETIC_DEMO
LPD_CRE_MOODYS_V2,CRE lifetime PD by Moody's,Commercial Real Estate,moodys_band,Caa,Baseline,69,0.005435867954049986,0.7268312341604453,V2,SYNTHETIC_DEMO
LPD_CRE_MOODYS_V2,CRE lifetime PD by Moody's,Commercial Real Estate,moodys_band,Caa,Baseline,70,0.005331917690743473,0.7321631518511887,V2,SYNTHETIC_DEMO
LPD_CRE_MOODYS_V2,CRE lifetime PD by Moody's,Commercial Real Estate,moodys_band,Caa,Baseline,71,0.005229829038052631,0.7373929808892414,V2,SYNTHETIC_DEMO
LPD_CRE_MOODYS_V2,CRE lifetime PD by Moody's,Commercial Real Estate,moodys_band,Caa,Baseline,72,0.005129576329966438,0.7425225572192078,V2,SYNTHETIC_DEMO
LPD_CRE_MOODYS_V2,CRE lifetime PD by Moody's,Commercial Real Estate,moodys_band,Caa,Baseline,73,0.005031133759768774,0.7475536909789766,V2,SYNTHETIC_DEMO
LPD_CRE_MOODYS_V2,CRE lifetime PD by Moody's,Commercial Real Estate,moodys_band,Caa,Baseline,74,0.004934475420334792,0.7524881663993114,V2,SYNTHETIC_DEMO
LPD_CRE_MOODYS_V2,CRE lifetime PD by Moody's,Commercial Real Estate,moodys_band,Caa,Baseline,75,0.004839575341496219,0.7573277417408075,V2,SYNTHETIC_DEMO
LPD_CRE_MOODYS_V2,CRE lifetime PD by Moody's,Commercial Real Estate,moodys_band,Caa,Baseline,76,0.004746407524651421,0.762074149265459,V2,SYNTHETIC_DEMO
LPD_CRE_MOODYS_V2,CRE lifetime PD by Moody's,Commercial Real Estate,moodys_band,Caa,Baseline,77,0.004654945974785926,0.7667290952402449,V2,SYNTHETIC_DEMO
LPD_CRE_MOODYS_V2,CRE lifetime PD by Moody's,Commercial Real Estate,moodys_band,Caa,Baseline,78,0.004565164730060026,0.771294259970305,V2,SYNTHETIC_DEMO
LPD_CRE_MOODYS_V2,CRE lifetime PD by Moody's,Commercial Real Estate,moodys_band,Caa,Baseline,79,0.004477037889111508,0.7757712978594165,V2,SYNTHETIC_DEMO
LPD_CRE_MOODYS_V2,CRE lifetime PD by Moody's,Commercial Real Estate,moodys_band,Caa,Baseline,80,0.004390539636213718,0.7801618374956302,V2,SYNTHETIC_DEMO
LPD_CRE_MOODYS_V2,CRE lifetime PD by Moody's,Commercial Real Estate,moodys_band,Caa,Baseline,81,0.004305644264420982,0.7844674817600511,V2,SYNTHETIC_DEMO
LPD_CRE_MOODYS_V2,CRE lifetime PD by Moody's,Commercial Real Estate,moodys_band,Caa,Baseline,82,0.004222326196825972,0.7886898079568772,V2,SYNTHETIC_DEMO
LPD_CRE_MOODYS_V2,CRE lifetime PD by Moody's,Commercial Real Estate,moodys_band,Caa,Baseline,83,0.004140560006047078,0.7928303679629242,V2,SYNTHETIC_DEMO
LPD_CRE_MOODYS_V2,CRE lifetime PD by Moody's,Commercial Real Estate,moodys_band,Caa,Baseline,84,0.004060320432056745,0.7968906883949809,V2,SYNTHETIC_DEMO
LPD_CRE_MOODYS_V2,CRE lifetime PD by Moody's,Commercial Real Estate,moodys_band,Caa,Baseline,85,0.003981582398455537,0.8008722707934365,V2,SYNTHETIC_DEMO
LPD_CRE_MOODYS_V2,CRE lifetime PD by Moody's,Commercial Real Estate,moodys_band,Caa,Baseline,86,0.0039043210272907327,0.8047765918207272,V2,SYNTHETIC_DEMO
LPD_CRE_MOODYS_V2,CRE lifetime PD by Moody's,Commercial Real Estate,moodys_band,Caa,Baseline,87,0.0038285116525128837,0.8086051034732401,V2,SYNTHETIC_DEMO
LPD_CRE_MOODYS_V2,CRE lifetime PD by Moody's,Commercial Real Estate,moodys_band,Caa,Baseline,88,0.003754129832157493,0.8123592333053976,V2,SYNTHETIC_DEMO
LPD_CRE_MOODYS_V2,CRE lifetime PD by Moody's,Commercial Real Estate,moodys_band,Caa,Baseline,89,0.003681151359335357,0.8160403846647329,V2,SYNTHETIC_DEMO
LPD_CRE_MOODYS_V2,CRE lifetime PD by Moody's,Commercial Real Estate,moodys_band,Caa,Baseline,90,0.0036095522721086653,0.8196499369368416,V2,SYNTHETIC_DEMO
LPD_CRE_MOODYS_V2,CRE lifetime PD by Moody's,Commercial Real Estate,moodys_band,Caa,Baseline,91,0.003539308862326706,0.8231892457991683,V2,SYNTHETIC_DEMO
LPD_CRE_MOODYS_V2,CRE lifetime PD by Moody's,Commercial Real Estate,moodys_band,Caa,Baseline,92,0.00347039768349009,0.8266596434826584,V2,SYNTHETIC_DEMO
LPD_CRE_MOODYS_V2,CRE lifetime PD by Moody's,Commercial Real Estate,moodys_band,Caa,Baseline,93,0.0034027955577083497,0.8300624390403667,V2,SYNTHETIC_DEMO
LPD_CRE_MOODYS_V2,CRE lifetime PD by Moody's,Commercial Real Estate,moodys_band,Caa,Baseline,94,0.003336479581812169,0.8333989186221789,V2,SYNTHETIC_DEMO
LPD_CRE_MOODYS_V2,CRE lifetime PD by Moody's,Commercial Real Estate,moodys_band,Caa,Baseline,95,0.003271427132677752,0.8366703457548567,V2,SYNTHETIC_DEMO
LPD_CRE_MOODYS_V2,CRE lifetime PD by Moody's,Commercial Real Estate,moodys_band,Caa,Baseline,96,0.003207615871817325,0.8398779616266739,V2,SYNTHETIC_DEMO
LPD_CRE_MOODYS_V2,CRE lifetime PD by Moody's,Commercial Real Estate,moodys_band,Caa,Baseline,97,0.0031450237492866404,0.8430229853759605,V2,SYNTHETIC_DEMO
LPD_CRE_MOODYS_V2,CRE lifetime PD by Moody's,Commercial Real Estate,moodys_band,Caa,Baseline,98,0.003083629006957178,0.8461066143829178,V2,SYNTHETIC_DEMO
LPD_CRE_MOODYS_V2,CRE lifetime PD by Moody's,Commercial Real Estate,moodys_band,Caa,Baseline,99,0.0030234101811981652,0.849130024564116,V2,SYNTHETIC_DEMO
LPD_CRE_MOODYS_V2,CRE lifetime PD by Moody's,Commercial Real Estate,moodys_band,Caa,Baseline,100,0.0029643461050102024,0.8520943706691262,V2,SYNTHETIC_DEMO
LPD_CRE_MOODYS_V2,CRE lifetime PD by Moody's,Commercial Real Estate,moodys_band,Caa,Baseline,101,0.002906415909650412,0.8550007865787765,V2,SYNTHETIC_DEMO
LPD_CRE_MOODYS_V2,CRE lifetime PD by Moody's,Commercial Real Estate,moodys_band,Caa,Baseline,102,0.002849599025786187,0.8578503856045627,V2,SYNTHETIC_DEMO
LPD_CRE_MOODYS_V2,CRE lifetime PD by Moody's,Commercial Real Estate,moodys_band,Caa,Baseline,103,0.00279387518421228,0.860644260788775,V2,SYNTHETIC_DEMO
LPD_CRE_MOODYS_V2,CRE lifetime PD by Moody's,Commercial Real Estate,moodys_band,Caa,Baseline,104,0.0027392244161642014,0.8633834852049392,V2,SYNTHETIC_DEMO
LPD_CRE_MOODYS_V2,CRE lifetime PD by Moody's,Commercial Real Estate,moodys_band,Caa,Baseline,105,0.0026856270532583945,0.8660691122581976,V2,SYNTHETIC_DEMO
LPD_CRE_MOODYS_V2,CRE lifetime PD by Moody's,Commercial Real Estate,moodys_band,Caa,Baseline,106,0.002633063727088234,0.8687021759852859,V2,SYNTHETIC_DEMO
LPD_CRE_MOODYS_V2,CRE lifetime PD by Moody's,Commercial Real Estate,moodys_band,Caa,Baseline,107,0.0025815153685025544,0.8712836913537885,V2,SYNTHETIC_DEMO
LPD_CRE_MOODYS_V2,CRE lifetime PD by Moody's,Commercial Real Estate,moodys_band,Caa,Baseline,108,0.0025309632065922114,0.8738146545603807,V2,SYNTHETIC_DEMO
LPD_CRE_MOODYS_V2,CRE lifetime PD by Moody's,Commercial Real Estate,moodys_band,Caa,Baseline,109,0.0024813887674082903,0.8762960433277889,V2,SYNTHETIC_DEMO
LPD_CRE_MOODYS_V2,CRE lifetime PD by Moody's,Commercial Real Estate,moodys_band,Caa,Baseline,110,0.0024327738724341844,0.8787288172002231,V2,SYNTHETIC_DEMO
LPD_CRE_MOODYS_V2,CRE lifetime PD by Moody's,Commercial Real Estate,moodys_band,Caa,Baseline,111,0.0023851006368322456,0.8811139178370553,V2,SYNTHETIC_DEMO
LPD_CRE_MOODYS_V2,CRE lifetime PD by Moody's,Commercial Real Estate,moodys_band,Caa,Baseline,112,0.002338351467484466,0.8834522693045398,V2,SYNTHETIC_DEMO
LPD_CRE_MOODYS_V2,CRE lifetime PD by Moody's,Commercial Real Estate,moodys_band,Caa,Baseline,113,0.0022925090608455685,0.8857447783653853,V2,SYNTHETIC_DEMO
LPD_CRE_MOODYS_V2,CRE lifetime PD by Moody's,Commercial Real Estate,moodys_band,Caa,Baseline,114,0.0022475564006251346,0.8879923347660105,V2,SYNTHETIC_DEMO
LPD_CRE_MOODYS_V2,CRE lifetime PD by Moody's,Commercial Real Estate,moodys_band,Caa,Baseline,115,0.0022034767553150234,0.8901958115213255,V2,SYNTHETIC_DEMO
LPD_CRE_MOODYS_V2,CRE lifetime PD by Moody's,Commercial Real Estate,moodys_band,Caa,Baseline,116,0.0021602536755767933,0.8923560651969024,V2,SYNTHETIC_DEMO
LPD_CRE_MOODYS_V2,CRE lifetime PD by Moody's,Commercial Real Estate,moodys_band,Caa,Baseline,117,0.0021178709915029227,0.8944739361884052,V2,SYNTHETIC_DEMO
LPD_CRE_MOODYS_V2,CRE lifetime PD by Moody's,Commercial Real Estate,moodys_band,Caa,Baseline,118,0.0020763128097649607,0.8965502489981703,V2,SYNTHETIC_DEMO
LPD_CRE_MOODYS_V2,CRE lifetime PD by Moody's,Commercial Real Estate,moodys_band,Caa,Baseline,119,0.002035563510660513,0.8985858125088307,V2,SYNTHETIC_DEMO
LPD_CRE_MOODYS_V2,CRE lifetime PD by Moody's,Commercial Real Estate,moodys_band,Caa,Baseline,120,0.0019956077450704445,0.9005814202539012,V2,SYNTHETIC_DEMO
LPD_CRE_MOODYS_V2,CRE lifetime PD by Moody's,Commercial Real Estate,moodys_band,Aaa-A,Downside,1,0.00048819254557674885,0.00048819254557674885,V2,SYNTHETIC_DEMO
LPD_CRE_MOODYS_V2,CRE lifetime PD by Moody's,Commercial Real Estate,moodys_band,Aaa-A,Downside,2,0.0004913765674975316,0.0009795691130742856,V2,SYNTHETIC_DEMO
LPD_CRE_MOODYS_V2,CRE lifetime PD by Moody's,Commercial Real Estate,moodys_band,Aaa-A,Downside,3,0.000494416191695608,0.0014739853047699425,V2,SYNTHETIC_DEMO
LPD_CRE_MOODYS_V2,CRE lifetime PD by Moody's,Commercial Real Estate,moodys_band,Aaa-A,Downside,4,0.0004973173442239232,0.0019713026489938112,V2,SYNTHETIC_DEMO
LPD_CRE_MOODYS_V2,CRE lifetime PD by Moody's,Commercial Real Estate,moodys_band,Aaa-A,Downside,5,0.0005000857103496244,0.0024713883593434627,V2,SYNTHETIC_DEMO
LPD_CRE_MOODYS_V2,CRE lifetime PD by Moody's,Commercial Real Estate,moodys_band,Aaa-A,Downside,6,0.0005027267441673466,0.002974115103510755,V2,SYNTHETIC_DEMO
LPD_CRE_MOODYS_V2,CRE lifetime PD by Moody's,Commercial Real Estate,moodys_band,Aaa-A,Downside,7,0.0005052456778417595,0.0034793607813524696,V2,SYNTHETIC_DEMO
LPD_CRE_MOODYS_V2,CRE lifetime PD by Moody's,Commercial Real Estate,moodys_band,Aaa-A,Downside,8,0.0005076475304942083,0.003987008311846729,V2,SYNTHETIC_DEMO
LPD_CRE_MOODYS_V2,CRE lifetime PD by Moody's,Commercial Real Estate,moodys_band,Aaa-A,Downside,9,0.0005099371167439414,0.004496945428590693,V2,SYNTHETIC_DEMO
LPD_CRE_MOODYS_V2,CRE lifetime PD by Moody's,Commercial Real Estate,moodys_band,Aaa-A,Downside,10,0.000512119054919384,0.005009064483510128,V2,SYNTHETIC_DEMO
LPD_CRE_MOODYS_V2,CRE lifetime PD by Moody's,Commercial Real Estate,moodys_band,Aaa-A,Downside,11,0.0005141977749476716,0.005523262258457784,V2,SYNTHETIC_DEMO
LPD_CRE_MOODYS_V2,CRE lifetime PD by Moody's,Commercial Real Estate,moodys_band,Aaa-A,Downside,12,0.000516177525937895,0.006039439784395695,V2,SYNTHETIC_DEMO
LPD_CRE_MOODYS_V2,CRE lifetime PD by Moody's,Commercial Real Estate,moodys_band,Aaa-A,Downside,13,0.0005180623834663594,0.006557502167862106,V2,SYNTHETIC_DEMO
LPD_CRE_MOODYS_V2,CRE lifetime PD by Moody's,Commercial Real Estate,moodys_band,Aaa-A,Downside,14,0.0005198562565763735,0.007077358424438462,V2,SYNTHETIC_DEMO
LPD_CRE_MOODYS_V2,CRE lifetime PD by Moody's,Commercial Real Estate,moodys_band,Aaa-A,Downside,15,0.0005215628945026638,0.007598921318941132,V2,SYNTHETIC_DEMO
LPD_CRE_MOODYS_V2,CRE lifetime PD by Moody's,Commercial Real Estate,moodys_band,Aaa-A,Downside,16,0.0005231858931309426,0.008122107212072072,V2,SYNTHETIC_DEMO
LPD_CRE_MOODYS_V2,CRE lifetime PD by Moody's,Commercial Real Estate,moodys_band,Aaa-A,Downside,17,0.0005247287012020406,0.008646835913274087,V2,SYNTHETIC_DEMO
LPD_CRE_MOODYS_V2,CRE lifetime PD by Moody's,Commercial Real Estate,moodys_band,Aaa-A,Downside,18,0.0005261946262707604,0.00917303053954488,V2,SYNTHETIC_DEMO
LPD_CRE_MOODYS_V2,CRE lifetime PD by Moody's,Commercial Real Estate,moodys_band,Aaa-A,Downside,19,0.0005275868404283582,0.009700617379973187,V2,SYNTHETIC_DEMO
LPD_CRE_MOODYS_V2,CRE lifetime PD by Moody's,Commercial Real Estate,moodys_band,Aaa-A,Downside,20,0.000528908385797741,0.010229525765770964,V2,SYNTHETIC_DEMO
LPD_CRE_MOODYS_V2,CRE lifetime PD by Moody's,Commercial Real Estate,moodys_band,Aaa-A,Downside,21,0.0005301621798097536,0.010759687945580687,V2,SYNTHETIC_DEMO
LPD_CRE_MOODYS_V2,CRE lifetime PD by Moody's,Commercial Real Estate,moodys_band,Aaa-A,Downside,22,0.0005313510202699746,0.011291038965850708,V2,SYNTHETIC_DEMO
LPD_CRE_MOODYS_V2,CRE lifetime PD by Moody's,Commercial Real Estate,moodys_band,Aaa-A,Downside,23,0.0005324775902219652,0.011823516556072722,V2,SYNTHETIC_DEMO
LPD_CRE_MOODYS_V2,CRE lifetime PD by Moody's,Commercial Real Estate,moodys_band,Aaa-A,Downside,24,0.0005335444626174695,0.012357061018690163,V2,SYNTHETIC_DEMO
LPD_CRE_MOODYS_V2,CRE lifetime PD by Moody's,Commercial Real Estate,moodys_band,Aaa-A,Downside,25,0.0005345541047985977,0.012891615123488798,V2,SYNTHETIC_DEMO
LPD_CRE_MOODYS_V2,CRE lifetime PD by Moody's,Commercial Real Estate,moodys_band,Aaa-A,Downside,26,0.000535508882800582,0.013427124006289426,V2,SYNTHETIC_DEMO
LPD_CRE_MOODYS_V2,CRE lifetime PD by Moody's,Commercial Real Estate,moodys_band,Aaa-A,Downside,27,0.0005364110654823928,0.013963535071771838,V2,SYNTHETIC_DEMO
LPD_CRE_MOODYS_V2,CRE lifetime PD by Moody's,Commercial Real Estate,moodys_band,Aaa-A,Downside,28,0.0005372628284901252,0.01450079790026193,V2,SYNTHETIC_DEMO
LPD_CRE_MOODYS_V2,CRE lifetime PD by Moody's,Commercial Real Estate,moodys_band,Aaa-A,Downside,29,0.0005380662580624611,0.015038864158324339,V2,SYNTHETIC_DEMO
LPD_CRE_MOODYS_V2,CRE lifetime PD by Moody's,Commercial Real Estate,moodys_band,Aaa-A,Downside,30,0.0005388233546809646,0.015577687513005256,V2,SYNTHETIC_DEMO
LPD_CRE_MOODYS_V2,CRE lifetime PD by Moody's,Commercial Real Estate,moodys_band,Aaa-A,Downside,31,0.000539536036574769,0.016117223549580006,V2,SYNTHETIC_DEMO
LPD_CRE_MOODYS_V2,CRE lifetime PD by Moody's,Commercial Real Estate,moodys_band,Aaa-A,Downside,32,0.0005402061430828738,0.01665742969266293,V2,SYNTHETIC_DEMO
LPD_CRE_MOODYS_V2,CRE lifetime PD by Moody's,Commercial Real Estate,moodys_band,Aaa-A,Downside,33,0.0005408354378807884,0.017198265130543677,V2,SYNTHETIC_DEMO
LPD_CRE_MOODYS_V2,CRE lifetime PD by Moody's,Commercial Real Estate,moodys_band,Aaa-A,Downside,34,0.0005414256120766233,0.017739690742620273,V2,SYNTHETIC_DEMO
LPD_CRE_MOODYS_V2,CRE lifetime PD by Moody's,Commercial Real Estate,moodys_band,Aaa-A,Downside,35,0.0005419782871816247,0.018281669029801884,V2,SYNTHETIC_DEMO
LPD_CRE_MOODYS_V2,CRE lifetime PD by Moody's,Commercial Real Estate,moodys_band,Aaa-A,Downside,36,0.0005424950179605955,0.018824164047762437,V2,SYNTHETIC_DEMO
LPD_CRE_MOODYS_V2,CRE lifetime PD by Moody's,Commercial Real Estate,moodys_band,Aaa-A,Downside,37,0.0005429772951666612,0.01936714134292905,V2,SYNTHETIC_DEMO
LPD_CRE_MOODYS_V2,CRE lifetime PD by Moody's,Commercial Real Estate,moodys_band,Aaa-A,Downside,38,0.0005434265481647337,0.0199105678910938,V2,SYNTHETIC_DEMO
LPD_CRE_MOODYS_V2,CRE lifetime PD by Moody's,Commercial Real Estate,moodys_band,Aaa-A,Downside,39,0.0005438441474487932,0.02045441203854259,V2,SYNTHETIC_DEMO
LPD_CRE_MOODYS_V2,CRE lifetime PD by Moody's,Commercial Real Estate,moodys_band,Aaa-A,Downside,40,0.000544231407056252,0.020998643445598875,V2,SYNTHETIC_DEMO
LPD_CRE_MOODYS_V2,CRE lifetime PD by Moody's,Commercial Real Estate,moodys_band,Aaa-A,Downside,41,0.0005445895868847336,0.021543233032483622,V2,SYNTHETIC_DEMO
LPD_CRE_MOODYS_V2,CRE lifetime PD by Moody's,Commercial Real Estate,moodys_band,Aaa-A,Downside,42,0.0005449198949139865,0.02208815292739763,V2,SYNTHETIC_DEMO
LPD_CRE_MOODYS_V2,CRE lifetime PD by Moody's,Commercial Real Estate,moodys_band,Aaa-A,Downside,43,0.0005452234893377177,0.02263337641673535,V2,SYNTHETIC_DEMO
LPD_CRE_MOODYS_V2,CRE lifetime PD by Moody's,Commercial Real Estate,moodys_band,Aaa-A,Downside,44,0.0005455014806079494,0.023178877897343297,V2,SYNTHETIC_DEMO
LPD_CRE_MOODYS_V2,CRE lifetime PD by Moody's,Commercial Real Estate,moodys_band,Aaa-A,Downside,45,0.0005457549333968964,0.023724632830740222,V2,SYNTHETIC_DEMO
LPD_CRE_MOODYS_V2,CRE lifetime PD by Moody's,Commercial Real Estate,moodys_band,Aaa-A,Downside,46,0.0005459848684775491,0.02427061769921779,V2,SYNTHETIC_DEMO
LPD_CRE_MOODYS_V2,CRE lifetime PD by Moody's,Commercial Real Estate,moodys_band,Aaa-A,Downside,47,0.0005461922645284894,0.024816809963746245,V2,SYNTHETIC_DEMO
LPD_CRE_MOODYS_V2,CRE lifetime PD by Moody's,Commercial Real Estate,moodys_band,Aaa-A,Downside,48,0.0005463780598644477,0.025363188023610705,V2,SYNTHETIC_DEMO
LPD_CRE_MOODYS_V2,CRE lifetime PD by Moody's,Commercial Real Estate,moodys_band,Aaa-A,Downside,49,0.0005465431540962696,0.025909731177707007,V2,SYNTHETIC_DEMO
LPD_CRE_MOODYS_V2,CRE lifetime PD by Moody's,Commercial Real Estate,moodys_band,Aaa-A,Downside,50,0.0005466884097230919,0.026456419587430058,V2,SYNTHETIC_DEMO
LPD_CRE_MOODYS_V2,CRE lifetime PD by Moody's,Commercial Real Estate,moodys_band,Aaa-A,Downside,51,0.0005468146536588731,0.02700323424108897,V2,SYNTHETIC_DEMO
LPD_CRE_MOODYS_V2,CRE lifetime PD by Moody's,Commercial Real Estate,moodys_band,Aaa-A,Downside,52,0.0005469226786973629,0.02755015691978635,V2,SYNTHETIC_DEMO
LPD_CRE_MOODYS_V2,CRE lifetime PD by Moody's,Commercial Real Estate,moodys_band,Aaa-A,Downside,53,0.0005470132449158063,0.028097170164702145,V2,SYNTHETIC_DEMO
LPD_CRE_MOODYS_V2,CRE lifetime PD by Moody's,Commercial Real Estate,moodys_band,Aaa-A,Downside,54,0.0005470870810226457,0.028644257245724836,V2,SYNTHETIC_DEMO
LPD_CRE_MOODYS_V2,CRE lifetime PD by Moody's,Commercial Real Estate,moodys_band,Aaa-A,Downside,55,0.0005471448856483165,0.029191402131373168,V2,SYNTHETIC_DEMO
LPD_CRE_MOODYS_V2,CRE lifetime PD by Moody's,Commercial Real Estate,moodys_band,Aaa-A,Downside,56,0.0005471873285848194,0.029738589459957998,V2,SYNTHETIC_DEMO
LPD_CRE_MOODYS_V2,CRE lifetime PD by Moody's,Commercial Real Estate,moodys_band,Aaa-A,Downside,57,0.0005472150519728323,0.03028580451193086,V2,SYNTHETIC_DEMO
LPD_CRE_MOODYS_V2,CRE lifetime PD by Moody's,Commercial Real Estate,moodys_band,Aaa-A,Downside,58,0.0005472286714417046,0.030833033183372605,V2,SYNTHETIC_DEMO
LPD_CRE_MOODYS_V2,CRE lifetime PD by Moody's,Commercial Real Estate,moodys_band,Aaa-A,Downside,59,0.0005472287772009843,0.03138026196057364,V2,SYNTHETIC_DEMO
LPD_CRE_MOODYS_V2,CRE lifetime PD by Moody's,Commercial Real Estate,moodys_band,Aaa-A,Downside,60,0.0005472159350886975,0.031927477895662304,V2,SYNTHETIC_DEMO
LPD_CRE_MOODYS_V2,CRE lifetime PD by Moody's,Commercial Real Estate,moodys_band,Aaa-A,Downside,61,0.0005471906875754522,0.032474668583237776,V2,SYNTHETIC_DEMO
LPD_CRE_MOODYS_V2,CRE lifetime PD by Moody's,Commercial Real Estate,moodys_band,Aaa-A,Downside,62,0.0005471535547280653,0.033021822137965895,V2,SYNTHETIC_DEMO
LPD_CRE_MOODYS_V2,CRE lifetime PD by Moody's,Commercial Real Estate,moodys_band,Aaa-A,Downside,63,0.000547105035132747,0.03356892717309867,V2,SYNTHETIC_DEMO
LPD_CRE_MOODYS_V2,CRE lifetime PD by Moody's,Commercial Real Estate,moodys_band,Aaa-A,Downside,64,0.0005470456067812042,0.03411597277987988,V2,SYNTHETIC_DEMO
LPD_CRE_MOODYS_V2,CRE lifetime PD by Moody's,Commercial Real Estate,moodys_band,Aaa-A,Downside,65,0.0005469757279201185,0.03466294850780005,V2,SYNTHETIC_DEMO
LPD_CRE_MOODYS_V2,CRE lifetime PD by Moody's,Commercial Real Estate,moodys_band,Aaa-A,Downside,66,0.000546895837864878,0.035209844345664876,V2,SYNTHETIC_DEMO
LPD_CRE_MOODYS_V2,CRE lifetime PD by Moody's,Commercial Real Estate,moodys_band,Aaa-A,Downside,67,0.0005468063577810173,0.035756650703445914,V2,SYNTHETIC_DEMO
LPD_CRE_MOODYS_V2,CRE lifetime PD by Moody's,Commercial Real Estate,moodys_band,Aaa-A,Downside,68,0.0005467076914326245,0.03630335839487853,V2,SYNTHETIC_DEMO
LPD_CRE_MOODYS_V2,CRE lifetime PD by Moody's,Commercial Real Estate,moodys_band,Aaa-A,Downside,69,0.0005466002259006206,0.03684995862077911,V2,SYNTHETIC_DEMO
LPD_CRE_MOODYS_V2,CRE lifetime PD by Moody's,Commercial Real Estate,moodys_band,Aaa-A,Downside,70,0.0005464843322708091,0.03739644295304989,V2,SYNTHETIC_DEMO
LPD_CRE_MOODYS_V2,CRE lifetime PD by Moody's,Commercial Real Estate,moodys_band,Aaa-A,Downside,71,0.0005463603662940534,0.037942803319343965,V2,SYNTHETIC_DEMO
LPD_CRE_MOODYS_V2,CRE lifetime PD by Moody's,Commercial Real Estate,moodys_band,Aaa-A,Downside,72,0.0005462286690191149,0.038489031988363065,V2,SYNTHETIC_DEMO
LPD_CRE_MOODYS_V2,CRE lifetime PD by Moody's,Commercial Real Estate,moodys_band,Aaa-A,Downside,73,0.0005460895673997492,0.03903512155576283,V2,SYNTHETIC_DEMO
LPD_CRE_MOODYS_V2,CRE lifetime PD by Moody's,Commercial Real Estate,moodys_band,Aaa-A,Downside,74,0.0005459433748758389,0.03958106493063862,V2,SYNTHETIC_DEMO
LPD_CRE_MOODYS_V2,CRE lifetime PD by Moody's,Commercial Real Estate,moodys_band,Aaa-A,Downside,75,0.0005457903919319702,0.04012685532257054,V2,SYNTHETIC_DEMO
LPD_CRE_MOODYS_V2,CRE lifetime PD by Moody's,Commercial Real Estate,moodys_band,Aaa-A,Downside,76,0.0005456309066317246,0.040672486229202276,V2,SYNTHETIC_DEMO
LPD_CRE_MOODYS_V2,CRE lifetime PD by Moody's,Commercial Real Estate,moodys_band,Aaa-A,Downside,77,0.0005454651951309804,0.041217951424333266,V2,SYNTHETIC_DEMO
LPD_CRE_MOODYS_V2,CRE lifetime PD by Moody's,Commercial Real Estate,moodys_band,Aaa-A,Downside,78,0.0005452935221691298,0.04176324494650241,V2,SYNTHETIC_DEMO
LPD_CRE_MOODYS_V2,CRE lifetime PD by Moody's,Commercial Real Estate,moodys_band,Aaa-A,Downside,79,0.0005451161415406444,0.042308361088043034,V2,SYNTHETIC_DEMO
LPD_CRE_MOODYS_V2,CRE lifetime PD by Moody's,Commercial Real Estate,moodys_band,Aaa-A,Downside,80,0.0005449332965471672,0.04285329438459018,V2,SYNTHETIC_DEMO
LPD_CRE_MOODYS_V2,CRE lifetime PD by Moody's,Commercial Real Estate,moodys_band,Aaa-A,Downside,81,0.0005447452204309557,0.04339803960502109,V2,SYNTHETIC_DEMO
LPD_CRE_MOODYS_V2,CRE lifetime PD by Moody's,Commercial Real Estate,moodys_band,Aaa-A,Downside,82,0.0005445521367898558,0.04394259174181092,V2,SYNTHETIC_DEMO
LPD_CRE_MOODYS_V2,CRE lifetime PD by Moody's,Commercial Real Estate,moodys_band,Aaa-A,Downside,83,0.0005443542599760019,0.04448694600178693,V2,SYNTHETIC_DEMO
LPD_CRE_MOODYS_V2,CRE lifetime PD by Moody's,Commercial Real Estate,moodys_band,Aaa-A,Downside,84,0.0005441517954777797,0.04503109779726466,V2,SYNTHETIC_DEMO
LPD_CRE_MOODYS_V2,CRE lifetime PD by Moody's,Commercial Real Estate,moodys_band,Aaa-A,Downside,85,0.000543944940285647,0.04557504273755031,V2,SYNTHETIC_DEMO
LPD_CRE_MOODYS_V2,CRE lifetime PD by Moody's,Commercial Real Estate,moodys_band,Aaa-A,Downside,86,0.000543733883243469,0.04611877662079378,V2,SYNTHETIC_DEMO
LPD_CRE_MOODYS_V2,CRE lifetime PD by Moody's,Commercial Real Estate,moodys_band,Aaa-A,Downside,87,0.000543518805384897,0.046662295426178724,V2,SYNTHETIC_DEMO
LPD_CRE_MOODYS_V2,CRE lifetime PD by Moody's,Commercial Real Estate,moodys_band,Aaa-A,Downside,88,0.000543299880256119,0.04720559530643487,V2,SYNTHETIC_DEMO
LPD_CRE_MOODYS_V2,CRE lifetime PD by Moody's,Commercial Real Estate,moodys_band,Aaa-A,Downside,89,0.0005430772742252527,0.04774867258066007,V2,SYNTHETIC_DEMO
LPD_CRE_MOODYS_V2,CRE lifetime PD by Moody's,Commercial Real Estate,moodys_band,Aaa-A,Downside,90,0.000542851146778751,0.048291523727438834,V2,SYNTHETIC_DEMO
LPD_CRE_MOODYS_V2,CRE lifetime PD by Moody's,Commercial Real Estate,moodys_band,Aaa-A,Downside,91,0.0005426216508059279,0.04883414537824471,V2,SYNTHETIC_DEMO
LPD_CRE_MOODYS_V2,CRE lifetime PD by Moody's,Commercial Real Estate,moodys_band,Aaa-A,Downside,92,0.0005423889328713411,0.049376534311116105,V2,SYNTHETIC_DEMO
LPD_CRE_MOODYS_V2,CRE lifetime PD by Moody's,Commercial Real Estate,moodys_band,Aaa-A,Downside,93,0.0005421531334764496,0.0499186874445926,V2,SYNTHETIC_DEMO
LPD_CRE_MOODYS_V2,CRE lifetime PD by Moody's,Commercial Real Estate,moodys_band,Aaa-A,Downside,94,0.0005419143873099591,0.050460601831902596,V2,SYNTHETIC_DEMO
LPD_CRE_MOODYS_V2,CRE lifetime PD by Moody's,Commercial Real Estate,moodys_band,Aaa-A,Downside,95,0.0005416728234878507,0.05100227465539042,V2,SYNTHETIC_DEMO
LPD_CRE_MOODYS_V2,CRE lifetime PD by Moody's,Commercial Real Estate,moodys_band,Aaa-A,Downside,96,0.0005414285657841898,0.05154370322117463,V2,SYNTHETIC_DEMO
LPD_CRE_MOODYS_V2,CRE lifetime PD by Moody's,Commercial Real Estate,moodys_band,Aaa-A,Downside,97,0.0005411817328515936,0.05208488495402619,V2,SYNTHETIC_DEMO
LPD_CRE_MOODYS_V2,CRE lifetime PD by Moody's,Commercial Real Estate,moodys_band,Aaa-A,Downside,98,0.0005409324384325599,0.05262581739245875,V2,SYNTHETIC_DEMO
LPD_CRE_MOODYS_V2,CRE lifetime PD by Moody's,Commercial Real Estate,moodys_band,Aaa-A,Downside,99,0.000540680791563272,0.05316649818402197,V2,SYNTHETIC_DEMO
LPD_CRE_MOODYS_V2,CRE lifetime PD by Moody's,Commercial Real Estate,moodys_band,Aaa-A,Downside,100,0.0005404268967672822,0.053706925080789225,V2,SYNTHETIC_DEMO
LPD_CRE_MOODYS_V2,CRE lifetime PD by Moody's,Commercial Real Estate,moodys_band,Aaa-A,Downside,101,0.0005401708542423755,0.05424709593503163,V2,SYNTHETIC_DEMO
LPD_CRE_MOODYS_V2,CRE lifetime PD by Moody's,Commercial Real Estate,moodys_band,Aaa-A,Downside,102,0.0005399127600394852,0.05478700869507114,V2,SYNTHETIC_DEMO
LPD_CRE_MOODYS_V2,CRE lifetime PD by Moody's,Commercial Real Estate,moodys_band,Aaa-A,Downside,103,0.0005396527062337987,0.05532666140130493,V2,SYNTHETIC_DEMO
LPD_CRE_MOODYS_V2,CRE lifetime PD by Moody's,Commercial Real Estate,moodys_band,Aaa-A,Downside,104,0.0005393907810895565,0.05586605218239449,V2,SYNTHETIC_DEMO
LPD_CRE_MOODYS_V2,CRE lifetime PD by Moody's,Commercial Real Estate,moodys_band,Aaa-A,Downside,105,0.0005391270692168911,0.05640517925161137,V2,SYNTHETIC_DEMO
LPD_CRE_MOODYS_V2,CRE lifetime PD by Moody's,Commercial Real Estate,moodys_band,Aaa-A,Downside,106,0.0005388616517236761,0.05694404090333505,V2,SYNTHETIC_DEMO
LPD_CRE_MOODYS_V2,CRE lifetime PD by Moody's,Commercial Real Estate,moodys_band,Aaa-A,Downside,107,0.0005385946063596798,0.05748263550969468,V2,SYNTHETIC_DEMO
LPD_CRE_MOODYS_V2,CRE lifetime PD by Moody's,Commercial Real Estate,moodys_band,Aaa-A,Downside,108,0.0005383260076557825,0.05802096151735048,V2,SYNTHETIC_DEMO
LPD_CRE_MOODYS_V2,CRE lifetime PD by Moody's,Commercial Real Estate,moodys_band,Aaa-A,Downside,109,0.0005380559270568076,0.05855901744440728,V2,SYNTHETIC_DEMO
LPD_CRE_MOODYS_V2,CRE lifetime PD by Moody's,Commercial Real Estate,moodys_band,Aaa-A,Downside,110,0.0005377844330491494,0.05909680187745647,V2,SYNTHETIC_DEMO
LPD_CRE_MOODYS_V2,CRE lifetime PD by Moody's,Commercial Real Estate,moodys_band,Aaa-A,Downside,111,0.0005375115912834243,0.05963431346873993,V2,SYNTHETIC_DEMO
LPD_CRE_MOODYS_V2,CRE lifetime PD by Moody's,Commercial Real Estate,moodys_band,Aaa-A,Downside,112,0.0005372374646909156,0.06017155093343085,V2,SYNTHETIC_DEMO
LPD_CRE_MOODYS_V2,CRE lifetime PD by Moody's,Commercial Real Estate,moodys_band,Aaa-A,Downside,113,0.0005369621135969691,0.060708513047027846,V2,SYNTHETIC_DEMO
LPD_CRE_MOODYS_V2,CRE lifetime PD by Moody's,Commercial Real Estate,moodys_band,Aaa-A,Downside,114,0.0005366855958281173,0.061245198642855936,V2,SYNTHETIC_DEMO
LPD_CRE_MOODYS_V2,CRE lifetime PD by Moody's,Commercial Real Estate,moodys_band,Aaa-A,Downside,115,0.0005364079668152557,0.06178160660967125,V2,SYNTHETIC_DEMO
LPD_CRE_MOODYS_V2,CRE lifetime PD by Moody's,Commercial Real Estate,moodys_band,Aaa-A,Downside,116,0.0005361292796934045,0.06231773588936462,V2,SYNTHETIC_DEMO
LPD_CRE_MOODYS_V2,CRE lifetime PD by Moody's,Commercial Real Estate,moodys_band,Aaa-A,Downside,117,0.0005358495853959921,0.06285358547476061,V2,SYNTHETIC_DEMO
LPD_CRE_MOODYS_V2,CRE lifetime PD by Moody's,Commercial Real Estate,moodys_band,Aaa-A,Downside,118,0.0005355689327461774,0.06338915440750681,V2,SYNTHETIC_DEMO
LPD_CRE_MOODYS_V2,CRE lifetime PD by Moody's,Commercial Real Estate,moodys_band,Aaa-A,Downside,119,0.0005352873685438753,0.06392444177605072,V2,SYNTHETIC_DEMO
LPD_CRE_MOODYS_V2,CRE lifetime PD by Moody's,Commercial Real Estate,moodys_band,Aaa-A,Downside,120,0.0005350049376498518,0.06445944671370052,V2,SYNTHETIC_DEMO
LPD_CRE_MOODYS_V2,CRE lifetime PD by Moody's,Commercial Real Estate,moodys_band,Baa,Downside,1,0.0012254352857948847,0.0012254352857948847,V2,SYNTHETIC_DEMO
LPD_CRE_MOODYS_V2,CRE lifetime PD by Moody's,Commercial Real Estate,moodys_band,Baa,Downside,2,0.001232553091307311,0.002457988377102205,V2,SYNTHETIC_DEMO
LPD_CRE_MOODYS_V2,CRE lifetime PD by Moody's,Commercial Real Estate,moodys_band,Baa,Downside,3,0.0012392903370264598,0.0036972787141286156,V2,SYNTHETIC_DEMO
LPD_CRE_MOODYS_V2,CRE lifetime PD by Moody's,Commercial Real Estate,moodys_band,Baa,Downside,4,0.0012456628490738273,0.004942941563202408,V2,SYNTHETIC_DEMO
LPD_CRE_MOODYS_V2,CRE lifetime PD by Moody's,Commercial Real Estate,moodys_band,Baa,Downside,5,0.0012516858140156624,0.006194627377218098,V2,SYNTHETIC_DEMO
LPD_CRE_MOODYS_V2,CRE lifetime PD by Moody's,Commercial Real Estate,moodys_band,Baa,Downside,6,0.0012573738035690151,0.007452001180787149,V2,SYNTHETIC_DEMO
LPD_CRE_MOODYS_V2,CRE lifetime PD by Moody's,Commercial Real Estate,moodys_band,Baa,Downside,7,0.0012627407984493715,0.008714741979236496,V2,SYNTHETIC_DEMO
LPD_CRE_MOODYS_V2,CRE lifetime PD by Moody's,Commercial Real Estate,moodys_band,Baa,Downside,8,0.0012678002113778051,0.00998254219061434,V2,SYNTHETIC_DEMO
LPD_CRE_MOODYS_V2,CRE lifetime PD by Moody's,Commercial Real Estate,moodys_band,Baa,Downside,9,0.0012725649092731053,0.011255107099887418,V2,SYNTHETIC_DEMO
LPD_CRE_MOODYS_V2,CRE lifetime PD by Moody's,Commercial Real Estate,moodys_band,Baa,Downside,10,0.0012770472346491188,0.012532154334536583,V2,SYNTHETIC_DEMO
LPD_CRE_MOODYS_V2,CRE lifetime PD by Moody's,Commercial Real Estate,moodys_band,Baa,Downside,11,0.0012812590262392847,0.013813413360775906,V2,SYNTHETIC_DEMO
LPD_CRE_MOODYS_V2,CRE lifetime PD by Moody's,Commercial Real Estate,moodys_band,Baa,Downside,12,0.0012852116388727321,0.015098624999648647,V2,SYNTHETIC_DEMO
LPD_CRE_MOODYS_V2,CRE lifetime PD by Moody's,Commercial Real Estate,moodys_band,Baa,Downside,13,0.0012889159626214414,0.01638754096227013,V2,SYNTHETIC_DEMO
LPD_CRE_MOODYS_V2,CRE lifetime PD by Moody's,Commercial Real Estate,moodys_band,Baa,Downside,14,0.0012923824412413862,0.017679923403511544,V2,SYNTHETIC_DEMO
LPD_CRE_MOODYS_V2,CRE lifetime PD by Moody's,Commercial Real Estate,moodys_band,Baa,Downside,15,0.0012956210899303612,0.018975544493441854,V2,SYNTHETIC_DEMO
LPD_CRE_MOODYS_V2,CRE lifetime PD by Moody's,Commercial Real Estate,moodys_band,Baa,Downside,16,0.0012986415124217532,0.020274186005863615,V2,SYNTHETIC_DEMO
LPD_CRE_MOODYS_V2,CRE lifetime PD by Moody's,Commercial Real Estate,moodys_band,Baa,Downside,17,0.001301452917437111,0.021575638923300722,V2,SYNTHETIC_DEMO
LPD_CRE_MOODYS_V2,CRE lifetime PD by Moody's,Commercial Real Estate,moodys_band,Baa,Downside,18,0.0013040641345170008,0.022879703057817724,V2,SYNTHETIC_DEMO
LPD_CRE_MOODYS_V2,CRE lifetime PD by Moody's,Commercial Real Estate,moodys_band,Baa,Downside,19,0.0013064836292522271,0.024186186687069955,V2,SYNTHETIC_DEMO
LPD_CRE_MOODYS_V2,CRE lifetime PD by Moody's,Commercial Real Estate,moodys_band,Baa,Downside,20,0.0013087195179329375,0.025494906205002943,V2,SYNTHETIC_DEMO
LPD_CRE_MOODYS_V2,CRE lifetime PD by Moody's,Commercial Real Estate,moodys_band,Baa,Downside,21,0.0013107795816369272,0.026805685786639888,V2,SYNTHETIC_DEMO
LPD_CRE_MOODYS_V2,CRE lifetime PD by Moody's,Commercial Real Estate,moodys_band,Baa,Downside,22,0.001312671279776634,0.02811835706641652,V2,SYNTHETIC_DEMO
LPD_CRE_MOODYS_V2,CRE lifetime PD by Moody's,Commercial Real Estate,moodys_band,Baa,Downside,23,0.0013144017631212769,0.029432758829537775,V2,SYNTHETIC_DEMO
LPD_CRE_MOODYS_V2,CRE lifetime PD by Moody's,Commercial Real Estate,moodys_band,Baa,Downside,24,0.0013159778863148974,0.030748736715852654,V2,SYNTHETIC_DEMO
LPD_CRE_MOODYS_V2,CRE lifetime PD by Moody's,Commercial Real Estate,moodys_band,Baa,Downside,25,0.001317406219906212,0.03206614293575882,V2,SYNTHETIC_DEMO
LPD_CRE_MOODYS_V2,CRE lifetime PD by Moody's,Commercial Real Estate,moodys_band,Baa,Downside,26,0.0013186930619093274,0.03338483599766817,V2,SYNTHETIC_DEMO
LPD_CRE_MOODYS_V2,CRE lifetime PD by Moody's,Commercial Real Estate,moodys_band,Baa,Downside,27,0.0013198444489092812,0.034704680446577485,V2,SYNTHETIC_DEMO
LPD_CRE_MOODYS_V2,CRE lifetime PD by Moody's,Commercial Real Estate,moodys_band,Baa,Downside,28,0.0013208661667331052,0.03602554661331059,V2,SYNTHETIC_DEMO
LPD_CRE_MOODYS_V2,CRE lifetime PD by Moody's,Commercial Real Estate,moodys_band,Baa,Downside,29,0.0013217637606971284,0.037347310374007736,V2,SYNTHETIC_DEMO
LPD_CRE_MOODYS_V2,CRE lifetime PD by Moody's,Commercial Real Estate,moodys_band,Baa,Downside,30,0.0013225425454510538,0.03866985291945879,V2,SYNTHETIC_DEMO
LPD_CRE_MOODYS_V2,CRE lifetime PD by Moody's,Commercial Real Estate,moodys_band,Baa,Downside,31,0.0013232076144297587,0.039993060533888514,V2,SYNTHETIC_DEMO
LPD_CRE_MOODYS_V2,CRE lifetime PD by Moody's,Commercial Real Estate,moodys_band,Baa,Downside,32,0.0013237638489291383,0.041316824382817696,V2,SYNTHETIC_DEMO
LPD_CRE_MOODYS_V2,CRE lifetime PD by Moody's,Commercial Real Estate,moodys_band,Baa,Downside,33,0.0013242159268207537,0.042641040309638445,V2,SYNTHETIC_DEMO
LPD_CRE_MOODYS_V2,CRE lifetime PD by Moody's,Commercial Real Estate,moodys_band,Baa,Downside,34,0.001324568330916697,0.0439656086405551,V2,SYNTHETIC_DEMO
LPD_CRE_MOODYS_V2,CRE lifetime PD by Moody's,Commercial Real Estate,moodys_band,Baa,Downside,35,0.001324825356999972,0.04529043399755506,V2,SYNTHETIC_DEMO
LPD_CRE_MOODYS_V2,CRE lifetime PD by Moody's,Commercial Real Estate,moodys_band,Baa,Downside,36,0.0013249911215314628,0.04661542511908656,V2,SYNTHETIC_DEMO
LPD_CRE_MOODYS_V2,CRE lifetime PD by Moody's,Commercial Real Estate,moodys_band,Baa,Downside,37,0.0013250695690477765,0.04794049468813433,V2,SYNTHETIC_DEMO
LPD_CRE_MOODYS_V2,CRE lifetime PD by Moody's,Commercial Real Estate,moodys_band,Baa,Downside,38,0.0013250644792590568,0.04926555916739339,V2,SYNTHETIC_DEMO
LPD_CRE_MOODYS_V2,CRE lifetime PD by Moody's,Commercial Real Estate,moodys_band,Baa,Downside,39,0.0013249794738614006,0.050590538641254845,V2,SYNTHETIC_DEMO
LPD_CRE_MOODYS_V2,CRE lifetime PD by Moody's,Commercial Real Estate,moodys_band,Baa,Downside,40,0.0013248180230720332,0.051915356664326895,V2,SYNTHETIC_DEMO
LPD_CRE_MOODYS_V2,CRE lifetime PD by Moody's,Commercial Real Estate,moodys_band,Baa,Downside,41,0.0013245834519008057,0.05323994011622768,V2,SYNTHETIC_DEMO
LPD_CRE_MOODYS_V2,CRE lifetime PD by Moody's,Commercial Real Estate,moodys_band,Baa,Downside,42,0.001324278946165217,0.05456421906239295,V2,SYNTHETIC_DEMO
LPD_CRE_MOODYS_V2,CRE lifetime PD by Moody's,Commercial Real Estate,moodys_band,Baa,Downside,43,0.0013239075582621729,0.05588812662065512,V2,SYNTHETIC_DEMO
LPD_CRE_MOODYS_V2,CRE lifetime PD by Moody's,Commercial Real Estate,moodys_band,Baa,Downside,44,0.0013234722127032415,0.05721159883335836,V2,SYNTHETIC_DEMO
LPD_CRE_MOODYS_V2,CRE lifetime PD by Moody's,Commercial Real Estate,moodys_band,Baa,Downside,45,0.0013229757114248837,0.05853457454478328,V2,SYNTHETIC_DEMO
LPD_CRE_MOODYS_V2,CRE lifetime PD by Moody's,Commercial Real Estate,moodys_band,Baa,Downside,46,0.0013224207388810093,0.05985699528366428,V2,SYNTHETIC_DEMO
LPD_CRE_MOODYS_V2,CRE lifetime PD by Moody's,Commercial Real Estate,moodys_band,Baa,Downside,47,0.001321809866926872,0.06117880515059115,V2,SYNTHETIC_DEMO
LPD_CRE_MOODYS_V2,CRE lifetime PD by Moody's,Commercial Real Estate,moodys_band,Baa,Downside,48,0.0013211455595039015,0.062499950710095065,V2,SYNTHETIC_DEMO
LPD_CRE_MOODYS_V2,CRE lifetime PD by Moody's,Commercial Real Estate,moodys_band,Baa,Downside,49,0.0013204301771308617,0.06382038088722597,V2,SYNTHETIC_DEMO
LPD_CRE_MOODYS_V2,CRE lifetime PD by Moody's,Commercial Real Estate,moodys_band,Baa,Downside,50,0.0013196659812116105,0.06514004686843755,V2,SYNTHETIC_DEMO
LPD_CRE_MOODYS_V2,CRE lifetime PD by Moody's,Commercial Real Estate,moodys_band,Baa,Downside,51,0.0013188551381648863,0.06645890200660243,V2,SYNTHETIC_DEMO
LPD_CRE_MOODYS_V2,CRE lifetime PD by Moody's,Commercial Real Estate,moodys_band,Baa,Downside,52,0.0013179997233848575,0.0677769017299873,V2,SYNTHETIC_DEMO
LPD_CRE_MOODYS_V2,CRE lifetime PD by Moody's,Commercial Real Estate,moodys_band,Baa,Downside,53,0.0013171017250373906,0.0690940034550247,V2,SYNTHETIC_DEMO
LPD_CRE_MOODYS_V2,CRE lifetime PD by Moody's,Commercial Real Estate,moodys_band,Baa,Downside,54,0.001316163047700692,0.07041016650272536,V2,SYNTHETIC_DEMO
LPD_CRE_MOODYS_V2,CRE lifetime PD by Moody's,Commercial Real Estate,moodys_band,Baa,Downside,55,0.0013151855158551023,0.07172535201858043,V2,SYNTHETIC_DEMO
LPD_CRE_MOODYS_V2,CRE lifetime PD by Moody's,Commercial Real Estate,moodys_band,Baa,Downside,56,0.001314170877228656,0.07303952289580906,V2,SYNTHETIC_DEMO
LPD_CRE_MOODYS_V2,CRE lifetime PD by Moody's,Commercial Real Estate,moodys_band,Baa,Downside,57,0.001313120806004362,0.07435264370181338,V2,SYNTHETIC_DEMO
LPD_CRE_MOODYS_V2,CRE lifetime PD by Moody's,Commercial Real Estate,moodys_band,Baa,Downside,58,0.001312036905894703,0.07566468060770803,V2,SYNTHETIC_DEMO
LPD_CRE_MOODYS_V2,CRE lifetime PD by Moody's,Commercial Real Estate,moodys_band,Baa,Downside,59,0.0013109207130884116,0.0769756013207964,V2,SYNTHETIC_DEMO
LPD_CRE_MOODYS_V2,CRE lifetime PD by Moody's,Commercial Real Estate,moodys_band,Baa,Downside,60,0.0013097736990757799,0.0782853750198722,V2,SYNTHETIC_DEMO
LPD_CRE_MOODYS_V2,CRE lifetime PD by Moody's,Commercial Real Estate,moodys_band,Baa,Downside,61,0.001308597273356141,0.0795939722932284,V2,SYNTHETIC_DEMO
LPD_CRE_MOODYS_V2,CRE lifetime PD by Moody's,Commercial Real Estate,moodys_band,Baa,Downside,62,0.0013073927860326885,0.08090136507926105,V2,SYNTHETIC_DEMO
LPD_CRE_MOODYS_V2,CRE lifetime PD by Moody's,Commercial Real Estate,moodys_band,Baa,Downside,63,0.001306161530300361,0.08220752660956143,V2,SYNTHETIC_DEMO
LPD_CRE_MOODYS_V2,CRE lifetime PD by Moody's,Commercial Real Estate,moodys_band,Baa,Downside,64,0.0013049047448295194,0.0835124313543909,V2,SYNTHETIC_DEMO
LPD_CRE_MOODYS_V2,CRE lifetime PD by Moody's,Commercial Real Estate,moodys_band,Baa,Downside,65,0.0013036236160506784,0.08481605497044153,V2,SYNTHETIC_DEMO
LPD_CRE_MOODYS_V2,CRE lifetime PD by Moody's,Commercial Real Estate,moodys_band,Baa,Downside,66,0.0013023192803444834,0.08611837425078606,V2,SYNTHETIC_DEMO
LPD_CRE_MOODYS_V2,CRE lifetime PD by Moody's,Commercial Real Estate,moodys_band,Baa,Downside,67,0.0013009928261394775,0.08741936707692555,V2,SYNTHETIC_DEMO
LPD_CRE_MOODYS_V2,CRE lifetime PD by Moody's,Commercial Real Estate,moodys_band,Baa,Downside,68,0.0012996452959240256,0.08871901237284963,V2,SYNTHETIC_DEMO
LPD_CRE_MOODYS_V2,CRE lifetime PD by Moody's,Commercial Real Estate,moodys_band,Baa,Downside,69,0.0012982776881726426,0.09001729006102221,V2,SYNTHETIC_DEMO
LPD_CRE_MOODYS_V2,CRE lifetime PD by Moody's,Commercial Real Estate,moodys_band,Baa,Downside,70,0.0012968909591932342,0.09131418102021549,V2,SYNTHETIC_DEMO
LPD_CRE_MOODYS_V2,CRE lifetime PD by Moody's,Commercial Real Estate,moodys_band,Baa,Downside,71,0.00129548602489686,0.09260966704511231,V2,SYNTHETIC_DEMO
LPD_CRE_MOODYS_V2,CRE lifetime PD by Moody's,Commercial Real Estate,moodys_band,Baa,Downside,72,0.001294063762492925,0.09390373080760528,V2,SYNTHETIC_DEMO
LPD_CRE_MOODYS_V2,CRE lifetime PD by Moody's,Commercial Real Estate,moodys_band,Baa,Downside,73,0.0012926250121148943,0.09519635581972019,V2,SYNTHETIC_DEMO
LPD_CRE_MOODYS_V2,CRE lifetime PD by Moody's,Commercial Real Estate,moodys_band,Baa,Downside,74,0.0012911705783769545,0.0964875263980971,V2,SYNTHETIC_DEMO
LPD_CRE_MOODYS_V2,CRE lifetime PD by Moody's,Commercial Real Estate,moodys_band,Baa,Downside,75,0.0012897012318659627,0.0977772276299631,V2,SYNTHETIC_DEMO
LPD_CRE_MOODYS_V2,CRE lifetime PD by Moody's,Commercial Real Estate,moodys_band,Baa,Downside,76,0.0012882177105711713,0.0990654453405343,V2,SYNTHETIC_DEMO
LPD_CRE_MOODYS_V2,CRE lifetime PD by Moody's,Commercial Real Estate,moodys_band,Baa,Downside,77,0.0012867207212539041,0.1003521660617882,V2,SYNTHETIC_DEMO
LPD_CRE_MOODYS_V2,CRE lifetime PD by Moody's,Commercial Real Estate,moodys_band,Baa,Downside,78,0.0012852109407601293,0.10163737700254838,V2,SYNTHETIC_DEMO
LPD_CRE_MOODYS_V2,CRE lifetime PD by Moody's,Commercial Real Estate,moodys_band,Baa,Downside,79,0.001283689017277754,0.10292106601982609,V2,SYNTHETIC_DEMO
LPD_CRE_MOODYS_V2,CRE lifetime PD by Moody's,Commercial Real Estate,moodys_band,Baa,Downside,80,0.0012821555715416472,0.10420322159136775,V2,SYNTHETIC_DEMO
LPD_CRE_MOODYS_V2,CRE lifetime PD by Moody's,Commercial Real Estate,moodys_band,Baa,Downside,81,0.001280611197987967,0.10548383278935569,V2,SYNTHETIC_DEMO
LPD_CRE_MOODYS_V2,CRE lifetime PD by Moody's,Commercial Real Estate,moodys_band,Baa,Downside,82,0.001279056465860058,0.10676288925521571,V2,SYNTHETIC_DEMO
LPD_CRE_MOODYS_V2,CRE lifetime PD by Moody's,Commercial Real Estate,moodys_band,Baa,Downside,83,0.0012774919202680588,0.10804038117548376,V2,SYNTHETIC_DEMO
LPD_CRE_MOODYS_V2,CRE lifetime PD by Moody's,Commercial Real Estate,moodys_band,Baa,Downside,84,0.0012759180832045372,0.10931629925868824,V2,SYNTHETIC_DEMO
LPD_CRE_MOODYS_V2,CRE lifetime PD by Moody's,Commercial Real Estate,moodys_band,Baa,Downside,85,0.0012743354545164697,0.11059063471320474,V2,SYNTHETIC_DEMO
LPD_CRE_MOODYS_V2,CRE lifetime PD by Moody's,Commercial Real Estate,moodys_band,Baa,Downside,86,0.001272744512837536,0.11186337922604228,V2,SYNTHETIC_DEMO
LPD_CRE_MOODYS_V2,CRE lifetime PD by Moody's,Commercial Real Estate,moodys_band,Baa,Downside,87,0.0012711457164810058,0.1131345249425233,V2,SYNTHETIC_DEMO
LPD_CRE_MOODYS_V2,CRE lifetime PD by Moody's,Commercial Real Estate,moodys_band,Baa,Downside,88,0.001269539504294285,0.11440406444681761,V2,SYNTHETIC_DEMO
LPD_CRE_MOODYS_V2,CRE lifetime PD by Moody's,Commercial Real Estate,moodys_band,Baa,Downside,89,0.0012679262964792255,0.11567199074329682,V2,SYNTHETIC_DEMO
LPD_CRE_MOODYS_V2,CRE lifetime PD by Moody's,Commercial Real Estate,moodys_band,Baa,Downside,90,0.0012663064953764612,0.11693829723867333,V2,SYNTHETIC_DEMO
LPD_CRE_MOODYS_V2,CRE lifetime PD by Moody's,Commercial Real Estate,moodys_band,Baa,Downside,91,0.0012646804862174567,0.11820297772489075,V2,SYNTHETIC_DEMO
LPD_CRE_MOODYS_V2,CRE lifetime PD by Moody's,Commercial Real Estate,moodys_band,Baa,Downside,92,0.0012630486378453576,0.11946602636273607,V2,SYNTHETIC_DEMO
LPD_CRE_MOODYS_V2,CRE lifetime PD by Moody's,Commercial Real Estate,moodys_band,Baa,Downside,93,0.0012614113034047519,0.1207274376661408,V2,SYNTHETIC_DEMO
LPD_CRE_MOODYS_V2,CRE lifetime PD by Moody's,Commercial Real Estate,moodys_band,Baa,Downside,94,0.0012597688210029855,0.12198720648714378,V2,SYNTHETIC_DEMO
LPD_CRE_MOODYS_V2,CRE lifetime PD by Moody's,Commercial Real Estate,moodys_band,Baa,Downside,95,0.001258121514343603,0.12324532800148735,V2,SYNTHETIC_DEMO
LPD_CRE_MOODYS_V2,CRE lifetime PD by Moody's,Commercial Real Estate,moodys_band,Baa,Downside,96,0.0012564696933328623,0.12450179769482017,V2,SYNTHETIC_DEMO
LPD_CRE_MOODYS_V2,CRE lifetime PD by Moody's,Commercial Real Estate,moodys_band,Baa,Downside,97,0.0012548136546614381,0.12575661134948157,V2,SYNTHETIC_DEMO
LPD_CRE_MOODYS_V2,CRE lifetime PD by Moody's,Commercial Real Estate,moodys_band,Baa,Downside,98,0.0012531536823606787,0.12700976503184225,V2,SYNTHETIC_DEMO
LPD_CRE_MOODYS_V2,CRE lifetime PD by Moody's,Commercial Real Estate,moodys_band,Baa,Downside,99,0.0012514900483365746,0.12826125508017883,V2,SYNTHETIC_DEMO
LPD_CRE_MOODYS_V2,CRE lifetime PD by Moody's,Commercial Real Estate,moodys_band,Baa,Downside,100,0.001249823012880305,0.12951107809305917,V2,SYNTHETIC_DEMO
LPD_CRE_MOODYS_V2,CRE lifetime PD by Moody's,Commercial Real Estate,moodys_band,Baa,Downside,101,0.0012481528251578116,0.13075923091821695,V2,SYNTHETIC_DEMO
LPD_CRE_MOODYS_V2,CRE lifetime PD by Moody's,Commercial Real Estate,moodys_band,Baa,Downside,102,0.0012464797236789932,0.13200571064189592,V2,SYNTHETIC_DEMO
LPD_CRE_MOODYS_V2,CRE lifetime PD by Moody's,Commercial Real Estate,moodys_band,Baa,Downside,103,0.0012448039367463392,0.13325051457864223,V2,SYNTHETIC_DEMO
LPD_CRE_MOODYS_V2,CRE lifetime PD by Moody's,Commercial Real Estate,moodys_band,Baa,Downside,104,0.0012431256828856073,0.13449364026152788,V2,SYNTHETIC_DEMO
LPD_CRE_MOODYS_V2,CRE lifetime PD by Moody's,Commercial Real Estate,moodys_band,Baa,Downside,105,0.001241445171258052,0.1357350854327859,V2,SYNTHETIC_DEMO
LPD_CRE_MOODYS_V2,CRE lifetime PD by Moody's,Commercial Real Estate,moodys_band,Baa,Downside,106,0.001239762602054675,0.1369748480348406,V2,SYNTHETIC_DEMO
LPD_CRE_MOODYS_V2,CRE lifetime PD by Moody's,Commercial Real Estate,moodys_band,Baa,Downside,107,0.0012380781668751648,0.13821292620171577,V2,SYNTHETIC_DEMO
LPD_CRE_MOODYS_V2,CRE lifetime PD by Moody's,Commercial Real Estate,moodys_band,Baa,Downside,108,0.0012363920490895757,0.1394493182508053,V2,SYNTHETIC_DEMO
LPD_CRE_MOODYS_V2,CRE lifetime PD by Moody's,Commercial Real Estate,moodys_band,Baa,Downside,109,0.0012347044241855902,0.14068402267499092,V2,SYNTHETIC_DEMO
LPD_CRE_MOODYS_V2,CRE lifetime PD by Moody's,Commercial Real Estate,moodys_band,Baa,Downside,110,0.0012330154601010322,0.14191703813509193,V2,SYNTHETIC_DEMO
LPD_CRE_MOODYS_V2,CRE lifetime PD by Moody's,Commercial Real Estate,moodys_band,Baa,Downside,111,0.0012313253175421602,0.14314836345263404,V2,SYNTHETIC_DEMO
LPD_CRE_MOODYS_V2,CRE lifetime PD by Moody's,Commercial Real Estate,moodys_band,Baa,Downside,112,0.001229634150288545,0.14437799760292258,V2,SYNTHETIC_DEMO
LPD_CRE_MOODYS_V2,CRE lifetime PD by Moody's,Commercial Real Estate,moodys_band,Baa,Downside,113,0.0012279421054858096,0.1456059397084084,V2,SYNTHETIC_DEMO
LPD_CRE_MOODYS_V2,CRE lifetime PD by Moody's,Commercial Real Estate,moodys_band,Baa,Downside,114,0.0012262493239245486,0.14683218903233297,V2,SYNTHETIC_DEMO
LPD_CRE_MOODYS_V2,CRE lifetime PD by Moody's,Commercial Real Estate,moodys_band,Baa,Downside,115,0.0012245559403093525,0.14805674497264232,V2,SYNTHETIC_DEMO
LPD_CRE_MOODYS_V2,CRE lifetime PD by Moody's,Commercial Real Estate,moodys_band,Baa,Downside,116,0.0012228620835150125,0.14927960705615728,V2,SYNTHETIC_DEMO
LPD_CRE_MOODYS_V2,CRE lifetime PD by Moody's,Commercial Real Estate,moodys_band,Baa,Downside,117,0.0012211678768325812,0.15050077493298986,V2,SYNTHETIC_DEMO
LPD_CRE_MOODYS_V2,CRE lifetime PD by Moody's,Commercial Real Estate,moodys_band,Baa,Downside,118,0.0012194734382052041,0.15172024837119502,V2,SYNTHETIC_DEMO
LPD_CRE_MOODYS_V2,CRE lifetime PD by Moody's,Commercial Real Estate,moodys_band,Baa,Downside,119,0.0012177788804535437,0.1529380272516485,V2,SYNTHETIC_DEMO
LPD_CRE_MOODYS_V2,CRE lifetime PD by Moody's,Commercial Real Estate,moodys_band,Baa,Downside,120,0.0012160843114921176,0.15415411156314063,V2,SYNTHETIC_DEMO
LPD_CRE_MOODYS_V2,CRE lifetime PD by Moody's,Commercial Real Estate,moodys_band,Ba,Downside,1,0.0037270891723097943,0.0037270891723097943,V2,SYNTHETIC_DEMO
LPD_CRE_MOODYS_V2,CRE lifetime PD by Moody's,Commercial Real Estate,moodys_band,Ba,Downside,2,0.0037397158024755905,0.007466804974785357,V2,SYNTHETIC_DEMO
LPD_CRE_MOODYS_V2,CRE lifetime PD by Moody's,Commercial Real Estate,moodys_band,Ba,Downside,3,0.003751025444670172,0.011217830419455566,V2,SYNTHETIC_DEMO
LPD_CRE_MOODYS_V2,CRE lifetime PD by Moody's,Commercial Real Estate,moodys_band,Ba,Downside,4,0.0037610772046989703,0.014978907624154547,V2,SYNTHETIC_DEMO
LPD_CRE_MOODYS_V2,CRE lifetime PD by Moody's,Commercial Real Estate,moodys_band,Ba,Downside,5,0.0037699278124400997,0.01874883543659467,V2,SYNTHETIC_DEMO
LPD_CRE_MOODYS_V2,CRE lifetime PD by Moody's,Commercial Real Estate,moodys_band,Ba,Downside,6,0.0037776317044756324,0.022526467141070317,V2,SYNTHETIC_DEMO
LPD_CRE_MOODYS_V2,CRE lifetime PD by Moody's,Commercial Real Estate,moodys_band,Ba,Downside,7,0.0037842411049569054,0.026310708246027215,V2,SYNTHETIC_DEMO
LPD_CRE_MOODYS_V2,CRE lifetime PD by Moody's,Commercial Real Estate,moodys_band,Ba,Downside,8,0.0037898061046285738,0.03010051435065575,V2,SYNTHETIC_DEMO
LPD_CRE_MOODYS_V2,CRE lifetime PD by Moody's,Commercial Real Estate,moodys_band,Ba,Downside,9,0.0037943747379543826,0.03389488908861016,V2,SYNTHETIC_DEMO
LPD_CRE_MOODYS_V2,CRE lifetime PD by Moody's,Commercial Real Estate,moodys_band,Ba,Downside,10,0.00379799305829865,0.0376928821469088,V2,SYNTHETIC_DEMO
LPD_CRE_MOODYS_V2,CRE lifetime PD by Moody's,Commercial Real Estate,moodys_band,Ba,Downside,11,0.0038007052111316063,0.04149358735804043,V2,SYNTHETIC_DEMO
LPD_CRE_MOODYS_V2,CRE lifetime PD by Moody's,Commercial Real Estate,moodys_band,Ba,Downside,12,0.0038025535052343064,0.045296140863274714,V2,SYNTHETIC_DEMO
LPD_CRE_MOODYS_V2,CRE lifetime PD by Moody's,Commercial Real Estate,moodys_band,Ba,Downside,13,0.00380357848189249,0.049099719345167214,V2,SYNTHETIC_DEMO
LPD_CRE_MOODYS_V2,CRE lifetime PD by Moody's,Commercial Real Estate,moodys_band,Ba,Downside,14,0.003803818982073632,0.05290353832724082,V2,SYNTHETIC_DEMO
LPD_CRE_MOODYS_V2,CRE lifetime PD by Moody's,Commercial Real Estate,moodys_band,Ba,Downside,15,0.003803312211590118,0.056706850538830955,V2,SYNTHETIC_DEMO
LPD_CRE_MOODYS_V2,CRE lifetime PD by Moody's,Commercial Real Estate,moodys_band,Ba,Downside,16,0.003802093804260302,0.06050894434309129,V2,SYNTHETIC_DEMO
LPD_CRE_MOODYS_V2,CRE lifetime PD by Moody's,Commercial Real Estate,moodys_band,Ba,Downside,17,0.0038001978830802426,0.06430914222617157,V2,SYNTHETIC_DEMO
LPD_CRE_MOODYS_V2,CRE lifetime PD by Moody's,Commercial Real Estate,moodys_band,Ba,Downside,18,0.0037976571194300287,0.0681067993456016,V2,SYNTHETIC_DEMO
LPD_CRE_MOODYS_V2,CRE lifetime PD by Moody's,Commercial Real Estate,moodys_band,Ba,Downside,19,0.0037945027903375874,0.07190130213593915,V2,SYNTHETIC_DEMO
LPD_CRE_MOODYS_V2,CRE lifetime PD by Moody's,Commercial Real Estate,moodys_band,Ba,Downside,20,0.0037907648338303783,0.07569206696976949,V2,SYNTHETIC_DEMO
LPD_CRE_MOODYS_V2,CRE lifetime PD by Moody's,Commercial Real Estate,moodys_band,Ba,Downside,21,0.0037864719024068598,0.07947853887217637,V2,SYNTHETIC_DEMO
LPD_CRE_MOODYS_V2,CRE lifetime PD by Moody's,Commercial Real Estate,moodys_band,Ba,Downside,22,0.0037816514146626766,0.08326019028683906,V2,SYNTHETIC_DEMO
LPD_CRE_MOODYS_V2,CRE lifetime PD by Moody's,Commercial Real Estate,moodys_band,Ba,Downside,23,0.0037763296051105586,0.0870365198919496,V2,SYNTHETIC_DEMO
LPD_CRE_MOODYS_V2,CRE lifetime PD by Moody's,Commercial Real Estate,moodys_band,Ba,Downside,24,0.0037705315722306155,0.09080705146418022,V2,SYNTHETIC_DEMO
LPD_CRE_MOODYS_V2,CRE lifetime PD by Moody's,Commercial Real Estate,moodys_band,Ba,Downside,25,0.0037642813247953915,0.09457133278897556,V2,SYNTHETIC_DEMO
LPD_CRE_MOODYS_V2,CRE lifetime PD by Moody's,Commercial Real Estate,moodys_band,Ba,Downside,26,0.0037576018265089253,0.09832893461548453,V2,SYNTHETIC_DEMO
LPD_CRE_MOODYS_V2,CRE lifetime PD by Moody's,Commercial Real Estate,moodys_band,Ba,Downside,27,0.0037505150390051106,0.10207944965448967,V2,SYNTHETIC_DEMO
LPD_CRE_MOODYS_V2,CRE lifetime PD by Moody's,Commercial Real Estate,moodys_band,Ba,Downside,28,0.0037430419632482332,0.10582249161773793,V2,SYNTHETIC_DEMO
LPD_CRE_MOODYS_V2,CRE lifetime PD by Moody's,Commercial Real Estate,moodys_band,Ba,Downside,29,0.0037352026793801424,0.10955769429711804,V2,SYNTHETIC_DEMO
LPD_CRE_MOODYS_V2,CRE lifetime PD by Moody's,Commercial Real Estate,moodys_band,Ba,Downside,30,0.0037270163850585546,0.1132847106821766,V2,SYNTHETIC_DEMO
LPD_CRE_MOODYS_V2,CRE lifetime PD by Moody's,Commercial Real Estate,moodys_band,Ba,Downside,31,0.003718501432331597,0.11700321211450815,V2,SYNTHETIC_DEMO
LPD_CRE_MOODYS_V2,CRE lifetime PD by Moody's,Commercial Real Estate,moodys_band,Ba,Downside,32,0.003709675363092216,0.12071288747760034,V2,SYNTHETIC_DEMO
LPD_CRE_MOODYS_V2,CRE lifetime PD by Moody's,Commercial Real Estate,moodys_band,Ba,Downside,33,0.0037005549431570273,0.12441344242075736,V2,SYNTHETIC_DEMO
LPD_CRE_MOODYS_V2,CRE lifetime PD by Moody's,Commercial Real Estate,moodys_band,Ba,Downside,34,0.003691156195013961,0.12810459861577128,V2,SYNTHETIC_DEMO
LPD_CRE_MOODYS_V2,CRE lifetime PD by Moody's,Commercial Real Estate,moodys_band,Ba,Downside,35,0.0036814944292808066,0.13178609304505207,V2,SYNTHETIC_DEMO
LPD_CRE_MOODYS_V2,CRE lifetime PD by Moody's,Commercial Real Estate,moodys_band,Ba,Downside,36,0.00367158427491858,0.1354576773199706,V2,SYNTHETIC_DEMO
LPD_CRE_MOODYS_V2,CRE lifetime PD by Moody's,Commercial Real Estate,moodys_band,Ba,Downside,37,0.003661439708240642,0.13911911702821123,V2,SYNTHETIC_DEMO
LPD_CRE_MOODYS_V2,CRE lifetime PD by Moody's,Commercial Real Estate,moodys_band,Ba,Downside,38,0.0036510740807603644,0.1427701911089716,V2,SYNTHETIC_DEMO
LPD_CRE_MOODYS_V2,CRE lifetime PD by Moody's,Commercial Real Estate,moodys_band,Ba,Downside,39,0.0036405001459157444,0.14641069125488737,V2,SYNTHETIC_DEMO
LPD_CRE_MOODYS_V2,CRE lifetime PD by Moody's,Commercial Real Estate,moodys_band,Ba,Downside,40,0.0036297300847124908,0.15004042133959983,V2,SYNTHETIC_DEMO
LPD_CRE_MOODYS_V2,CRE lifetime PD by Moody's,Commercial Real Estate,moodys_band,Ba,Downside,41,0.003618775530323152,0.15365919686992302,V2,SYNTHETIC_DEMO
LPD_CRE_MOODYS_V2,CRE lifetime PD by Moody's,Commercial Real Estate,moodys_band,Ba,Downside,42,0.0036076475916810005,0.157266844461604,V2,SYNTHETIC_DEMO
LPD_CRE_MOODYS_V2,CRE lifetime PD by Moody's,Commercial Real Estate,moodys_band,Ba,Downside,43,0.0035963568761042263,0.16086320133770826,V2,SYNTHETIC_DEMO
LPD_CRE_MOODYS_V2,CRE lifetime PD by Moody's,Commercial Real Estate,moodys_band,Ba,Downside,44,0.0035849135109878552,0.16444811484869615,V2,SYNTHETIC_DEMO
LPD_CRE_MOODYS_V2,CRE lifetime PD by Moody's,Commercial Real Estate,moodys_band,Ba,Downside,45,0.00357332716459693,0.16802144201329305,V2,SYNTHETIC_DEMO
LPD_CRE_MOODYS_V2,CRE lifetime PD by Moody's,Commercial Real Estate,moodys_band,Ba,Downside,46,0.0035616070659963348,0.17158304907928934,V2,SYNTHETIC_DEMO
LPD_CRE_MOODYS_V2,CRE lifetime PD by Moody's,Commercial Real Estate,moodys_band,Ba,Downside,47,0.003549762024148458,0.1751328111034378,V2,SYNTHETIC_DEMO
LPD_CRE_MOODYS_V2,CRE lifetime PD by Moody's,Commercial Real Estate,moodys_band,Ba,Downside,48,0.0035378004462121495,0.17867061154964992,V2,SYNTHETIC_DEMO
LPD_CRE_MOODYS_V2,CRE lifetime PD by Moody's,Commercial Real Estate,moodys_band,Ba,Downside,49,0.0035257303550729206,0.1821963419047229,V2,SYNTHETIC_DEMO
LPD_CRE_MOODYS_V2,CRE lifetime PD by Moody's,Commercial Real Estate,moodys_band,Ba,Downside,50,0.0035135594061351688,0.18570990131085807,V2,SYNTHETIC_DEMO
LPD_CRE_MOODYS_V2,CRE lifetime PD by Moody's,Commercial Real Estate,moodys_band,Ba,Downside,51,0.0035012949034047155,0.18921119621426274,V2,SYNTHETIC_DEMO
LPD_CRE_MOODYS_V2,CRE lifetime PD by Moody's,Commercial Real Estate,moodys_band,Ba,Downside,52,0.003488943814889903,0.1927001400291527,V2,SYNTHETIC_DEMO
LPD_CRE_MOODYS_V2,CRE lifetime PD by Moody's,Commercial Real Estate,moodys_band,Ba,Downside,53,0.0034765127873489336,0.19617665281650165,V2,SYNTHETIC_DEMO
LPD_CRE_MOODYS_V2,CRE lifetime PD by Moody's,Commercial Real Estate,moodys_band,Ba,Downside,54,0.003464008160408858,0.19964066097691047,V2,SYNTHETIC_DEMO
LPD_CRE_MOODYS_V2,CRE lifetime PD by Moody's,Commercial Real Estate,moodys_band,Ba,Downside,55,0.0034514359800815395,0.20309209695699204,V2,SYNTHETIC_DEMO
LPD_CRE_MOODYS_V2,CRE lifetime PD by Moody's,Commercial Real Estate,moodys_band,Ba,Downside,56,0.003438802011701889,0.20653089896869392,V2,SYNTHETIC_DEMO
LPD_CRE_MOODYS_V2,CRE lifetime PD by Moody's,Commercial Real Estate,moodys_band,Ba,Downside,57,0.00342611175231069,0.2099570107210046,V2,SYNTHETIC_DEMO
LPD_CRE_MOODYS_V2,CRE lifetime PD by Moody's,Commercial Real Estate,moodys_band,Ba,Downside,58,0.0034133704425053117,0.21337038116350993,V2,SYNTHETIC_DEMO
LPD_CRE_MOODYS_V2,CRE lifetime PD by Moody's,Commercial Real Estate,moodys_band,Ba,Downside,59,0.0034005830777804206,0.2167709642412904,V2,SYNTHETIC_DEMO
LPD_CRE_MOODYS_V2,CRE lifetime PD by Moody's,Commercial Real Estate,moodys_band,Ba,Downside,60,0.0033877544193788352,0.22015871866066927,V2,SYNTHETIC_DEMO
LPD_CRE_MOODYS_V2,CRE lifetime PD by Moody's,Commercial Real Estate,moodys_band,Ba,Downside,61,0.0033748890046737335,0.22353360766534303,V2,SYNTHETIC_DEMO
LPD_CRE_MOODYS_V2,CRE lifetime PD by Moody's,Commercial Real Estate,moodys_band,Ba,Downside,62,0.003361991157101099,0.22689559882244414,V2,SYNTHETIC_DEMO
LPD_CRE_MOODYS_V2,CRE lifetime PD by Moody's,Commercial Real Estate,moodys_band,Ba,Downside,63,0.003349064995660881,0.23024466381810504,V2,SYNTHETIC_DEMO
LPD_CRE_MOODYS_V2,CRE lifetime PD by Moody's,Commercial Real Estate,moodys_band,Ba,Downside,64,0.003336114444006531,0.23358077826211154,V2,SYNTHETIC_DEMO
LPD_CRE_MOODYS_V2,CRE lifetime PD by Moody's,Commercial Real Estate,moodys_band,Ba,Downside,65,0.0033231432391373087,0.23690392150124884,V2,SYNTHETIC_DEMO
LPD_CRE_MOODYS_V2,CRE lifetime PD by Moody's,Commercial Real Estate,moodys_band,Ba,Downside,66,0.003310154939713379,0.24021407644096227,V2,SYNTHETIC_DEMO
LPD_CRE_MOODYS_V2,CRE lifetime PD by Moody's,Commercial Real Estate,moodys_band,Ba,Downside,67,0.003297152934006669,0.24351122937496894,V2,SYNTHETIC_DEMO
LPD_CRE_MOODYS_V2,CRE lifetime PD by Moody's,Commercial Real Estate,moodys_band,Ba,Downside,68,0.0032841404475053675,0.2467953698224743,V2,SYNTHETIC_DEMO
LPD_CRE_MOODYS_V2,CRE lifetime PD by Moody's,Commercial Real Estate,moodys_band,Ba,Downside,69,0.0032711205501848523,0.25006649037265916,V2,SYNTHETIC_DEMO
LPD_CRE_MOODYS_V2,CRE lifetime PD by Moody's,Commercial Real Estate,moodys_band,Ba,Downside,70,0.0032580961634604355,0.25332458653611956,V2,SYNTHETIC_DEMO
LPD_CRE_MOODYS_V2,CRE lifetime PD by Moody's,Commercial Real Estate,moodys_band,Ba,Downside,71,0.0032450700668349626,0.2565696566029545,V2,SYNTHETIC_DEMO
LPD_CRE_MOODYS_V2,CRE lifetime PD by Moody's,Commercial Real Estate,moodys_band,Ba,Downside,72,0.0032320449042546207,0.25980170150720916,V2,SYNTHETIC_DEMO
LPD_CRE_MOODYS_V2,CRE lifetime PD by Moody's,Commercial Real Estate,moodys_band,Ba,Downside,73,0.0032190231901851065,0.26302072469739424,V2,SYNTHETIC_DEMO
LPD_CRE_MOODYS_V2,CRE lifetime PD by Moody's,Commercial Real Estate,moodys_band,Ba,Downside,74,0.0032060073154204552,0.26622673201281466,V2,SYNTHETIC_DEMO
LPD_CRE_MOODYS_V2,CRE lifetime PD by Moody's,Commercial Real Estate,moodys_band,Ba,Downside,75,0.0031929995526362165,0.26941973156545085,V2,SYNTHETIC_DEMO
LPD_CRE_MOODYS_V2,CRE lifetime PD by Moody's,Commercial Real Estate,moodys_band,Ba,Downside,76,0.003180002061697036,0.27259973362714784,V2,SYNTHETIC_DEMO
LPD_CRE_MOODYS_V2,CRE lifetime PD by Moody's,Commercial Real Estate,moodys_band,Ba,Downside,77,0.0031670168947311402,0.27576675052187893,V2,SYNTHETIC_DEMO
LPD_CRE_MOODYS_V2,CRE lifetime PD by Moody's,Commercial Real Estate,moodys_band,Ba,Downside,78,0.0031540460009790105,0.27892079652285795,V2,SYNTHETIC_DEMO
LPD_CRE_MOODYS_V2,CRE lifetime PD by Moody's,Commercial Real Estate,moodys_band,Ba,Downside,79,0.0031410912314294784,0.2820618877542874,V2,SYNTHETIC_DEMO
LPD_CRE_MOODYS_V2,CRE lifetime PD by Moody's,Commercial Real Estate,moodys_band,Ba,Downside,80,0.003128154343248966,0.2851900420975364,V2,SYNTHETIC_DEMO
LPD_CRE_MOODYS_V2,CRE lifetime PD by Moody's,Commercial Real Estate,moodys_band,Ba,Downside,81,0.0031152370040159125,0.28830527910155235,V2,SYNTHETIC_DEMO
LPD_CRE_MOODYS_V2,CRE lifetime PD by Moody's,Commercial Real Estate,moodys_band,Ba,Downside,82,0.0031023407957666703,0.291407619897319,V2,SYNTHETIC_DEMO
LPD_CRE_MOODYS_V2,CRE lifetime PD by Moody's,Commercial Real Estate,moodys_band,Ba,Downside,83,0.00308946721886233,0.2944970871161814,V2,SYNTHETIC_DEMO
LPD_CRE_MOODYS_V2,CRE lifetime PD by Moody's,Commercial Real Estate,moodys_band,Ba,Downside,84,0.003076617695683497,0.29757370481186485,V2,SYNTHETIC_DEMO
LPD_CRE_MOODYS_V2,CRE lifetime PD by Moody's,Commercial Real Estate,moodys_band,Ba,Downside,85,0.003063793574161847,0.3006374983860267,V2,SYNTHETIC_DEMO
LPD_CRE_MOODYS_V2,CRE lifetime PD by Moody's,Commercial Real Estate,moodys_band,Ba,Downside,86,0.003050996131153458,0.30368849451718016,V2,SYNTHETIC_DEMO
LPD_CRE_MOODYS_V2,CRE lifetime PD by Moody's,Commercial Real Estate,moodys_band,Ba,Downside,87,0.003038226575663196,0.3067267210928434,V2,SYNTHETIC_DEMO
LPD_CRE_MOODYS_V2,CRE lifetime PD by Moody's,Commercial Real Estate,moodys_band,Ba,Downside,88,0.0030254860519252744,0.3097522071447687,V2,SYNTHETIC_DEMO
LPD_CRE_MOODYS_V2,CRE lifetime PD by Moody's,Commercial Real Estate,moodys_band,Ba,Downside,89,0.0030127756423459673,0.3127649827871146,V2,SYNTHETIC_DEMO
LPD_CRE_MOODYS_V2,CRE lifetime PD by Moody's,Commercial Real Estate,moodys_band,Ba,Downside,90,0.003000096370316649,0.31576507915743124,V2,SYNTHETIC_DEMO
LPD_CRE_MOODYS_V2,CRE lifetime PD by Moody's,Commercial Real Estate,moodys_band,Ba,Downside,91,0.0029874492028999443,0.3187525283603312,V2,SYNTHETIC_DEMO
LPD_CRE_MOODYS_V2,CRE lifetime PD by Moody's,Commercial Real Estate,moodys_band,Ba,Downside,92,0.0029748350533968216,0.321727363413728,V2,SYNTHETIC_DEMO
LPD_CRE_MOODYS_V2,CRE lifetime PD by Moody's,Commercial Real Estate,moodys_band,Ba,Downside,93,0.002962254783799361,0.3246896181975274,V2,SYNTHETIC_DEMO
LPD_CRE_MOODYS_V2,CRE lifetime PD by Moody's,Commercial Real Estate,moodys_band,Ba,Downside,94,0.0029497092071332194,0.3276393274046606,V2,SYNTHETIC_DEMO
LPD_CRE_MOODYS_V2,CRE lifetime PD by Moody's,Commercial Real Estate,moodys_band,Ba,Downside,95,0.00293719908969643,0.3305765264943571,V2,SYNTHETIC_DEMO
LPD_CRE_MOODYS_V2,CRE lifetime PD by Moody's,Commercial Real Estate,moodys_band,Ba,Downside,96,0.0029247251531970956,0.3335012516475542,V2,SYNTHETIC_DEMO
LPD_CRE_MOODYS_V2,CRE lifetime PD by Moody's,Commercial Real Estate,moodys_band,Ba,Downside,97,0.0029122880767963625,0.3364135397243505,V2,SYNTHETIC_DEMO
LPD_CRE_MOODYS_V2,CRE lifetime PD by Moody's,Commercial Real Estate,moodys_band,Ba,Downside,98,0.002899888499059628,0.33931342822341015,V2,SYNTHETIC_DEMO
LPD_CRE_MOODYS_V2,CRE lifetime PD by Moody's,Commercial Real Estate,moodys_band,Ba,Downside,99,0.0028875270198204846,0.3422009552432307,V2,SYNTHETIC_DEMO
LPD_CRE_MOODYS_V2,CRE lifetime PD by Moody's,Commercial Real Estate,moodys_band,Ba,Downside,100,0.002875204201961354,0.345076159445192,V2,SYNTHETIC_DEMO
LPD_CRE_MOODYS_V2,CRE lifetime PD by Moody's,Commercial Real Estate,moodys_band,Ba,Downside,101,0.0028629205731138543,0.34793908001830587,V2,SYNTHETIC_DEMO
LPD_CRE_MOODYS_V2,CRE lifetime PD by Moody's,Commercial Real Estate,moodys_band,Ba,Downside,102,0.002850676627283759,0.35078975664558965,V2,SYNTHETIC_DEMO
LPD_CRE_MOODYS_V2,CRE lifetime PD by Moody's,Commercial Real Estate,moodys_band,Ba,Downside,103,0.002838472826402534,0.35362822947199213,V2,SYNTHETIC_DEMO
LPD_CRE_MOODYS_V2,CRE lifetime PD by Moody's,Commercial Real Estate,moodys_band,Ba,Downside,104,0.0028263096018096125,0.35645453907380176,V2,SYNTHETIC_DEMO
LPD_CRE_MOODYS_V2,CRE lifetime PD by Moody's,Commercial Real Estate,moodys_band,Ba,Downside,105,0.002814187355667823,0.3592687264294696,V2,SYNTHETIC_DEMO
LPD_CRE_MOODYS_V2,CRE lifetime PD by Moody's,Commercial Real Estate,moodys_band,Ba,Downside,106,0.0028021064623157464,0.3620708328917853,V2,SYNTHETIC_DEMO
LPD_CRE_MOODYS_V2,CRE lifetime PD by Moody's,Commercial Real Estate,moodys_band,Ba,Downside,107,0.0027900672695591083,0.3648609001613444,V2,SYNTHETIC_DEMO
LPD_CRE_MOODYS_V2,CRE lifetime PD by Moody's,Commercial Real Estate,moodys_band,Ba,Downside,108,0.0027780700999041237,0.3676389702612486,V2,SYNTHETIC_DEMO
LPD_CRE_MOODYS_V2,CRE lifetime PD by Moody's,Commercial Real Estate,moodys_band,Ba,Downside,109,0.0027661152517355517,0.3704050855129841,V2,SYNTHETIC_DEMO
LPD_CRE_MOODYS_V2,CRE lifetime PD by Moody's,Commercial Real Estate,moodys_band,Ba,Downside,110,0.002754203000441803,0.37315928851342595,V2,SYNTHETIC_DEMO
LPD_CRE_MOODYS_V2,CRE lifetime PD by Moody's,Commercial Real Estate,moodys_band,Ba,Downside,111,0.002742333599489378,0.37590162211291533,V2,SYNTHETIC_DEMO
LPD_CRE_MOODYS_V2,CRE lifetime PD by Moody's,Commercial Real Estate,moodys_band,Ba,Downside,112,0.0027305072814491284,0.3786321293943644,V2,SYNTHETIC_DEMO
LPD_CRE_MOODYS_V2,CRE lifetime PD by Moody's,Commercial Real Estate,moodys_band,Ba,Downside,113,0.002718724258976167,0.38135085365334054,V2,SYNTHETIC_DEMO
LPD_CRE_MOODYS_V2,CRE lifetime PD by Moody's,Commercial Real Estate,moodys_band,Ba,Downside,114,0.0027069847257458544,0.38405783837908636,V2,SYNTHETIC_DEMO
LPD_CRE_MOODYS_V2,CRE lifetime PD by Moody's,Commercial Real Estate,moodys_band,Ba,Downside,115,0.0026952888573474497,0.38675312723643385,V2,SYNTHETIC_DEMO
LPD_CRE_MOODYS_V2,CRE lifetime PD by Moody's,Commercial Real Estate,moodys_band,Ba,Downside,116,0.0026836368121376845,0.3894367640485715,V2,SYNTHETIC_DEMO
LPD_CRE_MOODYS_V2,CRE lifetime PD by Moody's,Commercial Real Estate,moodys_band,Ba,Downside,117,0.0026720287320558677,0.3921087927806274,V2,SYNTHETIC_DEMO
LPD_CRE_MOODYS_V2,CRE lifetime PD by Moody's,Commercial Real Estate,moodys_band,Ba,Downside,118,0.0026604647434020803,0.39476925752402947,V2,SYNTHETIC_DEMO
LPD_CRE_MOODYS_V2,CRE lifetime PD by Moody's,Commercial Real Estate,moodys_band,Ba,Downside,119,0.002648944957580588,0.3974182024816101,V2,SYNTHETIC_DEMO
LPD_CRE_MOODYS_V2,CRE lifetime PD by Moody's,Commercial Real Estate,moodys_band,Ba,Downside,120,0.002637469471809333,0.4000556719534194,V2,SYNTHETIC_DEMO
LPD_CRE_MOODYS_V2,CRE lifetime PD by Moody's,Commercial Real Estate,moodys_band,B,Downside,1,0.008947956146294844,0.008947956146294844,V2,SYNTHETIC_DEMO
LPD_CRE_MOODYS_V2,CRE lifetime PD by Moody's,Commercial Real Estate,moodys_band,B,Downside,2,0.008933117328204475,0.0178810734744993,V2,SYNTHETIC_DEMO
LPD_CRE_MOODYS_V2,CRE lifetime PD by Moody's,Commercial Real Estate,moodys_band,B,Downside,3,0.008914641846512186,0.026795715321011437,V2,SYNTHETIC_DEMO
LPD_CRE_MOODYS_V2,CRE lifetime PD by Moody's,Commercial Real Estate,moodys_band,B,Downside,4,0.008892737939685064,0.03568845326069647,V2,SYNTHETIC_DEMO
LPD_CRE_MOODYS_V2,CRE lifetime PD by Moody's,Commercial Real Estate,moodys_band,B,Downside,5,0.0088676049970917,0.04455605825778819,V2,SYNTHETIC_DEMO
LPD_CRE_MOODYS_V2,CRE lifetime PD by Moody's,Commercial Real Estate,moodys_band,B,Downside,6,0.008839433824425973,0.05339549208221417,V2,SYNTHETIC_DEMO
LPD_CRE_MOODYS_V2,CRE lifetime PD by Moody's,Commercial Real Estate,moodys_band,B,Downside,7,0.008808406910965131,0.06220389899317935,V2,SYNTHETIC_DEMO
LPD_CRE_MOODYS_V2,CRE lifetime PD by Moody's,Commercial Real Estate,moodys_band,B,Downside,8,0.008774698697393559,0.07097859769057291,V2,SYNTHETIC_DEMO
LPD_CRE_MOODYS_V2,CRE lifetime PD by Moody's,Commercial Real Estate,moodys_band,B,Downside,9,0.00873847584306824,0.0797170735336411,V2,SYNTHETIC_DEMO
LPD_CRE_MOODYS_V2,CRE lifetime PD by Moody's,Commercial Real Estate,moodys_band,B,Downside,10,0.008699897491735031,0.08841697102537616,V2,SYNTHETIC_DEMO
LPD_CRE_MOODYS_V2,CRE lifetime PD by Moody's,Commercial Real Estate,moodys_band,B,Downside,11,0.008659115534830009,0.09707608656020617,V2,SYNTHETIC_DEMO
LPD_CRE_MOODYS_V2,CRE lifetime PD by Moody's,Commercial Real Estate,moodys_band,B,Downside,12,0.008616274871610902,0.10569236143181704,V2,SYNTHETIC_DEMO
LPD_CRE_MOODYS_V2,CRE lifetime PD by Moody's,Commercial Real Estate,moodys_band,B,Downside,13,0.008571513665465472,0.11426387509728253,V2,SYNTHETIC_DEMO
LPD_CRE_MOODYS_V2,CRE lifetime PD by Moody's,Commercial Real Estate,moodys_band,B,Downside,14,0.008524963595838599,0.12278883869312118,V2,SYNTHETIC_DEMO
LPD_CRE_MOODYS_V2,CRE lifetime PD by Moody's,Commercial Real Estate,moodys_band,B,Downside,15,0.008476750105302664,0.13126558879842387,V2,SYNTHETIC_DEMO
LPD_CRE_MOODYS_V2,CRE lifetime PD by Moody's,Commercial Real Estate,moodys_band,B,Downside,16,0.008426992641374618,0.13969258143979846,V2,SYNTHETIC_DEMO
LPD_CRE_MOODYS_V2,CRE lifetime PD by Moody's,Commercial Real Estate,moodys_band,B,Downside,17,0.008375804892748511,0.14806838633254693,V2,SYNTHETIC_DEMO
LPD_CRE_MOODYS_V2,CRE lifetime PD by Moody's,Commercial Real Estate,moodys_band,B,Downside,18,0.008323295019680129,0.15639168135222703,V2,SYNTHETIC_DEMO
LPD_CRE_MOODYS_V2,CRE lifetime PD by Moody's,Commercial Real Estate,moodys_band,B,Downside,19,0.008269565878310904,0.164661247230538,V2,SYNTHETIC_DEMO
LPD_CRE_MOODYS_V2,CRE lifetime PD by Moody's,Commercial Real Estate,moodys_band,B,Downside,20,0.008214715238772255,0.17287596246931025,V2,SYNTHETIC_DEMO
LPD_CRE_MOODYS_V2,CRE lifetime PD by Moody's,Commercial Real Estate,moodys_band,B,Downside,21,0.008158835996954378,0.18103479846626458,V2,SYNTHETIC_DEMO
LPD_CRE_MOODYS_V2,CRE lifetime PD by Moody's,Commercial Real Estate,moodys_band,B,Downside,22,0.0081020163798652,0.18913681484612976,V2,SYNTHETIC_DEMO
LPD_CRE_MOODYS_V2,CRE lifetime PD by Moody's,Commercial Real Estate,moodys_band,B,Downside,23,0.008044340144537832,0.19718115499066757,V2,SYNTHETIC_DEMO
LPD_CRE_MOODYS_V2,CRE lifetime PD by Moody's,Commercial Real Estate,moodys_band,B,Downside,24,0.00798588677047933,0.20516704176114686,V2,SYNTHETIC_DEMO
LPD_CRE_MOODYS_V2,CRE lifetime PD by Moody's,Commercial Real Estate,moodys_band,B,Downside,25,0.007926731645679115,0.213093773406826,V2,SYNTHETIC_DEMO
LPD_CRE_MOODYS_V2,CRE lifetime PD by Moody's,Commercial Real Estate,moodys_band,B,Downside,26,0.007866946246218958,0.22096071965304498,V2,SYNTHETIC_DEMO
LPD_CRE_MOODYS_V2,CRE lifetime PD by Moody's,Commercial Real Estate,moodys_band,B,Downside,27,0.0078065983095502904,0.2287673179625953,V2,SYNTHETIC_DEMO
LPD_CRE_MOODYS_V2,CRE lifetime PD by Moody's,Commercial Real Estate,moodys_band,B,Downside,28,0.007745752001518838,0.23651306996411414,V2,SYNTHETIC_DEMO
LPD_CRE_MOODYS_V2,CRE lifetime PD by Moody's,Commercial Real Estate,moodys_band,B,Downside,29,0.007684468077235079,0.24419753804134925,V2,SYNTHETIC_DEMO
LPD_CRE_MOODYS_V2,CRE lifetime PD by Moody's,Commercial Real Estate,moodys_band,B,Downside,30,0.007622804035901039,0.25182034207725024,V2,SYNTHETIC_DEMO
LPD_CRE_MOODYS_V2,CRE lifetime PD by Moody's,Commercial Real Estate,moodys_band,B,Downside,31,0.0075608142697151295,0.25938115634696535,V2,SYNTHETIC_DEMO
LPD_CRE_MOODYS_V2,CRE lifetime PD by Moody's,Commercial Real Estate,moodys_band,B,Downside,32,0.007498550206985567,0.2668797065539509,V2,SYNTHETIC_DEMO
LPD_CRE_MOODYS_V2,CRE lifetime PD by Moody's,Commercial Real Estate,moodys_band,B,Downside,33,0.007436060449591645,0.27431576700354254,V2,SYNTHETIC_DEMO
LPD_CRE_MOODYS_V2,CRE lifetime PD by Moody's,Commercial Real Estate,moodys_band,B,Downside,34,0.007373390904937477,0.28168915790848004,V2,SYNTHETIC_DEMO
LPD_CRE_MOODYS_V2,CRE lifetime PD by Moody's,Commercial Real Estate,moodys_band,B,Downside,35,0.007310584912546075,0.28899974282102614,V2,SYNTHETIC_DEMO
LPD_CRE_MOODYS_V2,CRE lifetime PD by Moody's,Commercial Real Estate,moodys_band,B,Downside,36,0.007247683365447937,0.29624742618647404,V2,SYNTHETIC_DEMO
LPD_CRE_MOODYS_V2,CRE lifetime PD by Moody's,Commercial Real Estate,moodys_band,B,Downside,37,0.0071847248265189175,0.3034321510129929,V2,SYNTHETIC_DEMO
LPD_CRE_MOODYS_V2,CRE lifetime PD by Moody's,Commercial Real Estate,moodys_band,B,Downside,38,0.007121745639922599,0.31055389665291555,V2,SYNTHETIC_DEMO
LPD_CRE_MOODYS_V2,CRE lifetime PD by Moody's,Commercial Real Estate,moodys_band,B,Downside,39,0.007058780037815837,0.31761267669073134,V2,SYNTHETIC_DEMO
LPD_CRE_MOODYS_V2,CRE lifetime PD by Moody's,Commercial Real Estate,moodys_band,B,Downside,40,0.006995860242473598,0.3246085369332049,V2,SYNTHETIC_DEMO
LPD_CRE_MOODYS_V2,CRE lifetime PD by Moody's,Commercial Real Estate,moodys_band,B,Downside,41,0.00693301656398879,0.3315415534971937,V2,SYNTHETIC_DEMO
LPD_CRE_MOODYS_V2,CRE lifetime PD by Moody's,Commercial Real Estate,moodys_band,B,Downside,42,0.00687027749370325,0.338411830990897,V2,SYNTHETIC_DEMO
LPD_CRE_MOODYS_V2,CRE lifetime PD by Moody's,Commercial Real Estate,moodys_band,B,Downside,43,0.006807669793521233,0.3452195007844182,V2,SYNTHETIC_DEMO
LPD_CRE_MOODYS_V2,CRE lifetime PD by Moody's,Commercial Real Estate,moodys_band,B,Downside,44,0.006745218581256924,0.3519647193656751,V2,SYNTHETIC_DEMO
LPD_CRE_MOODYS_V2,CRE lifetime PD by Moody's,Commercial Real Estate,moodys_band,B,Downside,45,0.00668294741216495,0.35864766677784,V2,SYNTHETIC_DEMO
LPD_CRE_MOODYS_V2,CRE lifetime PD by Moody's,Commercial Real Estate,moodys_band,B,Downside,46,0.006620878356796797,0.3652685451346368,V2,SYNTHETIC_DEMO
LPD_CRE_MOODYS_V2,CRE lifetime PD by Moody's,Commercial Real Estate,moodys_band,B,Downside,47,0.006559032075328361,0.3718275772099652,V2,SYNTHETIC_DEMO
LPD_CRE_MOODYS_V2,CRE lifetime PD by Moody's,Commercial Real Estate,moodys_band,B,Downside,48,0.006497427888494336,0.37832500509845957,V2,SYNTHETIC_DEMO
LPD_CRE_MOODYS_V2,CRE lifetime PD by Moody's,Commercial Real Estate,moodys_band,B,Downside,49,0.006436083845267239,0.38476108894372685,V2,SYNTHETIC_DEMO
LPD_CRE_MOODYS_V2,CRE lifetime PD by Moody's,Commercial Real Estate,moodys_band,B,Downside,50,0.006375016787411429,0.39113610573113833,V2,SYNTHETIC_DEMO
LPD_CRE_MOODYS_V2,CRE lifetime PD by Moody's,Commercial Real Estate,moodys_band,B,Downside,51,0.00631424241104008,0.3974503481421784,V2,SYNTHETIC_DEMO
LPD_CRE_MOODYS_V2,CRE lifetime PD by Moody's,Commercial Real Estate,moodys_band,B,Downside,52,0.006253775325300062,0.4037041234674784,V2,SYNTHETIC_DEMO
LPD_CRE_MOODYS_V2,CRE lifetime PD by Moody's,Commercial Real Estate,moodys_band,B,Downside,53,0.006193629108304266,0.40989775257578265,V2,SYNTHETIC_DEMO
LPD_CRE_MOODYS_V2,CRE lifetime PD by Moody's,Commercial Real Estate,moodys_band,B,Downside,54,0.006133816360428808,0.4160315689362114,V2,SYNTHETIC_DEMO
LPD_CRE_MOODYS_V2,CRE lifetime PD by Moody's,Commercial Real Estate,moodys_band,B,Downside,55,0.006074348755086654,0.422105917691298,V2,SYNTHETIC_DEMO
LPD_CRE_MOODYS_V2,CRE lifetime PD by Moody's,Commercial Real Estate,moodys_band,B,Downside,56,0.006015237087087495,0.4281211547783855,V2,SYNTHETIC_DEMO
LPD_CRE_MOODYS_V2,CRE lifetime PD by Moody's,Commercial Real Estate,moodys_band,B,Downside,57,0.005956491318688596,0.4340776460970741,V2,SYNTHETIC_DEMO
LPD_CRE_MOODYS_V2,CRE lifetime PD by Moody's,Commercial Real Estate,moodys_band,B,Downside,58,0.0058981206234377795,0.43997576672051186,V2,SYNTHETIC_DEMO
LPD_CRE_MOODYS_V2,CRE lifetime PD by Moody's,Commercial Real Estate,moodys_band,B,Downside,59,0.005840133427906301,0.4458159001484182,V2,SYNTHETIC_DEMO
LPD_CRE_MOODYS_V2,CRE lifetime PD by Moody's,Commercial Real Estate,moodys_band,B,Downside,60,0.005782537451405483,0.45159843759982365,V2,SYNTHETIC_DEMO
LPD_CRE_MOODYS_V2,CRE lifetime PD by Moody's,Commercial Real Estate,moodys_band,B,Downside,61,0.005725339743777843,0.4573237773436015,V2,SYNTHETIC_DEMO
LPD_CRE_MOODYS_V2,CRE lifetime PD by Moody's,Commercial Real Estate,moodys_band,B,Downside,62,0.005668546721348931,0.4629923240649505,V2,SYNTHETIC_DEMO
LPD_CRE_MOODYS_V2,CRE lifetime PD by Moody's,Commercial Real Estate,moodys_band,B,Downside,63,0.005612164201123807,0.46860448826607426,V2,SYNTHETIC_DEMO
LPD_CRE_MOODYS_V2,CRE lifetime PD by Moody's,Commercial Real Estate,moodys_band,B,Downside,64,0.005556197433308686,0.47416068569938297,V2,SYNTHETIC_DEMO
LPD_CRE_MOODYS_V2,CRE lifetime PD by Moody's,Commercial Real Estate,moodys_band,B,Downside,65,0.00550065113223361,0.4796613368316166,V2,SYNTHETIC_DEMO
LPD_CRE_MOODYS_V2,CRE lifetime PD by Moody's,Commercial Real Estate,moodys_band,B,Downside,66,0.0054455295057509135,0.48510686633736755,V2,SYNTHETIC_DEMO
LPD_CRE_MOODYS_V2,CRE lifetime PD by Moody's,Commercial Real Estate,moodys_band,B,Downside,67,0.005390836283179747,0.49049770262054726,V2,SYNTHETIC_DEMO
LPD_CRE_MOODYS_V2,CRE lifetime PD by Moody's,Commercial Real Estate,moodys_band,B,Downside,68,0.005336574741864391,0.4958342773624117,V2,SYNTHETIC_DEMO
LPD_CRE_MOODYS_V2,CRE lifetime PD by Moody's,Commercial Real Estate,moodys_band,B,Downside,69,0.005282747732411337,0.501117025094823,V2,SYNTHETIC_DEMO
LPD_CRE_MOODYS_V2,CRE lifetime PD by Moody's,Commercial Real Estate,moodys_band,B,Downside,70,0.005229357702667122,0.5063463827974901,V2,SYNTHETIC_DEMO
LPD_CRE_MOODYS_V2,CRE lifetime PD by Moody's,Commercial Real Estate,moodys_band,B,Downside,71,0.005176406720496618,0.5115227895179868,V2,SYNTHETIC_DEMO
LPD_CRE_MOODYS_V2,CRE lifetime PD by Moody's,Commercial Real Estate,moodys_band,B,Downside,72,0.005123896495418462,0.5166466860134052,V2,SYNTHETIC_DEMO
LPD_CRE_MOODYS_V2,CRE lifetime PD by Moody's,Commercial Real Estate,moodys_band,B,Downside,73,0.005071828399151607,0.5217185144125569,V2,SYNTHETIC_DEMO
LPD_CRE_MOODYS_V2,CRE lifetime PD by Moody's,Commercial Real Estate,moodys_band,B,Downside,74,0.0050202034851255265,0.5267387178976823,V2,SYNTHETIC_DEMO
LPD_CRE_MOODYS_V2,CRE lifetime PD by Moody's,Commercial Real Estate,moodys_band,B,Downside,75,0.004969022507003705,0.5317077404046862,V2,SYNTHETIC_DEMO
LPD_CRE_MOODYS_V2,CRE lifetime PD by Moody's,Commercial Real Estate,moodys_band,B,Downside,76,0.004918285936266975,0.536626026340953,V2,SYNTHETIC_DEMO
LPD_CRE_MOODYS_V2,CRE lifetime PD by Moody's,Commercial Real Estate,moodys_band,B,Downside,77,0.0048679939789034385,0.5414940203198565,V2,SYNTHETIC_DEMO
LPD_CRE_MOODYS_V2,CRE lifetime PD by Moody's,Commercial Real Estate,moodys_band,B,Downside,78,0.004818146591246358,0.5463121669111028,V2,SYNTHETIC_DEMO
LPD_CRE_MOODYS_V2,CRE lifetime PD by Moody's,Commercial Real Estate,moodys_band,B,Downside,79,0.004768743495003121,0.551080910406106,V2,SYNTHETIC_DEMO
LPD_CRE_MOODYS_V2,CRE lifetime PD by Moody's,Commercial Real Estate,moodys_band,B,Downside,80,0.004719784191513457,0.5558006945976195,V2,SYNTHETIC_DEMO
LPD_CRE_MOODYS_V2,CRE lifetime PD by Moody's,Commercial Real Estate,moodys_band,B,Downside,81,0.0046712679752745605,0.560471962572894,V2,SYNTHETIC_DEMO
LPD_CRE_MOODYS_V2,CRE lifetime PD by Moody's,Commercial Real Estate,moodys_band,B,Downside,82,0.004623193946769568,0.5650951565196636,V2,SYNTHETIC_DEMO
LPD_CRE_MOODYS_V2,CRE lifetime PD by Moody's,Commercial Real Estate,moodys_band,B,Downside,83,0.00457556102463279,0.5696707175442963,V2,SYNTHETIC_DEMO
LPD_CRE_MOODYS_V2,CRE lifetime PD by Moody's,Commercial Real Estate,moodys_band,B,Downside,84,0.004528367957184607,0.5741990855014809,V2,SYNTHETIC_DEMO
LPD_CRE_MOODYS_V2,CRE lifetime PD by Moody's,Commercial Real Estate,moodys_band,B,Downside,85,0.004481613333367237,0.5786806988348482,V2,SYNTHETIC_DEMO
LPD_CRE_MOODYS_V2,CRE lifetime PD by Moody's,Commercial Real Estate,moodys_band,B,Downside,86,0.004435295593110274,0.5831159944279585,V2,SYNTHETIC_DEMO
LPD_CRE_MOODYS_V2,CRE lifetime PD by Moody's,Commercial Real Estate,moodys_band,B,Downside,87,0.004389413037155201,0.5875054074651136,V2,SYNTHETIC_DEMO
LPD_CRE_MOODYS_V2,CRE lifetime PD by Moody's,Commercial Real Estate,moodys_band,B,Downside,88,0.004343963836364291,0.591849371301478,V2,SYNTHETIC_DEMO
LPD_CRE_MOODYS_V2,CRE lifetime PD by Moody's,Commercial Real Estate,moodys_band,B,Downside,89,0.004298946040540923,0.5961483173420189,V2,SYNTHETIC_DEMO
LPD_CRE_MOODYS_V2,CRE lifetime PD by Moody's,Commercial Real Estate,moodys_band,B,Downside,90,0.004254357586784681,0.6004026749288036,V2,SYNTHETIC_DEMO
LPD_CRE_MOODYS_V2,CRE lifetime PD by Moody's,Commercial Real Estate,moodys_band,B,Downside,91,0.004210196307404584,0.6046128712362082,V2,SYNTHETIC_DEMO
LPD_CRE_MOODYS_V2,CRE lifetime PD by Moody's,Commercial Real Estate,moodys_band,B,Downside,92,0.004166459937412803,0.6087793311736209,V2,SYNTHETIC_DEMO
LPD_CRE_MOODYS_V2,CRE lifetime PD by Moody's,Commercial Real Estate,moodys_band,B,Downside,93,0.004123146121619362,0.6129024772952403,V2,SYNTHETIC_DEMO
LPD_CRE_MOODYS_V2,CRE lifetime PD by Moody's,Commercial Real Estate,moodys_band,B,Downside,94,0.004080252421348429,0.6169827297165887,V2,SYNTHETIC_DEMO
LPD_CRE_MOODYS_V2,CRE lifetime PD by Moody's,Commercial Real Estate,moodys_band,B,Downside,95,0.004037776320794319,0.621020506037383,V2,SYNTHETIC_DEMO
LPD_CRE_MOODYS_V2,CRE lifetime PD by Moody's,Commercial Real Estate,moodys_band,B,Downside,96,0.003995715233036458,0.6250162212704196,V2,SYNTHETIC_DEMO
LPD_CRE_MOODYS_V2,CRE lifetime PD by Moody's,Commercial Real Estate,moodys_band,B,Downside,97,0.003954066505729344,0.6289702877761488,V2,SYNTHETIC_DEMO
LPD_CRE_MOODYS_V2,CRE lifetime PD by Moody's,Commercial Real Estate,moodys_band,B,Downside,98,0.00391282742648464,0.6328831152026335,V2,SYNTHETIC_DEMO
LPD_CRE_MOODYS_V2,CRE lifetime PD by Moody's,Commercial Real Estate,moodys_band,B,Downside,99,0.0038719952279605003,0.636755110430594,V2,SYNTHETIC_DEMO
LPD_CRE_MOODYS_V2,CRE lifetime PD by Moody's,Commercial Real Estate,moodys_band,B,Downside,100,0.0038315670926735734,0.6405866775232676,V2,SYNTHETIC_DEMO
LPD_CRE_MOODYS_V2,CRE lifetime PD by Moody's,Commercial Real Estate,moodys_band,B,Downside,101,0.0037915401575467863,0.6443782176808144,V2,SYNTHETIC_DEMO
LPD_CRE_MOODYS_V2,CRE lifetime PD by Moody's,Commercial Real Estate,moodys_band,B,Downside,102,0.00375191151820727,0.6481301291990216,V2,SYNTHETIC_DEMO
LPD_CRE_MOODYS_V2,CRE lifetime PD by Moody's,Commercial Real Estate,moodys_band,B,Downside,103,0.0037126782330464043,0.6518428074320679,V2,SYNTHETIC_DEMO
LPD_CRE_MOODYS_V2,CRE lifetime PD by Moody's,Commercial Real Estate,moodys_band,B,Downside,104,0.0036738373270547107,0.6555166447591227,V2,SYNTHETIC_DEMO
LPD_CRE_MOODYS_V2,CRE lifetime PD by Moody's,Commercial Real Estate,moodys_band,B,Downside,105,0.003635385795442344,0.6591520305545651,V2,SYNTHETIC_DEMO
LPD_CRE_MOODYS_V2,CRE lifetime PD by Moody's,Commercial Real Estate,moodys_band,B,Downside,106,0.003597320607057082,0.6627493511616221,V2,SYNTHETIC_DEMO
LPD_CRE_MOODYS_V2,CRE lifetime PD by Moody's,Commercial Real Estate,moodys_band,B,Downside,107,0.0035596387076089753,0.6663089898692311,V2,SYNTHETIC_DEMO
LPD_CRE_MOODYS_V2,CRE lifetime PD by Moody's,Commercial Real Estate,moodys_band,B,Downside,108,0.003522337022713022,0.6698313268919442,V2,SYNTHETIC_DEMO
LPD_CRE_MOODYS_V2,CRE lifetime PD by Moody's,Commercial Real Estate,moodys_band,B,Downside,109,0.0034854124607576384,0.6733167393527018,V2,SYNTHETIC_DEMO
LPD_CRE_MOODYS_V2,CRE lifetime PD by Moody's,Commercial Real Estate,moodys_band,B,Downside,110,0.0034488619156091685,0.676765601268311,V2,SYNTHETIC_DEMO
LPD_CRE_MOODYS_V2,CRE lifetime PD by Moody's,Commercial Real Estate,moodys_band,B,Downside,111,0.003412682269160189,0.6801782835374712,V2,SYNTHETIC_DEMO
LPD_CRE_MOODYS_V2,CRE lifetime PD by Moody's,Commercial Real Estate,moodys_band,B,Downside,112,0.0033768703937297417,0.6835551539312009,V2,SYNTHETIC_DEMO
LPD_CRE_MOODYS_V2,CRE lifetime PD by Moody's,Commercial Real Estate,moodys_band,B,Downside,113,0.0033414231543235006,0.6868965770855244,V2,SYNTHETIC_DEMO
LPD_CRE_MOODYS_V2,CRE lifetime PD by Moody's,Commercial Real Estate,moodys_band,B,Downside,114,0.0033063374107605184,0.6902029144962849,V2,SYNTHETIC_DEMO
LPD_CRE_MOODYS_V2,CRE lifetime PD by Moody's,Commercial Real Estate,moodys_band,B,Downside,115,0.003271610019674064,0.693474524515959,V2,SYNTHETIC_DEMO
LPD_CRE_MOODYS_V2,CRE lifetime PD by Moody's,Commercial Real Estate,moodys_band,B,Downside,116,0.0032372378363926817,0.6967117623523518,V2,SYNTHETIC_DEMO
LPD_CRE_MOODYS_V2,CRE lifetime PD by Moody's,Commercial Real Estate,moodys_band,B,Downside,117,0.003203217716707934,0.6999149800690596,V2,SYNTHETIC_DEMO
LPD_CRE_MOODYS_V2,CRE lifetime PD by Moody's,Commercial Real Estate,moodys_band,B,Downside,118,0.003169546518534548,0.7030845265875942,V2,SYNTHETIC_DEMO
LPD_CRE_MOODYS_V2,CRE lifetime PD by Moody's,Commercial Real Estate,moodys_band,B,Downside,119,0.0031362211034687924,0.706220747691063,V2,SYNTHETIC_DEMO
LPD_CRE_MOODYS_V2,CRE lifetime PD by Moody's,Commercial Real Estate,moodys_band,B,Downside,120,0.0031032383382502624,0.7093239860293132,V2,SYNTHETIC_DEMO
LPD_CRE_MOODYS_V2,CRE lifetime PD by Moody's,Commercial Real Estate,moodys_band,Caa,Downside,1,0.025100863206893642,0.025100863206893642,V2,SYNTHETIC_DEMO
LPD_CRE_MOODYS_V2,CRE lifetime PD by Moody's,Commercial Real Estate,moodys_band,Caa,Downside,2,0.024668647467418283,0.0497695106743119,V2,SYNTHETIC_DEMO
LPD_CRE_MOODYS_V2,CRE lifetime PD by Moody's,Commercial Real Estate,moodys_band,Caa,Downside,3,0.024229814953105982,0.07399932562741784,V2,SYNTHETIC_DEMO
LPD_CRE_MOODYS_V2,CRE lifetime PD by Moody's,Commercial Real Estate,moodys_band,Caa,Downside,4,0.023785634840410918,0.09778496046782881,V2,SYNTHETIC_DEMO
LPD_CRE_MOODYS_V2,CRE lifetime PD by Moody's,Commercial Real Estate,moodys_band,Caa,Downside,5,0.023337292215986474,0.12112225268381527,V2,SYNTHETIC_DEMO
LPD_CRE_MOODYS_V2,CRE lifetime PD by Moody's,Commercial Real Estate,moodys_band,Caa,Downside,6,0.022885891207613536,0.1440081438914288,V2,SYNTHETIC_DEMO
LPD_CRE_MOODYS_V2,CRE lifetime PD by Moody's,Commercial Real Estate,moodys_band,Caa,Downside,7,0.022432458194111105,0.1664406020855399,V2,SYNTHETIC_DEMO
LPD_CRE_MOODYS_V2,CRE lifetime PD by Moody's,Commercial Real Estate,moodys_band,Caa,Downside,8,0.0219779450647535,0.18841854715029338,V2,SYNTHETIC_DEMO
LPD_CRE_MOODYS_V2,CRE lifetime PD by Moody's,Commercial Real Estate,moodys_band,Caa,Downside,9,0.021523232502143202,0.20994177965243654,V2,SYNTHETIC_DEMO
LPD_CRE_MOODYS_V2,CRE lifetime PD by Moody's,Commercial Real Estate,moodys_band,Caa,Downside,10,0.021069133265673563,0.23101091291811016,V2,SYNTHETIC_DEMO
LPD_CRE_MOODYS_V2,CRE lifetime PD by Moody's,Commercial Real Estate,moodys_band,Caa,Downside,11,0.020616395455655624,0.2516273083737658,V2,SYNTHETIC_DEMO
LPD_CRE_MOODYS_V2,CRE lifetime PD by Moody's,Commercial Real Estate,moodys_band,Caa,Downside,12,0.020165705740891743,0.2717930141146575,V2,SYNTHETIC_DEMO
LPD_CRE_MOODYS_V2,CRE lifetime PD by Moody's,Commercial Real Estate,moodys_band,Caa,Downside,13,0.019717692534957344,0.29151070664961487,V2,SYNTHETIC_DEMO
LPD_CRE_MOODYS_V2,CRE lifetime PD by Moody's,Commercial Real Estate,moodys_band,Caa,Downside,14,0.019272929108713734,0.31078363575832857,V2,SYNTHETIC_DEMO
LPD_CRE_MOODYS_V2,CRE lifetime PD by Moody's,Commercial Real Estate,moodys_band,Caa,Downside,15,0.018831936628623952,0.3296155723869525,V2,SYNTHETIC_DEMO
LPD_CRE_MOODYS_V2,CRE lifetime PD by Moody's,Commercial Real Estate,moodys_band,Caa,Downside,16,0.018395187112299028,0.34801075949925153,V2,SYNTHETIC_DEMO
LPD_CRE_MOODYS_V2,CRE lifetime PD by Moody's,Commercial Real Estate,moodys_band,Caa,Downside,17,0.017963106294367686,0.36597386579361924,V2,SYNTHETIC_DEMO
LPD_CRE_MOODYS_V2,CRE lifetime PD by Moody's,Commercial Real Estate,moodys_band,Caa,Downside,18,0.017536076397253374,0.38350994219087264,V2,SYNTHETIC_DEMO
LPD_CRE_MOODYS_V2,CRE lifetime PD by Moody's,Commercial Real Estate,moodys_band,Caa,Downside,19,0.017114438802772046,0.4006243809936447,V2,SYNTHETIC_DEMO
LPD_CRE_MOODYS_V2,CRE lifetime PD by Moody's,Commercial Real Estate,moodys_band,Caa,Downside,20,0.016698496621641534,0.4173228776152863,V2,SYNTHETIC_DEMO
LPD_CRE_MOODYS_V2,CRE lifetime PD by Moody's,Commercial Real Estate,moodys_band,Caa,Downside,21,0.0162885171590287,0.433611394774315,V2,SYNTHETIC_DEMO
LPD_CRE_MOODYS_V2,CRE lifetime PD by Moody's,Commercial Real Estate,moodys_band,Caa,Downside,22,0.015884734275171758,0.44949612904948677,V2,SYNTHETIC_DEMO
LPD_CRE_MOODYS_V2,CRE lifetime PD by Moody's,Commercial Real Estate,moodys_band,Caa,Downside,23,0.015487350640904974,0.4649834796903918,V2,SYNTHETIC_DEMO
LPD_CRE_MOODYS_V2,CRE lifetime PD by Moody's,Commercial Real Estate,moodys_band,Caa,Downside,24,0.015096539888595646,0.4800800195789874,V2,SYNTHETIC_DEMO
LPD_CRE_MOODYS_V2,CRE lifetime PD by Moody's,Commercial Real Estate,moodys_band,Caa,Downside,25,0.014712448659591216,0.4947924682385786,V2,SYNTHETIC_DEMO
LPD_CRE_MOODYS_V2,CRE lifetime PD by Moody's,Commercial Real Estate,moodys_band,Caa,Downside,26,0.014335198549770193,0.5091276667883488,V2,SYNTHETIC_DEMO
LPD_CRE_MOODYS_V2,CRE lifetime PD by Moody's,Commercial Real Estate,moodys_band,Caa,Downside,27,0.013964887955209428,0.5230925547435582,V2,SYNTHETIC_DEMO
LPD_CRE_MOODYS_V2,CRE lifetime PD by Moody's,Commercial Real Estate,moodys_band,Caa,Downside,28,0.013601593820326682,0.5366941485638849,V2,SYNTHETIC_DEMO
LPD_CRE_MOODYS_V2,CRE lifetime PD by Moody's,Commercial Real Estate,moodys_band,Caa,Downside,29,0.013245373291138899,0.5499395218550238,V2,SYNTHETIC_DEMO
LPD_CRE_MOODYS_V2,CRE lifetime PD by Moody's,Commercial Real Estate,moodys_band,Caa,Downside,30,0.012896265276504571,0.5628357871315284,V2,SYNTHETIC_DEMO
LPD_CRE_MOODYS_V2,CRE lifetime PD by Moody's,Commercial Real Estate,moodys_band,Caa,Downside,31,0.012554291920390209,0.5753900790519185,V2,SYNTHETIC_DEMO
LPD_CRE_MOODYS_V2,CRE lifetime PD by Moody's,Commercial Real Estate,moodys_band,Caa,Downside,32,0.012219459988335055,0.5876095390402536,V2,SYNTHETIC_DEMO
LPD_CRE_MOODYS_V2,CRE lifetime PD by Moody's,Commercial Real Estate,moodys_band,Caa,Downside,33,0.011891762171376719,0.5995013012116304,V2,SYNTHETIC_DEMO
LPD_CRE_MOODYS_V2,CRE lifetime PD by Moody's,Commercial Real Estate,moodys_band,Caa,Downside,34,0.011571178310759555,0.6110724795223899,V2,SYNTHETIC_DEMO
LPD_CRE_MOODYS_V2,CRE lifetime PD by Moody's,Commercial Real Estate,moodys_band,Caa,Downside,35,0.011257676546773714,0.6223301560691636,V2,SYNTHETIC_DEMO
LPD_CRE_MOODYS_V2,CRE lifetime PD by Moody's,Commercial Real Estate,moodys_band,Caa,Downside,36,0.010951214395076054,0.6332813704642397,V2,SYNTHETIC_DEMO
LPD_CRE_MOODYS_V2,CRE lifetime PD by Moody's,Commercial Real Estate,moodys_band,Caa,Downside,37,0.010651739753822512,0.6439331102180621,V2,SYNTHETIC_DEMO
LPD_CRE_MOODYS_V2,CRE lifetime PD by Moody's,Commercial Real Estate,moodys_band,Caa,Downside,38,0.010359191844904981,0.6542923020629672,V2,SYNTHETIC_DEMO
LPD_CRE_MOODYS_V2,CRE lifetime PD by Moody's,Commercial Real Estate,moodys_band,Caa,Downside,39,0.010073502092528542,0.6643658041554956,V2,SYNTHETIC_DEMO
LPD_CRE_MOODYS_V2,CRE lifetime PD by Moody's,Commercial Real Estate,moodys_band,Caa,Downside,40,0.009794594942300514,0.6741603990977962,V2,SYNTHETIC_DEMO
LPD_CRE_MOODYS_V2,CRE lifetime PD by Moody's,Commercial Real Estate,moodys_band,Caa,Downside,41,0.009522388623922242,0.6836827877217184,V2,SYNTHETIC_DEMO
LPD_CRE_MOODYS_V2,CRE lifetime PD by Moody's,Commercial Real Estate,moodys_band,Caa,Downside,42,0.009256795860489202,0.6929395835822076,V2,SYNTHETIC_DEMO
LPD_CRE_MOODYS_V2,CRE lifetime PD by Moody's,Commercial Real Estate,moodys_band,Caa,Downside,43,0.008997724527311195,0.7019373081095188,V2,SYNTHETIC_DEMO
LPD_CRE_MOODYS_V2,CRE lifetime PD by Moody's,Commercial Real Estate,moodys_band,Caa,Downside,44,0.00874507826306525,0.7106823863725841,V2,SYNTHETIC_DEMO
LPD_CRE_MOODYS_V2,CRE lifetime PD by Moody's,Commercial Real Estate,moodys_band,Caa,Downside,45,0.00849875703599229,0.7191811434085764,V2,SYNTHETIC_DEMO
LPD_CRE_MOODYS_V2,CRE lifetime PD by Moody's,Commercial Real Estate,moodys_band,Caa,Downside,46,0.00825865766774307,0.7274398010763194,V2,SYNTHETIC_DEMO
LPD_CRE_MOODYS_V2,CRE lifetime PD by Moody's,Commercial Real Estate,moodys_band,Caa,Downside,47,0.008024674317372896,0.7354644753936923,V2,SYNTHETIC_DEMO
LPD_CRE_MOODYS_V2,CRE lifetime PD by Moody's,Commercial Real Estate,moodys_band,Caa,Downside,48,0.007796698927877381,0.7432611743215698,V2,SYNTHETIC_DEMO
LPD_CRE_MOODYS_V2,CRE lifetime PD by Moody's,Commercial Real Estate,moodys_band,Caa,Downside,49,0.007574621637555469,0.7508357959591252,V2,SYNTHETIC_DEMO
LPD_CRE_MOODYS_V2,CRE lifetime PD by Moody's,Commercial Real Estate,moodys_band,Caa,Downside,50,0.007358331158379612,0.7581941271175048,V2,SYNTHETIC_DEMO
LPD_CRE_MOODYS_V2,CRE lifetime PD by Moody's,Commercial Real Estate,moodys_band,Caa,Downside,51,0.007147715123449459,0.7653418422409543,V2,SYNTHETIC_DEMO
LPD_CRE_MOODYS_V2,CRE lifetime PD by Moody's,Commercial Real Estate,moodys_band,Caa,Downside,52,0.006942660405502627,0.7722845026464569,V2,SYNTHETIC_DEMO
LPD_CRE_MOODYS_V2,CRE lifetime PD by Moody's,Commercial Real Estate,moodys_band,Caa,Downside,53,0.006743053408356319,0.7790275560548132,V2,SYNTHETIC_DEMO
LPD_CRE_MOODYS_V2,CRE lifetime PD by Moody's,Commercial Real Estate,moodys_band,Caa,Downside,54,0.00654878033305694,0.7855763363878702,V2,SYNTHETIC_DEMO
LPD_CRE_MOODYS_V2,CRE lifetime PD by Moody's,Commercial Real Estate,moodys_band,Caa,Downside,55,0.006359727420419474,0.7919360638082896,V2,SYNTHETIC_DEMO
LPD_CRE_MOODYS_V2,CRE lifetime PD by Moody's,Commercial Real Estate,moodys_band,Caa,Downside,56,0.006175781171548114,0.7981118449798378,V2,SYNTHETIC_DEMO
LPD_CRE_MOODYS_V2,CRE lifetime PD by Moody's,Commercial Real Estate,moodys_band,Caa,Downside,57,0.005996828547840928,0.8041086735276787,V2,SYNTHETIC_DEMO
LPD_CRE_MOODYS_V2,CRE lifetime PD by Moody's,Commercial Real Estate,moodys_band,Caa,Downside,58,0.005822757151896979,0.8099314306795757,V2,SYNTHETIC_DEMO
LPD_CRE_MOODYS_V2,CRE lifetime PD by Moody's,Commercial Real Estate,moodys_band,Caa,Downside,59,0.005653455390662943,0.8155848860702386,V2,SYNTHETIC_DEMO
LPD_CRE_MOODYS_V2,CRE lifetime PD by Moody's,Commercial Real Estate,moodys_band,Caa,Downside,60,0.005488812622078231,0.8210736986923168,V2,SYNTHETIC_DEMO
LPD_CRE_MOODYS_V2,CRE lifetime PD by Moody's,Commercial Real Estate,moodys_band,Caa,Downside,61,0.0053287192864032076,0.82640241797872,V2,SYNTHETIC_DEMO
LPD_CRE_MOODYS_V2,CRE lifetime PD by Moody's,Commercial Real Estate,moodys_band,Caa,Downside,62,0.0051730670233440116,0.8315754850020641,V2,SYNTHETIC_DEMO
LPD_CRE_MOODYS_V2,CRE lifetime PD by Moody's,Commercial Real Estate,moodys_band,Caa,Downside,63,0.005021748776019521,0.8365972337780836,V2,SYNTHETIC_DEMO
LPD_CRE_MOODYS_V2,CRE lifetime PD by Moody's,Commercial Real Estate,moodys_band,Caa,Downside,64,0.0048746588827518296,0.8414718926608354,V2,SYNTHETIC_DEMO
LPD_CRE_MOODYS_V2,CRE lifetime PD by Moody's,Commercial Real Estate,moodys_band,Caa,Downside,65,0.004731693157599809,0.8462035858184352,V2,SYNTHETIC_DEMO
LPD_CRE_MOODYS_V2,CRE lifetime PD by Moody's,Commercial Real Estate,moodys_band,Caa,Downside,66,0.004592748960497862,0.8507963347789331,V2,SYNTHETIC_DEMO
LPD_CRE_MOODYS_V2,CRE lifetime PD by Moody's,Commercial Real Estate,moodys_band,Caa,Downside,67,0.004457725257806171,0.8552540600367393,V2,SYNTHETIC_DEMO
LPD_CRE_MOODYS_V2,CRE lifetime PD by Moody's,Commercial Real Estate,moodys_band,Caa,Downside,68,0.004326522674027,0.8595805827107663,V2,SYNTHETIC_DEMO
LPD_CRE_MOODYS_V2,CRE lifetime PD by Moody's,Commercial Real Estate,moodys_band,Caa,Downside,69,0.0041990435353922075,0.8637796262461584,V2,SYNTHETIC_DEMO
LPD_CRE_MOODYS_V2,CRE lifetime PD by Moody's,Commercial Real Estate,moodys_band,Caa,Downside,70,0.004075191905980454,0.8678548181521389,V2,SYNTHETIC_DEMO
LPD_CRE_MOODYS_V2,CRE lifetime PD by Moody's,Commercial Real Estate,moodys_band,Caa,Downside,71,0.0039548736169785345,0.8718096917691175,V2,SYNTHETIC_DEMO
LPD_CRE_MOODYS_V2,CRE lifetime PD by Moody's,Commercial Real Estate,moodys_band,Caa,Downside,72,0.0038379962896601355,0.8756476880587776,V2,SYNTHETIC_DEMO
LPD_CRE_MOODYS_V2,CRE lifetime PD by Moody's,Commercial Real Estate,moodys_band,Caa,Downside,73,0.003724469352615906,0.8793721574113935,V2,SYNTHETIC_DEMO
LPD_CRE_MOODYS_V2,CRE lifetime PD by Moody's,Commercial Real Estate,moodys_band,Caa,Downside,74,0.0036142040537321916,0.8829863614651257,V2,SYNTHETIC_DEMO
LPD_CRE_MOODYS_V2,CRE lifetime PD by Moody's,Commercial Real Estate,moodys_band,Caa,Downside,75,0.003507113467381236,0.886493474932507,V2,SYNTHETIC_DEMO
LPD_CRE_MOODYS_V2,CRE lifetime PD by Moody's,Commercial Real Estate,moodys_band,Caa,Downside,76,0.003403112497252989,0.88989658742976,V2,SYNTHETIC_DEMO
LPD_CRE_MOODYS_V2,CRE lifetime PD by Moody's,Commercial Real Estate,moodys_band,Caa,Downside,77,0.0033021178752286272,0.8931987053049886,V2,SYNTHETIC_DEMO
LPD_CRE_MOODYS_V2,CRE lifetime PD by Moody's,Commercial Real Estate,moodys_band,Caa,Downside,78,0.0032040481566666256,0.8964027534616552,V2,SYNTHETIC_DEMO
LPD_CRE_MOODYS_V2,CRE lifetime PD by Moody's,Commercial Real Estate,moodys_band,Caa,Downside,79,0.003108823712446176,0.8995115771741014,V2,SYNTHETIC_DEMO
LPD_CRE_MOODYS_V2,CRE lifetime PD by Moody's,Commercial Real Estate,moodys_band,Caa,Downside,80,0.0030163667180869206,0.9025279438921883,V2,SYNTHETIC_DEMO
LPD_CRE_MOODYS_V2,CRE lifetime PD by Moody's,Commercial Real Estate,moodys_band,Caa,Downside,81,0.002926601140241053,0.9054545450324294,V2,SYNTHETIC_DEMO
LPD_CRE_MOODYS_V2,CRE lifetime PD by Moody's,Commercial Real Estate,moodys_band,Caa,Downside,82,0.0028394527208313925,0.9082939977532607,V2,SYNTHETIC_DEMO
LPD_CRE_MOODYS_V2,CRE lifetime PD by Moody's,Commercial Real Estate,moodys_band,Caa,Downside,83,0.002754848959088667,0.9110488467123494,V2,SYNTHETIC_DEMO
LPD_CRE_MOODYS_V2,CRE lifetime PD by Moody's,Commercial Real Estate,moodys_band,Caa,Downside,84,0.0026727190917220918,0.9137215658040715,V2,SYNTHETIC_DEMO
LPD_CRE_MOODYS_V2,CRE lifetime PD by Moody's,Commercial Real Estate,moodys_band,Caa,Downside,85,0.0025929940714391553,0.9163145598755107,V2,SYNTHETIC_DEMO
LPD_CRE_MOODYS_V2,CRE lifetime PD by Moody's,Commercial Real Estate,moodys_band,Caa,Downside,86,0.002515606544013878,0.9188301664195245,V2,SYNTHETIC_DEMO
LPD_CRE_MOODYS_V2,CRE lifetime PD by Moody's,Commercial Real Estate,moodys_band,Caa,Downside,87,0.0024404908240872472,0.9212706572436118,V2,SYNTHETIC_DEMO
LPD_CRE_MOODYS_V2,CRE lifetime PD by Moody's,Commercial Real Estate,moodys_band,Caa,Downside,88,0.0023675828698688068,0.9236382401134806,V2,SYNTHETIC_DEMO
LPD_CRE_MOODYS_V2,CRE lifetime PD by Moody's,Commercial Real Estate,moodys_band,Caa,Downside,89,0.0022968202568949127,0.9259350603703755,V2,SYNTHETIC_DEMO
LPD_CRE_MOODYS_V2,CRE lifetime PD by Moody's,Commercial Real Estate,moodys_band,Caa,Downside,90,0.0022281421509864037,0.9281632025213619,V2,SYNTHETIC_DEMO
LPD_CRE_MOODYS_V2,CRE lifetime PD by Moody's,Commercial Real Estate,moodys_band,Caa,Downside,91,0.002161489280536814,0.9303246918018987,V2,SYNTHETIC_DEMO
LPD_CRE_MOODYS_V2,CRE lifetime PD by Moody's,Commercial Real Estate,moodys_band,Caa,Downside,92,0.0020968039082511036,0.9324214957101498,V2,SYNTHETIC_DEMO
LPD_CRE_MOODYS_V2,CRE lifetime PD by Moody's,Commercial Real Estate,moodys_band,Caa,Downside,93,0.0020340298024449513,0.9344555255125948,V2,SYNTHETIC_DEMO
LPD_CRE_MOODYS_V2,CRE lifetime PD by Moody's,Commercial Real Estate,moodys_band,Caa,Downside,94,0.001973112208004876,0.9364286377205997,V2,SYNTHETIC_DEMO
LPD_CRE_MOODYS_V2,CRE lifetime PD by Moody's,Commercial Real Estate,moodys_band,Caa,Downside,95,0.0019139978171010196,0.9383426355377007,V2,SYNTHETIC_DEMO
LPD_CRE_MOODYS_V2,CRE lifetime PD by Moody's,Commercial Real Estate,moodys_band,Caa,Downside,96,0.0018566347397359199,0.9401992702774365,V2,SYNTHETIC_DEMO
LPD_CRE_MOODYS_V2,CRE lifetime PD by Moody's,Commercial Real Estate,moodys_band,Caa,Downside,97,0.001800972474205378,0.942000242751642,V2,SYNTHETIC_DEMO
LPD_CRE_MOODYS_V2,CRE lifetime PD by Moody's,Commercial Real Estate,moodys_band,Caa,Downside,98,0.0017469618775401614,0.9437472046291822,V2,SYNTHETIC_DEMO
LPD_CRE_MOODYS_V2,CRE lifetime PD by Moody's,Commercial Real Estate,moodys_band,Caa,Downside,99,0.0016945551359911527,0.9454417597651733,V2,SYNTHETIC_DEMO
LPD_CRE_MOODYS_V2,CRE lifetime PD by Moody's,Commercial Real Estate,moodys_band,Caa,Downside,100,0.0016437057356142044,0.9470854655007875,V2,SYNTHETIC_DEMO
LPD_CRE_MOODYS_V2,CRE lifetime PD by Moody's,Commercial Real Estate,moodys_band,Caa,Downside,101,0.0015943684330056262,0.9486798339337931,V2,SYNTHETIC_DEMO
LPD_CRE_MOODYS_V2,CRE lifetime PD by Moody's,Commercial Real Estate,moodys_band,Caa,Downside,102,0.001546499226234011,0.9502263331600271,V2,SYNTHETIC_DEMO
LPD_CRE_MOODYS_V2,CRE lifetime PD by Moody's,Commercial Real Estate,moodys_band,Caa,Downside,103,0.0015000553260093028,0.9517263884860364,V2,SYNTHETIC_DEMO
LPD_CRE_MOODYS_V2,CRE lifetime PD by Moody's,Commercial Real Estate,moodys_band,Caa,Downside,104,0.0014549951271257155,0.9531813836131622,V2,SYNTHETIC_DEMO
LPD_CRE_MOODYS_V2,CRE lifetime PD by Moody's,Commercial Real Estate,moodys_band,Caa,Downside,105,0.001411278180210992,0.9545926617933731,V2,SYNTHETIC_DEMO
LPD_CRE_MOODYS_V2,CRE lifetime PD by Moody's,Commercial Real Estate,moodys_band,Caa,Downside,106,0.0013688651638107756,0.955961526957184,V2,SYNTHETIC_DEMO
LPD_CRE_MOODYS_V2,CRE lifetime PD by Moody's,Commercial Real Estate,moodys_band,Caa,Downside,107,0.0013277178568334466,0.9572892448140173,V2,SYNTHETIC_DEMO
LPD_CRE_MOODYS_V2,CRE lifetime PD by Moody's,Commercial Real Estate,moodys_band,Caa,Downside,108,0.0012877991113775802,0.9585770439253949,V2,SYNTHETIC_DEMO
LPD_CRE_MOODYS_V2,CRE lifetime PD by Moody's,Commercial Real Estate,moodys_band,Caa,Downside,109,0.0012490728259613767,0.9598261167513563,V2,SYNTHETIC_DEMO
LPD_CRE_MOODYS_V2,CRE lifetime PD by Moody's,Commercial Real Estate,moodys_band,Caa,Downside,110,0.0012115039191704833,0.9610376206705268,V2,SYNTHETIC_DEMO
LPD_CRE_MOODYS_V2,CRE lifetime PD by Moody's,Commercial Real Estate,moodys_band,Caa,Downside,111,0.0011750583037385578,0.9622126789742653,V2,SYNTHETIC_DEMO
LPD_CRE_MOODYS_V2,CRE lifetime PD by Moody's,Commercial Real Estate,moodys_band,Caa,Downside,112,0.0011397028610723033,0.9633523818353377,V2,SYNTHETIC_DEMO
LPD_CRE_MOODYS_V2,CRE lifetime PD by Moody's,Commercial Real Estate,moodys_band,Caa,Downside,113,0.0011054054162309118,0.9644577872515686,V2,SYNTHETIC_DEMO
LPD_CRE_MOODYS_V2,CRE lifetime PD by Moody's,Commercial Real Estate,moodys_band,Caa,Downside,114,0.0010721347133677988,0.9655299219649364,V2,SYNTHETIC_DEMO
LPD_CRE_MOODYS_V2,CRE lifetime PD by Moody's,Commercial Real Estate,moodys_band,Caa,Downside,115,0.0010398603916409446,0.9665697823565773,V2,SYNTHETIC_DEMO
LPD_CRE_MOODYS_V2,CRE lifetime PD by Moody's,Commercial Real Estate,moodys_band,Caa,Downside,116,0.0010085529615963937,0.9675783353181737,V2,SYNTHETIC_DEMO
LPD_CRE_MOODYS_V2,CRE lifetime PD by Moody's,Commercial Real Estate,moodys_band,Caa,Downside,117,0.000978183782028307,0.968556519100202,V2,SYNTHETIC_DEMO
LPD_CRE_MOODYS_V2,CRE lifetime PD by Moody's,Commercial Real Estate,moodys_band,Caa,Downside,118,0.0009487250373173359,0.9695052441375194,V2,SYNTHETIC_DEMO
LPD_CRE_MOODYS_V2,CRE lifetime PD by Moody's,Commercial Real Estate,moodys_band,Caa,Downside,119,0.0009201497152482425,0.9704253938527676,V2,SYNTHETIC_DEMO
LPD_CRE_MOODYS_V2,CRE lifetime PD by Moody's,Commercial Real Estate,moodys_band,Caa,Downside,120,0.000892431585306369,0.971317825438074,V2,SYNTHETIC_DEMO
LPD_CRE_MOODYS_V2,CRE lifetime PD by Moody's,Commercial Real Estate,moodys_band,Aaa-A,Severe,1,0.000724813709043648,0.000724813709043648,V2,SYNTHETIC_DEMO
LPD_CRE_MOODYS_V2,CRE lifetime PD by Moody's,Commercial Real Estate,moodys_band,Aaa-A,Severe,2,0.0007293749544459619,0.001454188663489564,V2,SYNTHETIC_DEMO
LPD_CRE_MOODYS_V2,CRE lifetime PD by Moody's,Commercial Real Estate,moodys_band,Aaa-A,Severe,3,0.0007337183005648488,0.0021879069640544646,V2,SYNTHETIC_DEMO
LPD_CRE_MOODYS_V2,CRE lifetime PD by Moody's,Commercial Real Estate,moodys_band,Aaa-A,Severe,4,0.0007378527227443445,0.0029257596867987568,V2,SYNTHETIC_DEMO
LPD_CRE_MOODYS_V2,CRE lifetime PD by Moody's,Commercial Real Estate,moodys_band,Aaa-A,Severe,5,0.0007417868323410625,0.0036675465191398082,V2,SYNTHETIC_DEMO
LPD_CRE_MOODYS_V2,CRE lifetime PD by Moody's,Commercial Real Estate,moodys_band,Aaa-A,Severe,6,0.0007455288911033145,0.004413075410243161,V2,SYNTHETIC_DEMO
LPD_CRE_MOODYS_V2,CRE lifetime PD by Moody's,Commercial Real Estate,moodys_band,Aaa-A,Severe,7,0.0007490868250120059,0.005162162235255119,V2,SYNTHETIC_DEMO
LPD_CRE_MOODYS_V2,CRE lifetime PD by Moody's,Commercial Real Estate,moodys_band,Aaa-A,Severe,8,0.0007524682376030375,0.005914630472858118,V2,SYNTHETIC_DEMO
LPD_CRE_MOODYS_V2,CRE lifetime PD by Moody's,Commercial Real Estate,moodys_band,Aaa-A,Severe,9,0.0007556804227872124,0.006670310895645293,V2,SYNTHETIC_DEMO
LPD_CRE_MOODYS_V2,CRE lifetime PD by Moody's,Commercial Real Estate,moodys_band,Aaa-A,Severe,10,0.0007587303771849725,0.0074290412728302835,V2,SYNTHETIC_DEMO
LPD_CRE_MOODYS_V2,CRE lifetime PD by Moody's,Commercial Real Estate,moodys_band,Aaa-A,Severe,11,0.0007616248119915849,0.008190666084821885,V2,SYNTHETIC_DEMO
LPD_CRE_MOODYS_V2,CRE lifetime PD by Moody's,Commercial Real Estate,moodys_band,Aaa-A,Severe,12,0.0007643701643898576,0.00895503624921179,V2,SYNTHETIC_DEMO
LPD_CRE_MOODYS_V2,CRE lifetime PD by Moody's,Commercial Real Estate,moodys_band,Aaa-A,Severe,13,0.0007669726085244811,0.00972200885773622,V2,SYNTHETIC_DEMO
LPD_CRE_MOODYS_V2,CRE lifetime PD by Moody's,Commercial Real Estate,moodys_band,Aaa-A,Severe,14,0.0007694380660554661,0.01049144692379167,V2,SYNTHETIC_DEMO
LPD_CRE_MOODYS_V2,CRE lifetime PD by Moody's,Commercial Real Estate,moodys_band,Aaa-A,Severe,15,0.0007717722163021345,0.011263219140093761,V2,SYNTHETIC_DEMO
LPD_CRE_MOODYS_V2,CRE lifetime PD by Moody's,Commercial Real Estate,moodys_band,Aaa-A,Severe,16,0.0007739805059964023,0.01203719964609018,V2,SYNTHETIC_DEMO
LPD_CRE_MOODYS_V2,CRE lifetime PD by Moody's,Commercial Real Estate,moodys_band,Aaa-A,Severe,17,0.0007760681586549507,0.012813267804745121,V2,SYNTHETIC_DEMO
LPD_CRE_MOODYS_V2,CRE lifetime PD by Moody's,Commercial Real Estate,moodys_band,Aaa-A,Severe,18,0.000778040183587224,0.013591307988332302,V2,SYNTHETIC_DEMO
LPD_CRE_MOODYS_V2,CRE lifetime PD by Moody's,Commercial Real Estate,moodys_band,Aaa-A,Severe,19,0.000779901384550865,0.014371209372883165,V2,SYNTHETIC_DEMO
LPD_CRE_MOODYS_V2,CRE lifetime PD by Moody's,Commercial Real Estate,moodys_band,Aaa-A,Severe,20,0.0007816563680678889,0.015152865740951094,V2,SYNTHETIC_DEMO
LPD_CRE_MOODYS_V2,CRE lifetime PD by Moody's,Commercial Real Estate,moodys_band,Aaa-A,Severe,21,0.0007833095514140474,0.01593617529236513,V2,SYNTHETIC_DEMO
LPD_CRE_MOODYS_V2,CRE lifetime PD by Moody's,Commercial Real Estate,moodys_band,Aaa-A,Severe,22,0.0007848651702930746,0.01672104046265821,V2,SYNTHETIC_DEMO
LPD_CRE_MOODYS_V2,CRE lifetime PD by Moody's,Commercial Real Estate,moodys_band,Aaa-A,Severe,23,0.0007863272862080545,0.017507367748866298,V2,SYNTHETIC_DEMO
LPD_CRE_MOODYS_V2,CRE lifetime PD by Moody's,Commercial Real Estate,moodys_band,Aaa-A,Severe,24,0.0007876997935410368,0.018295067542407284,V2,SYNTHETIC_DEMO
LPD_CRE_MOODYS_V2,CRE lifetime PD by Moody's,Commercial Real Estate,moodys_band,Aaa-A,Severe,25,0.0007889864263514568,0.019084053968758785,V2,SYNTHETIC_DEMO
LPD_CRE_MOODYS_V2,CRE lifetime PD by Moody's,Commercial Real Estate,moodys_band,Aaa-A,Severe,26,0.0007901907649045327,0.019874244733663282,V2,SYNTHETIC_DEMO
LPD_CRE_MOODYS_V2,CRE lifetime PD by Moody's,Commercial Real Estate,moodys_band,Aaa-A,Severe,27,0.0007913162419394586,0.020665560975602792,V2,SYNTHETIC_DEMO
LPD_CRE_MOODYS_V2,CRE lifetime PD by Moody's,Commercial Real Estate,moodys_band,Aaa-A,Severe,28,0.0007923661486871565,0.021457927124289955,V2,SYNTHETIC_DEMO
LPD_CRE_MOODYS_V2,CRE lifetime PD by Moody's,Commercial Real Estate,moodys_band,Aaa-A,Severe,29,0.0007933436406484857,0.02225127076493849,V2,SYNTHETIC_DEMO
LPD_CRE_MOODYS_V2,CRE lifetime PD by Moody's,Commercial Real Estate,moodys_band,Aaa-A,Severe,30,0.0007942517431393851,0.023045522508077898,V2,SYNTHETIC_DEMO
LPD_CRE_MOODYS_V2,CRE lifetime PD by Moody's,Commercial Real Estate,moodys_band,Aaa-A,Severe,31,0.0007950933566147934,0.02384061586469266,V2,SYNTHETIC_DEMO
LPD_CRE_MOODYS_V2,CRE lifetime PD by Moody's,Commercial Real Estate,moodys_band,Aaa-A,Severe,32,0.0007958712617783179,0.02463648712647093,V2,SYNTHETIC_DEMO
LPD_CRE_MOODYS_V2,CRE lifetime PD by Moody's,Commercial Real Estate,moodys_band,Aaa-A,Severe,33,0.0007965881244860675,0.02543307525095695,V2,SYNTHETIC_DEMO
LPD_CRE_MOODYS_V2,CRE lifetime PD by Moody's,Commercial Real Estate,moodys_band,Aaa-A,Severe,34,0.0007972465004529732,0.026230321751409935,V2,SYNTHETIC_DEMO
LPD_CRE_MOODYS_V2,CRE lifetime PD by Moody's,Commercial Real Estate,moodys_band,Aaa-A,Severe,35,0.0007978488397694958,0.027028170591179457,V2,SYNTHETIC_DEMO
LPD_CRE_MOODYS_V2,CRE lifetime PD by Moody's,Commercial Real Estate,moodys_band,Aaa-A,Severe,36,0.0007983974912350138,0.02782656808241446,V2,SYNTHETIC_DEMO
LPD_CRE_MOODYS_V2,CRE lifetime PD by Moody's,Commercial Real Estate,moodys_band,Aaa-A,Severe,37,0.0007988947065170007,0.02862546278893141,V2,SYNTHETIC_DEMO
LPD_CRE_MOODYS_V2,CRE lifetime PD by Moody's,Commercial Real Estate,moodys_band,Aaa-A,Severe,38,0.0007993426441407808,0.029424805433072243,V2,SYNTHETIC_DEMO
LPD_CRE_MOODYS_V2,CRE lifetime PD by Moody's,Commercial Real Estate,moodys_band,Aaa-A,Severe,39,0.0007997433733180087,0.03022454880639025,V2,SYNTHETIC_DEMO
LPD_CRE_MOODYS_V2,CRE lifetime PD by Moody's,Commercial Real Estate,moodys_band,Aaa-A,Severe,40,0.0008000988776190976,0.031024647684009365,V2,SYNTHETIC_DEMO
LPD_CRE_MOODYS_V2,CRE lifetime PD by Moody's,Commercial Real Estate,moodys_band,Aaa-A,Severe,41,0.0008004110584976282,0.03182505874250696,V2,SYNTHETIC_DEMO
LPD_CRE_MOODYS_V2,CRE lifetime PD by Moody's,Commercial Real Estate,moodys_band,Aaa-A,Severe,42,0.0008006817386699096,0.032625740481176835,V2,SYNTHETIC_DEMO
LPD_CRE_MOODYS_V2,CRE lifetime PD by Moody's,Commercial Real Estate,moodys_band,Aaa-A,Severe,43,0.0008009126653579313,0.03342665314653481,V2,SYNTHETIC_DEMO
LPD_CRE_MOODYS_V2,CRE lifetime PD by Moody's,Commercial Real Estate,moodys_band,Aaa-A,Severe,44,0.000801105513399623,0.03422775865993444,V2,SYNTHETIC_DEMO
LPD_CRE_MOODYS_V2,CRE lifetime PD by Moody's,Commercial Real Estate,moodys_band,Aaa-A,Severe,45,0.0008012618882325965,0.035029020548167034,V2,SYNTHETIC_DEMO
LPD_CRE_MOODYS_V2,CRE lifetime PD by Moody's,Commercial Real Estate,moodys_band,Aaa-A,Severe,46,0.0008013833287559177,0.035830403876922934,V2,SYNTHETIC_DEMO
LPD_CRE_MOODYS_V2,CRE lifetime PD by Moody's,Commercial Real Estate,moodys_band,Aaa-A,Severe,47,0.0008014713100743502,0.03663187518699729,V2,SYNTHETIC_DEMO
LPD_CRE_MOODYS_V2,CRE lifetime PD by Moody's,Commercial Real Estate,moodys_band,Aaa-A,Severe,48,0.0008015272461318476,0.03743340243312909,V2,SYNTHETIC_DEMO
LPD_CRE_MOODYS_V2,CRE lifetime PD by Moody's,Commercial Real Estate,moodys_band,Aaa-A,Severe,49,0.0008015524922354979,0.03823495492536455,V2,SYNTHETIC_DEMO
LPD_CRE_MOODYS_V2,CRE lifetime PD by Moody's,Commercial Real Estate,moodys_band,Aaa-A,Severe,50,0.0008015483474775353,0.03903650327284214,V2,SYNTHETIC_DEMO
LPD_CRE_MOODYS_V2,CRE lifetime PD by Moody's,Commercial Real Estate,moodys_band,Aaa-A,Severe,51,0.0008015160570571347,0.03983801932989928,V2,SYNTHETIC_DEMO
LPD_CRE_MOODYS_V2,CRE lifetime PD by Moody's,Commercial Real Estate,moodys_band,Aaa-A,Severe,52,0.0008014568145077582,0.040639476144406994,V2,SYNTHETIC_DEMO
LPD_CRE_MOODYS_V2,CRE lifetime PD by Moody's,Commercial Real Estate,moodys_band,Aaa-A,Severe,53,0.0008013717638323904,0.04144084790823943,V2,SYNTHETIC_DEMO
LPD_CRE_MOODYS_V2,CRE lifetime PD by Moody's,Commercial Real Estate,moodys_band,Aaa-A,Severe,54,0.0008012620015515502,0.04224210990979094,V2,SYNTHETIC_DEMO
LPD_CRE_MOODYS_V2,CRE lifetime PD by Moody's,Commercial Real Estate,moodys_band,Aaa-A,Severe,55,0.0008011285786673526,0.04304323848845826,V2,SYNTHETIC_DEMO
LPD_CRE_MOODYS_V2,CRE lifetime PD by Moody's,Commercial Real Estate,moodys_band,Aaa-A,Severe,56,0.0008009725025459239,0.04384421099100422,V2,SYNTHETIC_DEMO
LPD_CRE_MOODYS_V2,CRE lifetime PD by Moody's,Commercial Real Estate,moodys_band,Aaa-A,Severe,57,0.0008007947387237617,0.04464500572972796,V2,SYNTHETIC_DEMO
LPD_CRE_MOODYS_V2,CRE lifetime PD by Moody's,Commercial Real Estate,moodys_band,Aaa-A,Severe,58,0.0008005962126385101,0.045445601942366465,V2,SYNTHETIC_DEMO
LPD_CRE_MOODYS_V2,CRE lifetime PD by Moody's,Commercial Real Estate,moodys_band,Aaa-A,Severe,59,0.000800377811289288,0.04624597975365574,V2,SYNTHETIC_DEMO
LPD_CRE_MOODYS_V2,CRE lifetime PD by Moody's,Commercial Real Estate,moodys_band,Aaa-A,Severe,60,0.0008001403848284023,0.04704612013848419,V2,SYNTHETIC_DEMO
LPD_CRE_MOODYS_V2,CRE lifetime PD by Moody's,Commercial Real Estate,moodys_band,Aaa-A,Severe,61,0.0007998847480871133,0.047846004886571314,V2,SYNTHETIC_DEMO
LPD_CRE_MOODYS_V2,CRE lifetime PD by Moody's,Commercial Real Estate,moodys_band,Aaa-A,Severe,62,0.0007996116820392777,0.04864561656861055,V2,SYNTHETIC_DEMO
LPD_CRE_MOODYS_V2,CRE lifetime PD by Moody's,Commercial Real Estate,moodys_band,Aaa-A,Severe,63,0.0007993219352039219,0.049444938503814484,V2,SYNTHETIC_DEMO
LPD_CRE_MOODYS_V2,CRE lifetime PD by Moody's,Commercial Real Estate,moodys_band,Aaa-A,Severe,64,0.0007990162249905451,0.05024395472880505,V2,SYNTHETIC_DEMO
LPD_CRE_MOODYS_V2,CRE lifetime PD by Moody's,Commercial Real Estate,moodys_band,Aaa-A,Severe,65,0.0007986952389878721,0.05104264996779295,V2,SYNTHETIC_DEMO
LPD_CRE_MOODYS_V2,CRE lifetime PD by Moody's,Commercial Real Estate,moodys_band,Aaa-A,Severe,66,0.0007983596362013027,0.05184100960399429,V2,SYNTHETIC_DEMO
LPD_CRE_MOODYS_V2,CRE lifetime PD by Moody's,Commercial Real Estate,moodys_band,Aaa-A,Severe,67,0.0007980100482368045,0.052639019652231056,V2,SYNTHETIC_DEMO
LPD_CRE_MOODYS_V2,CRE lifetime PD by Moody's,Commercial Real Estate,moodys_band,Aaa-A,Severe,68,0.0007976470804382667,0.053436666732669336,V2,SYNTHETIC_DEMO
LPD_CRE_MOODYS_V2,CRE lifetime PD by Moody's,Commercial Real Estate,moodys_band,Aaa-A,Severe,69,0.0007972713129760399,0.05423393804564536,V2,SYNTHETIC_DEMO
LPD_CRE_MOODYS_V2,CRE lifetime PD by Moody's,Commercial Real Estate,moodys_band,Aaa-A,Severe,70,0.000796883301891552,0.055030821347536896,V2,SYNTHETIC_DEMO
LPD_CRE_MOODYS_V2,CRE lifetime PD by Moody's,Commercial Real Estate,moodys_band,Aaa-A,Severe,71,0.0007964835800983382,0.05582730492763521,V2,SYNTHETIC_DEMO
LPD_CRE_MOODYS_V2,CRE lifetime PD by Moody's,Commercial Real Estate,moodys_band,Aaa-A,Severe,72,0.0007960726583418269,0.05662337758597702,V2,SYNTHETIC_DEMO
LPD_CRE_MOODYS_V2,CRE lifetime PD by Moody's,Commercial Real Estate,moodys_band,Aaa-A,Severe,73,0.000795651026118733,0.0574190286120958,V2,SYNTHETIC_DEMO
LPD_CRE_MOODYS_V2,CRE lifetime PD by Moody's,Commercial Real Estate,moodys_band,Aaa-A,Severe,74,0.0007952191525600549,0.05821424776465589,V2,SYNTHETIC_DEMO
LPD_CRE_MOODYS_V2,CRE lifetime PD by Moody's,Commercial Real Estate,moodys_band,Aaa-A,Severe,75,0.0007947774872753646,0.0590090252519313,V2,SYNTHETIC_DEMO
LPD_CRE_MOODYS_V2,CRE lifetime PD by Moody's,Commercial Real Estate,moodys_band,Aaa-A,Severe,76,0.0007943264611639413,0.059803351713095254,V2,SYNTHETIC_DEMO
LPD_CRE_MOODYS_V2,CRE lifetime PD by Moody's,Commercial Real Estate,moodys_band,Aaa-A,Severe,77,0.0007938664871914704,0.06059721820028674,V2,SYNTHETIC_DEMO
LPD_CRE_MOODYS_V2,CRE lifetime PD by Moody's,Commercial Real Estate,moodys_band,Aaa-A,Severe,78,0.000793397961134383,0.06139061616142116,V2,SYNTHETIC_DEMO
LPD_CRE_MOODYS_V2,CRE lifetime PD by Moody's,Commercial Real Estate,moodys_band,Aaa-A,Severe,79,0.000792921262294105,0.062183537423715296,V2,SYNTHETIC_DEMO
LPD_CRE_MOODYS_V2,CRE lifetime PD by Moody's,Commercial Real Estate,moodys_band,Aaa-A,Severe,80,0.0007924367541812824,0.06297597417789658,V2,SYNTHETIC_DEMO
LPD_CRE_MOODYS_V2,CRE lifetime PD by Moody's,Commercial Real Estate,moodys_band,Aaa-A,Severe,81,0.0007919447851713009,0.06376791896306788,V2,SYNTHETIC_DEMO
LPD_CRE_MOODYS_V2,CRE lifetime PD by Moody's,Commercial Real Estate,moodys_band,Aaa-A,Severe,82,0.0007914456891334488,0.06455936465220136,V2,SYNTHETIC_DEMO
LPD_CRE_MOODYS_V2,CRE lifetime PD by Moody's,Commercial Real Estate,moodys_band,Aaa-A,Severe,83,0.0007909397860330453,0.06535030443823442,V2,SYNTHETIC_DEMO
LPD_CRE_MOODYS_V2,CRE lifetime PD by Moody's,Commercial Real Estate,moodys_band,Aaa-A,Severe,84,0.0007904273825097003,0.06614073182074409,V2,SYNTHETIC_DEMO
LPD_CRE_MOODYS_V2,CRE lifetime PD by Moody's,Commercial Real Estate,moodys_band,Aaa-A,Severe,85,0.0007899087724306006,0.06693064059317466,V2,SYNTHETIC_DEMO
LPD_CRE_MOODYS_V2,CRE lifetime PD by Moody's,Commercial Real Estate,moodys_band,Aaa-A,Severe,86,0.0007893842374212498,0.06772002483059592,V2,SYNTHETIC_DEMO
LPD_CRE_MOODYS_V2,CRE lifetime PD by Moody's,Commercial Real Estate,moodys_band,Aaa-A,Severe,87,0.0007888540473745179,0.06850887887797041,V2,SYNTHETIC_DEMO
LPD_CRE_MOODYS_V2,CRE lifetime PD by Moody's,Commercial Real Estate,moodys_band,Aaa-A,Severe,88,0.0007883184609377139,0.06929719733890816,V2,SYNTHETIC_DEMO
LPD_CRE_MOODYS_V2,CRE lifetime PD by Moody's,Commercial Real Estate,moodys_band,Aaa-A,Severe,89,0.0007877777259805008,0.07008497506488864,V2,SYNTHETIC_DEMO
LPD_CRE_MOODYS_V2,CRE lifetime PD by Moody's,Commercial Real Estate,moodys_band,Aaa-A,Severe,90,0.0007872320800426289,0.07087220714493125,V2,SYNTHETIC_DEMO
LPD_CRE_MOODYS_V2,CRE lifetime PD by Moody's,Commercial Real Estate,moodys_band,Aaa-A,Severe,91,0.0007866817507631543,0.07165888889569438,V2,SYNTHETIC_DEMO
LPD_CRE_MOODYS_V2,CRE lifetime PD by Moody's,Commercial Real Estate,moodys_band,Aaa-A,Severe,92,0.0007861269562924934,0.07244501585198693,V2,SYNTHETIC_DEMO
LPD_CRE_MOODYS_V2,CRE lifetime PD by Moody's,Commercial Real Estate,moodys_band,Aaa-A,Severe,93,0.0007855679056862782,0.07323058375767322,V2,SYNTHETIC_DEMO
LPD_CRE_MOODYS_V2,CRE lifetime PD by Moody's,Commercial Real Estate,moodys_band,Aaa-A,Severe,94,0.0007850047992840082,0.07401558855695722,V2,SYNTHETIC_DEMO
LPD_CRE_MOODYS_V2,CRE lifetime PD by Moody's,Commercial Real Estate,moodys_band,Aaa-A,Severe,95,0.0007844378290711453,0.07480002638602834,V2,SYNTHETIC_DEMO
LPD_CRE_MOODYS_V2,CRE lifetime PD by Moody's,Commercial Real Estate,moodys_band,Aaa-A,Severe,96,0.0007838671790265029,0.0755838935650548,V2,SYNTHETIC_DEMO
LPD_CRE_MOODYS_V2,CRE lifetime PD by Moody's,Commercial Real Estate,moodys_band,Aaa-A,Severe,97,0.0007832930254551162,0.0763671865905099,V2,SYNTHETIC_DEMO
LPD_CRE_MOODYS_V2,CRE lifetime PD by Moody's,Commercial Real Estate,moodys_band,Aaa-A,Severe,98,0.0007827155373078132,0.0771499021278177,V2,SYNTHETIC_DEMO
LPD_CRE_MOODYS_V2,CRE lifetime PD by Moody's,Commercial Real Estate,moodys_band,Aaa-A,Severe,99,0.0007821348764861291,0.07793203700430384,V2,SYNTHETIC_DEMO
LPD_CRE_MOODYS_V2,CRE lifetime PD by Moody's,Commercial Real Estate,moodys_band,Aaa-A,Severe,100,0.0007815511981363424,0.07871358820244023,V2,SYNTHETIC_DEMO
LPD_CRE_MOODYS_V2,CRE lifetime PD by Moody's,Commercial Real Estate,moodys_band,Aaa-A,Severe,101,0.0007809646509300348,0.07949455285337026,V2,SYNTHETIC_DEMO
LPD_CRE_MOODYS_V2,CRE lifetime PD by Moody's,Commercial Real Estate,moodys_band,Aaa-A,Severe,102,0.0007803753773333053,0.08027492823070359,V2,SYNTHETIC_DEMO
LPD_CRE_MOODYS_V2,CRE lifetime PD by Moody's,Commercial Real Estate,moodys_band,Aaa-A,Severe,103,0.0007797835138651137,0.08105471174456869,V2,SYNTHETIC_DEMO
LPD_CRE_MOODYS_V2,CRE lifetime PD by Moody's,Commercial Real Estate,moodys_band,Aaa-A,Severe,104,0.0007791891913443099,0.08183390093591303,V2,SYNTHETIC_DEMO
LPD_CRE_MOODYS_V2,CRE lifetime PD by Moody's,Commercial Real Estate,moodys_band,Aaa-A,Severe,105,0.0007785925351271528,0.08261249347104016,V2,SYNTHETIC_DEMO
LPD_CRE_MOODYS_V2,CRE lifetime PD by Moody's,Commercial Real Estate,moodys_band,Aaa-A,Severe,106,0.0007779936653340506,0.0833904871363742,V2,SYNTHETIC_DEMO
LPD_CRE_MOODYS_V2,CRE lifetime PD by Moody's,Commercial Real Estate,moodys_band,Aaa-A,Severe,107,0.0007773926970678301,0.08416787983344198,V2,SYNTHETIC_DEMO
LPD_CRE_MOODYS_V2,CRE lifetime PD by Moody's,Commercial Real Estate,moodys_band,Aaa-A,Severe,108,0.0007767897406222628,0.08494466957406421,V2,SYNTHETIC_DEMO
LPD_CRE_MOODYS_V2,CRE lifetime PD by Moody's,Commercial Real Estate,moodys_band,Aaa-A,Severe,109,0.0007761849016819253,0.08572085447574618,V2,SYNTHETIC_DEMO
LPD_CRE_MOODYS_V2,CRE lifetime PD by Moody's,Commercial Real Estate,moodys_band,Aaa-A,Severe,110,0.0007755782815143607,0.08649643275726049,V2,SYNTHETIC_DEMO
LPD_CRE_MOODYS_V2,CRE lifetime PD by Moody's,Commercial Real Estate,moodys_band,Aaa-A,Severe,111,0.0007749699771534723,0.08727140273441392,V2,SYNTHETIC_DEMO
LPD_CRE_MOODYS_V2,CRE lifetime PD by Moody's,Commercial Real Estate,moodys_band,Aaa-A,Severe,112,0.000774360081575926,0.08804576281598986,V2,SYNTHETIC_DEMO
LPD_CRE_MOODYS_V2,CRE lifetime PD by Moody's,Commercial Real Estate,moodys_band,Aaa-A,Severe,113,0.0007737486838696956,0.08881951149985956,V2,SYNTHETIC_DEMO
LPD_CRE_MOODYS_V2,CRE lifetime PD by Moody's,Commercial Real Estate,moodys_band,Aaa-A,Severe,114,0.0007731358693962126,0.08959264736925576,V2,SYNTHETIC_DEMO
LPD_CRE_MOODYS_V2,CRE lifetime PD by Moody's,Commercial Real Estate,moodys_band,Aaa-A,Severe,115,0.0007725217199450518,0.09036516908920078,V2,SYNTHETIC_DEMO
LPD_CRE_MOODYS_V2,CRE lifetime PD by Moody's,Commercial Real Estate,moodys_band,Aaa-A,Severe,116,0.00077190631388271,0.09113707540308347,V2,SYNTHETIC_DEMO
LPD_CRE_MOODYS_V2,CRE lifetime PD by Moody's,Commercial Real Estate,moodys_band,Aaa-A,Severe,117,0.0007712897262952157,0.09190836512937872,V2,SYNTHETIC_DEMO
LPD_CRE_MOODYS_V2,CRE lifetime PD by Moody's,Commercial Real Estate,moodys_band,Aaa-A,Severe,118,0.0007706720291243022,0.09267903715850301,V2,SYNTHETIC_DEMO
LPD_CRE_MOODYS_V2,CRE lifetime PD by Moody's,Commercial Real Estate,moodys_band,Aaa-A,Severe,119,0.0007700532912985967,0.09344909044980165,V2,SYNTHETIC_DEMO
LPD_CRE_MOODYS_V2,CRE lifetime PD by Moody's,Commercial Real Estate,moodys_band,Aaa-A,Severe,120,0.0007694335788584459,0.09421852402866004,V2,SYNTHETIC_DEMO
LPD_CRE_MOODYS_V2,CRE lifetime PD by Moody's,Commercial Real Estate,moodys_band,Baa,Severe,1,0.0018229956733392116,0.0018229956733392116,V2,SYNTHETIC_DEMO
LPD_CRE_MOODYS_V2,CRE lifetime PD by Moody's,Commercial Real Estate,moodys_band,Baa,Severe,2,0.0018325300132834685,0.0036555256866226404,V2,SYNTHETIC_DEMO
LPD_CRE_MOODYS_V2,CRE lifetime PD by Moody's,Commercial Real Estate,moodys_band,Baa,Severe,3,0.0018414777096232684,0.005497003396245925,V2,SYNTHETIC_DEMO
LPD_CRE_MOODYS_V2,CRE lifetime PD by Moody's,Commercial Real Estate,moodys_band,Baa,Severe,4,0.001849863510340348,0.007346866906586258,V2,SYNTHETIC_DEMO
LPD_CRE_MOODYS_V2,CRE lifetime PD by Moody's,Commercial Real Estate,moodys_band,Baa,Severe,5,0.001857711166509937,0.009204578073096159,V2,SYNTHETIC_DEMO
LPD_CRE_MOODYS_V2,CRE lifetime PD by Moody's,Commercial Real Estate,moodys_band,Baa,Severe,6,0.001865043469817254,0.011069621542913466,V2,SYNTHETIC_DEMO
LPD_CRE_MOODYS_V2,CRE lifetime PD by Moody's,Commercial Real Estate,moodys_band,Baa,Severe,7,0.001871882288881765,0.012941503831795265,V2,SYNTHETIC_DEMO
LPD_CRE_MOODYS_V2,CRE lifetime PD by Moody's,Commercial Real Estate,moodys_band,Baa,Severe,8,0.0018782486044102958,0.014819752436205591,V2,SYNTHETIC_DEMO
LPD_CRE_MOODYS_V2,CRE lifetime PD by Moody's,Commercial Real Estate,moodys_band,Baa,Severe,9,0.001884162543195607,0.016703914979401158,V2,SYNTHETIC_DEMO
LPD_CRE_MOODYS_V2,CRE lifetime PD by Moody's,Commercial Real Estate,moodys_band,Baa,Severe,10,0.0018896434109843716,0.018593558390385567,V2,SYNTHETIC_DEMO
LPD_CRE_MOODYS_V2,CRE lifetime PD by Moody's,Commercial Real Estate,moodys_band,Baa,Severe,11,0.0018947097242360718,0.020488268114621677,V2,SYNTHETIC_DEMO
LPD_CRE_MOODYS_V2,CRE lifetime PD by Moody's,Commercial Real Estate,moodys_band,Baa,Severe,12,0.0018993792407964046,0.022387647355418094,V2,SYNTHETIC_DEMO
LPD_CRE_MOODYS_V2,CRE lifetime PD by Moody's,Commercial Real Estate,moodys_band,Baa,Severe,13,0.001903668989509733,0.02429131634492787,V2,SYNTHETIC_DEMO
LPD_CRE_MOODYS_V2,CRE lifetime PD by Moody's,Commercial Real Estate,moodys_band,Baa,Severe,14,0.0019075952987971509,0.02619891164372501,V2,SYNTHETIC_DEMO
LPD_CRE_MOODYS_V2,CRE lifetime PD by Moody's,Commercial Real Estate,moodys_band,Baa,Severe,15,0.0019111738242231489,0.02811008546794813,V2,SYNTHETIC_DEMO
LPD_CRE_MOODYS_V2,CRE lifetime PD by Moody's,Commercial Real Estate,moodys_band,Baa,Severe,16,0.0019144195750800837,0.030024505043028227,V2,SYNTHETIC_DEMO
LPD_CRE_MOODYS_V2,CRE lifetime PD by Moody's,Commercial Real Estate,moodys_band,Baa,Severe,17,0.0019173469400145385,0.03194185198304278,V2,SYNTHETIC_DEMO
LPD_CRE_MOODYS_V2,CRE lifetime PD by Moody's,Commercial Real Estate,moodys_band,Baa,Severe,18,0.0019199697117230664,0.033861821694765815,V2,SYNTHETIC_DEMO
LPD_CRE_MOODYS_V2,CRE lifetime PD by Moody's,Commercial Real Estate,moodys_band,Baa,Severe,19,0.001922301110743097,0.03578412280550891,V2,SYNTHETIC_DEMO
LPD_CRE_MOODYS_V2,CRE lifetime PD by Moody's,Commercial Real Estate,moodys_band,Baa,Severe,20,0.001924353808366727,0.03770847661387566,V2,SYNTHETIC_DEMO
LPD_CRE_MOODYS_V2,CRE lifetime PD by Moody's,Commercial Real Estate,moodys_band,Baa,Severe,21,0.0019261399487018808,0.039634616562577496,V2,SYNTHETIC_DEMO
LPD_CRE_MOODYS_V2,CRE lifetime PD by Moody's,Commercial Real Estate,moodys_band,Baa,Severe,22,0.0019276711699079093,0.04156228773248538,V2,SYNTHETIC_DEMO
LPD_CRE_MOODYS_V2,CRE lifetime PD by Moody's,Commercial Real Estate,moodys_band,Baa,Severe,23,0.001928958624632055,0.04349124635711743,V2,SYNTHETIC_DEMO
LPD_CRE_MOODYS_V2,CRE lifetime PD by Moody's,Commercial Real Estate,moodys_band,Baa,Severe,24,0.0019300129996702483,0.04542125935678765,V2,SYNTHETIC_DEMO
LPD_CRE_MOODYS_V2,CRE lifetime PD by Moody's,Commercial Real Estate,moodys_band,Baa,Severe,25,0.0019308445348787634,0.04735210389166644,V2,SYNTHETIC_DEMO
LPD_CRE_MOODYS_V2,CRE lifetime PD by Moody's,Commercial Real Estate,moodys_band,Baa,Severe,26,0.001931463041361632,0.049283566933028045,V2,SYNTHETIC_DEMO
LPD_CRE_MOODYS_V2,CRE lifetime PD by Moody's,Commercial Real Estate,moodys_band,Baa,Severe,27,0.0019318779189564125,0.05121544485198448,V2,SYNTHETIC_DEMO
LPD_CRE_MOODYS_V2,CRE lifetime PD by Moody's,Commercial Real Estate,moodys_band,Baa,Severe,28,0.001932098173043125,0.053147543025027555,V2,SYNTHETIC_DEMO
LPD_CRE_MOODYS_V2,CRE lifetime PD by Moody's,Commercial Real Estate,moodys_band,Baa,Severe,29,0.0019321324306998942,0.05507967545572745,V2,SYNTHETIC_DEMO
LPD_CRE_MOODYS_V2,CRE lifetime PD by Moody's,Commercial Real Estate,moodys_band,Baa,Severe,30,0.0019319889562265083,0.05701166441195393,V2,SYNTHETIC_DEMO
LPD_CRE_MOODYS_V2,CRE lifetime PD by Moody's,Commercial Real Estate,moodys_band,Baa,Severe,31,0.001931675666059249,0.05894334007801316,V2,SYNTHETIC_DEMO
LPD_CRE_MOODYS_V2,CRE lifetime PD by Moody's,Commercial Real Estate,moodys_band,Baa,Severe,32,0.0019312001430984447,0.060874540221111606,V2,SYNTHETIC_DEMO
LPD_CRE_MOODYS_V2,CRE lifetime PD by Moody's,Commercial Real Estate,moodys_band,Baa,Severe,33,0.0019305696504684894,0.06280510987158006,V2,SYNTHETIC_DEMO
LPD_CRE_MOODYS_V2,CRE lifetime PD by Moody's,Commercial Real Estate,moodys_band,Baa,Severe,34,0.0019297911447332527,0.0647349010163133,V2,SYNTHETIC_DEMO
LPD_CRE_MOODYS_V2,CRE lifetime PD by Moody's,Commercial Real Estate,moodys_band,Baa,Severe,35,0.0019288712885833163,0.06666377230489662,V2,SYNTHETIC_DEMO
LPD_CRE_MOODYS_V2,CRE lifetime PD by Moody's,Commercial Real Estate,moodys_band,Baa,Severe,36,0.0019278164630180566,0.06859158876791471,V2,SYNTHETIC_DEMO
LPD_CRE_MOODYS_V2,CRE lifetime PD by Moody's,Commercial Real Estate,moodys_band,Baa,Severe,37,0.0019266327790381263,0.07051822154695286,V2,SYNTHETIC_DEMO
LPD_CRE_MOODYS_V2,CRE lifetime PD by Moody's,Commercial Real Estate,moodys_band,Baa,Severe,38,0.0019253260888690523,0.07244354763582195,V2,SYNTHETIC_DEMO
LPD_CRE_MOODYS_V2,CRE lifetime PD by Moody's,Commercial Real Estate,moodys_band,Baa,Severe,39,0.001923901996730968,0.07436744963255293,V2,SYNTHETIC_DEMO
LPD_CRE_MOODYS_V2,CRE lifetime PD by Moody's,Commercial Real Estate,moodys_band,Baa,Severe,40,0.001922365869174496,0.07628981550172742,V2,SYNTHETIC_DEMO
LPD_CRE_MOODYS_V2,CRE lifetime PD by Moody's,Commercial Real Estate,moodys_band,Baa,Severe,41,0.0019207228449970807,0.07821053834672453,V2,SYNTHETIC_DEMO
LPD_CRE_MOODYS_V2,CRE lifetime PD by Moody's,Commercial Real Estate,moodys_band,Baa,Severe,42,0.0019189778447561477,0.08012951619148068,V2,SYNTHETIC_DEMO
LPD_CRE_MOODYS_V2,CRE lifetime PD by Moody's,Commercial Real Estate,moodys_band,Baa,Severe,43,0.001917135579895319,0.08204665177137604,V2,SYNTHETIC_DEMO
LPD_CRE_MOODYS_V2,CRE lifetime PD by Moody's,Commercial Real Estate,moodys_band,Baa,Severe,44,0.0019152005614983282,0.08396185233287434,V2,SYNTHETIC_DEMO
LPD_CRE_MOODYS_V2,CRE lifetime PD by Moody's,Commercial Real Estate,moodys_band,Baa,Severe,45,0.0019131771086848379,0.08587502944155923,V2,SYNTHETIC_DEMO
LPD_CRE_MOODYS_V2,CRE lifetime PD by Moody's,Commercial Real Estate,moodys_band,Baa,Severe,46,0.001911069356661479,0.08778609879822075,V2,SYNTHETIC_DEMO
LPD_CRE_MOODYS_V2,CRE lifetime PD by Moody's,Commercial Real Estate,moodys_band,Baa,Severe,47,0.001908881264443531,0.0896949800626643,V2,SYNTHETIC_DEMO
LPD_CRE_MOODYS_V2,CRE lifetime PD by Moody's,Commercial Real Estate,moodys_band,Baa,Severe,48,0.0019066166222580878,0.0916015966849224,V2,SYNTHETIC_DEMO
LPD_CRE_MOODYS_V2,CRE lifetime PD by Moody's,Commercial Real Estate,moodys_band,Baa,Severe,49,0.0019042790586426637,0.09350587574356506,V2,SYNTHETIC_DEMO
LPD_CRE_MOODYS_V2,CRE lifetime PD by Moody's,Commercial Real Estate,moodys_band,Baa,Severe,50,0.0019018720472501675,0.09540774779081518,V2,SYNTHETIC_DEMO
LPD_CRE_MOODYS_V2,CRE lifetime PD by Moody's,Commercial Real Estate,moodys_band,Baa,Severe,51,0.0018993989133733215,0.0973071467041885,V2,SYNTHETIC_DEMO
LPD_CRE_MOODYS_V2,CRE lifetime PD by Moody's,Commercial Real Estate,moodys_band,Baa,Severe,52,0.0018968628401983968,0.0992040095443869,V2,SYNTHETIC_DEMO
LPD_CRE_MOODYS_V2,CRE lifetime PD by Moody's,Commercial Real Estate,moodys_band,Baa,Severe,53,0.0018942668747995697,0.10109827641918645,V2,SYNTHETIC_DEMO
LPD_CRE_MOODYS_V2,CRE lifetime PD by Moody's,Commercial Real Estate,moodys_band,Baa,Severe,54,0.001891613933884918,0.10298989035307138,V2,SYNTHETIC_DEMO
LPD_CRE_MOODYS_V2,CRE lifetime PD by Moody's,Commercial Real Estate,moodys_band,Baa,Severe,55,0.001888906809302785,0.10487879716237414,V2,SYNTHETIC_DEMO
LPD_CRE_MOODYS_V2,CRE lifetime PD by Moody's,Commercial Real Estate,moodys_band,Baa,Severe,56,0.001886148173319567,0.1067649453356937,V2,SYNTHETIC_DEMO
LPD_CRE_MOODYS_V2,CRE lifetime PD by Moody's,Commercial Real Estate,moodys_band,Baa,Severe,57,0.0018833405836765943,0.10864828591937026,V2,SYNTHETIC_DEMO
LPD_CRE_MOODYS_V2,CRE lifetime PD by Moody's,Commercial Real Estate,moodys_band,Baa,Severe,58,0.0018804864884371826,0.11052877240780745,V2,SYNTHETIC_DEMO
LPD_CRE_MOODYS_V2,CRE lifetime PD by Moody's,Commercial Real Estate,moodys_band,Baa,Severe,59,0.0018775882306297767,0.11240636063843723,V2,SYNTHETIC_DEMO
LPD_CRE_MOODYS_V2,CRE lifetime PD by Moody's,Commercial Real Estate,moodys_band,Baa,Severe,60,0.0018746480526981963,0.11428100869113544,V2,SYNTHETIC_DEMO
LPD_CRE_MOODYS_V2,CRE lifetime PD by Moody's,Commercial Real Estate,moodys_band,Baa,Severe,61,0.0018716681007644453,0.11615267679189989,V2,SYNTHETIC_DEMO
LPD_CRE_MOODYS_V2,CRE lifetime PD by Moody's,Commercial Real Estate,moodys_band,Baa,Severe,62,0.0018686504287137458,0.11802132722061365,V2,SYNTHETIC_DEMO
LPD_CRE_MOODYS_V2,CRE lifetime PD by Moody's,Commercial Real Estate,moodys_band,Baa,Severe,63,0.001865597002107502,0.11988692422272118,V2,SYNTHETIC_DEMO
LPD_CRE_MOODYS_V2,CRE lifetime PD by Moody's,Commercial Real Estate,moodys_band,Baa,Severe,64,0.0018625097019325054,0.12174943392465365,V2,SYNTHETIC_DEMO
LPD_CRE_MOODYS_V2,CRE lifetime PD by Moody's,Commercial Real Estate,moodys_band,Baa,Severe,65,0.0018593903281920495,0.1236088242528457,V2,SYNTHETIC_DEMO
LPD_CRE_MOODYS_V2,CRE lifetime PD by Moody's,Commercial Real Estate,moodys_band,Baa,Severe,66,0.0018562406033467045,0.12546506485619235,V2,SYNTHETIC_DEMO
LPD_CRE_MOODYS_V2,CRE lifetime PD by Moody's,Commercial Real Estate,moodys_band,Baa,Severe,67,0.0018530621756094043,0.1273181270318018,V2,SYNTHETIC_DEMO
LPD_CRE_MOODYS_V2,CRE lifetime PD by Moody's,Commercial Real Estate,moodys_band,Baa,Severe,68,0.0018498566221024533,0.12916798365390425,V2,SYNTHETIC_DEMO
LPD_CRE_MOODYS_V2,CRE lifetime PD by Moody's,Commercial Real Estate,moodys_band,Baa,Severe,69,0.0018466254518811542,0.13101460910578544,V2,SYNTHETIC_DEMO
LPD_CRE_MOODYS_V2,CRE lifetime PD by Moody's,Commercial Real Estate,moodys_band,Baa,Severe,70,0.0018433701088295849,0.13285797921461506,V2,SYNTHETIC_DEMO
LPD_CRE_MOODYS_V2,CRE lifetime PD by Moody's,Commercial Real Estate,moodys_band,Baa,Severe,71,0.001840091974434941,0.13469807118904997,V2,SYNTHETIC_DEMO
LPD_CRE_MOODYS_V2,CRE lifetime PD by Moody's,Commercial Real Estate,moodys_band,Baa,Severe,72,0.0018367923704437057,0.13653486355949362,V2,SYNTHETIC_DEMO
LPD_CRE_MOODYS_V2,CRE lifetime PD by Moody's,Commercial Real Estate,moodys_band,Baa,Severe,73,0.001833472561406422,0.13836833612090005,V2,SYNTHETIC_DEMO
LPD_CRE_MOODYS_V2,CRE lifetime PD by Moody's,Commercial Real Estate,moodys_band,Baa,Severe,74,0.0018301337571141156,0.1401984698780142,V2,SYNTHETIC_DEMO
LPD_CRE_MOODYS_V2,CRE lifetime PD by Moody's,Commercial Real Estate,moodys_band,Baa,Severe,75,0.0018267771149324402,0.1420252469929466,V2,SYNTHETIC_DEMO
LPD_CRE_MOODYS_V2,CRE lifetime PD by Moody's,Commercial Real Estate,moodys_band,Baa,Severe,76,0.0018234037420359085,0.14384865073498254,V2,SYNTHETIC_DEMO
LPD_CRE_MOODYS_V2,CRE lifetime PD by Moody's,Commercial Real Estate,moodys_band,Baa,Severe,77,0.001820014697548736,0.14566866543253132,V2,SYNTHETIC_DEMO
LPD_CRE_MOODYS_V2,CRE lifetime PD by Moody's,Commercial Real Estate,moodys_band,Baa,Severe,78,0.001816610994593894,0.14748527642712517,V2,SYNTHETIC_DEMO
LPD_CRE_MOODYS_V2,CRE lifetime PD by Moody's,Commercial Real Estate,moodys_band,Baa,Severe,79,0.0018131936022558305,0.14929847002938101,V2,SYNTHETIC_DEMO
LPD_CRE_MOODYS_V2,CRE lifetime PD by Moody's,Commercial Real Estate,moodys_band,Baa,Severe,80,0.0018097634474600716,0.1511082334768411,V2,SYNTHETIC_DEMO
LPD_CRE_MOODYS_V2,CRE lifetime PD by Moody's,Commercial Real Estate,moodys_band,Baa,Severe,81,0.001806321416772403,0.1529145548936135,V2,SYNTHETIC_DEMO
LPD_CRE_MOODYS_V2,CRE lifetime PD by Moody's,Commercial Real Estate,moodys_band,Baa,Severe,82,0.00180286835812246,0.15471742325173599,V2,SYNTHETIC_DEMO
LPD_CRE_MOODYS_V2,CRE lifetime PD by Moody's,Commercial Real Estate,moodys_band,Baa,Severe,83,0.001799405082453289,0.15651682833418923,V2,SYNTHETIC_DEMO
LPD_CRE_MOODYS_V2,CRE lifetime PD by Moody's,Commercial Real Estate,moodys_band,Baa,Severe,84,0.001795932365301715,0.15831276069949096,V2,SYNTHETIC_DEMO
LPD_CRE_MOODYS_V2,CRE lifetime PD by Moody's,Commercial Real Estate,moodys_band,Baa,Severe,85,0.0017924509483109924,0.160105211647802,V2,SYNTHETIC_DEMO
LPD_CRE_MOODYS_V2,CRE lifetime PD by Moody's,Commercial Real Estate,moodys_band,Baa,Severe,86,0.0017889615406789883,0.16189417318848098,V2,SYNTHETIC_DEMO
LPD_CRE_MOODYS_V2,CRE lifetime PD by Moody's,Commercial Real Estate,moodys_band,Baa,Severe,87,0.0017854648205451798,0.16367963800902618,V2,SYNTHETIC_DEMO
LPD_CRE_MOODYS_V2,CRE lifetime PD by Moody's,Commercial Real Estate,moodys_band,Baa,Severe,88,0.0017819614363184086,0.16546159944534455,V2,SYNTHETIC_DEMO
LPD_CRE_MOODYS_V2,CRE lifetime PD by Moody's,Commercial Real Estate,moodys_band,Baa,Severe,89,0.0017784520079486027,0.16724005145329313,V2,SYNTHETIC_DEMO
LPD_CRE_MOODYS_V2,CRE lifetime PD by Moody's,Commercial Real Estate,moodys_band,Baa,Severe,90,0.001774937128143133,0.16901498858143627,V2,SYNTHETIC_DEMO
LPD_CRE_MOODYS_V2,CRE lifetime PD by Moody's,Commercial Real Estate,moodys_band,Baa,Severe,91,0.0017714173635330825,0.1707864059449693,V2,SYNTHETIC_DEMO
LPD_CRE_MOODYS_V2,CRE lifetime PD by Moody's,Commercial Real Estate,moodys_band,Baa,Severe,92,0.0017678932557882664,0.1725542992007576,V2,SYNTHETIC_DEMO
LPD_CRE_MOODYS_V2,CRE lifetime PD by Moody's,Commercial Real Estate,moodys_band,Baa,Severe,93,0.0017643653226859302,0.17431866452344358,V2,SYNTHETIC_DEMO
LPD_CRE_MOODYS_V2,CRE lifetime PD by Moody's,Commercial Real Estate,moodys_band,Baa,Severe,94,0.0017608340591328466,0.17607949858257643,V2,SYNTHETIC_DEMO
LPD_CRE_MOODYS_V2,CRE lifetime PD by Moody's,Commercial Real Estate,moodys_band,Baa,Severe,95,0.0017572999381450165,0.17783679852072143,V2,SYNTHETIC_DEMO
LPD_CRE_MOODYS_V2,CRE lifetime PD by Moody's,Commercial Real Estate,moodys_band,Baa,Severe,96,0.0017537634117844622,0.1795905619325059,V2,SYNTHETIC_DEMO
LPD_CRE_MOODYS_V2,CRE lifetime PD by Moody's,Commercial Real Estate,moodys_band,Baa,Severe,97,0.001750224912056984,0.1813407868445629,V2,SYNTHETIC_DEMO
LPD_CRE_MOODYS_V2,CRE lifetime PD by Moody's,Commercial Real Estate,moodys_band,Baa,Severe,98,0.0017466848517708757,0.18308747169633377,V2,SYNTHETIC_DEMO
LPD_CRE_MOODYS_V2,CRE lifetime PD by Moody's,Commercial Real Estate,moodys_band,Baa,Severe,99,0.0017431436253594018,0.1848306153216932,V2,SYNTHETIC_DEMO
LPD_CRE_MOODYS_V2,CRE lifetime PD by Moody's,Commercial Real Estate,moodys_band,Baa,Severe,100,0.001739601609668451,0.18657021693136167,V2,SYNTHETIC_DEMO
LPD_CRE_MOODYS_V2,CRE lifetime PD by Moody's,Commercial Real Estate,moodys_band,Baa,Severe,101,0.001736059164709842,0.18830627609607153,V2,SYNTHETIC_DEMO
LPD_CRE_MOODYS_V2,CRE lifetime PD by Moody's,Commercial Real Estate,moodys_band,Baa,Severe,102,0.001732516634383017,0.19003879273045454,V2,SYNTHETIC_DEMO
LPD_CRE_MOODYS_V2,CRE lifetime PD by Moody's,Commercial Real Estate,moodys_band,Baa,Severe,103,0.001728974347166011,0.19176776707762055,V2,SYNTHETIC_DEMO
LPD_CRE_MOODYS_V2,CRE lifetime PD by Moody's,Commercial Real Estate,moodys_band,Baa,Severe,104,0.001725432616776037,0.1934931996943966,V2,SYNTHETIC_DEMO
LPD_CRE_MOODYS_V2,CRE lifetime PD by Moody's,Commercial Real Estate,moodys_band,Baa,Severe,105,0.0017218917428033313,0.19521509143719995,V2,SYNTHETIC_DEMO
LPD_CRE_MOODYS_V2,CRE lifetime PD by Moody's,Commercial Real Estate,moodys_band,Baa,Severe,106,0.0017183520113164038,0.19693344344851638,V2,SYNTHETIC_DEMO
LPD_CRE_MOODYS_V2,CRE lifetime PD by Moody's,Commercial Real Estate,moodys_band,Baa,Severe,107,0.0017148136954425674,0.19864825714395895,V2,SYNTHETIC_DEMO
LPD_CRE_MOODYS_V2,CRE lifetime PD by Moody's,Commercial Real Estate,moodys_band,Baa,Severe,108,0.001711277055922849,0.20035953419988184,V2,SYNTHETIC_DEMO
LPD_CRE_MOODYS_V2,CRE lifetime PD by Moody's,Commercial Real Estate,moodys_band,Baa,Severe,109,0.0017077423416438598,0.20206727654152568,V2,SYNTHETIC_DEMO
LPD_CRE_MOODYS_V2,CRE lifetime PD by Moody's,Commercial Real Estate,moodys_band,Baa,Severe,110,0.0017042097901464187,0.20377148633167208,V2,SYNTHETIC_DEMO
LPD_CRE_MOODYS_V2,CRE lifetime PD by Moody's,Commercial Real Estate,moodys_band,Baa,Severe,111,0.0017006796281125798,0.20547216595978468,V2,SYNTHETIC_DEMO
LPD_CRE_MOODYS_V2,CRE lifetime PD by Moody's,Commercial Real Estate,moodys_band,Baa,Severe,112,0.0016971520718323402,0.20716931803161698,V2,SYNTHETIC_DEMO
LPD_CRE_MOODYS_V2,CRE lifetime PD by Moody's,Commercial Real Estate,moodys_band,Baa,Severe,113,0.001693627327649257,0.2088629453592662,V2,SYNTHETIC_DEMO
LPD_CRE_MOODYS_V2,CRE lifetime PD by Moody's,Commercial Real Estate,moodys_band,Baa,Severe,114,0.0016901055923882566,0.21055305095165444,V2,SYNTHETIC_DEMO
LPD_CRE_MOODYS_V2,CRE lifetime PD by Moody's,Commercial Real Estate,moodys_band,Baa,Severe,115,0.0016865870537643118,0.21223963800541878,V2,SYNTHETIC_DEMO
LPD_CRE_MOODYS_V2,CRE lifetime PD by Moody's,Commercial Real Estate,moodys_band,Baa,Severe,116,0.0016830718907740053,0.21392270989619278,V2,SYNTHETIC_DEMO
LPD_CRE_MOODYS_V2,CRE lifetime PD by Moody's,Commercial Real Estate,moodys_band,Baa,Severe,117,0.0016795602740703088,0.21560227017026312,V2,SYNTHETIC_DEMO
LPD_CRE_MOODYS_V2,CRE lifetime PD by Moody's,Commercial Real Estate,moodys_band,Baa,Severe,118,0.0016760523663209878,0.21727832253658408,V2,SYNTHETIC_DEMO
LPD_CRE_MOODYS_V2,CRE lifetime PD by Moody's,Commercial Real Estate,moodys_band,Baa,Severe,119,0.0016725483225524325,0.21895087085913656,V2,SYNTHETIC_DEMO
LPD_CRE_MOODYS_V2,CRE lifetime PD by Moody's,Commercial Real Estate,moodys_band,Baa,Severe,120,0.0016690482904779013,0.22061991914961443,V2,SYNTHETIC_DEMO
LPD_CRE_MOODYS_V2,CRE lifetime PD by Moody's,Commercial Real Estate,moodys_band,Ba,Severe,1,0.005582753175211508,0.005582753175211508,V2,SYNTHETIC_DEMO
LPD_CRE_MOODYS_V2,CRE lifetime PD by Moody's,Commercial Real Estate,moodys_band,Ba,Severe,2,0.005591648540839009,0.011174401716050553,V2,SYNTHETIC_DEMO
LPD_CRE_MOODYS_V2,CRE lifetime PD by Moody's,Commercial Real Estate,moodys_band,Ba,Severe,3,0.005598434610255492,0.016772836326305995,V2,SYNTHETIC_DEMO
LPD_CRE_MOODYS_V2,CRE lifetime PD by Moody's,Commercial Real Estate,moodys_band,Ba,Severe,4,0.005603213652350133,0.022376049978656165,V2,SYNTHETIC_DEMO
LPD_CRE_MOODYS_V2,CRE lifetime PD by Moody's,Commercial Real Estate,moodys_band,Ba,Severe,5,0.0056060837831849826,0.02798213376184111,V2,SYNTHETIC_DEMO
LPD_CRE_MOODYS_V2,CRE lifetime PD by Moody's,Commercial Real Estate,moodys_band,Ba,Severe,6,0.005607139101161809,0.03358927286300295,V2,SYNTHETIC_DEMO
LPD_CRE_MOODYS_V2,CRE lifetime PD by Moody's,Commercial Real Estate,moodys_band,Ba,Severe,7,0.00560646982071354,0.039195742683716506,V2,SYNTHETIC_DEMO
LPD_CRE_MOODYS_V2,CRE lifetime PD by Moody's,Commercial Real Estate,moodys_band,Ba,Severe,8,0.005604162404209253,0.04479990508792575,V2,SYNTHETIC_DEMO
LPD_CRE_MOODYS_V2,CRE lifetime PD by Moody's,Commercial Real Estate,moodys_band,Ba,Severe,9,0.005600299691806313,0.05040020477973206,V2,SYNTHETIC_DEMO
LPD_CRE_MOODYS_V2,CRE lifetime PD by Moody's,Commercial Real Estate,moodys_band,Ba,Severe,10,0.005594961029019998,0.05599516580875208,V2,SYNTHETIC_DEMO
LPD_CRE_MOODYS_V2,CRE lifetime PD by Moody's,Commercial Real Estate,moodys_band,Ba,Severe,11,0.005588222391818028,0.06158338820057008,V2,SYNTHETIC_DEMO
LPD_CRE_MOODYS_V2,CRE lifetime PD by Moody's,Commercial Real Estate,moodys_band,Ba,Severe,12,0.005580156509076058,0.06716354470964614,V2,SYNTHETIC_DEMO
LPD_CRE_MOODYS_V2,CRE lifetime PD by Moody's,Commercial Real Estate,moodys_band,Ba,Severe,13,0.00557083298226109,0.07273437769190727,V2,SYNTHETIC_DEMO
LPD_CRE_MOODYS_V2,CRE lifetime PD by Moody's,Commercial Real Estate,moodys_band,Ba,Severe,14,0.005560318402236213,0.07829469609414352,V2,SYNTHETIC_DEMO
LPD_CRE_MOODYS_V2,CRE lifetime PD by Moody's,Commercial Real Estate,moodys_band,Ba,Severe,15,0.0055486764630994796,0.08384337255724306,V2,SYNTHETIC_DEMO
LPD_CRE_MOODYS_V2,CRE lifetime PD by Moody's,Commercial Real Estate,moodys_band,Ba,Severe,16,0.005535968072996372,0.08937934063023945,V2,SYNTHETIC_DEMO
LPD_CRE_MOODYS_V2,CRE lifetime PD by Moody's,Commercial Real Estate,moodys_band,Ba,Severe,17,0.00552225146185777,0.09490159209209725,V2,SYNTHETIC_DEMO
LPD_CRE_MOODYS_V2,CRE lifetime PD by Moody's,Commercial Real Estate,moodys_band,Ba,Severe,18,0.005507582286037322,0.10040917437813457,V2,SYNTHETIC_DEMO
LPD_CRE_MOODYS_V2,CRE lifetime PD by Moody's,Commercial Real Estate,moodys_band,Ba,Severe,19,0.005492013729833971,0.10590118810796856,V2,SYNTHETIC_DEMO
LPD_CRE_MOODYS_V2,CRE lifetime PD by Moody's,Commercial Real Estate,moodys_band,Ba,Severe,20,0.005475596603898211,0.11137678471186674,V2,SYNTHETIC_DEMO
LPD_CRE_MOODYS_V2,CRE lifetime PD by Moody's,Commercial Real Estate,moodys_band,Ba,Severe,21,0.00545837944053514,0.11683516415240192,V2,SYNTHETIC_DEMO
LPD_CRE_MOODYS_V2,CRE lifetime PD by Moody's,Commercial Real Estate,moodys_band,Ba,Severe,22,0.00544040858592344,0.12227557273832534,V2,SYNTHETIC_DEMO
LPD_CRE_MOODYS_V2,CRE lifetime PD by Moody's,Commercial Real Estate,moodys_band,Ba,Severe,23,0.005421728289282876,0.12769730102760823,V2,SYNTHETIC_DEMO
LPD_CRE_MOODYS_V2,CRE lifetime PD by Moody's,Commercial Real Estate,moodys_band,Ba,Severe,24,0.005402380789025727,0.133099681816634,V2,SYNTHETIC_DEMO
LPD_CRE_MOODYS_V2,CRE lifetime PD by Moody's,Commercial Real Estate,moodys_band,Ba,Severe,25,0.005382406395939255,0.13848208821257324,V2,SYNTHETIC_DEMO
LPD_CRE_MOODYS_V2,CRE lifetime PD by Moody's,Commercial Real Estate,moodys_band,Ba,Severe,26,0.005361843573447135,0.1438439317860204,V2,SYNTHETIC_DEMO
LPD_CRE_MOODYS_V2,CRE lifetime PD by Moody's,Commercial Real Estate,moodys_band,Ba,Severe,27,0.005340729015006865,0.1491846608010272,V2,SYNTHETIC_DEMO
LPD_CRE_MOODYS_V2,CRE lifetime PD by Moody's,Commercial Real Estate,moodys_band,Ba,Severe,28,0.005319097718701723,0.15450375851972897,V2,SYNTHETIC_DEMO
LPD_CRE_MOODYS_V2,CRE lifetime PD by Moody's,Commercial Real Estate,moodys_band,Ba,Severe,29,0.005296983059088403,0.1598007415788174,V2,SYNTHETIC_DEMO
LPD_CRE_MOODYS_V2,CRE lifetime PD by Moody's,Commercial Real Estate,moodys_band,Ba,Severe,30,0.005274416856368389,0.16507515843518583,V2,SYNTHETIC_DEMO
LPD_CRE_MOODYS_V2,CRE lifetime PD by Moody's,Commercial Real Estate,moodys_band,Ba,Severe,31,0.005251429442947438,0.17032658787813326,V2,SYNTHETIC_DEMO
LPD_CRE_MOODYS_V2,CRE lifetime PD by Moody's,Commercial Real Estate,moodys_band,Ba,Severe,32,0.0052280497274542655,0.17555463760558754,V2,SYNTHETIC_DEMO
LPD_CRE_MOODYS_V2,CRE lifetime PD by Moody's,Commercial Real Estate,moodys_band,Ba,Severe,33,0.0052043052562874064,0.180758942861875,V2,SYNTHETIC_DEMO
LPD_CRE_MOODYS_V2,CRE lifetime PD by Moody's,Commercial Real Estate,moodys_band,Ba,Severe,34,0.0051802222727612085,0.18593916513463615,V2,SYNTHETIC_DEMO
LPD_CRE_MOODYS_V2,CRE lifetime PD by Moody's,Commercial Real Estate,moodys_band,Ba,Severe,35,0.005155825773923454,0.19109499090855964,V2,SYNTHETIC_DEMO
LPD_CRE_MOODYS_V2,CRE lifetime PD by Moody's,Commercial Real Estate,moodys_band,Ba,Severe,36,0.005131139565113504,0.1962261304736731,V2,SYNTHETIC_DEMO
LPD_CRE_MOODYS_V2,CRE lifetime PD by Moody's,Commercial Real Estate,moodys_band,Ba,Severe,37,0.005106186312335,0.20133231678600805,V2,SYNTHETIC_DEMO
LPD_CRE_MOODYS_V2,CRE lifetime PD by Moody's,Commercial Real Estate,moodys_band,Ba,Severe,38,0.005080987592511712,0.2064133043785198,V2,SYNTHETIC_DEMO
LPD_CRE_MOODYS_V2,CRE lifetime PD by Moody's,Commercial Real Estate,moodys_band,Ba,Severe,39,0.005055563941697233,0.21146886832021705,V2,SYNTHETIC_DEMO
LPD_CRE_MOODYS_V2,CRE lifetime PD by Moody's,Commercial Real Estate,moodys_band,Ba,Severe,40,0.0050299349013083975,0.21649880322152548,V2,SYNTHETIC_DEMO
LPD_CRE_MOODYS_V2,CRE lifetime PD by Moody's,Commercial Real Estate,moodys_band,Ba,Severe,41,0.005004119062449343,0.22150292228397483,V2,SYNTHETIC_DEMO
LPD_CRE_MOODYS_V2,CRE lifetime PD by Moody's,Commercial Real Estate,moodys_band,Ba,Severe,42,0.004978134108394303,0.22648105639236915,V2,SYNTHETIC_DEMO
LPD_CRE_MOODYS_V2,CRE lifetime PD by Moody's,Commercial Real Estate,moodys_band,Ba,Severe,43,0.004951996855294864,0.23143305324766406,V2,SYNTHETIC_DEMO
LPD_CRE_MOODYS_V2,CRE lifetime PD by Moody's,Commercial Real Estate,moodys_band,Ba,Severe,44,0.004925723291174879,0.23635877653883897,V2,SYNTHETIC_DEMO
LPD_CRE_MOODYS_V2,CRE lifetime PD by Moody's,Commercial Real Estate,moodys_band,Ba,Severe,45,0.004899328613278252,0.2412581051521172,V2,SYNTHETIC_DEMO
LPD_CRE_MOODYS_V2,CRE lifetime PD by Moody's,Commercial Real Estate,moodys_band,Ba,Severe,46,0.0048728272638292845,0.24613093241594652,V2,SYNTHETIC_DEMO
LPD_CRE_MOODYS_V2,CRE lifetime PD by Moody's,Commercial Real Estate,moodys_band,Ba,Severe,47,0.004846232964265821,0.2509771653802123,V2,SYNTHETIC_DEMO
LPD_CRE_MOODYS_V2,CRE lifetime PD by Moody's,Commercial Real Estate,moodys_band,Ba,Severe,48,0.004819558748004744,0.2557967241282171,V2,SYNTHETIC_DEMO
LPD_CRE_MOODYS_V2,CRE lifetime PD by Moody's,Commercial Real Estate,moodys_band,Ba,Severe,49,0.004792816991794864,0.260589541120012,V2,SYNTHETIC_DEMO
LPD_CRE_MOODYS_V2,CRE lifetime PD by Moody's,Commercial Real Estate,moodys_band,Ba,Severe,50,0.00476601944571438,0.2653555605657264,V2,SYNTHETIC_DEMO
LPD_CRE_MOODYS_V2,CRE lifetime PD by Moody's,Commercial Real Estate,moodys_band,Ba,Severe,51,0.004739177261863876,0.2700947378275903,V2,SYNTHETIC_DEMO
LPD_CRE_MOODYS_V2,CRE lifetime PD by Moody's,Commercial Real Estate,moodys_band,Ba,Severe,52,0.0047123010218094764,0.27480703884939983,V2,SYNTHETIC_DEMO
LPD_CRE_MOODYS_V2,CRE lifetime PD by Moody's,Commercial Real Estate,moodys_band,Ba,Severe,53,0.004685400762824142,0.2794924396122239,V2,SYNTHETIC_DEMO
LPD_CRE_MOODYS_V2,CRE lifetime PD by Moody's,Commercial Real Estate,moodys_band,Ba,Severe,54,0.004658486002976665,0.2841509256152006,V2,SYNTHETIC_DEMO
LPD_CRE_MOODYS_V2,CRE lifetime PD by Moody's,Commercial Real Estate,moodys_band,Ba,Severe,55,0.004631565765115767,0.2887824913803164,V2,SYNTHETIC_DEMO
LPD_CRE_MOODYS_V2,CRE lifetime PD by Moody's,Commercial Real Estate,moodys_band,Ba,Severe,56,0.004604648599793572,0.29338713998011,V2,SYNTHETIC_DEMO
LPD_CRE_MOODYS_V2,CRE lifetime PD by Moody's,Commercial Real Estate,moodys_band,Ba,Severe,57,0.004577742607172919,0.29796488258728293,V2,SYNTHETIC_DEMO
LPD_CRE_MOODYS_V2,CRE lifetime PD by Moody's,Commercial Real Estate,moodys_band,Ba,Severe,58,0.0045508554579611095,0.302515738045244,V2,SYNTHETIC_DEMO
LPD_CRE_MOODYS_V2,CRE lifetime PD by Moody's,Commercial Real Estate,moodys_band,Ba,Severe,59,0.004523994413410106,0.3070397324586541,V2,SYNTHETIC_DEMO
LPD_CRE_MOODYS_V2,CRE lifetime PD by Moody's,Commercial Real Estate,moodys_band,Ba,Severe,60,0.004497166344422581,0.31153689880307667,V2,SYNTHETIC_DEMO
LPD_CRE_MOODYS_V2,CRE lifetime PD by Moody's,Commercial Real Estate,moodys_band,Ba,Severe,61,0.004470377749802416,0.3160072765528791,V2,SYNTHETIC_DEMO
LPD_CRE_MOODYS_V2,CRE lifetime PD by Moody's,Commercial Real Estate,moodys_band,Ba,Severe,62,0.004443634773684628,0.32045091132656367,V2,SYNTHETIC_DEMO
LPD_CRE_MOODYS_V2,CRE lifetime PD by Moody's,Commercial Real Estate,moodys_band,Ba,Severe,63,0.0044169432221816225,0.32486785454874534,V2,SYNTHETIC_DEMO
LPD_CRE_MOODYS_V2,CRE lifetime PD by Moody's,Commercial Real Estate,moodys_band,Ba,Severe,64,0.004390308579277453,0.3292581631280228,V2,SYNTHETIC_DEMO
LPD_CRE_MOODYS_V2,CRE lifetime PD by Moody's,Commercial Real Estate,moodys_band,Ba,Severe,65,0.004363736022003736,0.3336218991500265,V2,SYNTHETIC_DEMO
LPD_CRE_MOODYS_V2,CRE lifetime PD by Moody's,Commercial Real Estate,moodys_band,Ba,Severe,66,0.004337230434928211,0.33795912958495467,V2,SYNTHETIC_DEMO
LPD_CRE_MOODYS_V2,CRE lifetime PD by Moody's,Commercial Real Estate,moodys_band,Ba,Severe,67,0.004310796423985354,0.34226992600894,V2,SYNTHETIC_DEMO
LPD_CRE_MOODYS_V2,CRE lifetime PD by Moody's,Commercial Real Estate,moodys_band,Ba,Severe,68,0.004284438329678147,0.3465543643386182,V2,SYNTHETIC_DEMO
LPD_CRE_MOODYS_V2,CRE lifetime PD by Moody's,Commercial Real Estate,moodys_band,Ba,Severe,69,0.0042581602396778665,0.35081252457829604,V2,SYNTHETIC_DEMO
LPD_CRE_MOODYS_V2,CRE lifetime PD by Moody's,Commercial Real Estate,moodys_band,Ba,Severe,70,0.004231966000849623,0.35504449057914567,V2,SYNTHETIC_DEMO
LPD_CRE_MOODYS_V2,CRE lifetime PD by Moody's,Commercial Real Estate,moodys_band,Ba,Severe,71,0.0042058592307274816,0.35925034980987314,V2,SYNTHETIC_DEMO
LPD_CRE_MOODYS_V2,CRE lifetime PD by Moody's,Commercial Real Estate,moodys_band,Ba,Severe,72,0.004179843328464355,0.36343019313833747,V2,SYNTHETIC_DEMO
LPD_CRE_MOODYS_V2,CRE lifetime PD by Moody's,Commercial Real Estate,moodys_band,Ba,Severe,73,0.004153921485279701,0.3675841146236172,V2,SYNTHETIC_DEMO
LPD_CRE_MOODYS_V2,CRE lifetime PD by Moody's,Commercial Real Estate,moodys_band,Ba,Severe,74,0.004128096694427408,0.37171221131804455,V2,SYNTHETIC_DEMO
LPD_CRE_MOODYS_V2,CRE lifetime PD by Moody's,Commercial Real Estate,moodys_band,Ba,Severe,75,0.0041023717607051695,0.3758145830787497,V2,SYNTHETIC_DEMO
LPD_CRE_MOODYS_V2,CRE lifetime PD by Moody's,Commercial Real Estate,moodys_band,Ba,Severe,76,0.004076749309525673,0.3798913323882753,V2,SYNTHETIC_DEMO
LPD_CRE_MOODYS_V2,CRE lifetime PD by Moody's,Commercial Real Estate,moodys_band,Ba,Severe,77,0.004051231795569826,0.3839425641838452,V2,SYNTHETIC_DEMO
LPD_CRE_MOODYS_V2,CRE lifetime PD by Moody's,Commercial Real Estate,moodys_band,Ba,Severe,78,0.004025821511039981,0.38796838569488523,V2,SYNTHETIC_DEMO
LPD_CRE_MOODYS_V2,CRE lifetime PD by Moody's,Commercial Real Estate,moodys_band,Ba,Severe,79,0.004000520593531525,0.39196890628841674,V2,SYNTHETIC_DEMO
LPD_CRE_MOODYS_V2,CRE lifetime PD by Moody's,Commercial Real Estate,moodys_band,Ba,Severe,80,0.0039753310335402655,0.39594423732195705,V2,SYNTHETIC_DEMO
LPD_CRE_MOODYS_V2,CRE lifetime PD by Moody's,Commercial Real Estate,moodys_band,Ba,Severe,81,0.0039502546816216014,0.3998944920035786,V2,SYNTHETIC_DEMO
LPD_CRE_MOODYS_V2,CRE lifetime PD by Moody's,Commercial Real Estate,moodys_band,Ba,Severe,82,0.00392529325521762,0.40381978525879625,V2,SYNTHETIC_DEMO
LPD_CRE_MOODYS_V2,CRE lifetime PD by Moody's,Commercial Real Estate,moodys_band,Ba,Severe,83,0.003900448345166653,0.4077202336039629,V2,SYNTHETIC_DEMO
LPD_CRE_MOODYS_V2,CRE lifetime PD by Moody's,Commercial Real Estate,moodys_band,Ba,Severe,84,0.0038757214219106123,0.41159595502587354,V2,SYNTHETIC_DEMO
LPD_CRE_MOODYS_V2,CRE lifetime PD by Moody's,Commercial Real Estate,moodys_band,Ba,Severe,85,0.003851113841412675,0.4154470688672862,V2,SYNTHETIC_DEMO
LPD_CRE_MOODYS_V2,CRE lifetime PD by Moody's,Commercial Real Estate,moodys_band,Ba,Severe,86,0.003826626850799667,0.4192736957180859,V2,SYNTHETIC_DEMO
LPD_CRE_MOODYS_V2,CRE lifetime PD by Moody's,Commercial Real Estate,moodys_band,Ba,Severe,87,0.003802261593740771,0.4230759573118267,V2,SYNTHETIC_DEMO
LPD_CRE_MOODYS_V2,CRE lifetime PD by Moody's,Commercial Real Estate,moodys_band,Ba,Severe,88,0.003778019115575165,0.42685397642740186,V2,SYNTHETIC_DEMO
LPD_CRE_MOODYS_V2,CRE lifetime PD by Moody's,Commercial Real Estate,moodys_band,Ba,Severe,89,0.0037539003681997794,0.43060787679560164,V2,SYNTHETIC_DEMO
LPD_CRE_MOODYS_V2,CRE lifetime PD by Moody's,Commercial Real Estate,moodys_band,Ba,Severe,90,0.003729906214728761,0.43433778301033044,V2,SYNTHETIC_DEMO
LPD_CRE_MOODYS_V2,CRE lifetime PD by Moody's,Commercial Real Estate,moodys_band,Ba,Severe,91,0.003706037433933832,0.43804382044426426,V2,SYNTHETIC_DEMO
LPD_CRE_MOODYS_V2,CRE lifetime PD by Moody's,Commercial Real Estate,moodys_band,Ba,Severe,92,0.00368229472447704,0.4417261151687413,V2,SYNTHETIC_DEMO
LPD_CRE_MOODYS_V2,CRE lifetime PD by Moody's,Commercial Real Estate,moodys_band,Ba,Severe,93,0.0036586787089448016,0.44538479387768604,V2,SYNTHETIC_DEMO
LPD_CRE_MOODYS_V2,CRE lifetime PD by Moody's,Commercial Real Estate,moodys_band,Ba,Severe,94,0.0036351899376920655,0.4490199838153781,V2,SYNTHETIC_DEMO
LPD_CRE_MOODYS_V2,CRE lifetime PD by Moody's,Commercial Real Estate,moodys_band,Ba,Severe,95,0.0036118288925059906,0.4526318127078841,V2,SYNTHETIC_DEMO
LPD_CRE_MOODYS_V2,CRE lifetime PD by Moody's,Commercial Real Estate,moodys_band,Ba,Severe,96,0.003588595990096944,0.4562204086979811,V2,SYNTHETIC_DEMO
LPD_CRE_MOODYS_V2,CRE lifetime PD by Moody's,Commercial Real Estate,moodys_band,Ba,Severe,97,0.003565491585425335,0.4597859002834064,V2,SYNTHETIC_DEMO
LPD_CRE_MOODYS_V2,CRE lifetime PD by Moody's,Commercial Real Estate,moodys_band,Ba,Severe,98,0.0035425159748712015,0.4633284162582776,V2,SYNTHETIC_DEMO
LPD_CRE_MOODYS_V2,CRE lifetime PD by Moody's,Commercial Real Estate,moodys_band,Ba,Severe,99,0.003519669399254255,0.4668480856575319,V2,SYNTHETIC_DEMO
LPD_CRE_MOODYS_V2,CRE lifetime PD by Moody's,Commercial Real Estate,moodys_band,Ba,Severe,100,0.003496952046711481,0.4703450377042434,V2,SYNTHETIC_DEMO
LPD_CRE_MOODYS_V2,CRE lifetime PD by Moody's,Commercial Real Estate,moodys_band,Ba,Severe,101,0.003474364055438379,0.47381940175968174,V2,SYNTHETIC_DEMO
LPD_CRE_MOODYS_V2,CRE lifetime PD by Moody's,Commercial Real Estate,moodys_band,Ba,Severe,102,0.003451905516300501,0.4772713072759822,V2,SYNTHETIC_DEMO
LPD_CRE_MOODYS_V2,CRE lifetime PD by Moody's,Commercial Real Estate,moodys_band,Ba,Severe,103,0.003429576475321253,0.4807008837513035,V2,SYNTHETIC_DEMO
LPD_CRE_MOODYS_V2,CRE lifetime PD by Moody's,Commercial Real Estate,moodys_band,Ba,Severe,104,0.0034073769360517263,0.48410826068735524,V2,SYNTHETIC_DEMO
LPD_CRE_MOODYS_V2,CRE lifetime PD by Moody's,Commercial Real Estate,moodys_band,Ba,Severe,105,0.0033853068618279604,0.48749356754918316,V2,SYNTHETIC_DEMO
LPD_CRE_MOODYS_V2,CRE lifetime PD by Moody's,Commercial Real Estate,moodys_band,Ba,Severe,106,0.0033633661779209744,0.49085693372710415,V2,SYNTHETIC_DEMO
LPD_CRE_MOODYS_V2,CRE lifetime PD by Moody's,Commercial Real Estate,moodys_band,Ba,Severe,107,0.0033415547735846057,0.4941984885006887,V2,SYNTHETIC_DEMO
LPD_CRE_MOODYS_V2,CRE lifetime PD by Moody's,Commercial Real Estate,moodys_band,Ba,Severe,108,0.003319872504005419,0.49751836100469415,V2,SYNTHETIC_DEMO
LPD_CRE_MOODYS_V2,CRE lifetime PD by Moody's,Commercial Real Estate,moodys_band,Ba,Severe,109,0.0032983191921604183,0.5008166801968545,V2,SYNTHETIC_DEMO
LPD_CRE_MOODYS_V2,CRE lifetime PD by Moody's,Commercial Real Estate,moodys_band,Ba,Severe,110,0.0032768946305850918,0.5040935748274397,V2,SYNTHETIC_DEMO
LPD_CRE_MOODYS_V2,CRE lifetime PD by Moody's,Commercial Real Estate,moodys_band,Ba,Severe,111,0.003255598583058071,0.5073491734104978,V2,SYNTHETIC_DEMO
LPD_CRE_MOODYS_V2,CRE lifetime PD by Moody's,Commercial Real Estate,moodys_band,Ba,Severe,112,0.003234430786204439,0.5105836041967022,V2,SYNTHETIC_DEMO
LPD_CRE_MOODYS_V2,CRE lifetime PD by Moody's,Commercial Real Estate,moodys_band,Ba,Severe,113,0.0032133909510224474,0.5137969951477246,V2,SYNTHETIC_DEMO
LPD_CRE_MOODYS_V2,CRE lifetime PD by Moody's,Commercial Real Estate,moodys_band,Ba,Severe,114,0.0031924787643372765,0.516989473912062,V2,SYNTHETIC_DEMO
LPD_CRE_MOODYS_V2,CRE lifetime PD by Moody's,Commercial Real Estate,moodys_band,Ba,Severe,115,0.0031716938901847885,0.5201611678022466,V2,SYNTHETIC_DEMO
LPD_CRE_MOODYS_V2,CRE lifetime PD by Moody's,Commercial Real Estate,moodys_band,Ba,Severe,116,0.003151035971128883,0.5233122037733755,V2,SYNTHETIC_DEMO
LPD_CRE_MOODYS_V2,CRE lifetime PD by Moody's,Commercial Real Estate,moodys_band,Ba,Severe,117,0.0031305046295153714,0.5264427084028909,V2,SYNTHETIC_DEMO
LPD_CRE_MOODYS_V2,CRE lifetime PD by Moody's,Commercial Real Estate,moodys_band,Ba,Severe,118,0.00311009946866558,0.5295528078715566,V2,SYNTHETIC_DEMO
LPD_CRE_MOODYS_V2,CRE lifetime PD by Moody's,Commercial Real Estate,moodys_band,Ba,Severe,119,0.003089820074012337,0.5326426279455688,V2,SYNTHETIC_DEMO
LPD_CRE_MOODYS_V2,CRE lifetime PD by Moody's,Commercial Real Estate,moodys_band,Ba,Severe,120,0.0030696660141808422,0.5357122939597496,V2,SYNTHETIC_DEMO
LPD_CRE_MOODYS_V2,CRE lifetime PD by Moody's,Commercial Real Estate,moodys_band,B,Severe,1,0.013607371785245403,0.013607371785245403,V2,SYNTHETIC_DEMO
LPD_CRE_MOODYS_V2,CRE lifetime PD by Moody's,Commercial Real Estate,moodys_band,B,Severe,2,0.01352361526303915,0.02713098704828454,V2,SYNTHETIC_DEMO
LPD_CRE_MOODYS_V2,CRE lifetime PD by Moody's,Commercial Real Estate,moodys_band,B,Severe,3,0.01343424416301616,0.040565231211300734,V2,SYNTHETIC_DEMO
LPD_CRE_MOODYS_V2,CRE lifetime PD by Moody's,Commercial Real Estate,moodys_band,B,Severe,4,0.013339678718617368,0.05390490992991814,V2,SYNTHETIC_DEMO
LPD_CRE_MOODYS_V2,CRE lifetime PD by Moody's,Commercial Real Estate,moodys_band,B,Severe,5,0.013240319353756273,0.06714522928367439,V2,SYNTHETIC_DEMO
LPD_CRE_MOODYS_V2,CRE lifetime PD by Moody's,Commercial Real Estate,moodys_band,B,Severe,6,0.013136547264668324,0.08028177654834268,V2,SYNTHETIC_DEMO
LPD_CRE_MOODYS_V2,CRE lifetime PD by Moody's,Commercial Real Estate,moodys_band,B,Severe,7,0.013028725015688105,0.09331050156403076,V2,SYNTHETIC_DEMO
LPD_CRE_MOODYS_V2,CRE lifetime PD by Moody's,Commercial Real Estate,moodys_band,B,Severe,8,0.012917197144609207,0.10622769870864002,V2,SYNTHETIC_DEMO
LPD_CRE_MOODYS_V2,CRE lifetime PD by Moody's,Commercial Real Estate,moodys_band,B,Severe,9,0.012802290773756513,0.11902998948239651,V2,SYNTHETIC_DEMO
LPD_CRE_MOODYS_V2,CRE lifetime PD by Moody's,Commercial Real Estate,moodys_band,B,Severe,10,0.01268431622333483,0.1317143057057314,V2,SYNTHETIC_DEMO
LPD_CRE_MOODYS_V2,CRE lifetime PD by Moody's,Commercial Real Estate,moodys_band,B,Severe,11,0.012563567624024682,0.14427787332975606,V2,SYNTHETIC_DEMO
LPD_CRE_MOODYS_V2,CRE lifetime PD by Moody's,Commercial Real Estate,moodys_band,B,Severe,12,0.012440323526165618,0.1567181968559217,V2,SYNTHETIC_DEMO
LPD_CRE_MOODYS_V2,CRE lifetime PD by Moody's,Commercial Real Estate,moodys_band,B,Severe,13,0.012314847503204922,0.16903304435912658,V2,SYNTHETIC_DEMO
LPD_CRE_MOODYS_V2,CRE lifetime PD by Moody's,Commercial Real Estate,moodys_band,B,Severe,14,0.012187388747403756,0.18122043310653035,V2,SYNTHETIC_DEMO
LPD_CRE_MOODYS_V2,CRE lifetime PD by Moody's,Commercial Real Estate,moodys_band,B,Severe,15,0.012058182656072924,0.1932786157626033,V2,SYNTHETIC_DEMO
LPD_CRE_MOODYS_V2,CRE lifetime PD by Moody's,Commercial Real Estate,moodys_band,B,Severe,16,0.011927451406867861,0.2052060671694712,V2,SYNTHETIC_DEMO
LPD_CRE_MOODYS_V2,CRE lifetime PD by Moody's,Commercial Real Estate,moodys_band,B,Severe,17,0.011795404520906615,0.21700147169037787,V2,SYNTHETIC_DEMO
LPD_CRE_MOODYS_V2,CRE lifetime PD by Moody's,Commercial Real Estate,moodys_band,B,Severe,18,0.011662239412683857,0.22866371110306172,V2,SYNTHETIC_DEMO
LPD_CRE_MOODYS_V2,CRE lifetime PD by Moody's,Commercial Real Estate,moodys_band,B,Severe,19,0.011528141925943591,0.24019185302900536,V2,SYNTHETIC_DEMO
LPD_CRE_MOODYS_V2,CRE lifetime PD by Moody's,Commercial Real Estate,moodys_band,B,Severe,20,0.011393286854843527,0.2515851398838489,V2,SYNTHETIC_DEMO
LPD_CRE_MOODYS_V2,CRE lifetime PD by Moody's,Commercial Real Estate,moodys_band,B,Severe,21,0.011257838449897093,0.26284297833374604,V2,SYNTHETIC_DEMO
LPD_CRE_MOODYS_V2,CRE lifetime PD by Moody's,Commercial Real Estate,moodys_band,B,Severe,22,0.011121950908312478,0.2739649292420585,V2,SYNTHETIC_DEMO
LPD_CRE_MOODYS_V2,CRE lifetime PD by Moody's,Commercial Real Estate,moodys_band,B,Severe,23,0.010985768848472289,0.28495069809053075,V2,SYNTHETIC_DEMO
LPD_CRE_MOODYS_V2,CRE lifetime PD by Moody's,Commercial Real Estate,moodys_band,B,Severe,24,0.010849427768399903,0.2958001258589307,V2,SYNTHETIC_DEMO
LPD_CRE_MOODYS_V2,CRE lifetime PD by Moody's,Commercial Real Estate,moodys_band,B,Severe,25,0.010713054488156137,0.30651318034708686,V2,SYNTHETIC_DEMO
LPD_CRE_MOODYS_V2,CRE lifetime PD by Moody's,Commercial Real Estate,moodys_band,B,Severe,26,0.01057676757618943,0.31708994792327627,V2,SYNTHETIC_DEMO
LPD_CRE_MOODYS_V2,CRE lifetime PD by Moody's,Commercial Real Estate,moodys_band,B,Severe,27,0.010440677759737388,0.3275306256830136,V2,SYNTHETIC_DEMO
LPD_CRE_MOODYS_V2,CRE lifetime PD by Moody's,Commercial Real Estate,moodys_band,B,Severe,28,0.010304888319435403,0.33783551400244904,V2,SYNTHETIC_DEMO
LPD_CRE_MOODYS_V2,CRE lifetime PD by Moody's,Commercial Real Estate,moodys_band,B,Severe,29,0.010169495468346775,0.3480050094707958,V2,SYNTHETIC_DEMO
LPD_CRE_MOODYS_V2,CRE lifetime PD by Moody's,Commercial Real Estate,moodys_band,B,Severe,30,0.010034588715669241,0.358039598186465,V2,SYNTHETIC_DEMO
LPD_CRE_MOODYS_V2,CRE lifetime PD by Moody's,Commercial Real Estate,moodys_band,B,Severe,31,0.00990025121541542,0.3679398494018804,V2,SYNTHETIC_DEMO
LPD_CRE_MOODYS_V2,CRE lifetime PD by Moody's,Commercial Real Estate,moodys_band,B,Severe,32,0.00976656010039368,0.3777064095022741,V2,SYNTHETIC_DEMO
LPD_CRE_MOODYS_V2,CRE lifetime PD by Moody's,Commercial Real Estate,moodys_band,B,Severe,33,0.00963358680184418,0.3873399963041183,V2,SYNTHETIC_DEMO
LPD_CRE_MOODYS_V2,CRE lifetime PD by Moody's,Commercial Real Estate,moodys_band,B,Severe,34,0.009501397355105244,0.39684139365922355,V2,SYNTHETIC_DEMO
LPD_CRE_MOODYS_V2,CRE lifetime PD by Moody's,Commercial Real Estate,moodys_band,B,Severe,35,0.009370052691702473,0.406211446350926,V2,SYNTHETIC_DEMO
LPD_CRE_MOODYS_V2,CRE lifetime PD by Moody's,Commercial Real Estate,moodys_band,B,Severe,36,0.009239608918264539,0.4154510552691906,V2,SYNTHETIC_DEMO
LPD_CRE_MOODYS_V2,CRE lifetime PD by Moody's,Commercial Real Estate,moodys_band,B,Severe,37,0.009110117582680323,0.4245611728518709,V2,SYNTHETIC_DEMO
LPD_CRE_MOODYS_V2,CRE lifetime PD by Moody's,Commercial Real Estate,moodys_band,B,Severe,38,0.008981625927916162,0.4335427987797871,V2,SYNTHETIC_DEMO
LPD_CRE_MOODYS_V2,CRE lifetime PD by Moody's,Commercial Real Estate,moodys_band,B,Severe,39,0.008854177133916502,0.4423969759137035,V2,SYNTHETIC_DEMO
LPD_CRE_MOODYS_V2,CRE lifetime PD by Moody's,Commercial Real Estate,moodys_band,B,Severe,40,0.008727810548010556,0.45112478646171406,V2,SYNTHETIC_DEMO
LPD_CRE_MOODYS_V2,CRE lifetime PD by Moody's,Commercial Real Estate,moodys_band,B,Severe,41,0.008602561904248055,0.4597273483659621,V2,SYNTHETIC_DEMO
LPD_CRE_MOODYS_V2,CRE lifetime PD by Moody's,Commercial Real Estate,moodys_band,B,Severe,42,0.008478463532081067,0.4682058118980431,V2,SYNTHETIC_DEMO
LPD_CRE_MOODYS_V2,CRE lifetime PD by Moody's,Commercial Real Estate,moodys_band,B,Severe,43,0.00835554455480693,0.47656135645285,V2,SYNTHETIC_DEMO
LPD_CRE_MOODYS_V2,CRE lifetime PD by Moody's,Commercial Real Estate,moodys_band,B,Severe,44,0.008233831078178896,0.4847951875310289,V2,SYNTHETIC_DEMO
LPD_CRE_MOODYS_V2,CRE lifetime PD by Moody's,Commercial Real Estate,moodys_band,B,Severe,45,0.008113346369585436,0.4929085339006143,V2,SYNTHETIC_DEMO
LPD_CRE_MOODYS_V2,CRE lifetime PD by Moody's,Commercial Real Estate,moodys_band,B,Severe,46,0.007994111028189026,0.5009026449288033,V2,SYNTHETIC_DEMO
LPD_CRE_MOODYS_V2,CRE lifetime PD by Moody's,Commercial Real Estate,moodys_band,B,Severe,47,0.00787614314640803,0.5087787880752114,V2,SYNTHETIC_DEMO
LPD_CRE_MOODYS_V2,CRE lifetime PD by Moody's,Commercial Real Estate,moodys_band,B,Severe,48,0.007759458463114296,0.5165382465383257,V2,SYNTHETIC_DEMO
LPD_CRE_MOODYS_V2,CRE lifetime PD by Moody's,Commercial Real Estate,moodys_band,B,Severe,49,0.007644070508909239,0.524182317047235,V2,SYNTHETIC_DEMO
LPD_CRE_MOODYS_V2,CRE lifetime PD by Moody's,Commercial Real Estate,moodys_band,B,Severe,50,0.007529990743830991,0.5317123077910659,V2,SYNTHETIC_DEMO
LPD_CRE_MOODYS_V2,CRE lifetime PD by Moody's,Commercial Real Estate,moodys_band,B,Severe,51,0.007417228687833837,0.5391295364788997,V2,SYNTHETIC_DEMO
LPD_CRE_MOODYS_V2,CRE lifetime PD by Moody's,Commercial Real Estate,moodys_band,B,Severe,52,0.0073057920443695005,0.5464353285232693,V2,SYNTHETIC_DEMO
LPD_CRE_MOODYS_V2,CRE lifetime PD by Moody's,Commercial Real Estate,moodys_band,B,Severe,53,0.007195686817391035,0.5536310153406603,V2,SYNTHETIC_DEMO
LPD_CRE_MOODYS_V2,CRE lifetime PD by Moody's,Commercial Real Estate,moodys_band,B,Severe,54,0.0070869174220852624,0.5607179327627456,V2,SYNTHETIC_DEMO
LPD_CRE_MOODYS_V2,CRE lifetime PD by Moody's,Commercial Real Estate,moodys_band,B,Severe,55,0.006979486789631981,0.5676974195523776,V2,SYNTHETIC_DEMO
LPD_CRE_MOODYS_V2,CRE lifetime PD by Moody's,Commercial Real Estate,moodys_band,B,Severe,56,0.006873396466274566,0.5745708160186521,V2,SYNTHETIC_DEMO
LPD_CRE_MOODYS_V2,CRE lifetime PD by Moody's,Commercial Real Estate,moodys_band,B,Severe,57,0.006768646706977313,0.5813394627256294,V2,SYNTHETIC_DEMO
LPD_CRE_MOODYS_V2,CRE lifetime PD by Moody's,Commercial Real Estate,moodys_band,B,Severe,58,0.006665236563932277,0.5880046992895617,V2,SYNTHETIC_DEMO
LPD_CRE_MOODYS_V2,CRE lifetime PD by Moody's,Commercial Real Estate,moodys_band,B,Severe,59,0.006563163970169747,0.5945678632597314,V2,SYNTHETIC_DEMO
LPD_CRE_MOODYS_V2,CRE lifetime PD by Moody's,Commercial Real Estate,moodys_band,B,Severe,60,0.006462425818514126,0.6010302890782455,V2,SYNTHETIC_DEMO
LPD_CRE_MOODYS_V2,CRE lifetime PD by Moody's,Commercial Real Estate,moodys_band,B,Severe,61,0.00636301803611782,0.6073933071143633,V2,SYNTHETIC_DEMO
LPD_CRE_MOODYS_V2,CRE lifetime PD by Moody's,Commercial Real Estate,moodys_band,B,Severe,62,0.006264935654796014,0.6136582427691595,V2,SYNTHETIC_DEMO
LPD_CRE_MOODYS_V2,CRE lifetime PD by Moody's,Commercial Real Estate,moodys_band,B,Severe,63,0.006168172877374471,0.6198264156465338,V2,SYNTHETIC_DEMO
LPD_CRE_MOODYS_V2,CRE lifetime PD by Moody's,Commercial Real Estate,moodys_band,B,Severe,64,0.006072723140254066,0.625899138786788,V2,SYNTHETIC_DEMO
LPD_CRE_MOODYS_V2,CRE lifetime PD by Moody's,Commercial Real Estate,moodys_band,B,Severe,65,0.005978579172386114,0.6318777179591741,V2,SYNTHETIC_DEMO
LPD_CRE_MOODYS_V2,CRE lifetime PD by Moody's,Commercial Real Estate,moodys_band,B,Severe,66,0.005885733050844228,0.6377634510100183,V2,SYNTHETIC_DEMO
LPD_CRE_MOODYS_V2,CRE lifetime PD by Moody's,Commercial Real Estate,moodys_band,B,Severe,67,0.005794176253169144,0.6435576272631874,V2,SYNTHETIC_DEMO
LPD_CRE_MOODYS_V2,CRE lifetime PD by Moody's,Commercial Real Estate,moodys_band,B,Severe,68,0.005703899706655149,0.6492615269698425,V2,SYNTHETIC_DEMO
LPD_CRE_MOODYS_V2,CRE lifetime PD by Moody's,Commercial Real Estate,moodys_band,B,Severe,69,0.00561489383473975,0.6548764208045823,V2,SYNTHETIC_DEMO
LPD_CRE_MOODYS_V2,CRE lifetime PD by Moody's,Commercial Real Estate,moodys_band,B,Severe,70,0.005527148600648146,0.6604035694052304,V2,SYNTHETIC_DEMO
LPD_CRE_MOODYS_V2,CRE lifetime PD by Moody's,Commercial Real Estate,moodys_band,B,Severe,71,0.005440653548439705,0.6658442229536701,V2,SYNTHETIC_DEMO
LPD_CRE_MOODYS_V2,CRE lifetime PD by Moody's,Commercial Real Estate,moodys_band,B,Severe,72,0.00535539784159411,0.6711996207952642,V2,SYNTHETIC_DEMO
LPD_CRE_MOODYS_V2,CRE lifetime PD by Moody's,Commercial Real Estate,moodys_band,B,Severe,73,0.005271370299269908,0.6764709910945341,V2,SYNTHETIC_DEMO
LPD_CRE_MOODYS_V2,CRE lifetime PD by Moody's,Commercial Real Estate,moodys_band,B,Severe,74,0.005188559430360262,0.6816595505248944,V2,SYNTHETIC_DEMO
LPD_CRE_MOODYS_V2,CRE lifetime PD by Moody's,Commercial Real Estate,moodys_band,B,Severe,75,0.005106953465465411,0.6867665039903599,V2,SYNTHETIC_DEMO
LPD_CRE_MOODYS_V2,CRE lifetime PD by Moody's,Commercial Real Estate,moodys_band,B,Severe,76,0.0050265403868952445,0.6917930443772551,V2,SYNTHETIC_DEMO
LPD_CRE_MOODYS_V2,CRE lifetime PD by Moody's,Commercial Real Estate,moodys_band,B,Severe,77,0.004947307956809568,0.6967403523340647,V2,SYNTHETIC_DEMO
LPD_CRE_MOODYS_V2,CRE lifetime PD by Moody's,Commercial Real Estate,moodys_band,B,Severe,78,0.0048692437435976675,0.7016095960776623,V2,SYNTHETIC_DEMO
LPD_CRE_MOODYS_V2,CRE lifetime PD by Moody's,Commercial Real Estate,moodys_band,B,Severe,79,0.004792335146595264,0.7064019312242575,V2,SYNTHETIC_DEMO
LPD_CRE_MOODYS_V2,CRE lifetime PD by Moody's,Commercial Real Estate,moodys_band,B,Severe,80,0.004716569419229653,0.7111185006434873,V2,SYNTHETIC_DEMO
LPD_CRE_MOODYS_V2,CRE lifetime PD by Moody's,Commercial Real Estate,moodys_band,B,Severe,81,0.004641933690681003,0.7157604343341682,V2,SYNTHETIC_DEMO
LPD_CRE_MOODYS_V2,CRE lifetime PD by Moody's,Commercial Real Estate,moodys_band,B,Severe,82,0.004568414986142729,0.720328849320311,V2,SYNTHETIC_DEMO
LPD_CRE_MOODYS_V2,CRE lifetime PD by Moody's,Commercial Real Estate,moodys_band,B,Severe,83,0.004496000245758592,0.7248248495660696,V2,SYNTHETIC_DEMO
LPD_CRE_MOODYS_V2,CRE lifetime PD by Moody's,Commercial Real Estate,moodys_band,B,Severe,84,0.004424676342311734,0.7292495259083813,V2,SYNTHETIC_DEMO
LPD_CRE_MOODYS_V2,CRE lifetime PD by Moody's,Commercial Real Estate,moodys_band,B,Severe,85,0.004354430097735959,0.7336039560061173,V2,SYNTHETIC_DEMO
LPD_CRE_MOODYS_V2,CRE lifetime PD by Moody's,Commercial Real Estate,moodys_band,B,Severe,86,0.004285248298515281,0.7378892043046326,V2,SYNTHETIC_DEMO
LPD_CRE_MOODYS_V2,CRE lifetime PD by Moody's,Commercial Real Estate,moodys_band,B,Severe,87,0.004217117710036212,0.7421063220146688,V2,SYNTHETIC_DEMO
LPD_CRE_MOODYS_V2,CRE lifetime PD by Moody's,Commercial Real Estate,moodys_band,B,Severe,88,0.004150025089951624,0.7462563471046204,V2,SYNTHETIC_DEMO
LPD_CRE_MOODYS_V2,CRE lifetime PD by Moody's,Commercial Real Estate,moodys_band,B,Severe,89,0.004083957200613109,0.7503403043052335,V2,SYNTHETIC_DEMO
LPD_CRE_MOODYS_V2,CRE lifetime PD by Moody's,Commercial Real Estate,moodys_band,B,Severe,90,0.00401890082062612,0.7543592051258596,V2,SYNTHETIC_DEMO
LPD_CRE_MOODYS_V2,CRE lifetime PD by Moody's,Commercial Real Estate,moodys_band,B,Severe,91,0.003954842755577553,0.7583140478814372,V2,SYNTHETIC_DEMO
LPD_CRE_MOODYS_V2,CRE lifetime PD by Moody's,Commercial Real Estate,moodys_band,B,Severe,92,0.0038917698479848323,0.762205817729422,V2,SYNTHETIC_DEMO
LPD_CRE_MOODYS_V2,CRE lifetime PD by Moody's,Commercial Real Estate,moodys_band,B,Severe,93,0.003829668986511323,0.7660354867159334,V2,SYNTHETIC_DEMO
LPD_CRE_MOODYS_V2,CRE lifetime PD by Moody's,Commercial Real Estate,moodys_band,B,Severe,94,0.003768527114491161,0.7698040138304245,V2,SYNTHETIC_DEMO
LPD_CRE_MOODYS_V2,CRE lifetime PD by Moody's,Commercial Real Estate,moodys_band,B,Severe,95,0.003708331237804253,0.7735123450682287,V2,SYNTHETIC_DEMO
LPD_CRE_MOODYS_V2,CRE lifetime PD by Moody's,Commercial Real Estate,moodys_band,B,Severe,96,0.0036490684321397464,0.7771614135003685,V2,SYNTHETIC_DEMO
LPD_CRE_MOODYS_V2,CRE lifetime PD by Moody's,Commercial Real Estate,moodys_band,B,Severe,97,0.003590725849684343,0.7807521393500528,V2,SYNTHETIC_DEMO
LPD_CRE_MOODYS_V2,CRE lifetime PD by Moody's,Commercial Real Estate,moodys_band,B,Severe,98,0.003533290725269607,0.7842854300753224,V2,SYNTHETIC_DEMO
LPD_CRE_MOODYS_V2,CRE lifetime PD by Moody's,Commercial Real Estate,moodys_band,B,Severe,99,0.003476750382010896,0.7877621804573334,V2,SYNTHETIC_DEMO
LPD_CRE_MOODYS_V2,CRE lifetime PD by Moody's,Commercial Real Estate,moodys_band,B,Severe,100,0.0034210922364684673,0.7911832726938017,V2,SYNTHETIC_DEMO
LPD_CRE_MOODYS_V2,CRE lifetime PD by Moody's,Commercial Real Estate,moodys_band,B,Severe,101,0.0033663038033596025,0.7945495764971614,V2,SYNTHETIC_DEMO
LPD_CRE_MOODYS_V2,CRE lifetime PD by Moody's,Commercial Real Estate,moodys_band,B,Severe,102,0.0033123726998491618,0.7978619491970106,V2,SYNTHETIC_DEMO
LPD_CRE_MOODYS_V2,CRE lifetime PD by Moody's,Commercial Real Estate,moodys_band,B,Severe,103,0.0032592866494442953,0.8011212358464549,V2,SYNTHETIC_DEMO
LPD_CRE_MOODYS_V2,CRE lifetime PD by Moody's,Commercial Real Estate,moodys_band,B,Severe,104,0.0032070334855178414,0.8043282693319727,V2,SYNTHETIC_DEMO
LPD_CRE_MOODYS_V2,CRE lifetime PD by Moody's,Commercial Real Estate,moodys_band,B,Severe,105,0.0031556011544831264,0.8074838704864559,V2,SYNTHETIC_DEMO
LPD_CRE_MOODYS_V2,CRE lifetime PD by Moody's,Commercial Real Estate,moodys_band,B,Severe,106,0.003104977718642135,0.810588848205098,V2,SYNTHETIC_DEMO
LPD_CRE_MOODYS_V2,CRE lifetime PD by Moody's,Commercial Real Estate,moodys_band,B,Severe,107,0.0030551513587273433,0.8136439995638253,V2,SYNTHETIC_DEMO
LPD_CRE_MOODYS_V2,CRE lifetime PD by Moody's,Commercial Real Estate,moodys_band,B,Severe,108,0.003006110376156524,0.8166501099399819,V2,SYNTHETIC_DEMO
LPD_CRE_MOODYS_V2,CRE lifetime PD by Moody's,Commercial Real Estate,moodys_band,B,Severe,109,0.002957843195019098,0.8196079531350009,V2,SYNTHETIC_DEMO
LPD_CRE_MOODYS_V2,CRE lifetime PD by Moody's,Commercial Real Estate,moodys_band,B,Severe,110,0.0029103383638105686,0.8225182914988115,V2,SYNTHETIC_DEMO
LPD_CRE_MOODYS_V2,CRE lifetime PD by Moody's,Commercial Real Estate,moodys_band,B,Severe,111,0.002863584556931959,0.8253818760557434,V2,SYNTHETIC_DEMO
LPD_CRE_MOODYS_V2,CRE lifetime PD by Moody's,Commercial Real Estate,moodys_band,B,Severe,112,0.0028175705759689766,0.8281994466317124,V2,SYNTHETIC_DEMO
LPD_CRE_MOODYS_V2,CRE lifetime PD by Moody's,Commercial Real Estate,moodys_band,B,Severe,113,0.0027722853507657196,0.8309717319824781,V2,SYNTHETIC_DEMO
LPD_CRE_MOODYS_V2,CRE lifetime PD by Moody's,Commercial Real Estate,moodys_band,B,Severe,114,0.0027277179403061877,0.8336994499227843,V2,SYNTHETIC_DEMO
LPD_CRE_MOODYS_V2,CRE lifetime PD by Moody's,Commercial Real Estate,moodys_band,B,Severe,115,0.0026838575334166273,0.8363833074562009,V2,SYNTHETIC_DEMO
LPD_CRE_MOODYS_V2,CRE lifetime PD by Moody's,Commercial Real Estate,moodys_band,B,Severe,116,0.002640693449300662,0.8390240009055017,V2,SYNTHETIC_DEMO
LPD_CRE_MOODYS_V2,CRE lifetime PD by Moody's,Commercial Real Estate,moodys_band,B,Severe,117,0.0025982151379185807,0.8416222160434201,V2,SYNTHETIC_DEMO
LPD_CRE_MOODYS_V2,CRE lifetime PD by Moody's,Commercial Real Estate,moodys_band,B,Severe,118,0.002556412180221535,0.8441786282236418,V2,SYNTHETIC_DEMO
LPD_CRE_MOODYS_V2,CRE lifetime PD by Moody's,Commercial Real Estate,moodys_band,B,Severe,119,0.002515274288250594,0.8466939025118924,V2,SYNTHETIC_DEMO
LPD_CRE_MOODYS_V2,CRE lifetime PD by Moody's,Commercial Real Estate,moodys_band,B,Severe,120,0.002474791305110382,0.8491686938170027,V2,SYNTHETIC_DEMO
LPD_CRE_MOODYS_V2,CRE lifetime PD by Moody's,Commercial Real Estate,moodys_band,Caa,Severe,1,0.040333927361855704,0.040333927361855704,V2,SYNTHETIC_DEMO
LPD_CRE_MOODYS_V2,CRE lifetime PD by Moody's,Commercial Real Estate,moodys_band,Caa,Severe,2,0.039050793165174236,0.07938472052702994,V2,SYNTHETIC_DEMO
LPD_CRE_MOODYS_V2,CRE lifetime PD by Moody's,Commercial Real Estate,moodys_band,Caa,Severe,3,0.03777926361155106,0.11716398413858098,V2,SYNTHETIC_DEMO
LPD_CRE_MOODYS_V2,CRE lifetime PD by Moody's,Commercial Real Estate,moodys_band,Caa,Severe,4,0.036522124077512756,0.15368610821609374,V2,SYNTHETIC_DEMO
LPD_CRE_MOODYS_V2,CRE lifetime PD by Moody's,Commercial Real Estate,moodys_band,Caa,Severe,5,0.035281853643870466,0.18896796185996423,V2,SYNTHETIC_DEMO
LPD_CRE_MOODYS_V2,CRE lifetime PD by Moody's,Commercial Real Estate,moodys_band,Caa,Severe,6,0.03406064265501825,0.22302860451498252,V2,SYNTHETIC_DEMO
LPD_CRE_MOODYS_V2,CRE lifetime PD by Moody's,Commercial Real Estate,moodys_band,Caa,Severe,7,0.03286041026943677,0.2558890147844193,V2,SYNTHETIC_DEMO
LPD_CRE_MOODYS_V2,CRE lifetime PD by Moody's,Commercial Real Estate,moodys_band,Caa,Severe,8,0.0316828218549357,0.2875718366393549,V2,SYNTHETIC_DEMO
LPD_CRE_MOODYS_V2,CRE lifetime PD by Moody's,Commercial Real Estate,moodys_band,Caa,Severe,9,0.030529306103690586,0.31810114274304546,V2,SYNTHETIC_DEMO
LPD_CRE_MOODYS_V2,CRE lifetime PD by Moody's,Commercial Real Estate,moodys_band,Caa,Severe,10,0.029401071761971268,0.3475022145050167,V2,SYNTHETIC_DEMO
LPD_CRE_MOODYS_V2,CRE lifetime PD by Moody's,Commercial Real Estate,moodys_band,Caa,Severe,11,0.02829912388759741,0.3758013383926141,V2,SYNTHETIC_DEMO
LPD_CRE_MOODYS_V2,CRE lifetime PD by Moody's,Commercial Real Estate,moodys_band,Caa,Severe,12,0.027224279564626464,0.40302561795724057,V2,SYNTHETIC_DEMO
LPD_CRE_MOODYS_V2,CRE lifetime PD by Moody's,Commercial Real Estate,moodys_band,Caa,Severe,13,0.026177183019614258,0.4292028009768548,V2,SYNTHETIC_DEMO
LPD_CRE_MOODYS_V2,CRE lifetime PD by Moody's,Commercial Real Estate,moodys_band,Caa,Severe,14,0.02515832009706162,0.45436112107391646,V2,SYNTHETIC_DEMO
LPD_CRE_MOODYS_V2,CRE lifetime PD by Moody's,Commercial Real Estate,moodys_band,Caa,Severe,15,0.024168032063436474,0.4785291531373529,V2,SYNTHETIC_DEMO
LPD_CRE_MOODYS_V2,CRE lifetime PD by Moody's,Commercial Real Estate,moodys_band,Caa,Severe,16,0.02320652871953246,0.5017356818568853,V2,SYNTHETIC_DEMO
LPD_CRE_MOODYS_V2,CRE lifetime PD by Moody's,Commercial Real Estate,moodys_band,Caa,Severe,17,0.022273900809979697,0.524009582666865,V2,SYNTHETIC_DEMO
LPD_CRE_MOODYS_V2,CRE lifetime PD by Moody's,Commercial Real Estate,moodys_band,Caa,Severe,18,0.021370131726557686,0.5453797143934227,V2,SYNTHETIC_DEMO
LPD_CRE_MOODYS_V2,CRE lifetime PD by Moody's,Commercial Real Estate,moodys_band,Caa,Severe,19,0.02049510850866983,0.5658748229020925,V2,SYNTHETIC_DEMO
LPD_CRE_MOODYS_V2,CRE lifetime PD by Moody's,Commercial Real Estate,moodys_band,Caa,Severe,20,0.01964863215002211,0.5855234550521147,V2,SYNTHETIC_DEMO
LPD_CRE_MOODYS_V2,CRE lifetime PD by Moody's,Commercial Real Estate,moodys_band,Caa,Severe,21,0.018830427225295994,0.6043538822774106,V2,SYNTHETIC_DEMO
LPD_CRE_MOODYS_V2,CRE lifetime PD by Moody's,Commercial Real Estate,moodys_band,Caa,Severe,22,0.01804015085451301,0.6223940331319235,V2,SYNTHETIC_DEMO
LPD_CRE_MOODYS_V2,CRE lifetime PD by Moody's,Commercial Real Estate,moodys_band,Caa,Severe,23,0.017277401025940324,0.639671434157864,V2,SYNTHETIC_DEMO
LPD_CRE_MOODYS_V2,CRE lifetime PD by Moody's,Commercial Real Estate,moodys_band,Caa,Severe,24,0.016541724300866905,0.6562131584587308,V2,SYNTHETIC_DEMO
LPD_CRE_MOODYS_V2,CRE lifetime PD by Moody's,Commercial Real Estate,moodys_band,Caa,Severe,25,0.015832622925466135,0.6720457813841969,V2,SYNTHETIC_DEMO
LPD_CRE_MOODYS_V2,CRE lifetime PD by Moody's,Commercial Real Estate,moodys_band,Caa,Severe,26,0.015149561376326216,0.6871953427605232,V2,SYNTHETIC_DEMO
LPD_CRE_MOODYS_V2,CRE lifetime PD by Moody's,Commercial Real Estate,moodys_band,Caa,Severe,27,0.01449197236713994,0.7016873151276631,V2,SYNTHETIC_DEMO
LPD_CRE_MOODYS_V2,CRE lifetime PD by Moody's,Commercial Real Estate,moodys_band,Caa,Severe,28,0.01385926234456426,0.7155465774722274,V2,SYNTHETIC_DEMO
LPD_CRE_MOODYS_V2,CRE lifetime PD by Moody's,Commercial Real Estate,moodys_band,Caa,Severe,29,0.013250816501441373,0.7287973939736687,V2,SYNTHETIC_DEMO
LPD_CRE_MOODYS_V2,CRE lifetime PD by Moody's,Commercial Real Estate,moodys_band,Caa,Severe,30,0.012666003335469715,0.7414633973091385,V2,SYNTHETIC_DEMO
LPD_CRE_MOODYS_V2,CRE lifetime PD by Moody's,Commercial Real Estate,moodys_band,Caa,Severe,31,0.012104178781069827,0.7535675760902083,V2,SYNTHETIC_DEMO
LPD_CRE_MOODYS_V2,CRE lifetime PD by Moody's,Commercial Real Estate,moodys_band,Caa,Severe,32,0.01156468994164943,0.7651322660318578,V2,SYNTHETIC_DEMO
LPD_CRE_MOODYS_V2,CRE lifetime PD by Moody's,Commercial Real Estate,moodys_band,Caa,Severe,33,0.01104687844876824,0.776179144480626,V2,SYNTHETIC_DEMO
LPD_CRE_MOODYS_V2,CRE lifetime PD by Moody's,Commercial Real Estate,moodys_band,Caa,Severe,34,0.010550083473872152,0.7867292279544982,V2,SYNTHETIC_DEMO
LPD_CRE_MOODYS_V2,CRE lifetime PD by Moody's,Commercial Real Estate,moodys_band,Caa,Severe,35,0.010073644417333188,0.7968028723718313,V2,SYNTHETIC_DEMO
LPD_CRE_MOODYS_V2,CRE lifetime PD by Moody's,Commercial Real Estate,moodys_band,Caa,Severe,36,0.009616903298524132,0.8064197756703555,V2,SYNTHETIC_DEMO
LPD_CRE_MOODYS_V2,CRE lifetime PD by Moody's,Commercial Real Estate,moodys_band,Caa,Severe,37,0.009179206869594909,0.8155989825399503,V2,SYNTHETIC_DEMO
LPD_CRE_MOODYS_V2,CRE lifetime PD by Moody's,Commercial Real Estate,moodys_band,Caa,Severe,38,0.008759908474521422,0.8243588910144718,V2,SYNTHETIC_DEMO
LPD_CRE_MOODYS_V2,CRE lifetime PD by Moody's,Commercial Real Estate,moodys_band,Caa,Severe,39,0.008358369673880907,0.8327172606883527,V2,SYNTHETIC_DEMO
LPD_CRE_MOODYS_V2,CRE lifetime PD by Moody's,Commercial Real Estate,moodys_band,Caa,Severe,40,0.007973961654687816,0.8406912223430405,V2,SYNTHETIC_DEMO
LPD_CRE_MOODYS_V2,CRE lifetime PD by Moody's,Commercial Real Estate,moodys_band,Caa,Severe,41,0.007606066443507699,0.8482972887865482,V2,SYNTHETIC_DEMO
LPD_CRE_MOODYS_V2,CRE lifetime PD by Moody's,Commercial Real Estate,moodys_band,Caa,Severe,42,0.00725407793996763,0.8555513667265158,V2,SYNTHETIC_DEMO
LPD_CRE_MOODYS_V2,CRE lifetime PD by Moody's,Commercial Real Estate,moodys_band,Caa,Severe,43,0.006917402786704104,0.8624687695132199,V2,SYNTHETIC_DEMO
LPD_CRE_MOODYS_V2,CRE lifetime PD by Moody's,Commercial Real Estate,moodys_band,Caa,Severe,44,0.006595461090742503,0.8690642306039624,V2,SYNTHETIC_DEMO
LPD_CRE_MOODYS_V2,CRE lifetime PD by Moody's,Commercial Real Estate,moodys_band,Caa,Severe,45,0.006287687010288882,0.8753519176142514,V2,SYNTHETIC_DEMO
LPD_CRE_MOODYS_V2,CRE lifetime PD by Moody's,Commercial Real Estate,moodys_band,Caa,Severe,46,0.005993529219939441,0.8813454468341908,V2,SYNTHETIC_DEMO
LPD_CRE_MOODYS_V2,CRE lifetime PD by Moody's,Commercial Real Estate,moodys_band,Caa,Severe,47,0.005712451266379149,0.8870578981005699,V2,SYNTHETIC_DEMO
LPD_CRE_MOODYS_V2,CRE lifetime PD by Moody's,Commercial Real Estate,moodys_band,Caa,Severe,48,0.005443931825749171,0.8925018299263191,V2,SYNTHETIC_DEMO
LPD_CRE_MOODYS_V2,CRE lifetime PD by Moody's,Commercial Real Estate,moodys_band,Caa,Severe,49,0.005187464873014774,0.8976892947993338,V2,SYNTHETIC_DEMO
LPD_CRE_MOODYS_V2,CRE lifetime PD by Moody's,Commercial Real Estate,moodys_band,Caa,Severe,50,0.004942559772862648,0.9026318545721965,V2,SYNTHETIC_DEMO
LPD_CRE_MOODYS_V2,CRE lifetime PD by Moody's,Commercial Real Estate,moodys_band,Caa,Severe,51,0.004708741300896936,0.9073405958730935,V2,SYNTHETIC_DEMO
LPD_CRE_MOODYS_V2,CRE lifetime PD by Moody's,Commercial Real Estate,moodys_band,Caa,Severe,52,0.0044855496031890405,0.9118261454762825,V2,SYNTHETIC_DEMO
LPD_CRE_MOODYS_V2,CRE lifetime PD by Moody's,Commercial Real Estate,moodys_band,Caa,Severe,53,0.004272540101564509,0.916098685577847,V2,SYNTHETIC_DEMO
LPD_CRE_MOODYS_V2,CRE lifetime PD by Moody's,Commercial Real Estate,moodys_band,Caa,Severe,54,0.004069283351381014,0.920167968929228,V2,SYNTHETIC_DEMO
LPD_CRE_MOODYS_V2,CRE lifetime PD by Moody's,Commercial Real Estate,moodys_band,Caa,Severe,55,0.003875364857963293,0.9240433337871913,V2,SYNTHETIC_DEMO
LPD_CRE_MOODYS_V2,CRE lifetime PD by Moody's,Commercial Real Estate,moodys_band,Caa,Severe,56,0.0036903848573120878,0.9277337186445034,V2,SYNTHETIC_DEMO
LPD_CRE_MOODYS_V2,CRE lifetime PD by Moody's,Commercial Real Estate,moodys_band,Caa,Severe,57,0.0035139580661936063,0.931247676710697,V2,SYNTHETIC_DEMO
LPD_CRE_MOODYS_V2,CRE lifetime PD by Moody's,Commercial Real Estate,moodys_band,Caa,Severe,58,0.003345713406241496,0.9345933901169385,V2,SYNTHETIC_DEMO
LPD_CRE_MOODYS_V2,CRE lifetime PD by Moody's,Commercial Real Estate,moodys_band,Caa,Severe,59,0.003185293706263623,0.9377786838232021,V2,SYNTHETIC_DEMO
LPD_CRE_MOODYS_V2,CRE lifetime PD by Moody's,Commercial Real Estate,moodys_band,Caa,Severe,60,0.0030323553865390872,0.9408110392097412,V2,SYNTHETIC_DEMO
LPD_CRE_MOODYS_V2,CRE lifetime PD by Moody's,Commercial Real Estate,moodys_band,Caa,Severe,61,0.002886568128515034,0.9436976073382563,V2,SYNTHETIC_DEMO
LPD_CRE_MOODYS_V2,CRE lifetime PD by Moody's,Commercial Real Estate,moodys_band,Caa,Severe,62,0.0027476145329664832,0.9464452218712227,V2,SYNTHETIC_DEMO
LPD_CRE_MOODYS_V2,CRE lifetime PD by Moody's,Commercial Real Estate,moodys_band,Caa,Severe,63,0.002615189769363336,0.9490604116405861,V2,SYNTHETIC_DEMO
LPD_CRE_MOODYS_V2,CRE lifetime PD by Moody's,Commercial Real Estate,moodys_band,Caa,Severe,64,0.0024890012188960053,0.951549412859482,V2,SYNTHETIC_DEMO
LPD_CRE_MOODYS_V2,CRE lifetime PD by Moody's,Commercial Real Estate,moodys_band,Caa,Severe,65,0.002368768113342333,0.9539181809728243,V2,SYNTHETIC_DEMO
LPD_CRE_MOODYS_V2,CRE lifetime PD by Moody's,Commercial Real Estate,moodys_band,Caa,Severe,66,0.00225422117171238,0.9561724021445368,V2,SYNTHETIC_DEMO
LPD_CRE_MOODYS_V2,CRE lifetime PD by Moody's,Commercial Real Estate,moodys_band,Caa,Severe,67,0.002145102236383068,0.9583175043809198,V2,SYNTHETIC_DEMO
LPD_CRE_MOODYS_V2,CRE lifetime PD by Moody's,Commercial Real Estate,moodys_band,Caa,Severe,68,0.00204116391022921,0.960358668291149,V2,SYNTHETIC_DEMO
LPD_CRE_MOODYS_V2,CRE lifetime PD by Moody's,Commercial Real Estate,moodys_band,Caa,Severe,69,0.001942169196070813,0.9623008374872198,V2,SYNTHETIC_DEMO
LPD_CRE_MOODYS_V2,CRE lifetime PD by Moody's,Commercial Real Estate,moodys_band,Caa,Severe,70,0.0018478911395864474,0.9641487286268063,V2,SYNTHETIC_DEMO
LPD_CRE_MOODYS_V2,CRE lifetime PD by Moody's,Commercial Real Estate,moodys_band,Caa,Severe,71,0.0017581124766883195,0.9659068411034947,V2,SYNTHETIC_DEMO
LPD_CRE_MOODYS_V2,CRE lifetime PD by Moody's,Commercial Real Estate,moodys_band,Caa,Severe,72,0.0016726252862149255,0.9675794663897096,V2,SYNTHETIC_DEMO
LPD_CRE_MOODYS_V2,CRE lifetime PD by Moody's,Commercial Real Estate,moodys_band,Caa,Severe,73,0.0015912306486708134,0.9691706970383803,V2,SYNTHETIC_DEMO
LPD_CRE_MOODYS_V2,CRE lifetime PD by Moody's,Commercial Real Estate,moodys_band,Caa,Severe,74,0.001513738311628983,0.9706844353500094,V2,SYNTHETIC_DEMO
LPD_CRE_MOODYS_V2,CRE lifetime PD by Moody's,Commercial Real Estate,moodys_band,Caa,Severe,75,0.0014399663623087043,0.9721244017123181,V2,SYNTHETIC_DEMO
LPD_CRE_MOODYS_V2,CRE lifetime PD by Moody's,Commercial Real Estate,moodys_band,Caa,Severe,76,0.0013697409077493713,0.9734941426200674,V2,SYNTHETIC_DEMO
LPD_CRE_MOODYS_V2,CRE lifetime PD by Moody's,Commercial Real Estate,moodys_band,Caa,Severe,77,0.0013028957629182111,0.9747970383829856,V2,SYNTHETIC_DEMO
LPD_CRE_MOODYS_V2,CRE lifetime PD by Moody's,Commercial Real Estate,moodys_band,Caa,Severe,78,0.0012392721470157893,0.9760363105300014,V2,SYNTHETIC_DEMO
LPD_CRE_MOODYS_V2,CRE lifetime PD by Moody's,Commercial Real Estate,moodys_band,Caa,Severe,79,0.0011787183881772304,0.9772150289181787,V2,SYNTHETIC_DEMO
LPD_CRE_MOODYS_V2,CRE lifetime PD by Moody's,Commercial Real Estate,moodys_band,Caa,Severe,80,0.0011210896367085054,0.9783361185548871,V2,SYNTHETIC_DEMO
LPD_CRE_MOODYS_V2,CRE lifetime PD by Moody's,Commercial Real Estate,moodys_band,Caa,Severe,81,0.0010662475869451119,0.9794023661418323,V2,SYNTHETIC_DEMO
LPD_CRE_MOODYS_V2,CRE lifetime PD by Moody's,Commercial Real Estate,moodys_band,Caa,Severe,82,0.0010140602077745857,0.9804164263496069,V2,SYNTHETIC_DEMO
LPD_CRE_MOODYS_V2,CRE lifetime PD by Moody's,Commercial Real Estate,moodys_band,Caa,Severe,83,0.0009644014818239043,0.9813808278314308,V2,SYNTHETIC_DEMO
LPD_CRE_MOODYS_V2,CRE lifetime PD by Moody's,Commercial Real Estate,moodys_band,Caa,Severe,84,0.0009171511532774796,0.9822979789847083,V2,SYNTHETIC_DEMO
LPD_CRE_MOODYS_V2,CRE lifetime PD by Moody's,Commercial Real Estate,moodys_band,Caa,Severe,85,0.0008721944842605712,0.9831701734689688,V2,SYNTHETIC_DEMO
LPD_CRE_MOODYS_V2,CRE lifetime PD by Moody's,Commercial Real Estate,moodys_band,Caa,Severe,86,0.0008294220196962752,0.9839995954886651,V2,SYNTHETIC_DEMO
LPD_CRE_MOODYS_V2,CRE lifetime PD by Moody's,Commercial Real Estate,moodys_band,Caa,Severe,87,0.0007887293605211993,0.9847883248491863,V2,SYNTHETIC_DEMO
LPD_CRE_MOODYS_V2,CRE lifetime PD by Moody's,Commercial Real Estate,moodys_band,Caa,Severe,88,0.0007500169451253265,0.9855383417943117,V2,SYNTHETIC_DEMO
LPD_CRE_MOODYS_V2,CRE lifetime PD by Moody's,Commercial Real Estate,moodys_band,Caa,Severe,89,0.0007131898388648848,0.9862515316331765,V2,SYNTHETIC_DEMO
LPD_CRE_MOODYS_V2,CRE lifetime PD by Moody's,Commercial Real Estate,moodys_band,Caa,Severe,90,0.0006781575314831333,0.9869296891646596,V2,SYNTHETIC_DEMO
LPD_CRE_MOODYS_V2,CRE lifetime PD by Moody's,Commercial Real Estate,moodys_band,Caa,Severe,91,0.0006448337422624885,0.9875745229069222,V2,SYNTHETIC_DEMO
LPD_CRE_MOODYS_V2,CRE lifetime PD by Moody's,Commercial Real Estate,moodys_band,Caa,Severe,92,0.0006131362327220671,0.9881876591396442,V2,SYNTHETIC_DEMO
LPD_CRE_MOODYS_V2,CRE lifetime PD by Moody's,Commercial Real Estate,moodys_band,Caa,Severe,93,0.0005829866266673614,0.9887706457663116,V2,SYNTHETIC_DEMO
LPD_CRE_MOODYS_V2,CRE lifetime PD by Moody's,Commercial Real Estate,moodys_band,Caa,Severe,94,0.0005543102373931151,0.9893249560037046,V2,SYNTHETIC_DEMO
LPD_CRE_MOODYS_V2,CRE lifetime PD by Moody's,Commercial Real Estate,moodys_band,Caa,Severe,95,0.000527035901836303,0.989851991905541,V2,SYNTHETIC_DEMO
LPD_CRE_MOODYS_V2,CRE lifetime PD by Moody's,Commercial Real Estate,moodys_band,Caa,Severe,96,0.0005010958214734519,0.9903530877270145,V2,SYNTHETIC_DEMO
LPD_CRE_MOODYS_V2,CRE lifetime PD by Moody's,Commercial Real Estate,moodys_band,Caa,Severe,97,0.00047642540975488637,0.9908295131367693,V2,SYNTHETIC_DEMO
LPD_CRE_MOODYS_V2,CRE lifetime PD by Moody's,Commercial Real Estate,moodys_band,Caa,Severe,98,0.0004529631458680469,0.9912824762826373,V2,SYNTHETIC_DEMO
LPD_CRE_MOODYS_V2,CRE lifetime PD by Moody's,Commercial Real Estate,moodys_band,Caa,Severe,99,0.00043065043462242435,0.9917131267172598,V2,SYNTHETIC_DEMO
LPD_CRE_MOODYS_V2,CRE lifetime PD by Moody's,Commercial Real Estate,moodys_band,Caa,Severe,100,0.00040943147224988306,0.9921225581895097,V2,SYNTHETIC_DEMO
LPD_CRE_MOODYS_V2,CRE lifetime PD by Moody's,Commercial Real Estate,moodys_band,Caa,Severe,101,0.00038925311791608125,0.9925118113074257,V2,SYNTHETIC_DEMO
LPD_CRE_MOODYS_V2,CRE lifetime PD by Moody's,Commercial Real Estate,moodys_band,Caa,Severe,102,0.00037006477074120873,0.9928818760781669,V2,SYNTHETIC_DEMO
LPD_CRE_MOODYS_V2,CRE lifetime PD by Moody's,Commercial Real Estate,moodys_band,Caa,Severe,103,0.00035181825213130926,0.9932336943302983,V2,SYNTHETIC_DEMO
LPD_CRE_MOODYS_V2,CRE lifetime PD by Moody's,Commercial Real Estate,moodys_band,Caa,Severe,104,0.00033446769322494806,0.9935681620235232,V2,SYNTHETIC_DEMO
LPD_CRE_MOODYS_V2,CRE lifetime PD by Moody's,Commercial Real Estate,moodys_band,Caa,Severe,105,0.00031796942726380103,0.993886131450787,V2,SYNTHETIC_DEMO
LPD_CRE_MOODYS_V2,CRE lifetime PD by Moody's,Commercial Real Estate,moodys_band,Caa,Severe,106,0.0003022818866999108,0.9941884133374869,V2,SYNTHETIC_DEMO
LPD_CRE_MOODYS_V2,CRE lifetime PD by Moody's,Commercial Real Estate,moodys_band,Caa,Severe,107,0.00028736550485674884,0.9944757788423436,V2,SYNTHETIC_DEMO
LPD_CRE_MOODYS_V2,CRE lifetime PD by Moody's,Commercial Real Estate,moodys_band,Caa,Severe,108,0.0002731826219657989,0.9947489614643095,V2,SYNTHETIC_DEMO
LPD_CRE_MOODYS_V2,CRE lifetime PD by Moody's,Commercial Real Estate,moodys_band,Caa,Severe,109,0.00025969739540514795,0.9950086588597146,V2,SYNTHETIC_DEMO
LPD_CRE_MOODYS_V2,CRE lifetime PD by Moody's,Commercial Real Estate,moodys_band,Caa,Severe,110,0.00024687571397140616,0.995255534573686,V2,SYNTHETIC_DEMO
LPD_CRE_MOODYS_V2,CRE lifetime PD by Moody's,Commercial Real Estate,moodys_band,Caa,Severe,111,0.0002346851160212365,0.9954902196897073,V2,SYNTHETIC_DEMO
LPD_CRE_MOODYS_V2,CRE lifetime PD by Moody's,Commercial Real Estate,moodys_band,Caa,Severe,112,0.00022309471132374108,0.995713314401031,V2,SYNTHETIC_DEMO
LPD_CRE_MOODYS_V2,CRE lifetime PD by Moody's,Commercial Real Estate,moodys_band,Caa,Severe,113,0.0002120751064699772,0.995925389507501,V2,SYNTHETIC_DEMO
LPD_CRE_MOODYS_V2,CRE lifetime PD by Moody's,Commercial Real Estate,moodys_band,Caa,Severe,114,0.00020159833369086538,0.9961269878411918,V2,SYNTHETIC_DEMO
LPD_CRE_MOODYS_V2,CRE lifetime PD by Moody's,Commercial Real Estate,moodys_band,Caa,Severe,115,0.0001916377829397398,0.9963186256241315,V2,SYNTHETIC_DEMO
LPD_CRE_MOODYS_V2,CRE lifetime PD by Moody's,Commercial Real Estate,moodys_band,Caa,Severe,116,0.0001821681371007303,0.9965007937612324,V2,SYNTHETIC_DEMO
LPD_CRE_MOODYS_V2,CRE lifetime PD by Moody's,Commercial Real Estate,moodys_band,Caa,Severe,117,0.00017316531018904987,0.9966739590714213,V2,SYNTHETIC_DEMO
LPD_CRE_MOODYS_V2,CRE lifetime PD by Moody's,Commercial Real Estate,moodys_band,Caa,Severe,118,0.00016460638841406586,0.9968385654598354,V2,SYNTHETIC_DEMO
LPD_CRE_MOODYS_V2,CRE lifetime PD by Moody's,Commercial Real Estate,moodys_band,Caa,Severe,119,0.00015646957398077917,0.9969950350338163,V2,SYNTHETIC_DEMO
LPD_CRE_MOODYS_V2,CRE lifetime PD by Moody's,Commercial Real Estate,moodys_band,Caa,Severe,120,0.00014873413150996153,0.9971437691653262,V2,SYNTHETIC_DEMO
LPD_REVOLVING_MOODYS_V2,Revolving lifetime PD by Moody's,Revolving Credit Facility,moodys_band,Aaa-A,Baseline,1,0.0004206995281078596,0.0004206995281078596,V2,SYNTHETIC_DEMO
LPD_REVOLVING_MOODYS_V2,Revolving lifetime PD by Moody's,Revolving Credit Facility,moodys_band,Aaa-A,Baseline,2,0.0004234708459021463,0.0008441703740099671,V2,SYNTHETIC_DEMO
LPD_REVOLVING_MOODYS_V2,Revolving lifetime PD by Moody's,Revolving Credit Facility,moodys_band,Aaa-A,Baseline,3,0.0004261183186051991,0.0012702886926151402,V2,SYNTHETIC_DEMO
LPD_REVOLVING_MOODYS_V2,Revolving lifetime PD by Moody's,Revolving Credit Facility,moodys_band,Aaa-A,Baseline,4,0.00042864702404206716,0.001698935716657246,V2,SYNTHETIC_DEMO
LPD_REVOLVING_MOODYS_V2,Revolving lifetime PD by Moody's,Revolving Credit Facility,moodys_band,Aaa-A,Baseline,5,0.0004310618335989391,0.002129997550256224,V2,SYNTHETIC_DEMO
LPD_REVOLVING_MOODYS_V2,Revolving lifetime PD by Moody's,Revolving Credit Facility,moodys_band,Aaa-A,Baseline,6,0.00043336742048986655,0.0025633649707460515,V2,SYNTHETIC_DEMO
LPD_REVOLVING_MOODYS_V2,Revolving lifetime PD by Moody's,Revolving Credit Facility,moodys_band,Aaa-A,Baseline,7,0.0004355682677026056,0.0029989332384486866,V2,SYNTHETIC_DEMO
LPD_REVOLVING_MOODYS_V2,Revolving lifetime PD by Moody's,Revolving Credit Facility,moodys_band,Aaa-A,Baseline,8,0.00043766867563536157,0.0034366019140840143,V2,SYNTHETIC_DEMO
LPD_REVOLVING_MOODYS_V2,Revolving lifetime PD by Moody's,Revolving Credit Facility,moodys_band,Aaa-A,Baseline,9,0.00043967276943549156,0.003876274683519476,V2,SYNTHETIC_DEMO
LPD_REVOLVING_MOODYS_V2,Revolving lifetime PD by Moody's,Revolving Credit Facility,moodys_band,Aaa-A,Baseline,10,0.0004415845060509223,0.004317859189570394,V2,SYNTHETIC_DEMO
LPD_REVOLVING_MOODYS_V2,Revolving lifetime PD by Moody's,Revolving Credit Facility,moodys_band,Aaa-A,Baseline,11,0.00044340768100583304,0.0047612668705762085,V2,SYNTHETIC_DEMO
LPD_REVOLVING_MOODYS_V2,Revolving lifetime PD by Moody's,Revolving Credit Facility,moodys_band,Aaa-A,Baseline,12,0.0004451459349093923,0.005206412805485616,V2,SYNTHETIC_DEMO
LPD_REVOLVING_MOODYS_V2,Revolving lifetime PD by Moody's,Revolving Credit Facility,moodys_band,Aaa-A,Baseline,13,0.00044680275970843765,0.0056532155651940474,V2,SYNTHETIC_DEMO
LPD_REVOLVING_MOODYS_V2,Revolving lifetime PD by Moody's,Revolving Credit Facility,moodys_band,Aaa-A,Baseline,14,0.00044838150469386214,0.006101597069887887,V2,SYNTHETIC_DEMO
LPD_REVOLVING_MOODYS_V2,Revolving lifetime PD by Moody's,Revolving Credit Facility,moodys_band,Aaa-A,Baseline,15,0.00044988538226857147,0.006551482452156421,V2,SYNTHETIC_DEMO
LPD_REVOLVING_MOODYS_V2,Revolving lifetime PD by Moody's,Revolving Credit Facility,moodys_band,Aaa-A,Baseline,16,0.0004513174734882654,0.007002799925644676,V2,SYNTHETIC_DEMO
LPD_REVOLVING_MOODYS_V2,Revolving lifetime PD by Moody's,Revolving Credit Facility,moodys_band,Aaa-A,Baseline,17,0.00045268073338128567,0.007455480659026015,V2,SYNTHETIC_DEMO
LPD_REVOLVING_MOODYS_V2,Revolving lifetime PD by Moody's,Revolving Credit Facility,moodys_band,Aaa-A,Baseline,18,0.00045397799605770175,0.007909458655083745,V2,SYNTHETIC_DEMO
LPD_REVOLVING_MOODYS_V2,Revolving lifetime PD by Moody's,Revolving Credit Facility,moodys_band,Aaa-A,Baseline,19,0.00045521197961443657,0.008364670634698146,V2,SYNTHETIC_DEMO
LPD_REVOLVING_MOODYS_V2,Revolving lifetime PD by Moody's,Revolving Credit Facility,moodys_band,Aaa-A,Baseline,20,0.0004563852908457131,0.00882105592554383,V2,SYNTHETIC_DEMO
LPD_REVOLVING_MOODYS_V2,Revolving lifetime PD by Moody's,Revolving Credit Facility,moodys_band,Aaa-A,Baseline,21,0.0004575004297641765,0.009278556355308054,V2,SYNTHETIC_DEMO
LPD_REVOLVING_MOODYS_V2,Revolving lifetime PD by Moody's,Revolving Credit Facility,moodys_band,Aaa-A,Baseline,22,0.000458559793942496,0.009737116149250546,V2,SYNTHETIC_DEMO
LPD_REVOLVING_MOODYS_V2,Revolving lifetime PD by Moody's,Revolving Credit Facility,moodys_band,Aaa-A,Baseline,23,0.00045956568268032345,0.010196681831930898,V2,SYNTHETIC_DEMO
LPD_REVOLVING_MOODYS_V2,Revolving lifetime PD by Moody's,Revolving Credit Facility,moodys_band,Aaa-A,Baseline,24,0.0004605203010040563,0.010657202132934973,V2,SYNTHETIC_DEMO
LPD_REVOLVING_MOODYS_V2,Revolving lifetime PD by Moody's,Revolving Credit Facility,moodys_band,Aaa-A,Baseline,25,0.00046142576350698155,0.011118627896441913,V2,SYNTHETIC_DEMO
LPD_REVOLVING_MOODYS_V2,Revolving lifetime PD by Moody's,Revolving Credit Facility,moodys_band,Aaa-A,Baseline,26,0.0004622840980343251,0.011580911994476195,V2,SYNTHETIC_DEMO
LPD_REVOLVING_MOODYS_V2,Revolving lifetime PD by Moody's,Revolving Credit Facility,moodys_band,Aaa-A,Baseline,27,0.00046309724921973105,0.012044009243695974,V2,SYNTHETIC_DEMO
LPD_REVOLVING_MOODYS_V2,Revolving lifetime PD by Moody's,Revolving Credit Facility,moodys_band,Aaa-A,Baseline,28,0.00046386708188059017,0.012507876325576595,V2,SYNTHETIC_DEMO
LPD_REVOLVING_MOODYS_V2,Revolving lifetime PD by Moody's,Revolving Credit Facility,moodys_band,Aaa-A,Baseline,29,0.0004645953842749286,0.012972471709851496,V2,SYNTHETIC_DEMO
LPD_REVOLVING_MOODYS_V2,Revolving lifetime PD by Moody's,Revolving Credit Facility,moodys_band,Aaa-A,Baseline,30,0.0004652838712277441,0.013437755581079291,V2,SYNTHETIC_DEMO
LPD_REVOLVING_MOODYS_V2,Revolving lifetime PD by Moody's,Revolving Credit Facility,moodys_band,Aaa-A,Baseline,31,0.00046593418713139126,0.013903689768210659,V2,SYNTHETIC_DEMO
LPD_REVOLVING_MOODYS_V2,Revolving lifetime PD by Moody's,Revolving Credit Facility,moodys_band,Aaa-A,Baseline,32,0.0004665479088233135,0.014370237677033937,V2,SYNTHETIC_DEMO
LPD_REVOLVING_MOODYS_V2,Revolving lifetime PD by Moody's,Revolving Credit Facility,moodys_band,Aaa-A,Baseline,33,0.0004671265483484839,0.014837364225382399,V2,SYNTHETIC_DEMO
LPD_REVOLVING_MOODYS_V2,Revolving lifetime PD by Moody's,Revolving Credit Facility,moodys_band,Aaa-A,Baseline,34,0.0004676715556099737,0.015305035780992404,V2,SYNTHETIC_DEMO
LPD_REVOLVING_MOODYS_V2,Revolving lifetime PD by Moody's,Revolving Credit Facility,moodys_band,Aaa-A,Baseline,35,0.0004681843209108571,0.015773220101903296,V2,SYNTHETIC_DEMO
LPD_REVOLVING_MOODYS_V2,Revolving lifetime PD by Moody's,Revolving Credit Facility,moodys_band,Aaa-A,Baseline,36,0.00046866617739482476,0.016241886279298123,V2,SYNTHETIC_DEMO
LPD_REVOLVING_MOODYS_V2,Revolving lifetime PD by Moody's,Revolving Credit Facility,moodys_band,Aaa-A,Baseline,37,0.0004691184033856541,0.016711004682683828,V2,SYNTHETIC_DEMO
LPD_REVOLVING_MOODYS_V2,Revolving lifetime PD by Moody's,Revolving Credit Facility,moodys_band,Aaa-A,Baseline,38,0.00046954222463367644,0.017180546907317518,V2,SYNTHETIC_DEMO
LPD_REVOLVING_MOODYS_V2,Revolving lifetime PD by Moody's,Revolving Credit Facility,moodys_band,Aaa-A,Baseline,39,0.00046993881646928626,0.017650485723786802,V2,SYNTHETIC_DEMO
LPD_REVOLVING_MOODYS_V2,Revolving lifetime PD by Moody's,Revolving Credit Facility,moodys_band,Aaa-A,Baseline,40,0.0004703093058700983,0.01812079502965691,V2,SYNTHETIC_DEMO
LPD_REVOLVING_MOODYS_V2,Revolving lifetime PD by Moody's,Revolving Credit Facility,moodys_band,Aaa-A,Baseline,41,0.0004706547734426754,0.01859144980309957,V2,SYNTHETIC_DEMO
LPD_REVOLVING_MOODYS_V2,Revolving lifetime PD by Moody's,Revolving Credit Facility,moodys_band,Aaa-A,Baseline,42,0.00047097625532499087,0.019062426058424564,V2,SYNTHETIC_DEMO
LPD_REVOLVING_MOODYS_V2,Revolving lifetime PD by Moody's,Revolving Credit Facility,moodys_band,Aaa-A,Baseline,43,0.00047127474500989204,0.019533700803434417,V2,SYNTHETIC_DEMO
LPD_REVOLVING_MOODYS_V2,Revolving lifetime PD by Moody's,Revolving Credit Facility,moodys_band,Aaa-A,Baseline,44,0.0004715511950958319,0.020005251998530205,V2,SYNTHETIC_DEMO
LPD_REVOLVING_MOODYS_V2,Revolving lifetime PD by Moody's,Revolving Credit Facility,moodys_band,Aaa-A,Baseline,45,0.00047180651896437035,0.020477058517494595,V2,SYNTHETIC_DEMO
LPD_REVOLVING_MOODYS_V2,Revolving lifetime PD by Moody's,Revolving Credit Facility,moodys_band,Aaa-A,Baseline,46,0.000472041592390921,0.020949100109885488,V2,SYNTHETIC_DEMO
LPD_REVOLVING_MOODYS_V2,Revolving lifetime PD by Moody's,Revolving Credit Facility,moodys_band,Aaa-A,Baseline,47,0.0004722572550883522,0.02142135736497386,V2,SYNTHETIC_DEMO
LPD_REVOLVING_MOODYS_V2,Revolving lifetime PD by Moody's,Revolving Credit Facility,moodys_band,Aaa-A,Baseline,48,0.0004724543121887085,0.021893811677162534,V2,SYNTHETIC_DEMO
LPD_REVOLVING_MOODYS_V2,Revolving lifetime PD by Moody's,Revolving Credit Facility,moodys_band,Aaa-A,Baseline,49,0.000472633535663203,0.022366445212825714,V2,SYNTHETIC_DEMO
LPD_REVOLVING_MOODYS_V2,Revolving lifetime PD by Moody's,Revolving Credit Facility,moodys_band,Aaa-A,Baseline,50,0.0004727956656853016,0.02283924087851097,V2,SYNTHETIC_DEMO
LPD_REVOLVING_MOODYS_V2,Revolving lifetime PD by Moody's,Revolving Credit Facility,moodys_band,Aaa-A,Baseline,51,0.00047294141193704377,0.023312182290447958,V2,SYNTHETIC_DEMO
LPD_REVOLVING_MOODYS_V2,Revolving lifetime PD by Moody's,Revolving Credit Facility,moodys_band,Aaa-A,Baseline,52,0.0004730714548626501,0.023785253745310597,V2,SYNTHETIC_DEMO
LPD_REVOLVING_MOODYS_V2,Revolving lifetime PD by Moody's,Revolving Credit Facility,moodys_band,Aaa-A,Baseline,53,0.00047318644687053196,0.024258440192181152,V2,SYNTHETIC_DEMO
LPD_REVOLVING_MOODYS_V2,Revolving lifetime PD by Moody's,Revolving Credit Facility,moodys_band,Aaa-A,Baseline,54,0.00047328701348590073,0.024731727205667076,V2,SYNTHETIC_DEMO
LPD_REVOLVING_MOODYS_V2,Revolving lifetime PD by Moody's,Revolving Credit Facility,moodys_band,Aaa-A,Baseline,55,0.000473373754456384,0.025205100960123406,V2,SYNTHETIC_DEMO
LPD_REVOLVING_MOODYS_V2,Revolving lifetime PD by Moody's,Revolving Credit Facility,moodys_band,Aaa-A,Baseline,56,0.0004734472448124045,0.02567854820493576,V2,SYNTHETIC_DEMO
LPD_REVOLVING_MOODYS_V2,Revolving lifetime PD by Moody's,Revolving Credit Facility,moodys_band,Aaa-A,Baseline,57,0.00047350803588407027,0.026152056240819843,V2,SYNTHETIC_DEMO
LPD_REVOLVING_MOODYS_V2,Revolving lifetime PD by Moody's,Revolving Credit Facility,moodys_band,Aaa-A,Baseline,58,0.0004735566562761073,0.026625612897095974,V2,SYNTHETIC_DEMO
LPD_REVOLVING_MOODYS_V2,Revolving lifetime PD by Moody's,Revolving Credit Facility,moodys_band,Aaa-A,Baseline,59,0.00047359361280300855,0.027099206509898943,V2,SYNTHETIC_DEMO
LPD_REVOLVING_MOODYS_V2,Revolving lifetime PD by Moody's,Revolving Credit Facility,moodys_band,Aaa-A,Baseline,60,0.00047361939138602883,0.02757282590128496,V2,SYNTHETIC_DEMO
LPD_REVOLVING_MOODYS_V2,Revolving lifetime PD by Moody's,Revolving Credit Facility,moodys_band,Aaa-A,Baseline,61,0.00047363445791289425,0.02804646035919789,V2,SYNTHETIC_DEMO
LPD_REVOLVING_MOODYS_V2,Revolving lifetime PD by Moody's,Revolving Credit Facility,moodys_band,Aaa-A,Baseline,62,0.00047363925906260436,0.02852009961826052,V2,SYNTHETIC_DEMO
LPD_REVOLVING_MOODYS_V2,Revolving lifetime PD by Moody's,Revolving Credit Facility,moodys_band,Aaa-A,Baseline,63,0.00047363422309640405,0.02899373384135695,V2,SYNTHETIC_DEMO
LPD_REVOLVING_MOODYS_V2,Revolving lifetime PD by Moody's,Revolving Credit Facility,moodys_band,Aaa-A,Baseline,64,0.0004736197606157824,0.029467353601972723,V2,SYNTHETIC_DEMO
LPD_REVOLVING_MOODYS_V2,Revolving lifetime PD by Moody's,Revolving Credit Facility,moodys_band,Aaa-A,Baseline,65,0.00047359626529008044,0.02994094986726281,V2,SYNTHETIC_DEMO
LPD_REVOLVING_MOODYS_V2,Revolving lifetime PD by Moody's,Revolving Credit Facility,moodys_band,Aaa-A,Baseline,66,0.0004735641145534783,0.03041451398181627,V2,SYNTHETIC_DEMO
LPD_REVOLVING_MOODYS_V2,Revolving lifetime PD by Moody's,Revolving Credit Facility,moodys_band,Aaa-A,Baseline,67,0.0004735236702740423,0.03088803765209036,V2,SYNTHETIC_DEMO
LPD_REVOLVING_MOODYS_V2,Revolving lifetime PD by Moody's,Revolving Credit Facility,moodys_band,Aaa-A,Baseline,68,0.0004734752793945978,0.031361512931484925,V2,SYNTHETIC_DEMO
LPD_REVOLVING_MOODYS_V2,Revolving lifetime PD by Moody's,Revolving Credit Facility,moodys_band,Aaa-A,Baseline,69,0.00047341927454766926,0.03183493220603262,V2,SYNTHETIC_DEMO
LPD_REVOLVING_MOODYS_V2,Revolving lifetime PD by Moody's,Revolving Credit Facility,moodys_band,Aaa-A,Baseline,70,0.0004733559746450003,0.03230828818067766,V2,SYNTHETIC_DEMO
LPD_REVOLVING_MOODYS_V2,Revolving lifetime PD by Moody's,Revolving Credit Facility,moodys_band,Aaa-A,Baseline,71,0.00047328568544324133,0.032781573866120906,V2,SYNTHETIC_DEMO
LPD_REVOLVING_MOODYS_V2,Revolving lifetime PD by Moody's,Revolving Credit Facility,moodys_band,Aaa-A,Baseline,72,0.0004732087000854525,0.0332547825662064,V2,SYNTHETIC_DEMO
LPD_REVOLVING_MOODYS_V2,Revolving lifetime PD by Moody's,Revolving Credit Facility,moodys_band,Aaa-A,Baseline,73,0.00047312529962129215,0.03372790786582769,V2,SYNTHETIC_DEMO
LPD_REVOLVING_MOODYS_V2,Revolving lifetime PD by Moody's,Revolving Credit Facility,moodys_band,Aaa-A,Baseline,74,0.0004730357535053187,0.03420094361933301,V2,SYNTHETIC_DEMO
LPD_REVOLVING_MOODYS_V2,Revolving lifetime PD by Moody's,Revolving Credit Facility,moodys_band,Aaa-A,Baseline,75,0.0004729403200747637,0.034673883939407735,V2,SYNTHETIC_DEMO
LPD_REVOLVING_MOODYS_V2,Revolving lifetime PD by Moody's,Revolving Credit Facility,moodys_band,Aaa-A,Baseline,76,0.00047283924700802614,0.03514672318641576,V2,SYNTHETIC_DEMO
LPD_REVOLVING_MOODYS_V2,Revolving lifetime PD by Moody's,Revolving Credit Facility,moodys_band,Aaa-A,Baseline,77,0.0004727327717637357,0.0356194559581795,V2,SYNTHETIC_DEMO
LPD_REVOLVING_MOODYS_V2,Revolving lifetime PD by Moody's,Revolving Credit Facility,moodys_band,Aaa-A,Baseline,78,0.0004726211220020604,0.036092077080181584,V2,SYNTHETIC_DEMO
LPD_REVOLVING_MOODYS_V2,Revolving lifetime PD by Moody's,Revolving Credit Facility,moodys_band,Aaa-A,Baseline,79,0.0004725045159889574,0.03656458159617049,V2,SYNTHETIC_DEMO
LPD_REVOLVING_MOODYS_V2,Revolving lifetime PD by Moody's,Revolving Credit Facility,moodys_band,Aaa-A,Baseline,80,0.000472383162983214,0.037036964759153745,V2,SYNTHETIC_DEMO
LPD_REVOLVING_MOODYS_V2,Revolving lifetime PD by Moody's,Revolving Credit Facility,moodys_band,Aaa-A,Baseline,81,0.00047225726360793996,0.037509222022761635,V2,SYNTHETIC_DEMO
LPD_REVOLVING_MOODYS_V2,Revolving lifetime PD by Moody's,Revolving Credit Facility,moodys_band,Aaa-A,Baseline,82,0.00047212701020635245,0.037981349032968015,V2,SYNTHETIC_DEMO
LPD_REVOLVING_MOODYS_V2,Revolving lifetime PD by Moody's,Revolving Credit Facility,moodys_band,Aaa-A,Baseline,83,0.00047199258718372186,0.03845334162015168,V2,SYNTHETIC_DEMO
LPD_REVOLVING_MOODYS_V2,Revolving lifetime PD by Moody's,Revolving Credit Facility,moodys_band,Aaa-A,Baseline,84,0.000471854171334247,0.0389251957914859,V2,SYNTHETIC_DEMO
LPD_REVOLVING_MOODYS_V2,Revolving lifetime PD by Moody's,Revolving Credit Facility,moodys_band,Baa,Baseline,1,0.0011829025374752167,0.0011829025374752167,V2,SYNTHETIC_DEMO
LPD_REVOLVING_MOODYS_V2,Revolving lifetime PD by Moody's,Revolving Credit Facility,moodys_band,Baa,Baseline,2,0.0011898219951421616,0.0023727245326173874,V2,SYNTHETIC_DEMO
LPD_REVOLVING_MOODYS_V2,Revolving lifetime PD by Moody's,Revolving Credit Facility,moodys_band,Baa,Baseline,3,0.0011963750779895516,0.0035690996106069184,V2,SYNTHETIC_DEMO
LPD_REVOLVING_MOODYS_V2,Revolving lifetime PD by Moody's,Revolving Credit Facility,moodys_band,Baa,Baseline,4,0.0012025770084760315,0.004771676619082954,V2,SYNTHETIC_DEMO
LPD_REVOLVING_MOODYS_V2,Revolving lifetime PD by Moody's,Revolving Credit Facility,moodys_band,Baa,Baseline,5,0.0012084423937328748,0.00598011901281581,V2,SYNTHETIC_DEMO
LPD_REVOLVING_MOODYS_V2,Revolving lifetime PD by Moody's,Revolving Credit Facility,moodys_band,Baa,Baseline,6,0.0012139852493798277,0.0071941042621956885,V2,SYNTHETIC_DEMO
LPD_REVOLVING_MOODYS_V2,Revolving lifetime PD by Moody's,Revolving Credit Facility,moodys_band,Baa,Baseline,7,0.0012192190225068097,0.008413323284702456,V2,SYNTHETIC_DEMO
LPD_REVOLVING_MOODYS_V2,Revolving lifetime PD by Moody's,Revolving Credit Facility,moodys_band,Baa,Baseline,8,0.0012241566138418987,0.009637479898544354,V2,SYNTHETIC_DEMO
LPD_REVOLVING_MOODYS_V2,Revolving lifetime PD by Moody's,Revolving Credit Facility,moodys_band,Baa,Baseline,9,0.0012288103991293358,0.01086629029767372,V2,SYNTHETIC_DEMO
LPD_REVOLVING_MOODYS_V2,Revolving lifetime PD by Moody's,Revolving Credit Facility,moodys_band,Baa,Baseline,10,0.0012331922497382018,0.012099482547411888,V2,SYNTHETIC_DEMO
LPD_REVOLVING_MOODYS_V2,Revolving lifetime PD by Moody's,Revolving Credit Facility,moodys_band,Baa,Baseline,11,0.0012373135525240555,0.013336796099935988,V2,SYNTHETIC_DEMO
LPD_REVOLVING_MOODYS_V2,Revolving lifetime PD by Moody's,Revolving Credit Facility,moodys_band,Baa,Baseline,12,0.0012411852289655042,0.014577981328901535,V2,SYNTHETIC_DEMO
LPD_REVOLVING_MOODYS_V2,Revolving lifetime PD by Moody's,Revolving Credit Facility,moodys_band,Baa,Baseline,13,0.0012448177535969226,0.015822799082498507,V2,SYNTHETIC_DEMO
LPD_REVOLVING_MOODYS_V2,Revolving lifetime PD by Moody's,Revolving Credit Facility,moodys_band,Baa,Baseline,14,0.001248221171759125,0.017071020254257663,V2,SYNTHETIC_DEMO
LPD_REVOLVING_MOODYS_V2,Revolving lifetime PD by Moody's,Revolving Credit Facility,moodys_band,Baa,Baseline,15,0.0012514051166896563,0.018322425370947304,V2,SYNTHETIC_DEMO
LPD_REVOLVING_MOODYS_V2,Revolving lifetime PD by Moody's,Revolving Credit Facility,moodys_band,Baa,Baseline,16,0.0012543788259716216,0.019576804196918873,V2,SYNTHETIC_DEMO
LPD_REVOLVING_MOODYS_V2,Revolving lifetime PD by Moody's,Revolving Credit Facility,moodys_band,Baa,Baseline,17,0.0012571511573649544,0.020833955354283784,V2,SYNTHETIC_DEMO
LPD_REVOLVING_MOODYS_V2,Revolving lifetime PD by Moody's,Revolving Credit Facility,moodys_band,Baa,Baseline,18,0.0012597306040367823,0.02209368595832062,V2,SYNTHETIC_DEMO
LPD_REVOLVING_MOODYS_V2,Revolving lifetime PD by Moody's,Revolving Credit Facility,moodys_band,Baa,Baseline,19,0.0012621253092128422,0.0233558112675335,V2,SYNTHETIC_DEMO
LPD_REVOLVING_MOODYS_V2,Revolving lifetime PD by Moody's,Revolving Credit Facility,moodys_band,Baa,Baseline,20,0.0012643430802695868,0.02462015434780307,V2,SYNTHETIC_DEMO
LPD_REVOLVING_MOODYS_V2,Revolving lifetime PD by Moody's,Revolving Credit Facility,moodys_band,Baa,Baseline,21,0.0012663914022839544,0.025886545750086976,V2,SYNTHETIC_DEMO
LPD_REVOLVING_MOODYS_V2,Revolving lifetime PD by Moody's,Revolving Credit Facility,moodys_band,Baa,Baseline,22,0.0012682774510618228,0.027154823201148814,V2,SYNTHETIC_DEMO
LPD_REVOLVING_MOODYS_V2,Revolving lifetime PD by Moody's,Revolving Credit Facility,moodys_band,Baa,Baseline,23,0.0012700081056611257,0.02842483130680995,V2,SYNTHETIC_DEMO
LPD_REVOLVING_MOODYS_V2,Revolving lifetime PD by Moody's,Revolving Credit Facility,moodys_band,Baa,Baseline,24,0.0012715899604295768,0.02969642126723948,V2,SYNTHETIC_DEMO
LPD_REVOLVING_MOODYS_V2,Revolving lifetime PD by Moody's,Revolving Credit Facility,moodys_band,Baa,Baseline,25,0.0012730293365714317,0.030969450603810955,V2,SYNTHETIC_DEMO
LPD_REVOLVING_MOODYS_V2,Revolving lifetime PD by Moody's,Revolving Credit Facility,moodys_band,Baa,Baseline,26,0.001274332293262685,0.032243782897073636,V2,SYNTHETIC_DEMO
LPD_REVOLVING_MOODYS_V2,Revolving lifetime PD by Moody's,Revolving Credit Facility,moodys_band,Baa,Baseline,27,0.0012755046383288783,0.033519287535402564,V2,SYNTHETIC_DEMO
LPD_REVOLVING_MOODYS_V2,Revolving lifetime PD by Moody's,Revolving Credit Facility,moodys_band,Baa,Baseline,28,0.0012765519385037215,0.0347958394739063,V2,SYNTHETIC_DEMO
LPD_REVOLVING_MOODYS_V2,Revolving lifetime PD by Moody's,Revolving Credit Facility,moodys_band,Baa,Baseline,29,0.0012774795292805215,0.03607331900318678,V2,SYNTHETIC_DEMO
LPD_REVOLVING_MOODYS_V2,Revolving lifetime PD by Moody's,Revolving Credit Facility,moodys_band,Baa,Baseline,30,0.001278292524374869,0.03735161152756161,V2,SYNTHETIC_DEMO
LPD_REVOLVING_MOODYS_V2,Revolving lifetime PD by Moody's,Revolving Credit Facility,moodys_band,Baa,Baseline,31,0.0012789958248108906,0.03863060735237245,V2,SYNTHETIC_DEMO
LPD_REVOLVING_MOODYS_V2,Revolving lifetime PD by Moody's,Revolving Credit Facility,moodys_band,Baa,Baseline,32,0.0012795941276450775,0.03991020148001756,V2,SYNTHETIC_DEMO
LPD_REVOLVING_MOODYS_V2,Revolving lifetime PD by Moody's,Revolving Credit Facility,moodys_band,Baa,Baseline,33,0.0012800919343427212,0.04119029341436031,V2,SYNTHETIC_DEMO
LPD_REVOLVING_MOODYS_V2,Revolving lifetime PD by Moody's,Revolving Credit Facility,moodys_band,Baa,Baseline,34,0.0012804935588185183,0.04247078697317885,V2,SYNTHETIC_DEMO
LPD_REVOLVING_MOODYS_V2,Revolving lifetime PD by Moody's,Revolving Credit Facility,moodys_band,Baa,Baseline,35,0.0012808031351544387,0.043751590108333294,V2,SYNTHETIC_DEMO
LPD_REVOLVING_MOODYS_V2,Revolving lifetime PD by Moody's,Revolving Credit Facility,moodys_band,Baa,Baseline,36,0.001281024625008415,0.04503261473334175,V2,SYNTHETIC_DEMO
LPD_REVOLVING_MOODYS_V2,Revolving lifetime PD by Moody's,Revolving Credit Facility,moodys_band,Baa,Baseline,37,0.0012811618247232756,0.04631377655806501,V2,SYNTHETIC_DEMO
LPD_REVOLVING_MOODYS_V2,Revolving lifetime PD by Moody's,Revolving Credit Facility,moodys_band,Baa,Baseline,38,0.0012812183721494107,0.04759499493021446,V2,SYNTHETIC_DEMO
LPD_REVOLVING_MOODYS_V2,Revolving lifetime PD by Moody's,Revolving Credit Facility,moodys_band,Baa,Baseline,39,0.0012811977531919981,0.04887619268340648,V2,SYNTHETIC_DEMO
LPD_REVOLVING_MOODYS_V2,Revolving lifetime PD by Moody's,Revolving Credit Facility,moodys_band,Baa,Baseline,40,0.0012811033080925656,0.050157295991499096,V2,SYNTHETIC_DEMO
LPD_REVOLVING_MOODYS_V2,Revolving lifetime PD by Moody's,Revolving Credit Facility,moodys_band,Baa,Baseline,41,0.001280938237455197,0.05143823422895433,V2,SYNTHETIC_DEMO
LPD_REVOLVING_MOODYS_V2,Revolving lifetime PD by Moody's,Revolving Credit Facility,moodys_band,Baa,Baseline,42,0.001280705608029152,0.0527189398369835,V2,SYNTHETIC_DEMO
LPD_REVOLVING_MOODYS_V2,Revolving lifetime PD by Moody's,Revolving Credit Facility,moodys_band,Baa,Baseline,43,0.0012804083582546935,0.05399934819523822,V2,SYNTHETIC_DEMO
LPD_REVOLVING_MOODYS_V2,Revolving lifetime PD by Moody's,Revolving Credit Facility,moodys_band,Baa,Baseline,44,0.001280049303583969,0.05527939749882216,V2,SYNTHETIC_DEMO
LPD_REVOLVING_MOODYS_V2,Revolving lifetime PD by Moody's,Revolving Credit Facility,moodys_band,Baa,Baseline,45,0.0012796311415841297,0.056559028640406295,V2,SYNTHETIC_DEMO
LPD_REVOLVING_MOODYS_V2,Revolving lifetime PD by Moody's,Revolving Credit Facility,moodys_band,Baa,Baseline,46,0.0012791564568319547,0.05783818509723826,V2,SYNTHETIC_DEMO
LPD_REVOLVING_MOODYS_V2,Revolving lifetime PD by Moody's,Revolving Credit Facility,moodys_band,Baa,Baseline,47,0.001278627725607967,0.0591168128228462,V2,SYNTHETIC_DEMO
LPD_REVOLVING_MOODYS_V2,Revolving lifetime PD by Moody's,Revolving Credit Facility,moodys_band,Baa,Baseline,48,0.001278047320398935,0.06039486014324513,V2,SYNTHETIC_DEMO
LPD_REVOLVING_MOODYS_V2,Revolving lifetime PD by Moody's,Revolving Credit Facility,moodys_band,Baa,Baseline,49,0.0012774175142146957,0.06167227765745986,V2,SYNTHETIC_DEMO
LPD_REVOLVING_MOODYS_V2,Revolving lifetime PD by Moody's,Revolving Credit Facility,moodys_band,Baa,Baseline,50,0.0012767404847281376,0.062949018142188,V2,SYNTHETIC_DEMO
LPD_REVOLVING_MOODYS_V2,Revolving lifetime PD by Moody's,Revolving Credit Facility,moodys_band,Baa,Baseline,51,0.001276018318245162,0.0642250364604332,V2,SYNTHETIC_DEMO
LPD_REVOLVING_MOODYS_V2,Revolving lifetime PD by Moody's,Revolving Credit Facility,moodys_band,Baa,Baseline,52,0.001275253013510881,0.06550028947394404,V2,SYNTHETIC_DEMO
LPD_REVOLVING_MOODYS_V2,Revolving lifetime PD by Moody's,Revolving Credit Facility,moodys_band,Baa,Baseline,53,0.0012744464853588118,0.06677473595930283,V2,SYNTHETIC_DEMO
LPD_REVOLVING_MOODYS_V2,Revolving lifetime PD by Moody's,Revolving Credit Facility,moodys_band,Baa,Baseline,54,0.0012736005682105105,0.0680483365275133,V2,SYNTHETIC_DEMO
LPD_REVOLVING_MOODYS_V2,Revolving lifetime PD by Moody's,Revolving Credit Facility,moodys_band,Baa,Baseline,55,0.0012727170194297293,0.06932105354694307,V2,SYNTHETIC_DEMO
LPD_REVOLVING_MOODYS_V2,Revolving lifetime PD by Moody's,Revolving Credit Facility,moodys_band,Baa,Baseline,56,0.0012717975225382716,0.07059285106948132,V2,SYNTHETIC_DEMO
LPD_REVOLVING_MOODYS_V2,Revolving lifetime PD by Moody's,Revolving Credit Facility,moodys_band,Baa,Baseline,57,0.0012708436902996356,0.07186369475978094,V2,SYNTHETIC_DEMO
LPD_REVOLVING_MOODYS_V2,Revolving lifetime PD by Moody's,Revolving Credit Facility,moodys_band,Baa,Baseline,58,0.0012698570676737142,0.07313355182745462,V2,SYNTHETIC_DEMO
LPD_REVOLVING_MOODYS_V2,Revolving lifetime PD by Moody's,Revolving Credit Facility,moodys_band,Baa,Baseline,59,0.0012688391346502349,0.07440239096210488,V2,SYNTHETIC_DEMO
LPD_REVOLVING_MOODYS_V2,Revolving lifetime PD by Moody's,Revolving Credit Facility,moodys_band,Baa,Baseline,60,0.0012677913089644505,0.07567018227106936,V2,SYNTHETIC_DEMO
LPD_REVOLVING_MOODYS_V2,Revolving lifetime PD by Moody's,Revolving Credit Facility,moodys_band,Baa,Baseline,61,0.0012667149487000074,0.07693689721976937,V2,SYNTHETIC_DEMO
LPD_REVOLVING_MOODYS_V2,Revolving lifetime PD by Moody's,Revolving Credit Facility,moodys_band,Baa,Baseline,62,0.0012656113547840936,0.07820250857455346,V2,SYNTHETIC_DEMO
LPD_REVOLVING_MOODYS_V2,Revolving lifetime PD by Moody's,Revolving Credit Facility,moodys_band,Baa,Baseline,63,0.0012644817733786992,0.07946699034793214,V2,SYNTHETIC_DEMO
LPD_REVOLVING_MOODYS_V2,Revolving lifetime PD by Moody's,Revolving Credit Facility,moodys_band,Baa,Baseline,64,0.0012633273981727134,0.08073031774610484,V2,SYNTHETIC_DEMO
LPD_REVOLVING_MOODYS_V2,Revolving lifetime PD by Moody's,Revolving Credit Facility,moodys_band,Baa,Baseline,65,0.0012621493725787356,0.08199246711868358,V2,SYNTHETIC_DEMO
LPD_REVOLVING_MOODYS_V2,Revolving lifetime PD by Moody's,Revolving Credit Facility,moodys_band,Baa,Baseline,66,0.001260948791838442,0.08325341591052204,V2,SYNTHETIC_DEMO
LPD_REVOLVING_MOODYS_V2,Revolving lifetime PD by Moody's,Revolving Credit Facility,moodys_band,Baa,Baseline,67,0.0012597267050402222,0.08451314261556231,V2,SYNTHETIC_DEMO
LPD_REVOLVING_MOODYS_V2,Revolving lifetime PD by Moody's,Revolving Credit Facility,moodys_band,Baa,Baseline,68,0.0012584841170529728,0.08577162673261529,V2,SYNTHETIC_DEMO
LPD_REVOLVING_MOODYS_V2,Revolving lifetime PD by Moody's,Revolving Credit Facility,moodys_band,Baa,Baseline,69,0.0012572219903794976,0.08702884872299477,V2,SYNTHETIC_DEMO
LPD_REVOLVING_MOODYS_V2,Revolving lifetime PD by Moody's,Revolving Credit Facility,moodys_band,Baa,Baseline,70,0.0012559412469317186,0.0882847899699265,V2,SYNTHETIC_DEMO
LPD_REVOLVING_MOODYS_V2,Revolving lifetime PD by Moody's,Revolving Credit Facility,moodys_band,Baa,Baseline,71,0.0012546427697334311,0.08953943273965992,V2,SYNTHETIC_DEMO
LPD_REVOLVING_MOODYS_V2,Revolving lifetime PD by Moody's,Revolving Credit Facility,moodys_band,Baa,Baseline,72,0.00125332740455062,0.09079276014421056,V2,SYNTHETIC_DEMO
LPD_REVOLVING_MOODYS_V2,Revolving lifetime PD by Moody's,Revolving Credit Facility,moodys_band,Baa,Baseline,73,0.0012519959614542043,0.09204475610566476,V2,SYNTHETIC_DEMO
LPD_REVOLVING_MOODYS_V2,Revolving lifetime PD by Moody's,Revolving Credit Facility,moodys_band,Baa,Baseline,74,0.0012506492163180225,0.09329540532198277,V2,SYNTHETIC_DEMO
LPD_REVOLVING_MOODYS_V2,Revolving lifetime PD by Moody's,Revolving Credit Facility,moodys_band,Baa,Baseline,75,0.0012492879122533256,0.09454469323423609,V2,SYNTHETIC_DEMO
LPD_REVOLVING_MOODYS_V2,Revolving lifetime PD by Moody's,Revolving Credit Facility,moodys_band,Baa,Baseline,76,0.0012479127609840643,0.0957926059952201,V2,SYNTHETIC_DEMO
LPD_REVOLVING_MOODYS_V2,Revolving lifetime PD by Moody's,Revolving Credit Facility,moodys_band,Baa,Baseline,77,0.0012465244441646945,0.09703913043938484,V2,SYNTHETIC_DEMO
LPD_REVOLVING_MOODYS_V2,Revolving lifetime PD by Moody's,Revolving Credit Facility,moodys_band,Baa,Baseline,78,0.0012451236146419182,0.09828425405402674,V2,SYNTHETIC_DEMO
LPD_REVOLVING_MOODYS_V2,Revolving lifetime PD by Moody's,Revolving Credit Facility,moodys_band,Baa,Baseline,79,0.0012437108976650684,0.0995279649516918,V2,SYNTHETIC_DEMO
LPD_REVOLVING_MOODYS_V2,Revolving lifetime PD by Moody's,Revolving Credit Facility,moodys_band,Baa,Baseline,80,0.0012422868920448958,0.10077025184373667,V2,SYNTHETIC_DEMO
LPD_REVOLVING_MOODYS_V2,Revolving lifetime PD by Moody's,Revolving Credit Facility,moodys_band,Baa,Baseline,81,0.0012408521712640222,0.10201110401500069,V2,SYNTHETIC_DEMO
LPD_REVOLVING_MOODYS_V2,Revolving lifetime PD by Moody's,Revolving Credit Facility,moodys_band,Baa,Baseline,82,0.001239407284541092,0.10325051129954177,V2,SYNTHETIC_DEMO
LPD_REVOLVING_MOODYS_V2,Revolving lifetime PD by Moody's,Revolving Credit Facility,moodys_band,Baa,Baseline,83,0.0012379527578502394,0.10448846405739198,V2,SYNTHETIC_DEMO
LPD_REVOLVING_MOODYS_V2,Revolving lifetime PD by Moody's,Revolving Credit Facility,moodys_band,Baa,Baseline,84,0.0012364890948978683,0.1057249531522898,V2,SYNTHETIC_DEMO
LPD_REVOLVING_MOODYS_V2,Revolving lifetime PD by Moody's,Revolving Credit Facility,moodys_band,Ba,Baseline,1,0.003421476733259321,0.003421476733259321,V2,SYNTHETIC_DEMO
LPD_REVOLVING_MOODYS_V2,Revolving lifetime PD by Moody's,Revolving Credit Facility,moodys_band,Ba,Baseline,2,0.0034340794626625875,0.00685555619592193,V2,SYNTHETIC_DEMO
LPD_REVOLVING_MOODYS_V2,Revolving lifetime PD by Moody's,Revolving Credit Facility,moodys_band,Ba,Baseline,3,0.0034454890152097856,0.010301045211131732,V2,SYNTHETIC_DEMO
LPD_REVOLVING_MOODYS_V2,Revolving lifetime PD by Moody's,Revolving Credit Facility,moodys_band,Ba,Baseline,4,0.0034557583371407716,0.013756803548272467,V2,SYNTHETIC_DEMO
LPD_REVOLVING_MOODYS_V2,Revolving lifetime PD by Moody's,Revolving Credit Facility,moodys_band,Ba,Baseline,5,0.003464938247479373,0.017221741795751866,V2,SYNTHETIC_DEMO
LPD_REVOLVING_MOODYS_V2,Revolving lifetime PD by Moody's,Revolving Credit Facility,moodys_band,Ba,Baseline,6,0.003473077512911431,0.020694819308663348,V2,SYNTHETIC_DEMO
LPD_REVOLVING_MOODYS_V2,Revolving lifetime PD by Moody's,Revolving Credit Facility,moodys_band,Ba,Baseline,7,0.0034802229209343893,0.024175042229597765,V2,SYNTHETIC_DEMO
LPD_REVOLVING_MOODYS_V2,Revolving lifetime PD by Moody's,Revolving Credit Facility,moodys_band,Ba,Baseline,8,0.00348641935122857,0.027661461580826385,V2,SYNTHETIC_DEMO
LPD_REVOLVING_MOODYS_V2,Revolving lifetime PD by Moody's,Revolving Credit Facility,moodys_band,Ba,Baseline,9,0.0034917098452120596,0.031153171426038462,V2,SYNTHETIC_DEMO
LPD_REVOLVING_MOODYS_V2,Revolving lifetime PD by Moody's,Revolving Credit Facility,moodys_band,Ba,Baseline,10,0.003496135673752861,0.034649307099791304,V2,SYNTHETIC_DEMO
LPD_REVOLVING_MOODYS_V2,Revolving lifetime PD by Moody's,Revolving Credit Facility,moodys_band,Ba,Baseline,11,0.0034997364030208995,0.03814904350281223,V2,SYNTHETIC_DEMO
LPD_REVOLVING_MOODYS_V2,Revolving lifetime PD by Moody's,Revolving Credit Facility,moodys_band,Ba,Baseline,12,0.003502549958470087,0.04165159346128233,V2,SYNTHETIC_DEMO
LPD_REVOLVING_MOODYS_V2,Revolving lifetime PD by Moody's,Revolving Credit Facility,moodys_band,Ba,Baseline,13,0.0035046126869495127,0.04515620614823179,V2,SYNTHETIC_DEMO
LPD_REVOLVING_MOODYS_V2,Revolving lifetime PD by Moody's,Revolving Credit Facility,moodys_band,Ba,Baseline,14,0.003505959416948128,0.04866216556517988,V2,SYNTHETIC_DEMO
LPD_REVOLVING_MOODYS_V2,Revolving lifetime PD by Moody's,Revolving Credit Facility,moodys_band,Ba,Baseline,15,0.0035066235169851543,0.052168789082165046,V2,SYNTHETIC_DEMO
LPD_REVOLVING_MOODYS_V2,Revolving lifetime PD by Moody's,Revolving Credit Facility,moodys_band,Ba,Baseline,16,0.00350663695216066,0.05567542603432574,V2,SYNTHETIC_DEMO
LPD_REVOLVING_MOODYS_V2,Revolving lifetime PD by Moody's,Revolving Credit Facility,moodys_band,Ba,Baseline,17,0.0035060303388876578,0.05918145637321337,V2,SYNTHETIC_DEMO
LPD_REVOLVING_MOODYS_V2,Revolving lifetime PD by Moody's,Revolving Credit Facility,moodys_band,Ba,Baseline,18,0.003504832997831114,0.06268628937104448,V2,SYNTHETIC_DEMO
LPD_REVOLVING_MOODYS_V2,Revolving lifetime PD by Moody's,Revolving Credit Facility,moodys_band,Ba,Baseline,19,0.003503073005079371,0.06618936237612383,V2,SYNTHETIC_DEMO
LPD_REVOLVING_MOODYS_V2,Revolving lifetime PD by Moody's,Revolving Credit Facility,moodys_band,Ba,Baseline,20,0.0035007772415811393,0.06969013961770498,V2,SYNTHETIC_DEMO
LPD_REVOLVING_MOODYS_V2,Revolving lifetime PD by Moody's,Revolving Credit Facility,moodys_band,Ba,Baseline,21,0.0034979714408802302,0.07318811105858525,V2,SYNTHETIC_DEMO
LPD_REVOLVING_MOODYS_V2,Revolving lifetime PD by Moody's,Revolving Credit Facility,moodys_band,Ba,Baseline,22,0.0034946802351818293,0.0766827912937671,V2,SYNTHETIC_DEMO
LPD_REVOLVING_MOODYS_V2,Revolving lifetime PD by Moody's,Revolving Credit Facility,moodys_band,Ba,Baseline,23,0.003490927199790373,0.08017371849355748,V2,SYNTHETIC_DEMO
LPD_REVOLVING_MOODYS_V2,Revolving lifetime PD by Moody's,Revolving Credit Facility,moodys_band,Ba,Baseline,24,0.00348673489595372,0.08366045338951122,V2,SYNTHETIC_DEMO
LPD_REVOLVING_MOODYS_V2,Revolving lifetime PD by Moody's,Revolving Credit Facility,moodys_band,Ba,Baseline,25,0.0034821249121553513,0.0871425783016666,V2,SYNTHETIC_DEMO
LPD_REVOLVING_MOODYS_V2,Revolving lifetime PD by Moody's,Revolving Credit Facility,moodys_band,Ba,Baseline,26,0.003477117903893579,0.09061969620556021,V2,SYNTHETIC_DEMO
LPD_REVOLVING_MOODYS_V2,Revolving lifetime PD by Moody's,Revolving Credit Facility,moodys_band,Ba,Baseline,27,0.003471733631988349,0.09409142983754859,V2,SYNTHETIC_DEMO
LPD_REVOLVING_MOODYS_V2,Revolving lifetime PD by Moody's,Revolving Credit Facility,moodys_band,Ba,Baseline,28,0.0034659909994568033,0.09755742083700536,V2,SYNTHETIC_DEMO
LPD_REVOLVING_MOODYS_V2,Revolving lifetime PD by Moody's,Revolving Credit Facility,moodys_band,Ba,Baseline,29,0.003459908086999067,0.10101732892400439,V2,SYNTHETIC_DEMO
LPD_REVOLVING_MOODYS_V2,Revolving lifetime PD by Moody's,Revolving Credit Facility,moodys_band,Ba,Baseline,30,0.003453502187134571,0.10447083111113897,V2,SYNTHETIC_DEMO
LPD_REVOLVING_MOODYS_V2,Revolving lifetime PD by Moody's,Revolving Credit Facility,moodys_band,Ba,Baseline,31,0.0034467898370307906,0.10791762094816981,V2,SYNTHETIC_DEMO
LPD_REVOLVING_MOODYS_V2,Revolving lifetime PD by Moody's,Revolving Credit Facility,moodys_band,Ba,Baseline,32,0.0034397868500637757,0.11135740779823355,V2,SYNTHETIC_DEMO
LPD_REVOLVING_MOODYS_V2,Revolving lifetime PD by Moody's,Revolving Credit Facility,moodys_band,Ba,Baseline,33,0.0034325083461526004,0.11478991614438616,V2,SYNTHETIC_DEMO
LPD_REVOLVING_MOODYS_V2,Revolving lifetime PD by Moody's,Revolving Credit Facility,moodys_band,Ba,Baseline,34,0.0034249687809061965,0.11821488492529231,V2,SYNTHETIC_DEMO
LPD_REVOLVING_MOODYS_V2,Revolving lifetime PD by Moody's,Revolving Credit Facility,moodys_band,Ba,Baseline,35,0.003417181973621854,0.12163206689891415,V2,SYNTHETIC_DEMO
LPD_REVOLVING_MOODYS_V2,Revolving lifetime PD by Moody's,Revolving Credit Facility,moodys_band,Ba,Baseline,36,0.003409161134175158,0.12504122803308926,V2,SYNTHETIC_DEMO
LPD_REVOLVING_MOODYS_V2,Revolving lifetime PD by Moody's,Revolving Credit Facility,moodys_band,Ba,Baseline,37,0.003400918888837791,0.12844214692192701,V2,SYNTHETIC_DEMO
LPD_REVOLVING_MOODYS_V2,Revolving lifetime PD by Moody's,Revolving Credit Facility,moodys_band,Ba,Baseline,38,0.0033924673050619108,0.13183461422698894,V2,SYNTHETIC_DEMO
LPD_REVOLVING_MOODYS_V2,Revolving lifetime PD by Moody's,Revolving Credit Facility,moodys_band,Ba,Baseline,39,0.0033838179152658474,0.13521843214225482,V2,SYNTHETIC_DEMO
LPD_REVOLVING_MOODYS_V2,Revolving lifetime PD by Moody's,Revolving Credit Facility,moodys_band,Ba,Baseline,40,0.003374981739658189,0.13859341388191304,V2,SYNTHETIC_DEMO
LPD_REVOLVING_MOODYS_V2,Revolving lifetime PD by Moody's,Revolving Credit Facility,moodys_band,Ba,Baseline,41,0.0033659693081344064,0.14195938319004742,V2,SYNTHETIC_DEMO
LPD_REVOLVING_MOODYS_V2,Revolving lifetime PD by Moody's,Revolving Credit Facility,moodys_band,Ba,Baseline,42,0.003356790681279095,0.14531617387132656,V2,SYNTHETIC_DEMO
LPD_REVOLVING_MOODYS_V2,Revolving lifetime PD by Moody's,Revolving Credit Facility,moodys_band,Ba,Baseline,43,0.0033474554705082552,0.14866362934183486,V2,SYNTHETIC_DEMO
LPD_REVOLVING_MOODYS_V2,Revolving lifetime PD by Moody's,Revolving Credit Facility,moodys_band,Ba,Baseline,44,0.003337972857382556,0.15200160219921743,V2,SYNTHETIC_DEMO
LPD_REVOLVING_MOODYS_V2,Revolving lifetime PD by Moody's,Revolving Credit Facility,moodys_band,Ba,Baseline,45,0.0033283516121228513,0.1553299538113403,V2,SYNTHETIC_DEMO
LPD_REVOLVING_MOODYS_V2,Revolving lifetime PD by Moody's,Revolving Credit Facility,moodys_band,Ba,Baseline,46,0.0033186001113589317,0.15864855392269928,V2,SYNTHETIC_DEMO
LPD_REVOLVING_MOODYS_V2,Revolving lifetime PD by Moody's,Revolving Credit Facility,moodys_band,Ba,Baseline,47,0.0033087263551396214,0.16195728027783884,V2,SYNTHETIC_DEMO
LPD_REVOLVING_MOODYS_V2,Revolving lifetime PD by Moody's,Revolving Credit Facility,moodys_band,Ba,Baseline,48,0.003298737983233999,0.16525601826107283,V2,SYNTHETIC_DEMO
LPD_REVOLVING_MOODYS_V2,Revolving lifetime PD by Moody's,Revolving Credit Facility,moodys_band,Ba,Baseline,49,0.0032886422907497602,0.1685446605518226,V2,SYNTHETIC_DEMO
LPD_REVOLVING_MOODYS_V2,Revolving lifetime PD by Moody's,Revolving Credit Facility,moodys_band,Ba,Baseline,50,0.003278446243097223,0.17182310679491986,V2,SYNTHETIC_DEMO
LPD_REVOLVING_MOODYS_V2,Revolving lifetime PD by Moody's,Revolving Credit Facility,moodys_band,Ba,Baseline,51,0.0032681564903224844,0.17509126328524238,V2,SYNTHETIC_DEMO
LPD_REVOLVING_MOODYS_V2,Revolving lifetime PD by Moody's,Revolving Credit Facility,moodys_band,Ba,Baseline,52,0.003257779380837175,0.17834904266607954,V2,SYNTHETIC_DEMO
LPD_REVOLVING_MOODYS_V2,Revolving lifetime PD by Moody's,Revolving Credit Facility,moodys_band,Ba,Baseline,53,0.003247320974566176,0.18159636364064569,V2,SYNTHETIC_DEMO
LPD_REVOLVING_MOODYS_V2,Revolving lifetime PD by Moody's,Revolving Credit Facility,moodys_band,Ba,Baseline,54,0.0032367870555391003,0.18483315069618478,V2,SYNTHETIC_DEMO
LPD_REVOLVING_MOODYS_V2,Revolving lifetime PD by Moody's,Revolving Credit Facility,moodys_band,Ba,Baseline,55,0.0032261831439458453,0.18805933384013063,V2,SYNTHETIC_DEMO
LPD_REVOLVING_MOODYS_V2,Revolving lifetime PD by Moody's,Revolving Credit Facility,moodys_band,Ba,Baseline,56,0.0032155145076792715,0.19127484834780994,V2,SYNTHETIC_DEMO
LPD_REVOLVING_MOODYS_V2,Revolving lifetime PD by Moody's,Revolving Credit Facility,moodys_band,Ba,Baseline,57,0.0032047861733850804,0.194479634521195,V2,SYNTHETIC_DEMO
LPD_REVOLVING_MOODYS_V2,Revolving lifetime PD by Moody's,Revolving Credit Facility,moodys_band,Ba,Baseline,58,0.003194002937039028,0.19767363745823396,V2,SYNTHETIC_DEMO
LPD_REVOLVING_MOODYS_V2,Revolving lifetime PD by Moody's,Revolving Credit Facility,moodys_band,Ba,Baseline,59,0.0031831693740714743,0.20085680683230545,V2,SYNTHETIC_DEMO
LPD_REVOLVING_MOODYS_V2,Revolving lifetime PD by Moody's,Revolving Credit Facility,moodys_band,Ba,Baseline,60,0.003172289849056806,0.20402909668136227,V2,SYNTHETIC_DEMO
LPD_REVOLVING_MOODYS_V2,Revolving lifetime PD by Moody's,Revolving Credit Facility,moodys_band,Ba,Baseline,61,0.0031613685249869345,0.2071904652063492,V2,SYNTHETIC_DEMO
LPD_REVOLVING_MOODYS_V2,Revolving lifetime PD by Moody's,Revolving Credit Facility,moodys_band,Ba,Baseline,62,0.0031504093721445533,0.2103408745784937,V2,SYNTHETIC_DEMO
LPD_REVOLVING_MOODYS_V2,Revolving lifetime PD by Moody's,Revolving Credit Facility,moodys_band,Ba,Baseline,63,0.0031394161765946663,0.21348029075508834,V2,SYNTHETIC_DEMO
LPD_REVOLVING_MOODYS_V2,Revolving lifetime PD by Moody's,Revolving Credit Facility,moodys_band,Ba,Baseline,64,0.0031283925483085923,0.2166086833033969,V2,SYNTHETIC_DEMO
LPD_REVOLVING_MOODYS_V2,Revolving lifetime PD by Moody's,Revolving Credit Facility,moodys_band,Ba,Baseline,65,0.0031173419289365336,0.21972602523233342,V2,SYNTHETIC_DEMO
LPD_REVOLVING_MOODYS_V2,Revolving lifetime PD by Moody's,Revolving Credit Facility,moodys_band,Ba,Baseline,66,0.0031062675992437573,0.22283229283157713,V2,SYNTHETIC_DEMO
LPD_REVOLVING_MOODYS_V2,Revolving lifetime PD by Moody's,Revolving Credit Facility,moodys_band,Ba,Baseline,67,0.0030951726862240665,0.22592746551780118,V2,SYNTHETIC_DEMO
LPD_REVOLVING_MOODYS_V2,Revolving lifetime PD by Moody's,Revolving Credit Facility,moodys_band,Ba,Baseline,68,0.003084060169904291,0.22901152568770544,V2,SYNTHETIC_DEMO
LPD_REVOLVING_MOODYS_V2,Revolving lifetime PD by Moody's,Revolving Credit Facility,moodys_band,Ba,Baseline,69,0.0030729328898526096,0.2320844585775581,V2,SYNTHETIC_DEMO
LPD_REVOLVING_MOODYS_V2,Revolving lifetime PD by Moody's,Revolving Credit Facility,moodys_band,Ba,Baseline,70,0.003061793551404079,0.23514625212896223,V2,SYNTHETIC_DEMO
LPD_REVOLVING_MOODYS_V2,Revolving lifetime PD by Moody's,Revolving Credit Facility,moodys_band,Ba,Baseline,71,0.003050644731614046,0.23819689686057632,V2,SYNTHETIC_DEMO
LPD_REVOLVING_MOODYS_V2,Revolving lifetime PD by Moody's,Revolving Credit Facility,moodys_band,Ba,Baseline,72,0.003039488884952677,0.24123638574552897,V2,SYNTHETIC_DEMO
LPD_REVOLVING_MOODYS_V2,Revolving lifetime PD by Moody's,Revolving Credit Facility,moodys_band,Ba,Baseline,73,0.003028328348750107,0.24426471409427908,V2,SYNTHETIC_DEMO
LPD_REVOLVING_MOODYS_V2,Revolving lifetime PD by Moody's,Revolving Credit Facility,moodys_band,Ba,Baseline,74,0.003017165348403389,0.24728187944268243,V2,SYNTHETIC_DEMO
LPD_REVOLVING_MOODYS_V2,Revolving lifetime PD by Moody's,Revolving Credit Facility,moodys_band,Ba,Baseline,75,0.0030060020023565817,0.250287881445039,V2,SYNTHETIC_DEMO
LPD_REVOLVING_MOODYS_V2,Revolving lifetime PD by Moody's,Revolving Credit Facility,moodys_band,Ba,Baseline,76,0.002994840326861494,0.2532827217719005,V2,SYNTHETIC_DEMO
LPD_REVOLVING_MOODYS_V2,Revolving lifetime PD by Moody's,Revolving Credit Facility,moodys_band,Ba,Baseline,77,0.002983682240530286,0.2562664040124307,V2,SYNTHETIC_DEMO
LPD_REVOLVING_MOODYS_V2,Revolving lifetime PD by Moody's,Revolving Credit Facility,moodys_band,Ba,Baseline,78,0.002972529568688377,0.25923893358111916,V2,SYNTHETIC_DEMO
LPD_REVOLVING_MOODYS_V2,Revolving lifetime PD by Moody's,Revolving Credit Facility,moodys_band,Ba,Baseline,79,0.0029613840475362727,0.2622003176286555,V2,SYNTHETIC_DEMO
LPD_REVOLVING_MOODYS_V2,Revolving lifetime PD by Moody's,Revolving Credit Facility,moodys_band,Ba,Baseline,80,0.002950247328127912,0.26515056495678335,V2,SYNTHETIC_DEMO
LPD_REVOLVING_MOODYS_V2,Revolving lifetime PD by Moody's,Revolving Credit Facility,moodys_band,Ba,Baseline,81,0.0029391209801748514,0.26808968593695826,V2,SYNTHETIC_DEMO
LPD_REVOLVING_MOODYS_V2,Revolving lifetime PD by Moody's,Revolving Credit Facility,moodys_band,Ba,Baseline,82,0.0029280064956823757,0.2710176924326406,V2,SYNTHETIC_DEMO
LPD_REVOLVING_MOODYS_V2,Revolving lifetime PD by Moody's,Revolving Credit Facility,moodys_band,Ba,Baseline,83,0.0029169052924259324,0.27393459772506656,V2,SYNTHETIC_DEMO
LPD_REVOLVING_MOODYS_V2,Revolving lifetime PD by Moody's,Revolving Credit Facility,moodys_band,Ba,Baseline,84,0.0029058187172742358,0.2768404164423408,V2,SYNTHETIC_DEMO
LPD_REVOLVING_MOODYS_V2,Revolving lifetime PD by Moody's,Revolving Credit Facility,moodys_band,B,Baseline,1,0.007888509510169617,0.007888509510169617,V2,SYNTHETIC_DEMO
LPD_REVOLVING_MOODYS_V2,Revolving lifetime PD by Moody's,Revolving Credit Facility,moodys_band,B,Baseline,2,0.007883500498486446,0.015772010008656023,V2,SYNTHETIC_DEMO
LPD_REVOLVING_MOODYS_V2,Revolving lifetime PD by Moody's,Revolving Credit Facility,moodys_band,B,Baseline,3,0.00787533917030737,0.023647349178963384,V2,SYNTHETIC_DEMO
LPD_REVOLVING_MOODYS_V2,Revolving lifetime PD by Moody's,Revolving Credit Facility,moodys_band,B,Baseline,4,0.007864196331446853,0.031511545510410244,V2,SYNTHETIC_DEMO
LPD_REVOLVING_MOODYS_V2,Revolving lifetime PD by Moody's,Revolving Credit Facility,moodys_band,B,Baseline,5,0.007850235656129228,0.039361781166539433,V2,SYNTHETIC_DEMO
LPD_REVOLVING_MOODYS_V2,Revolving lifetime PD by Moody's,Revolving Credit Facility,moodys_band,B,Baseline,6,0.007833613905161583,0.04719539507170101,V2,SYNTHETIC_DEMO
LPD_REVOLVING_MOODYS_V2,Revolving lifetime PD by Moody's,Revolving Credit Facility,moodys_band,B,Baseline,7,0.007814481144462176,0.055009876216163156,V2,SYNTHETIC_DEMO
LPD_REVOLVING_MOODYS_V2,Revolving lifetime PD by Moody's,Revolving Credit Facility,moodys_band,B,Baseline,8,0.007792980963066662,0.06280285717922984,V2,SYNTHETIC_DEMO
LPD_REVOLVING_MOODYS_V2,Revolving lifetime PD by Moody's,Revolving Credit Facility,moodys_band,B,Baseline,9,0.007769250689836256,0.07057210786906609,V2,SYNTHETIC_DEMO
LPD_REVOLVING_MOODYS_V2,Revolving lifetime PD by Moody's,Revolving Credit Facility,moodys_band,B,Baseline,10,0.007743421608190826,0.07831552947725695,V2,SYNTHETIC_DEMO
LPD_REVOLVING_MOODYS_V2,Revolving lifetime PD by Moody's,Revolving Credit Facility,moodys_band,B,Baseline,11,0.007715619168273221,0.08603114864553019,V2,SYNTHETIC_DEMO
LPD_REVOLVING_MOODYS_V2,Revolving lifetime PD by Moody's,Revolving Credit Facility,moodys_band,B,Baseline,12,0.0076859631960344505,0.09371711184156462,V2,SYNTHETIC_DEMO
LPD_REVOLVING_MOODYS_V2,Revolving lifetime PD by Moody's,Revolving Credit Facility,moodys_band,B,Baseline,13,0.007654568098798888,0.10137167994036356,V2,SYNTHETIC_DEMO
LPD_REVOLVING_MOODYS_V2,Revolving lifetime PD by Moody's,Revolving Credit Facility,moodys_band,B,Baseline,14,0.007621543066937084,0.10899322300730063,V2,SYNTHETIC_DEMO
LPD_REVOLVING_MOODYS_V2,Revolving lifetime PD by Moody's,Revolving Credit Facility,moodys_band,B,Baseline,15,0.007586992271330977,0.1165802152786316,V2,SYNTHETIC_DEMO
LPD_REVOLVING_MOODYS_V2,Revolving lifetime PD by Moody's,Revolving Credit Facility,moodys_band,B,Baseline,16,0.007551015056372683,0.12413123033500428,V2,SYNTHETIC_DEMO
LPD_REVOLVING_MOODYS_V2,Revolving lifetime PD by Moody's,Revolving Credit Facility,moodys_band,B,Baseline,17,0.007513706128284738,0.131644936463289,V2,SYNTHETIC_DEMO
LPD_REVOLVING_MOODYS_V2,Revolving lifetime PD by Moody's,Revolving Credit Facility,moodys_band,B,Baseline,18,0.0074751557385951874,0.13912009220188415,V2,SYNTHETIC_DEMO
LPD_REVOLVING_MOODYS_V2,Revolving lifetime PD by Moody's,Revolving Credit Facility,moodys_band,B,Baseline,19,0.00743544986263769,0.14655554206452182,V2,SYNTHETIC_DEMO
LPD_REVOLVING_MOODYS_V2,Revolving lifetime PD by Moody's,Revolving Credit Facility,moodys_band,B,Baseline,20,0.00739467037298539,0.15395021243750717,V2,SYNTHETIC_DEMO
LPD_REVOLVING_MOODYS_V2,Revolving lifetime PD by Moody's,Revolving Credit Facility,moodys_band,B,Baseline,21,0.007352895207755379,0.16130310764526257,V2,SYNTHETIC_DEMO
LPD_REVOLVING_MOODYS_V2,Revolving lifetime PD by Moody's,Revolving Credit Facility,moodys_band,B,Baseline,22,0.007310198533750021,0.1686133061790126,V2,SYNTHETIC_DEMO
LPD_REVOLVING_MOODYS_V2,Revolving lifetime PD by Moody's,Revolving Credit Facility,moodys_band,B,Baseline,23,0.00726665090442576,0.1758799570834384,V2,SYNTHETIC_DEMO
LPD_REVOLVING_MOODYS_V2,Revolving lifetime PD by Moody's,Revolving Credit Facility,moodys_band,B,Baseline,24,0.007222319412701975,0.18310227649614041,V2,SYNTHETIC_DEMO
LPD_REVOLVING_MOODYS_V2,Revolving lifetime PD by Moody's,Revolving Credit Facility,moodys_band,B,Baseline,25,0.007177267838639964,0.19027954433478034,V2,SYNTHETIC_DEMO
LPD_REVOLVING_MOODYS_V2,Revolving lifetime PD by Moody's,Revolving Credit Facility,moodys_band,B,Baseline,26,0.0071315567920415286,0.19741110112682192,V2,SYNTHETIC_DEMO
LPD_REVOLVING_MOODYS_V2,Revolving lifetime PD by Moody's,Revolving Credit Facility,moodys_band,B,Baseline,27,0.0070852438500271335,0.2044963449768491,V2,SYNTHETIC_DEMO
LPD_REVOLVING_MOODYS_V2,Revolving lifetime PD by Moody's,Revolving Credit Facility,moodys_band,B,Baseline,28,0.007038383689671047,0.21153472866652012,V2,SYNTHETIC_DEMO
LPD_REVOLVING_MOODYS_V2,Revolving lifetime PD by Moody's,Revolving Credit Facility,moodys_band,B,Baseline,29,0.006991028215774991,0.21852575688229514,V2,SYNTHETIC_DEMO
LPD_REVOLVING_MOODYS_V2,Revolving lifetime PD by Moody's,Revolving Credit Facility,moodys_band,B,Baseline,30,0.006943226683878238,0.2254689835661734,V2,SYNTHETIC_DEMO
LPD_REVOLVING_MOODYS_V2,Revolving lifetime PD by Moody's,Revolving Credit Facility,moodys_band,B,Baseline,31,0.0068950258186018095,0.2323640093847752,V2,SYNTHETIC_DEMO
LPD_REVOLVING_MOODYS_V2,Revolving lifetime PD by Moody's,Revolving Credit Facility,moodys_band,B,Baseline,32,0.006846469927437311,0.2392104793122125,V2,SYNTHETIC_DEMO
LPD_REVOLVING_MOODYS_V2,Revolving lifetime PD by Moody's,Revolving Credit Facility,moodys_band,B,Baseline,33,0.006797601010091223,0.2460080803223037,V2,SYNTHETIC_DEMO
LPD_REVOLVING_MOODYS_V2,Revolving lifetime PD by Moody's,Revolving Credit Facility,moodys_band,B,Baseline,34,0.006748458863501666,0.2527565391858053,V2,SYNTHETIC_DEMO
LPD_REVOLVING_MOODYS_V2,Revolving lifetime PD by Moody's,Revolving Credit Facility,moodys_band,B,Baseline,35,0.006699081182646969,0.25945562036845227,V2,SYNTHETIC_DEMO
LPD_REVOLVING_MOODYS_V2,Revolving lifetime PD by Moody's,Revolving Credit Facility,moodys_band,B,Baseline,36,0.006649503657267032,0.2661051240257193,V2,SYNTHETIC_DEMO
LPD_REVOLVING_MOODYS_V2,Revolving lifetime PD by Moody's,Revolving Credit Facility,moodys_band,B,Baseline,37,0.00659976006462048,0.27270488409033977,V2,SYNTHETIC_DEMO
LPD_REVOLVING_MOODYS_V2,Revolving lifetime PD by Moody's,Revolving Credit Facility,moodys_band,B,Baseline,38,0.00654988235840096,0.2792547664487407,V2,SYNTHETIC_DEMO
LPD_REVOLVING_MOODYS_V2,Revolving lifetime PD by Moody's,Revolving Credit Facility,moodys_band,B,Baseline,39,0.006499900753935827,0.2857546672026765,V2,SYNTHETIC_DEMO
LPD_REVOLVING_MOODYS_V2,Revolving lifetime PD by Moody's,Revolving Credit Facility,moodys_band,B,Baseline,40,0.006449843809790237,0.2922045110124667,V2,SYNTHETIC_DEMO
LPD_REVOLVING_MOODYS_V2,Revolving lifetime PD by Moody's,Revolving Credit Facility,moodys_band,B,Baseline,41,0.006399738505899227,0.29860424951836595,V2,SYNTHETIC_DEMO
LPD_REVOLVING_MOODYS_V2,Revolving lifetime PD by Moody's,Revolving Credit Facility,moodys_band,B,Baseline,42,0.006349610318347534,0.3049538598367135,V2,SYNTHETIC_DEMO
LPD_REVOLVING_MOODYS_V2,Revolving lifetime PD by Moody's,Revolving Credit Facility,moodys_band,B,Baseline,43,0.0062994832909178166,0.3112533431276313,V2,SYNTHETIC_DEMO
LPD_REVOLVING_MOODYS_V2,Revolving lifetime PD by Moody's,Revolving Credit Facility,moodys_band,B,Baseline,44,0.006249380103523157,0.31750272323115447,V2,SYNTHETIC_DEMO
LPD_REVOLVING_MOODYS_V2,Revolving lifetime PD by Moody's,Revolving Credit Facility,moodys_band,B,Baseline,45,0.006199322137640272,0.32370204536879477,V2,SYNTHETIC_DEMO
LPD_REVOLVING_MOODYS_V2,Revolving lifetime PD by Moody's,Revolving Credit Facility,moodys_band,B,Baseline,46,0.0061493295388558526,0.3298513749076506,V2,SYNTHETIC_DEMO
LPD_REVOLVING_MOODYS_V2,Revolving lifetime PD by Moody's,Revolving Credit Facility,moodys_band,B,Baseline,47,0.006099421276635636,0.33595079618428625,V2,SYNTHETIC_DEMO
LPD_REVOLVING_MOODYS_V2,Revolving lifetime PD by Moody's,Revolving Credit Facility,moodys_band,B,Baseline,48,0.006049615201425475,0.3420004113857117,V2,SYNTHETIC_DEMO
LPD_REVOLVING_MOODYS_V2,Revolving lifetime PD by Moody's,Revolving Credit Facility,moodys_band,B,Baseline,49,0.005999928099188386,0.34800033948490006,V2,SYNTHETIC_DEMO
LPD_REVOLVING_MOODYS_V2,Revolving lifetime PD by Moody's,Revolving Credit Facility,moodys_band,B,Baseline,50,0.0059503757434793535,0.3539507152283794,V2,SYNTHETIC_DEMO
LPD_REVOLVING_MOODYS_V2,Revolving lifetime PD by Moody's,Revolving Credit Facility,moodys_band,B,Baseline,51,0.005900972945158761,0.3598516881735382,V2,SYNTHETIC_DEMO
LPD_REVOLVING_MOODYS_V2,Revolving lifetime PD by Moody's,Revolving Credit Facility,moodys_band,B,Baseline,52,0.0058517335998385725,0.3657034217733768,V2,SYNTHETIC_DEMO
LPD_REVOLVING_MOODYS_V2,Revolving lifetime PD by Moody's,Revolving Credit Facility,moodys_band,B,Baseline,53,0.005802670733156941,0.37150609250653377,V2,SYNTHETIC_DEMO
LPD_REVOLVING_MOODYS_V2,Revolving lifetime PD by Moody's,Revolving Credit Facility,moodys_band,B,Baseline,54,0.005753796543969472,0.3772598890505032,V2,SYNTHETIC_DEMO
LPD_REVOLVING_MOODYS_V2,Revolving lifetime PD by Moody's,Revolving Credit Facility,moodys_band,B,Baseline,55,0.005705122445546533,0.3829650114960498,V2,SYNTHETIC_DEMO
LPD_REVOLVING_MOODYS_V2,Revolving lifetime PD by Moody's,Revolving Credit Facility,moodys_band,B,Baseline,56,0.0056566591048596414,0.38862167060090946,V2,SYNTHETIC_DEMO
LPD_REVOLVING_MOODYS_V2,Revolving lifetime PD by Moody's,Revolving Credit Facility,moodys_band,B,Baseline,57,0.005608416480039324,0.39423008708094875,V2,SYNTHETIC_DEMO
LPD_REVOLVING_MOODYS_V2,Revolving lifetime PD by Moody's,Revolving Credit Facility,moodys_band,B,Baseline,58,0.005560403856082868,0.3997904909370317,V2,SYNTHETIC_DEMO
LPD_REVOLVING_MOODYS_V2,Revolving lifetime PD by Moody's,Revolving Credit Facility,moodys_band,B,Baseline,59,0.00551262987888789,0.40530312081591957,V2,SYNTHETIC_DEMO
LPD_REVOLVING_MOODYS_V2,Revolving lifetime PD by Moody's,Revolving Credit Facility,moodys_band,B,Baseline,60,0.0054651025876846955,0.4107682234036043,V2,SYNTHETIC_DEMO
LPD_REVOLVING_MOODYS_V2,Revolving lifetime PD by Moody's,Revolving Credit Facility,moodys_band,B,Baseline,61,0.0054178294459380685,0.41618605284954235,V2,SYNTHETIC_DEMO
LPD_REVOLVING_MOODYS_V2,Revolving lifetime PD by Moody's,Revolving Credit Facility,moodys_band,B,Baseline,62,0.0053708173707853295,0.42155687022032773,V2,SYNTHETIC_DEMO
LPD_REVOLVING_MOODYS_V2,Revolving lifetime PD by Moody's,Revolving Credit Facility,moodys_band,B,Baseline,63,0.005324072761077286,0.426880942981405,V2,SYNTHETIC_DEMO
LPD_REVOLVING_MOODYS_V2,Revolving lifetime PD by Moody's,Revolving Credit Facility,moodys_band,B,Baseline,64,0.005277601524082378,0.4321585445054874,V2,SYNTHETIC_DEMO
LPD_REVOLVING_MOODYS_V2,Revolving lifetime PD by Moody's,Revolving Credit Facility,moodys_band,B,Baseline,65,0.005231409100916338,0.43738995360640376,V2,SYNTHETIC_DEMO
LPD_REVOLVING_MOODYS_V2,Revolving lifetime PD by Moody's,Revolving Credit Facility,moodys_band,B,Baseline,66,0.0051855004907526685,0.4425754540971564,V2,SYNTHETIC_DEMO
LPD_REVOLVING_MOODYS_V2,Revolving lifetime PD by Moody's,Revolving Credit Facility,moodys_band,B,Baseline,67,0.0051398802738715456,0.44771533437102795,V2,SYNTHETIC_DEMO
LPD_REVOLVING_MOODYS_V2,Revolving lifetime PD by Moody's,Revolving Credit Facility,moodys_band,B,Baseline,68,0.005094552633598099,0.4528098870046261,V2,SYNTHETIC_DEMO
LPD_REVOLVING_MOODYS_V2,Revolving lifetime PD by Moody's,Revolving Credit Facility,moodys_band,B,Baseline,69,0.005049521377181709,0.45785940838180783,V2,SYNTHETIC_DEMO
LPD_REVOLVING_MOODYS_V2,Revolving lifetime PD by Moody's,Revolving Credit Facility,moodys_band,B,Baseline,70,0.005004789955665452,0.4628641983374733,V2,SYNTHETIC_DEMO
LPD_REVOLVING_MOODYS_V2,Revolving lifetime PD by Moody's,Revolving Credit Facility,moodys_band,B,Baseline,71,0.004960361482791329,0.4678245598202646,V2,SYNTHETIC_DEMO
LPD_REVOLVING_MOODYS_V2,Revolving lifetime PD by Moody's,Revolving Credit Facility,moodys_band,B,Baseline,72,0.004916238752986392,0.472740798573251,V2,SYNTHETIC_DEMO
LPD_REVOLVING_MOODYS_V2,Revolving lifetime PD by Moody's,Revolving Credit Facility,moodys_band,B,Baseline,73,0.004872424258472498,0.47761322283172347,V2,SYNTHETIC_DEMO
LPD_REVOLVING_MOODYS_V2,Revolving lifetime PD by Moody's,Revolving Credit Facility,moodys_band,B,Baseline,74,0.004828920205540482,0.48244214303726396,V2,SYNTHETIC_DEMO
LPD_REVOLVING_MOODYS_V2,Revolving lifetime PD by Moody's,Revolving Credit Facility,moodys_band,B,Baseline,75,0.004785728530027467,0.4872278715672914,V2,SYNTHETIC_DEMO
LPD_REVOLVING_MOODYS_V2,Revolving lifetime PD by Moody's,Revolving Credit Facility,moodys_band,B,Baseline,76,0.004742850912035165,0.4919707224793266,V2,SYNTHETIC_DEMO
LPD_REVOLVING_MOODYS_V2,Revolving lifetime PD by Moody's,Revolving Credit Facility,moodys_band,B,Baseline,77,0.0047002887899248585,0.4966710112692515,V2,SYNTHETIC_DEMO
LPD_REVOLVING_MOODYS_V2,Revolving lifetime PD by Moody's,Revolving Credit Facility,moodys_band,B,Baseline,78,0.004658043373622342,0.5013290546428739,V2,SYNTHETIC_DEMO
LPD_REVOLVING_MOODYS_V2,Revolving lifetime PD by Moody's,Revolving Credit Facility,moodys_band,B,Baseline,79,0.004616115657266982,0.5059451703001409,V2,SYNTHETIC_DEMO
LPD_REVOLVING_MOODYS_V2,Revolving lifetime PD by Moody's,Revolving Credit Facility,moodys_band,B,Baseline,80,0.004574506431233978,0.5105196767313749,V2,SYNTHETIC_DEMO
LPD_REVOLVING_MOODYS_V2,Revolving lifetime PD by Moody's,Revolving Credit Facility,moodys_band,B,Baseline,81,0.004533216293561887,0.5150528930249367,V2,SYNTHETIC_DEMO
LPD_REVOLVING_MOODYS_V2,Revolving lifetime PD by Moody's,Revolving Credit Facility,moodys_band,B,Baseline,82,0.004492245660811496,0.5195451386857483,V2,SYNTHETIC_DEMO
LPD_REVOLVING_MOODYS_V2,Revolving lifetime PD by Moody's,Revolving Credit Facility,moodys_band,B,Baseline,83,0.0044515947783849135,0.5239967334641331,V2,SYNTHETIC_DEMO
LPD_REVOLVING_MOODYS_V2,Revolving lifetime PD by Moody's,Revolving Credit Facility,moodys_band,B,Baseline,84,0.00441126373032985,0.5284079971944631,V2,SYNTHETIC_DEMO
LPD_REVOLVING_MOODYS_V2,Revolving lifetime PD by Moody's,Revolving Credit Facility,moodys_band,Caa,Baseline,1,0.01857381673413583,0.01857381673413583,V2,SYNTHETIC_DEMO
LPD_REVOLVING_MOODYS_V2,Revolving lifetime PD by Moody's,Revolving Credit Facility,moodys_band,Caa,Baseline,2,0.018370596415144724,0.03694441314928054,V2,SYNTHETIC_DEMO
LPD_REVOLVING_MOODYS_V2,Revolving lifetime PD by Moody's,Revolving Credit Facility,moodys_band,Caa,Baseline,3,0.018160378156987837,0.05510479130626833,V2,SYNTHETIC_DEMO
LPD_REVOLVING_MOODYS_V2,Revolving lifetime PD by Moody's,Revolving Credit Facility,moodys_band,Caa,Baseline,4,0.017943895041148065,0.07304868634741635,V2,SYNTHETIC_DEMO
LPD_REVOLVING_MOODYS_V2,Revolving lifetime PD by Moody's,Revolving Credit Facility,moodys_band,Caa,Baseline,5,0.017721840440354297,0.09077052678777064,V2,SYNTHETIC_DEMO
LPD_REVOLVING_MOODYS_V2,Revolving lifetime PD by Moody's,Revolving Credit Facility,moodys_band,Caa,Baseline,6,0.0174948692708133,0.10826539605858398,V2,SYNTHETIC_DEMO
LPD_REVOLVING_MOODYS_V2,Revolving lifetime PD by Moody's,Revolving Credit Facility,moodys_band,Caa,Baseline,7,0.017263599281905184,0.1255289953404891,V2,SYNTHETIC_DEMO
LPD_REVOLVING_MOODYS_V2,Revolving lifetime PD by Moody's,Revolving Credit Facility,moodys_band,Caa,Baseline,8,0.017028612372117093,0.14255760771260617,V2,SYNTHETIC_DEMO
LPD_REVOLVING_MOODYS_V2,Revolving lifetime PD by Moody's,Revolving Credit Facility,moodys_band,Caa,Baseline,9,0.016790455921223187,0.15934806363382936,V2,SYNTHETIC_DEMO
LPD_REVOLVING_MOODYS_V2,Revolving lifetime PD by Moody's,Revolving Credit Facility,moodys_band,Caa,Baseline,10,0.016549644129862075,0.1758977077636914,V2,SYNTHETIC_DEMO
LPD_REVOLVING_MOODYS_V2,Revolving lifetime PD by Moody's,Revolving Credit Facility,moodys_band,Caa,Baseline,11,0.016306659358721342,0.19220436712241273,V2,SYNTHETIC_DEMO
LPD_REVOLVING_MOODYS_V2,Revolving lifetime PD by Moody's,Revolving Credit Facility,moodys_band,Caa,Baseline,12,0.01606195346051175,0.2082663205829245,V2,SYNTHETIC_DEMO
LPD_REVOLVING_MOODYS_V2,Revolving lifetime PD by Moody's,Revolving Credit Facility,moodys_band,Caa,Baseline,13,0.01581594909880819,0.22408226968173273,V2,SYNTHETIC_DEMO
LPD_REVOLVING_MOODYS_V2,Revolving lifetime PD by Moody's,Revolving Credit Facility,moodys_band,Caa,Baseline,14,0.015569041048650619,0.23965131073038337,V2,SYNTHETIC_DEMO
LPD_REVOLVING_MOODYS_V2,Revolving lifetime PD by Moody's,Revolving Credit Facility,moodys_band,Caa,Baseline,15,0.015321597474543883,0.25497290820492724,V2,SYNTHETIC_DEMO
LPD_REVOLVING_MOODYS_V2,Revolving lifetime PD by Moody's,Revolving Credit Facility,moodys_band,Caa,Baseline,16,0.015073961182170517,0.27004686938709777,V2,SYNTHETIC_DEMO
LPD_REVOLVING_MOODYS_V2,Revolving lifetime PD by Moody's,Revolving Credit Facility,moodys_band,Caa,Baseline,17,0.014826450840742997,0.28487332022784073,V2,SYNTHETIC_DEMO
LPD_REVOLVING_MOODYS_V2,Revolving lifetime PD by Moody's,Revolving Credit Facility,moodys_band,Caa,Baseline,18,0.014579362173472396,0.2994526824013132,V2,SYNTHETIC_DEMO
LPD_REVOLVING_MOODYS_V2,Revolving lifetime PD by Moody's,Revolving Credit Facility,moodys_band,Caa,Baseline,19,0.01433296911412774,0.3137856515154409,V2,SYNTHETIC_DEMO
LPD_REVOLVING_MOODYS_V2,Revolving lifetime PD by Moody's,Revolving Credit Facility,moodys_band,Caa,Baseline,20,0.014087524928100798,0.32787317644354175,V2,SYNTHETIC_DEMO
LPD_REVOLVING_MOODYS_V2,Revolving lifetime PD by Moody's,Revolving Credit Facility,moodys_band,Caa,Baseline,21,0.013843263296788587,0.3417164397403303,V2,SYNTHETIC_DEMO
LPD_REVOLVING_MOODYS_V2,Revolving lifetime PD by Moody's,Revolving Credit Facility,moodys_band,Caa,Baseline,22,0.013600399364454565,0.35531683910478484,V2,SYNTHETIC_DEMO
LPD_REVOLVING_MOODYS_V2,Revolving lifetime PD by Moody's,Revolving Credit Facility,moodys_band,Caa,Baseline,23,0.013359130747040232,0.36867596985182505,V2,SYNTHETIC_DEMO
LPD_REVOLVING_MOODYS_V2,Revolving lifetime PD by Moody's,Revolving Credit Facility,moodys_band,Caa,Baseline,24,0.013119638502669822,0.3817956083544949,V2,SYNTHETIC_DEMO
LPD_REVOLVING_MOODYS_V2,Revolving lifetime PD by Moody's,Revolving Credit Facility,moodys_band,Caa,Baseline,25,0.012882088063828753,0.3946776964183236,V2,SYNTHETIC_DEMO
LPD_REVOLVING_MOODYS_V2,Revolving lifetime PD by Moody's,Revolving Credit Facility,moodys_band,Caa,Baseline,26,0.012646630131404542,0.40732432654972817,V2,SYNTHETIC_DEMO
LPD_REVOLVING_MOODYS_V2,Revolving lifetime PD by Moody's,Revolving Credit Facility,moodys_band,Caa,Baseline,27,0.012413401530954627,0.41973772808068277,V2,SYNTHETIC_DEMO
LPD_REVOLVING_MOODYS_V2,Revolving lifetime PD by Moody's,Revolving Credit Facility,moodys_band,Caa,Baseline,28,0.012182526031719732,0.43192025411240254,V2,SYNTHETIC_DEMO
LPD_REVOLVING_MOODYS_V2,Revolving lifetime PD by Moody's,Revolving Credit Facility,moodys_band,Caa,Baseline,29,0.011954115129030298,0.44387436924143286,V2,SYNTHETIC_DEMO
LPD_REVOLVING_MOODYS_V2,Revolving lifetime PD by Moody's,Revolving Credit Facility,moodys_band,Caa,Baseline,30,0.011728268790862797,0.4556026380322956,V2,SYNTHETIC_DEMO
LPD_REVOLVING_MOODYS_V2,Revolving lifetime PD by Moody's,Revolving Credit Facility,moodys_band,Caa,Baseline,31,0.011505076169389795,0.4671077142016854,V2,SYNTHETIC_DEMO
LPD_REVOLVING_MOODYS_V2,Revolving lifetime PD by Moody's,Revolving Credit Facility,moodys_band,Caa,Baseline,32,0.011284616278445507,0.47839233048013086,V2,SYNTHETIC_DEMO
LPD_REVOLVING_MOODYS_V2,Revolving lifetime PD by Moody's,Revolving Credit Facility,moodys_band,Caa,Baseline,33,0.011066958637881258,0.48945928911801206,V2,SYNTHETIC_DEMO
LPD_REVOLVING_MOODYS_V2,Revolving lifetime PD by Moody's,Revolving Credit Facility,moodys_band,Caa,Baseline,34,0.010852163885834694,0.5003114530038468,V2,SYNTHETIC_DEMO
LPD_REVOLVING_MOODYS_V2,Revolving lifetime PD by Moody's,Revolving Credit Facility,moodys_band,Caa,Baseline,35,0.010640284359967098,0.5109517373638139,V2,SYNTHETIC_DEMO
LPD_REVOLVING_MOODYS_V2,Revolving lifetime PD by Moody's,Revolving Credit Facility,moodys_band,Caa,Baseline,36,0.010431364648747108,0.521383102012561,V2,SYNTHETIC_DEMO
LPD_REVOLVING_MOODYS_V2,Revolving lifetime PD by Moody's,Revolving Credit Facility,moodys_band,Caa,Baseline,37,0.01022544211387352,0.5316085441264344,V2,SYNTHETIC_DEMO
LPD_REVOLVING_MOODYS_V2,Revolving lifetime PD by Moody's,Revolving Credit Facility,moodys_band,Caa,Baseline,38,0.010022547384933746,0.5416310915113682,V2,SYNTHETIC_DEMO
LPD_REVOLVING_MOODYS_V2,Revolving lifetime PD by Moody's,Revolving Credit Facility,moodys_band,Caa,Baseline,39,0.009822704827396896,0.5514537963387651,V2,SYNTHETIC_DEMO
LPD_REVOLVING_MOODYS_V2,Revolving lifetime PD by Moody's,Revolving Credit Facility,moodys_band,Caa,Baseline,40,0.009625932985030488,0.5610797293237957,V2,SYNTHETIC_DEMO
LPD_REVOLVING_MOODYS_V2,Revolving lifetime PD by Moody's,Revolving Credit Facility,moodys_band,Caa,Baseline,41,0.009432244997820133,0.5705119743216158,V2,SYNTHETIC_DEMO
LPD_REVOLVING_MOODYS_V2,Revolving lifetime PD by Moody's,Revolving Credit Facility,moodys_band,Caa,Baseline,42,0.009241648996454443,0.5797536233180702,V2,SYNTHETIC_DEMO
LPD_REVOLVING_MOODYS_V2,Revolving lifetime PD by Moody's,Revolving Credit Facility,moodys_band,Caa,Baseline,43,0.009054148474418343,0.5888077717924886,V2,SYNTHETIC_DEMO
LPD_REVOLVING_MOODYS_V2,Revolving lifetime PD by Moody's,Revolving Credit Facility,moodys_band,Caa,Baseline,44,0.008869742638714187,0.5976775144312028,V2,SYNTHETIC_DEMO
LPD_REVOLVING_MOODYS_V2,Revolving lifetime PD by Moody's,Revolving Credit Facility,moodys_band,Caa,Baseline,45,0.008688426740206649,0.6063659411714094,V2,SYNTHETIC_DEMO
LPD_REVOLVING_MOODYS_V2,Revolving lifetime PD by Moody's,Revolving Credit Facility,moodys_band,Caa,Baseline,46,0.008510192384558728,0.6148761335559682,V2,SYNTHETIC_DEMO
LPD_REVOLVING_MOODYS_V2,Revolving lifetime PD by Moody's,Revolving Credit Facility,moodys_band,Caa,Baseline,47,0.008335027824697817,0.6232111613806659,V2,SYNTHETIC_DEMO
LPD_REVOLVING_MOODYS_V2,Revolving lifetime PD by Moody's,Revolving Credit Facility,moodys_band,Caa,Baseline,48,0.008162918235722297,0.6313740796163883,V2,SYNTHETIC_DEMO
LPD_REVOLVING_MOODYS_V2,Revolving lifetime PD by Moody's,Revolving Credit Facility,moodys_band,Caa,Baseline,49,0.007993845973126138,0.6393679255895144,V2,SYNTHETIC_DEMO
LPD_REVOLVING_MOODYS_V2,Revolving lifetime PD by Moody's,Revolving Credit Facility,moodys_band,Caa,Baseline,50,0.007827790815190321,0.6471957164047046,V2,SYNTHETIC_DEMO
LPD_REVOLVING_MOODYS_V2,Revolving lifetime PD by Moody's,Revolving Credit Facility,moodys_band,Caa,Baseline,51,0.007664730190356108,0.6548604465950608,V2,SYNTHETIC_DEMO
LPD_REVOLVING_MOODYS_V2,Revolving lifetime PD by Moody's,Revolving Credit Facility,moodys_band,Caa,Baseline,52,0.007504639390365447,0.6623650859854262,V2,SYNTHETIC_DEMO
LPD_REVOLVING_MOODYS_V2,Revolving lifetime PD by Moody's,Revolving Credit Facility,moodys_band,Caa,Baseline,53,0.007347491769921445,0.6697125777553476,V2,SYNTHETIC_DEMO
LPD_REVOLVING_MOODYS_V2,Revolving lifetime PD by Moody's,Revolving Credit Facility,moodys_band,Caa,Baseline,54,0.007193258933590237,0.676905836688938,V2,SYNTHETIC_DEMO
LPD_REVOLVING_MOODYS_V2,Revolving lifetime PD by Moody's,Revolving Credit Facility,moodys_band,Caa,Baseline,55,0.007041910910636339,0.6839477475995743,V2,SYNTHETIC_DEMO
LPD_REVOLVING_MOODYS_V2,Revolving lifetime PD by Moody's,Revolving Credit Facility,moodys_band,Caa,Baseline,56,0.00689341631845153,0.6908411639180259,V2,SYNTHETIC_DEMO
LPD_REVOLVING_MOODYS_V2,Revolving lifetime PD by Moody's,Revolving Credit Facility,moodys_band,Caa,Baseline,57,0.006747742515208992,0.6975889064332348,V2,SYNTHETIC_DEMO
LPD_REVOLVING_MOODYS_V2,Revolving lifetime PD by Moody's,Revolving Credit Facility,moodys_band,Caa,Baseline,58,0.0066048557423447505,0.7041937621755796,V2,SYNTHETIC_DEMO
LPD_REVOLVING_MOODYS_V2,Revolving lifetime PD by Moody's,Revolving Credit Facility,moodys_band,Caa,Baseline,59,0.006464721257440998,0.7106584834330205,V2,SYNTHETIC_DEMO
LPD_REVOLVING_MOODYS_V2,Revolving lifetime PD by Moody's,Revolving Credit Facility,moodys_band,Caa,Baseline,60,0.0063273034580575895,0.7169857868910782,V2,SYNTHETIC_DEMO
LPD_REVOLVING_MOODYS_V2,Revolving lifetime PD by Moody's,Revolving Credit Facility,moodys_band,Caa,Baseline,61,0.006192565997032277,0.7231783528881104,V2,SYNTHETIC_DEMO
LPD_REVOLVING_MOODYS_V2,Revolving lifetime PD by Moody's,Revolving Credit Facility,moodys_band,Caa,Baseline,62,0.006060471889744513,0.729238824777855,V2,SYNTHETIC_DEMO
LPD_REVOLVING_MOODYS_V2,Revolving lifetime PD by Moody's,Revolving Credit Facility,moodys_band,Caa,Baseline,63,0.005930983613812537,0.7351698083916676,V2,SYNTHETIC_DEMO
LPD_REVOLVING_MOODYS_V2,Revolving lifetime PD by Moody's,Revolving Credit Facility,moodys_band,Caa,Baseline,64,0.005804063201669718,0.7409738715933372,V2,SYNTHETIC_DEMO
LPD_REVOLVING_MOODYS_V2,Revolving lifetime PD by Moody's,Revolving Credit Facility,moodys_band,Caa,Baseline,65,0.005679672326443845,0.746653543919781,V2,SYNTHETIC_DEMO
LPD_REVOLVING_MOODYS_V2,Revolving lifetime PD by Moody's,Revolving Credit Facility,moodys_band,Caa,Baseline,66,0.005557772381540075,0.7522113163013211,V2,SYNTHETIC_DEMO
LPD_REVOLVING_MOODYS_V2,Revolving lifetime PD by Moody's,Revolving Credit Facility,moodys_band,Caa,Baseline,67,0.0054383245543077035,0.7576496408556288,V2,SYNTHETIC_DEMO
LPD_REVOLVING_MOODYS_V2,Revolving lifetime PD by Moody's,Revolving Credit Facility,moodys_band,Caa,Baseline,68,0.005321289894151021,0.7629709307497798,V2,SYNTHETIC_DEMO
LPD_REVOLVING_MOODYS_V2,Revolving lifetime PD by Moody's,Revolving Credit Facility,moodys_band,Caa,Baseline,69,0.0052066293754241015,0.7681775601252039,V2,SYNTHETIC_DEMO
LPD_REVOLVING_MOODYS_V2,Revolving lifetime PD by Moody's,Revolving Credit Facility,moodys_band,Caa,Baseline,70,0.005094303955432252,0.7732718640806362,V2,SYNTHETIC_DEMO
LPD_REVOLVING_MOODYS_V2,Revolving lifetime PD by Moody's,Revolving Credit Facility,moodys_band,Caa,Baseline,71,0.004984274627843964,0.7782561387084801,V2,SYNTHETIC_DEMO
LPD_REVOLVING_MOODYS_V2,Revolving lifetime PD by Moody's,Revolving Credit Facility,moodys_band,Caa,Baseline,72,0.004876502471801488,0.7831326411802817,V2,SYNTHETIC_DEMO
LPD_REVOLVING_MOODYS_V2,Revolving lifetime PD by Moody's,Revolving Credit Facility,moodys_band,Caa,Baseline,73,0.00477094869700096,0.7879035898772826,V2,SYNTHETIC_DEMO
LPD_REVOLVING_MOODYS_V2,Revolving lifetime PD by Moody's,Revolving Credit Facility,moodys_band,Caa,Baseline,74,0.004667574684999163,0.7925711645622817,V2,SYNTHETIC_DEMO
LPD_REVOLVING_MOODYS_V2,Revolving lifetime PD by Moody's,Revolving Credit Facility,moodys_band,Caa,Baseline,75,0.00456634202698789,0.7971375065892696,V2,SYNTHETIC_DEMO
LPD_REVOLVING_MOODYS_V2,Revolving lifetime PD by Moody's,Revolving Credit Facility,moodys_band,Caa,Baseline,76,0.004467212558264751,0.8016047191475344,V2,SYNTHETIC_DEMO
LPD_REVOLVING_MOODYS_V2,Revolving lifetime PD by Moody's,Revolving Credit Facility,moodys_band,Caa,Baseline,77,0.004370148389614529,0.805974867537149,V2,SYNTHETIC_DEMO
LPD_REVOLVING_MOODYS_V2,Revolving lifetime PD by Moody's,Revolving Credit Facility,moodys_band,Caa,Baseline,78,0.004275111935804285,0.8102499794729532,V2,SYNTHETIC_DEMO
LPD_REVOLVING_MOODYS_V2,Revolving lifetime PD by Moody's,Revolving Credit Facility,moodys_band,Caa,Baseline,79,0.004182065941382408,0.8144320454143357,V2,SYNTHETIC_DEMO
LPD_REVOLVING_MOODYS_V2,Revolving lifetime PD by Moody's,Revolving Credit Facility,moodys_band,Caa,Baseline,80,0.004090973503961376,0.818523018918297,V2,SYNTHETIC_DEMO
LPD_REVOLVING_MOODYS_V2,Revolving lifetime PD by Moody's,Revolving Credit Facility,moodys_band,Caa,Baseline,81,0.0040017980951530495,0.82252481701345,V2,SYNTHETIC_DEMO
LPD_REVOLVING_MOODYS_V2,Revolving lifetime PD by Moody's,Revolving Credit Facility,moodys_band,Caa,Baseline,82,0.003914503579315634,0.8264393205927657,V2,SYNTHETIC_DEMO
LPD_REVOLVING_MOODYS_V2,Revolving lifetime PD by Moody's,Revolving Credit Facility,moodys_band,Caa,Baseline,83,0.0038290542302614255,0.8302683748230271,V2,SYNTHETIC_DEMO
LPD_REVOLVING_MOODYS_V2,Revolving lifetime PD by Moody's,Revolving Credit Facility,moodys_band,Caa,Baseline,84,0.0037454147460659454,0.834013789569093,V2,SYNTHETIC_DEMO
LPD_REVOLVING_MOODYS_V2,Revolving lifetime PD by Moody's,Revolving Credit Facility,moodys_band,Aaa-A,Downside,1,0.0006106515686294944,0.0006106515686294944,V2,SYNTHETIC_DEMO
LPD_REVOLVING_MOODYS_V2,Revolving lifetime PD by Moody's,Revolving Credit Facility,moodys_band,Aaa-A,Downside,2,0.0006145618807870881,0.0012252134494166178,V2,SYNTHETIC_DEMO
LPD_REVOLVING_MOODYS_V2,Revolving lifetime PD by Moody's,Revolving Credit Facility,moodys_band,Aaa-A,Downside,3,0.0006182900345088682,0.0018435034839254794,V2,SYNTHETIC_DEMO
LPD_REVOLVING_MOODYS_V2,Revolving lifetime PD by Moody's,Revolving Credit Facility,moodys_band,Aaa-A,Downside,4,0.0006218435191724639,0.002465347003097973,V2,SYNTHETIC_DEMO
LPD_REVOLVING_MOODYS_V2,Revolving lifetime PD by Moody's,Revolving Credit Facility,moodys_band,Aaa-A,Downside,5,0.0006252295201558596,0.0030905765232538407,V2,SYNTHETIC_DEMO
LPD_REVOLVING_MOODYS_V2,Revolving lifetime PD by Moody's,Revolving Credit Facility,moodys_band,Aaa-A,Downside,6,0.0006284549309078278,0.0037190314541616365,V2,SYNTHETIC_DEMO
LPD_REVOLVING_MOODYS_V2,Revolving lifetime PD by Moody's,Revolving Credit Facility,moodys_band,Aaa-A,Downside,7,0.0006315263645605085,0.004350557818722178,V2,SYNTHETIC_DEMO
LPD_REVOLVING_MOODYS_V2,Revolving lifetime PD by Moody's,Revolving Credit Facility,moodys_band,Aaa-A,Downside,8,0.0006344501651001727,0.004985007983822398,V2,SYNTHETIC_DEMO
LPD_REVOLVING_MOODYS_V2,Revolving lifetime PD by Moody's,Revolving Credit Facility,moodys_band,Aaa-A,Downside,9,0.000637232418112315,0.005622240401934708,V2,SYNTHETIC_DEMO
LPD_REVOLVING_MOODYS_V2,Revolving lifetime PD by Moody's,Revolving Credit Facility,moodys_band,Aaa-A,Downside,10,0.0006398789611131103,0.006262119363047769,V2,SYNTHETIC_DEMO
LPD_REVOLVING_MOODYS_V2,Revolving lifetime PD by Moody's,Revolving Credit Facility,moodys_band,Aaa-A,Downside,11,0.0006423953934854034,0.006904514756533198,V2,SYNTHETIC_DEMO
LPD_REVOLVING_MOODYS_V2,Revolving lifetime PD by Moody's,Revolving Credit Facility,moodys_band,Aaa-A,Downside,12,0.0006447870860290327,0.007549301842562195,V2,SYNTHETIC_DEMO
LPD_REVOLVING_MOODYS_V2,Revolving lifetime PD by Moody's,Revolving Credit Facility,moodys_band,Aaa-A,Downside,13,0.0006470591901435793,0.008196361032705823,V2,SYNTHETIC_DEMO
LPD_REVOLVING_MOODYS_V2,Revolving lifetime PD by Moody's,Revolving Credit Facility,moodys_band,Aaa-A,Downside,14,0.0006492166466522313,0.008845577679358008,V2,SYNTHETIC_DEMO
LPD_REVOLVING_MOODYS_V2,Revolving lifetime PD by Moody's,Revolving Credit Facility,moodys_band,Aaa-A,Downside,15,0.0006512641942834762,0.009496841873641526,V2,SYNTHETIC_DEMO
LPD_REVOLVING_MOODYS_V2,Revolving lifetime PD by Moody's,Revolving Credit Facility,moodys_band,Aaa-A,Downside,16,0.0006532063778207679,0.010150048251462263,V2,SYNTHETIC_DEMO
LPD_REVOLVING_MOODYS_V2,Revolving lifetime PD by Moody's,Revolving Credit Facility,moodys_band,Aaa-A,Downside,17,0.0006550475559327823,0.010805095807395082,V2,SYNTHETIC_DEMO
LPD_REVOLVING_MOODYS_V2,Revolving lifetime PD by Moody's,Revolving Credit Facility,moodys_band,Aaa-A,Downside,18,0.0006567919086971174,0.011461887716092245,V2,SYNTHETIC_DEMO
LPD_REVOLVING_MOODYS_V2,Revolving lifetime PD by Moody's,Revolving Credit Facility,moodys_band,Aaa-A,Downside,19,0.0006584434448264517,0.012120331160918707,V2,SYNTHETIC_DEMO
LPD_REVOLVING_MOODYS_V2,Revolving lifetime PD by Moody's,Revolving Credit Facility,moodys_band,Aaa-A,Downside,20,0.000660006008611011,0.012780337169529754,V2,SYNTHETIC_DEMO
LPD_REVOLVING_MOODYS_V2,Revolving lifetime PD by Moody's,Revolving Credit Facility,moodys_band,Aaa-A,Downside,21,0.0006614832865852439,0.013441820456114972,V2,SYNTHETIC_DEMO
LPD_REVOLVING_MOODYS_V2,Revolving lifetime PD by Moody's,Revolving Credit Facility,moodys_band,Aaa-A,Downside,22,0.0006628788139317406,0.014104699270046761,V2,SYNTHETIC_DEMO
LPD_REVOLVING_MOODYS_V2,Revolving lifetime PD by Moody's,Revolving Credit Facility,moodys_band,Aaa-A,Downside,23,0.0006641959806294713,0.014768895250676262,V2,SYNTHETIC_DEMO
LPD_REVOLVING_MOODYS_V2,Revolving lifetime PD by Moody's,Revolving Credit Facility,moodys_band,Aaa-A,Downside,24,0.0006654380373587487,0.015434333288035007,V2,SYNTHETIC_DEMO
LPD_REVOLVING_MOODYS_V2,Revolving lifetime PD by Moody's,Revolving Credit Facility,moodys_band,Aaa-A,Downside,25,0.000666608101169568,0.016100941389204593,V2,SYNTHETIC_DEMO
LPD_REVOLVING_MOODYS_V2,Revolving lifetime PD by Moody's,Revolving Credit Facility,moodys_band,Aaa-A,Downside,26,0.000667709160925179,0.01676865055012977,V2,SYNTHETIC_DEMO
LPD_REVOLVING_MOODYS_V2,Revolving lifetime PD by Moody's,Revolving Credit Facility,moodys_band,Aaa-A,Downside,27,0.0006687440825266529,0.017437394632656478,V2,SYNTHETIC_DEMO
LPD_REVOLVING_MOODYS_V2,Revolving lifetime PD by Moody's,Revolving Credit Facility,moodys_band,Aaa-A,Downside,28,0.0006697156139290674,0.01810711024658551,V2,SYNTHETIC_DEMO
LPD_REVOLVING_MOODYS_V2,Revolving lifetime PD by Moody's,Revolving Credit Facility,moodys_band,Aaa-A,Downside,29,0.0006706263899561307,0.018777736636541698,V2,SYNTHETIC_DEMO
LPD_REVOLVING_MOODYS_V2,Revolving lifetime PD by Moody's,Revolving Credit Facility,moodys_band,Aaa-A,Downside,30,0.0006714789369214114,0.01944921557346313,V2,SYNTHETIC_DEMO
LPD_REVOLVING_MOODYS_V2,Revolving lifetime PD by Moody's,Revolving Credit Facility,moodys_band,Aaa-A,Downside,31,0.0006722756770639245,0.02012149125052709,V2,SYNTHETIC_DEMO
LPD_REVOLVING_MOODYS_V2,Revolving lifetime PD by Moody's,Revolving Credit Facility,moodys_band,Aaa-A,Downside,32,0.0006730189328048609,0.020794510183332005,V2,SYNTHETIC_DEMO
LPD_REVOLVING_MOODYS_V2,Revolving lifetime PD by Moody's,Revolving Credit Facility,moodys_band,Aaa-A,Downside,33,0.0006737109308327033,0.021468221114164687,V2,SYNTHETIC_DEMO
LPD_REVOLVING_MOODYS_V2,Revolving lifetime PD by Moody's,Revolving Credit Facility,moodys_band,Aaa-A,Downside,34,0.0006743538060234398,0.02214257492018812,V2,SYNTHETIC_DEMO
LPD_REVOLVING_MOODYS_V2,Revolving lifetime PD by Moody's,Revolving Credit Facility,moodys_band,Aaa-A,Downside,35,0.0006749496052025889,0.022817524525390653,V2,SYNTHETIC_DEMO
LPD_REVOLVING_MOODYS_V2,Revolving lifetime PD by Moody's,Revolving Credit Facility,moodys_band,Aaa-A,Downside,36,0.0006755002907539221,0.02349302481614457,V2,SYNTHETIC_DEMO
LPD_REVOLVING_MOODYS_V2,Revolving lifetime PD by Moody's,Revolving Credit Facility,moodys_band,Aaa-A,Downside,37,0.000676007744083893,0.02416903256022851,V2,SYNTHETIC_DEMO
LPD_REVOLVING_MOODYS_V2,Revolving lifetime PD by Moody's,Revolving Credit Facility,moodys_band,Aaa-A,Downside,38,0.0006764737689435123,0.02484550632917204,V2,SYNTHETIC_DEMO
LPD_REVOLVING_MOODYS_V2,Revolving lifetime PD by Moody's,Revolving Credit Facility,moodys_band,Aaa-A,Downside,39,0.0006769000946169044,0.02552240642378889,V2,SYNTHETIC_DEMO
LPD_REVOLVING_MOODYS_V2,Revolving lifetime PD by Moody's,Revolving Credit Facility,moodys_band,Aaa-A,Downside,40,0.0006772883789794814,0.026199694802768403,V2,SYNTHETIC_DEMO
LPD_REVOLVING_MOODYS_V2,Revolving lifetime PD by Moody's,Revolving Credit Facility,moodys_band,Aaa-A,Downside,41,0.0006776402114322505,0.026877335014200643,V2,SYNTHETIC_DEMO
LPD_REVOLVING_MOODYS_V2,Revolving lifetime PD by Moody's,Revolving Credit Facility,moodys_band,Aaa-A,Downside,42,0.0006779571157163859,0.02755529212991703,V2,SYNTHETIC_DEMO
LPD_REVOLVING_MOODYS_V2,Revolving lifetime PD by Moody's,Revolving Credit Facility,moodys_band,Aaa-A,Downside,43,0.0006782405526133807,0.02823353268253037,V2,SYNTHETIC_DEMO
LPD_REVOLVING_MOODYS_V2,Revolving lifetime PD by Moody's,Revolving Credit Facility,moodys_band,Aaa-A,Downside,44,0.0006784919225347939,0.028912024605065145,V2,SYNTHETIC_DEMO
LPD_REVOLVING_MOODYS_V2,Revolving lifetime PD by Moody's,Revolving Credit Facility,moodys_band,Aaa-A,Downside,45,0.0006787125680071124,0.029590737173072257,V2,SYNTHETIC_DEMO
LPD_REVOLVING_MOODYS_V2,Revolving lifetime PD by Moody's,Revolving Credit Facility,moodys_band,Aaa-A,Downside,46,0.0006789037760538974,0.03026964094912621,V2,SYNTHETIC_DEMO
LPD_REVOLVING_MOODYS_V2,Revolving lifetime PD by Moody's,Revolving Credit Facility,moodys_band,Aaa-A,Downside,47,0.0006790667804820174,0.030948707729608227,V2,SYNTHETIC_DEMO
LPD_REVOLVING_MOODYS_V2,Revolving lifetime PD by Moody's,Revolving Credit Facility,moodys_band,Aaa-A,Downside,48,0.0006792027640734735,0.03162791049368174,V2,SYNTHETIC_DEMO
LPD_REVOLVING_MOODYS_V2,Revolving lifetime PD by Moody's,Revolving Credit Facility,moodys_band,Aaa-A,Downside,49,0.0006793128606880953,0.03230722335436986,V2,SYNTHETIC_DEMO
LPD_REVOLVING_MOODYS_V2,Revolving lifetime PD by Moody's,Revolving Credit Facility,moodys_band,Aaa-A,Downside,50,0.0006793981572796779,0.03298662151164955,V2,SYNTHETIC_DEMO
LPD_REVOLVING_MOODYS_V2,Revolving lifetime PD by Moody's,Revolving Credit Facility,moodys_band,Aaa-A,Downside,51,0.0006794596958302804,0.033666081207479825,V2,SYNTHETIC_DEMO
LPD_REVOLVING_MOODYS_V2,Revolving lifetime PD by Moody's,Revolving Credit Facility,moodys_band,Aaa-A,Downside,52,0.0006794984752041658,0.034345579682684035,V2,SYNTHETIC_DEMO
LPD_REVOLVING_MOODYS_V2,Revolving lifetime PD by Moody's,Revolving Credit Facility,moodys_band,Aaa-A,Downside,53,0.00067951545292748,0.03502509513561147,V2,SYNTHETIC_DEMO
LPD_REVOLVING_MOODYS_V2,Revolving lifetime PD by Moody's,Revolving Credit Facility,moodys_band,Aaa-A,Downside,54,0.0006795115468925586,0.03570460668250408,V2,SYNTHETIC_DEMO
LPD_REVOLVING_MOODYS_V2,Revolving lifetime PD by Moody's,Revolving Credit Facility,moodys_band,Aaa-A,Downside,55,0.000679487636994976,0.03638409431949907,V2,SYNTHETIC_DEMO
LPD_REVOLVING_MOODYS_V2,Revolving lifetime PD by Moody's,Revolving Credit Facility,moodys_band,Aaa-A,Downside,56,0.0006794445667009258,0.037063538886199954,V2,SYNTHETIC_DEMO
LPD_REVOLVING_MOODYS_V2,Revolving lifetime PD by Moody's,Revolving Credit Facility,moodys_band,Aaa-A,Downside,57,0.0006793831445518456,0.0377429220307518,V2,SYNTHETIC_DEMO
LPD_REVOLVING_MOODYS_V2,Revolving lifetime PD by Moody's,Revolving Credit Facility,moodys_band,Aaa-A,Downside,58,0.0006793041456067533,0.0384222261763586,V2,SYNTHETIC_DEMO
LPD_REVOLVING_MOODYS_V2,Revolving lifetime PD by Moody's,Revolving Credit Facility,moodys_band,Aaa-A,Downside,59,0.0006792083128249033,0.03910143448918346,V2,SYNTHETIC_DEMO
LPD_REVOLVING_MOODYS_V2,Revolving lifetime PD by Moody's,Revolving Credit Facility,moodys_band,Aaa-A,Downside,60,0.0006790963583924276,0.039780530847575934,V2,SYNTHETIC_DEMO
LPD_REVOLVING_MOODYS_V2,Revolving lifetime PD by Moody's,Revolving Credit Facility,moodys_band,Aaa-A,Downside,61,0.0006789689649934109,0.040459499812569355,V2,SYNTHETIC_DEMO
LPD_REVOLVING_MOODYS_V2,Revolving lifetime PD by Moody's,Revolving Credit Facility,moodys_band,Aaa-A,Downside,62,0.0006788267870291546,0.041138326599598485,V2,SYNTHETIC_DEMO
LPD_REVOLVING_MOODYS_V2,Revolving lifetime PD by Moody's,Revolving Credit Facility,moodys_band,Aaa-A,Downside,63,0.0006786704517878794,0.04181699705138642,V2,SYNTHETIC_DEMO
LPD_REVOLVING_MOODYS_V2,Revolving lifetime PD by Moody's,Revolving Credit Facility,moodys_band,Aaa-A,Downside,64,0.0006785005605647593,0.04249549761195115,V2,SYNTHETIC_DEMO
LPD_REVOLVING_MOODYS_V2,Revolving lifetime PD by Moody's,Revolving Credit Facility,moodys_band,Aaa-A,Downside,65,0.0006783176897370842,0.04317381530168818,V2,SYNTHETIC_DEMO
LPD_REVOLVING_MOODYS_V2,Revolving lifetime PD by Moody's,Revolving Credit Facility,moodys_band,Aaa-A,Downside,66,0.0006781223917950649,0.04385193769348328,V2,SYNTHETIC_DEMO
LPD_REVOLVING_MOODYS_V2,Revolving lifetime PD by Moody's,Revolving Credit Facility,moodys_band,Aaa-A,Downside,67,0.0006779151963290137,0.04452985288981226,V2,SYNTHETIC_DEMO
LPD_REVOLVING_MOODYS_V2,Revolving lifetime PD by Moody's,Revolving Credit Facility,moodys_band,Aaa-A,Downside,68,0.0006776966109772356,0.045207549500789534,V2,SYNTHETIC_DEMO
LPD_REVOLVING_MOODYS_V2,Revolving lifetime PD by Moody's,Revolving Credit Facility,moodys_band,Aaa-A,Downside,69,0.0006774671223339601,0.0458850166231235,V2,SYNTHETIC_DEMO
LPD_REVOLVING_MOODYS_V2,Revolving lifetime PD by Moody's,Revolving Credit Facility,moodys_band,Aaa-A,Downside,70,0.0006772271968201482,0.04656224381994367,V2,SYNTHETIC_DEMO
LPD_REVOLVING_MOODYS_V2,Revolving lifetime PD by Moody's,Revolving Credit Facility,moodys_band,Aaa-A,Downside,71,0.00067697728151798,0.047239221101461615,V2,SYNTHETIC_DEMO
LPD_REVOLVING_MOODYS_V2,Revolving lifetime PD by Moody's,Revolving Credit Facility,moodys_band,Aaa-A,Downside,72,0.0006767178049718386,0.04791593890643342,V2,SYNTHETIC_DEMO
LPD_REVOLVING_MOODYS_V2,Revolving lifetime PD by Moody's,Revolving Credit Facility,moodys_band,Aaa-A,Downside,73,0.0006764491779547836,0.04859238808438815,V2,SYNTHETIC_DEMO
LPD_REVOLVING_MOODYS_V2,Revolving lifetime PD by Moody's,Revolving Credit Facility,moodys_band,Aaa-A,Downside,74,0.0006761717942050097,0.04926855987859313,V2,SYNTHETIC_DEMO
LPD_REVOLVING_MOODYS_V2,Revolving lifetime PD by Moody's,Revolving Credit Facility,moodys_band,Aaa-A,Downside,75,0.000675886031130532,0.04994444590972369,V2,SYNTHETIC_DEMO
LPD_REVOLVING_MOODYS_V2,Revolving lifetime PD by Moody's,Revolving Credit Facility,moodys_band,Aaa-A,Downside,76,0.0006755922504852028,0.05062003816020888,V2,SYNTHETIC_DEMO
LPD_REVOLVING_MOODYS_V2,Revolving lifetime PD by Moody's,Revolving Credit Facility,moodys_band,Aaa-A,Downside,77,0.0006752907990175718,0.051295328959226505,V2,SYNTHETIC_DEMO
LPD_REVOLVING_MOODYS_V2,Revolving lifetime PD by Moody's,Revolving Credit Facility,moodys_band,Aaa-A,Downside,78,0.0006749820090914504,0.051970310968317945,V2,SYNTHETIC_DEMO
LPD_REVOLVING_MOODYS_V2,Revolving lifetime PD by Moody's,Revolving Credit Facility,moodys_band,Aaa-A,Downside,79,0.0006746661992824291,0.052644977167600415,V2,SYNTHETIC_DEMO
LPD_REVOLVING_MOODYS_V2,Revolving lifetime PD by Moody's,Revolving Credit Facility,moodys_band,Aaa-A,Downside,80,0.0006743436749482513,0.053319320842548645,V2,SYNTHETIC_DEMO
LPD_REVOLVING_MOODYS_V2,Revolving lifetime PD by Moody's,Revolving Credit Facility,moodys_band,Aaa-A,Downside,81,0.0006740147287766438,0.05399333557132524,V2,SYNTHETIC_DEMO
LPD_REVOLVING_MOODYS_V2,Revolving lifetime PD by Moody's,Revolving Credit Facility,moodys_band,Aaa-A,Downside,82,0.0006736796413103971,0.05466701521263562,V2,SYNTHETIC_DEMO
LPD_REVOLVING_MOODYS_V2,Revolving lifetime PD by Moody's,Revolving Credit Facility,moodys_band,Aaa-A,Downside,83,0.000673338681449914,0.05534035389408554,V2,SYNTHETIC_DEMO
LPD_REVOLVING_MOODYS_V2,Revolving lifetime PD by Moody's,Revolving Credit Facility,moodys_band,Aaa-A,Downside,84,0.0006729921069359601,0.05601334600102148,V2,SYNTHETIC_DEMO
LPD_REVOLVING_MOODYS_V2,Revolving lifetime PD by Moody's,Revolving Credit Facility,moodys_band,Baa,Downside,1,0.001720276944165322,0.001720276944165322,V2,SYNTHETIC_DEMO
LPD_REVOLVING_MOODYS_V2,Revolving lifetime PD by Moody's,Revolving Credit Facility,moodys_band,Baa,Downside,2,0.0017294450732886835,0.003449722017453971,V2,SYNTHETIC_DEMO
LPD_REVOLVING_MOODYS_V2,Revolving lifetime PD by Moody's,Revolving Credit Facility,moodys_band,Baa,Downside,3,0.00173806286204726,0.005187784879501223,V2,SYNTHETIC_DEMO
LPD_REVOLVING_MOODYS_V2,Revolving lifetime PD by Moody's,Revolving Credit Facility,moodys_band,Baa,Downside,4,0.001746153465176681,0.006933938344677926,V2,SYNTHETIC_DEMO
LPD_REVOLVING_MOODYS_V2,Revolving lifetime PD by Moody's,Revolving Credit Facility,moodys_band,Baa,Downside,5,0.0017537391042494318,0.0086876774489274,V2,SYNTHETIC_DEMO
LPD_REVOLVING_MOODYS_V2,Revolving lifetime PD by Moody's,Revolving Credit Facility,moodys_band,Baa,Downside,6,0.0017608411029491416,0.010448518551876562,V2,SYNTHETIC_DEMO
LPD_REVOLVING_MOODYS_V2,Revolving lifetime PD by Moody's,Revolving Credit Facility,moodys_band,Baa,Downside,7,0.00176747992120665,0.01221599847308319,V2,SYNTHETIC_DEMO
LPD_REVOLVING_MOODYS_V2,Revolving lifetime PD by Moody's,Revolving Credit Facility,moodys_band,Baa,Downside,8,0.0017736751882160154,0.013989673661299218,V2,SYNTHETIC_DEMO
LPD_REVOLVING_MOODYS_V2,Revolving lifetime PD by Moody's,Revolving Credit Facility,moodys_band,Baa,Downside,9,0.0017794457343532366,0.01576911939565251,V2,SYNTHETIC_DEMO
LPD_REVOLVING_MOODYS_V2,Revolving lifetime PD by Moody's,Revolving Credit Facility,moodys_band,Baa,Downside,10,0.0017848096220181749,0.017553929017670722,V2,SYNTHETIC_DEMO
LPD_REVOLVING_MOODYS_V2,Revolving lifetime PD by Moody's,Revolving Credit Facility,moodys_band,Baa,Downside,11,0.0017897841754237025,0.01934371319309447,V2,SYNTHETIC_DEMO
LPD_REVOLVING_MOODYS_V2,Revolving lifetime PD by Moody's,Revolving Credit Facility,moodys_band,Baa,Downside,12,0.0017943860093553403,0.0211380992024498,V2,SYNTHETIC_DEMO
LPD_REVOLVING_MOODYS_V2,Revolving lifetime PD by Moody's,Revolving Credit Facility,moodys_band,Baa,Downside,13,0.0017986310569271882,0.022936730259377036,V2,SYNTHETIC_DEMO
LPD_REVOLVING_MOODYS_V2,Revolving lifetime PD by Moody's,Revolving Credit Facility,moodys_band,Baa,Downside,14,0.0018025345963570603,0.024739264855734078,V2,SYNTHETIC_DEMO
LPD_REVOLVING_MOODYS_V2,Revolving lifetime PD by Moody's,Revolving Credit Facility,moodys_band,Baa,Downside,15,0.0018061112767883145,0.02654537613252239,V2,SYNTHETIC_DEMO
LPD_REVOLVING_MOODYS_V2,Revolving lifetime PD by Moody's,Revolving Credit Facility,moodys_band,Baa,Downside,16,0.0018093751431829655,0.028354751275705303,V2,SYNTHETIC_DEMO
LPD_REVOLVING_MOODYS_V2,Revolving lifetime PD by Moody's,Revolving Credit Facility,moodys_band,Baa,Downside,17,0.001812339660311137,0.03016709093601644,V2,SYNTHETIC_DEMO
LPD_REVOLVING_MOODYS_V2,Revolving lifetime PD by Moody's,Revolving Credit Facility,moodys_band,Baa,Downside,18,0.0018150177358643874,0.03198210867188078,V2,SYNTHETIC_DEMO
LPD_REVOLVING_MOODYS_V2,Revolving lifetime PD by Moody's,Revolving Credit Facility,moodys_band,Baa,Downside,19,0.0018174217427164231,0.033799530414597156,V2,SYNTHETIC_DEMO
LPD_REVOLVING_MOODYS_V2,Revolving lifetime PD by Moody's,Revolving Credit Facility,moodys_band,Baa,Downside,20,0.0018195635403585773,0.03561909395495577,V2,SYNTHETIC_DEMO
LPD_REVOLVING_MOODYS_V2,Revolving lifetime PD by Moody's,Revolving Credit Facility,moodys_band,Baa,Downside,21,0.001821454495533006,0.03744054845048883,V2,SYNTHETIC_DEMO
LPD_REVOLVING_MOODYS_V2,Revolving lifetime PD by Moody's,Revolving Credit Facility,moodys_band,Baa,Downside,22,0.001823105502091929,0.0392636539525808,V2,SYNTHETIC_DEMO
LPD_REVOLVING_MOODYS_V2,Revolving lifetime PD by Moody's,Revolving Credit Facility,moodys_band,Baa,Downside,23,0.001824527000103533,0.041088180952684294,V2,SYNTHETIC_DEMO
LPD_REVOLVING_MOODYS_V2,Revolving lifetime PD by Moody's,Revolving Credit Facility,moodys_band,Baa,Downside,24,0.0018257289942325123,0.042913909946916795,V2,SYNTHETIC_DEMO
LPD_REVOLVING_MOODYS_V2,Revolving lifetime PD by Moody's,Revolving Credit Facility,moodys_band,Baa,Downside,25,0.0018267210714161383,0.04474063101833292,V2,SYNTHETIC_DEMO
LPD_REVOLVING_MOODYS_V2,Revolving lifetime PD by Moody's,Revolving Credit Facility,moodys_band,Baa,Downside,26,0.0018275124178616959,0.04656814343619464,V2,SYNTHETIC_DEMO
LPD_REVOLVING_MOODYS_V2,Revolving lifetime PD by Moody's,Revolving Credit Facility,moodys_band,Baa,Downside,27,0.0018281118353859868,0.048396255271580646,V2,SYNTHETIC_DEMO
LPD_REVOLVING_MOODYS_V2,Revolving lifetime PD by Moody's,Revolving Credit Facility,moodys_band,Baa,Downside,28,0.0018285277571215605,0.05022478302870226,V2,SYNTHETIC_DEMO
LPD_REVOLVING_MOODYS_V2,Revolving lifetime PD by Moody's,Revolving Credit Facility,moodys_band,Baa,Downside,29,0.0018287682626098546,0.05205355129131206,V2,SYNTHETIC_DEMO
LPD_REVOLVING_MOODYS_V2,Revolving lifetime PD by Moody's,Revolving Credit Facility,moodys_band,Baa,Downside,30,0.001828841092303285,0.05388239238361536,V2,SYNTHETIC_DEMO
LPD_REVOLVING_MOODYS_V2,Revolving lifetime PD by Moody's,Revolving Credit Facility,moodys_band,Baa,Downside,31,0.0018287536614974744,0.05571114604511285,V2,SYNTHETIC_DEMO
LPD_REVOLVING_MOODYS_V2,Revolving lifetime PD by Moody's,Revolving Credit Facility,moodys_band,Baa,Downside,32,0.001828513073713945,0.05753965911882675,V2,SYNTHETIC_DEMO
LPD_REVOLVING_MOODYS_V2,Revolving lifetime PD by Moody's,Revolving Credit Facility,moodys_band,Baa,Downside,33,0.0018281261335522706,0.05936778525237907,V2,SYNTHETIC_DEMO
LPD_REVOLVING_MOODYS_V2,Revolving lifetime PD by Moody's,Revolving Credit Facility,moodys_band,Baa,Downside,34,0.0018275993590317647,0.06119538461141083,V2,SYNTHETIC_DEMO
LPD_REVOLVING_MOODYS_V2,Revolving lifetime PD by Moody's,Revolving Credit Facility,moodys_band,Baa,Downside,35,0.0018269389934411958,0.06302232360485205,V2,SYNTHETIC_DEMO
LPD_REVOLVING_MOODYS_V2,Revolving lifetime PD by Moody's,Revolving Credit Facility,moodys_band,Baa,Downside,36,0.0018261510167147765,0.06484847462156684,V2,SYNTHETIC_DEMO
LPD_REVOLVING_MOODYS_V2,Revolving lifetime PD by Moody's,Revolving Credit Facility,moodys_band,Baa,Downside,37,0.0018252411563514852,0.06667371577791836,V2,SYNTHETIC_DEMO
LPD_REVOLVING_MOODYS_V2,Revolving lifetime PD by Moody's,Revolving Credit Facility,moodys_band,Baa,Downside,38,0.0018242148978953347,0.06849793067581367,V2,SYNTHETIC_DEMO
LPD_REVOLVING_MOODYS_V2,Revolving lifetime PD by Moody's,Revolving Credit Facility,moodys_band,Baa,Downside,39,0.0018230774949934947,0.07032100817080711,V2,SYNTHETIC_DEMO
LPD_REVOLVING_MOODYS_V2,Revolving lifetime PD by Moody's,Revolving Credit Facility,moodys_band,Baa,Downside,40,0.0018218339790467871,0.07214284214985389,V2,SYNTHETIC_DEMO
LPD_REVOLVING_MOODYS_V2,Revolving lifetime PD by Moody's,Revolving Credit Facility,moodys_band,Baa,Downside,41,0.0018204891684702941,0.07396333131832422,V2,SYNTHETIC_DEMO
LPD_REVOLVING_MOODYS_V2,Revolving lifetime PD by Moody's,Revolving Credit Facility,moodys_band,Baa,Downside,42,0.0018190476775763085,0.07578237899590057,V2,SYNTHETIC_DEMO
LPD_REVOLVING_MOODYS_V2,Revolving lifetime PD by Moody's,Revolving Credit Facility,moodys_band,Baa,Downside,43,0.0018175139250970016,0.07759989292099756,V2,SYNTHETIC_DEMO
LPD_REVOLVING_MOODYS_V2,Revolving lifetime PD by Moody's,Revolving Credit Facility,moodys_band,Baa,Downside,44,0.0018158921423585698,0.07941578506335611,V2,SYNTHETIC_DEMO
LPD_REVOLVING_MOODYS_V2,Revolving lifetime PD by Moody's,Revolving Credit Facility,moodys_band,Baa,Downside,45,0.001814186381121581,0.08122997144447774,V2,SYNTHETIC_DEMO
LPD_REVOLVING_MOODYS_V2,Revolving lifetime PD by Moody's,Revolving Credit Facility,moodys_band,Baa,Downside,46,0.0018124005210996125,0.0830423719655774,V2,SYNTHETIC_DEMO
LPD_REVOLVING_MOODYS_V2,Revolving lifetime PD by Moody's,Revolving Credit Facility,moodys_band,Baa,Downside,47,0.0018105382771702791,0.08485291024274766,V2,SYNTHETIC_DEMO
LPD_REVOLVING_MOODYS_V2,Revolving lifetime PD by Moody's,Revolving Credit Facility,moodys_band,Baa,Downside,48,0.0018086032062893012,0.08666151344903694,V2,SYNTHETIC_DEMO
LPD_REVOLVING_MOODYS_V2,Revolving lifetime PD by Moody's,Revolving Credit Facility,moodys_band,Baa,Downside,49,0.0018065987141193446,0.08846811216315631,V2,SYNTHETIC_DEMO
LPD_REVOLVING_MOODYS_V2,Revolving lifetime PD by Moody's,Revolving Credit Facility,moodys_band,Baa,Downside,50,0.0018045280613869154,0.09027264022454318,V2,SYNTHETIC_DEMO
LPD_REVOLVING_MOODYS_V2,Revolving lifetime PD by Moody's,Revolving Credit Facility,moodys_band,Baa,Downside,51,0.001802394369975234,0.09207503459451838,V2,SYNTHETIC_DEMO
LPD_REVOLVING_MOODYS_V2,Revolving lifetime PD by Moody's,Revolving Credit Facility,moodys_band,Baa,Downside,52,0.0018002006287659324,0.09387523522328434,V2,SYNTHETIC_DEMO
LPD_REVOLVING_MOODYS_V2,Revolving lifetime PD by Moody's,Revolving Credit Facility,moodys_band,Baa,Downside,53,0.001797949699238384,0.09567318492252275,V2,SYNTHETIC_DEMO
LPD_REVOLVING_MOODYS_V2,Revolving lifetime PD by Moody's,Revolving Credit Facility,moodys_band,Baa,Downside,54,0.0017956443208370235,0.09746882924335976,V2,SYNTHETIC_DEMO
LPD_REVOLVING_MOODYS_V2,Revolving lifetime PD by Moody's,Revolving Credit Facility,moodys_band,Baa,Downside,55,0.001793287116115632,0.09926211635947535,V2,SYNTHETIC_DEMO
LPD_REVOLVING_MOODYS_V2,Revolving lifetime PD by Moody's,Revolving Credit Facility,moodys_band,Baa,Downside,56,0.0017908805956677884,0.10105299695514314,V2,SYNTHETIC_DEMO
LPD_REVOLVING_MOODYS_V2,Revolving lifetime PD by Moody's,Revolving Credit Facility,moodys_band,Baa,Downside,57,0.0017884271628519166,0.10284142411799502,V2,SYNTHETIC_DEMO
LPD_REVOLVING_MOODYS_V2,Revolving lifetime PD by Moody's,Revolving Credit Facility,moodys_band,Baa,Downside,58,0.0017859291183195793,0.10462735323631456,V2,SYNTHETIC_DEMO
LPD_REVOLVING_MOODYS_V2,Revolving lifetime PD by Moody's,Revolving Credit Facility,moodys_band,Baa,Downside,59,0.001783388664354799,0.10641074190066935,V2,SYNTHETIC_DEMO
LPD_REVOLVING_MOODYS_V2,Revolving lifetime PD by Moody's,Revolving Credit Facility,moodys_band,Baa,Downside,60,0.001780807909032015,0.10819154980970136,V2,SYNTHETIC_DEMO
LPD_REVOLVING_MOODYS_V2,Revolving lifetime PD by Moody's,Revolving Credit Facility,moodys_band,Baa,Downside,61,0.0017781888702006108,0.10996973867990201,V2,SYNTHETIC_DEMO
LPD_REVOLVING_MOODYS_V2,Revolving lifetime PD by Moody's,Revolving Credit Facility,moodys_band,Baa,Downside,62,0.001775533479302085,0.11174527215920405,V2,SYNTHETIC_DEMO
LPD_REVOLVING_MOODYS_V2,Revolving lifetime PD by Moody's,Revolving Credit Facility,moodys_band,Baa,Downside,63,0.001772843585028058,0.1135181157442321,V2,SYNTHETIC_DEMO
LPD_REVOLVING_MOODYS_V2,Revolving lifetime PD by Moody's,Revolving Credit Facility,moodys_band,Baa,Downside,64,0.0017701209568243568,0.11528823670105648,V2,SYNTHETIC_DEMO
LPD_REVOLVING_MOODYS_V2,Revolving lifetime PD by Moody's,Revolving Credit Facility,moodys_band,Baa,Downside,65,0.0017673672882483407,0.11705560398930481,V2,SYNTHETIC_DEMO
LPD_REVOLVING_MOODYS_V2,Revolving lifetime PD by Moody's,Revolving Credit Facility,moodys_band,Baa,Downside,66,0.0017645842001856676,0.11882018818949047,V2,SYNTHETIC_DEMO
LPD_REVOLVING_MOODYS_V2,Revolving lifetime PD by Moody's,Revolving Credit Facility,moodys_band,Baa,Downside,67,0.0017617732439309647,0.12058196143342148,V2,SYNTHETIC_DEMO
LPD_REVOLVING_MOODYS_V2,Revolving lifetime PD by Moody's,Revolving Credit Facility,moodys_band,Baa,Downside,68,0.0017589359041398623,0.12234089733756137,V2,SYNTHETIC_DEMO
LPD_REVOLVING_MOODYS_V2,Revolving lifetime PD by Moody's,Revolving Credit Facility,moodys_band,Baa,Downside,69,0.0017560736016564334,0.12409697093921779,V2,SYNTHETIC_DEMO
LPD_REVOLVING_MOODYS_V2,Revolving lifetime PD by Moody's,Revolving Credit Facility,moodys_band,Baa,Downside,70,0.0017531876962215052,0.12585015863543925,V2,SYNTHETIC_DEMO
LPD_REVOLVING_MOODYS_V2,Revolving lifetime PD by Moody's,Revolving Credit Facility,moodys_band,Baa,Downside,71,0.0017502794890671498,0.1276004381245064,V2,SYNTHETIC_DEMO
LPD_REVOLVING_MOODYS_V2,Revolving lifetime PD by Moody's,Revolving Credit Facility,moodys_band,Baa,Downside,72,0.0017473502254017209,0.12934778834990812,V2,SYNTHETIC_DEMO
LPD_REVOLVING_MOODYS_V2,Revolving lifetime PD by Moody's,Revolving Credit Facility,moodys_band,Baa,Downside,73,0.0017444010967896616,0.13109218944669776,V2,SYNTHETIC_DEMO
LPD_REVOLVING_MOODYS_V2,Revolving lifetime PD by Moody's,Revolving Credit Facility,moodys_band,Baa,Downside,74,0.0017414332434317037,0.13283362269012944,V2,SYNTHETIC_DEMO
LPD_REVOLVING_MOODYS_V2,Revolving lifetime PD by Moody's,Revolving Credit Facility,moodys_band,Baa,Downside,75,0.0017384477563477303,0.13457207044647712,V2,SYNTHETIC_DEMO
LPD_REVOLVING_MOODYS_V2,Revolving lifetime PD by Moody's,Revolving Credit Facility,moodys_band,Baa,Downside,76,0.0017354456794685972,0.13630751612594572,V2,SYNTHETIC_DEMO
LPD_REVOLVING_MOODYS_V2,Revolving lifetime PD by Moody's,Revolving Credit Facility,moodys_band,Baa,Downside,77,0.0017324280116386038,0.13803994413758436,V2,SYNTHETIC_DEMO
LPD_REVOLVING_MOODYS_V2,Revolving lifetime PD by Moody's,Revolving Credit Facility,moodys_band,Baa,Downside,78,0.0017293957085335549,0.13976933984611795,V2,SYNTHETIC_DEMO
LPD_REVOLVING_MOODYS_V2,Revolving lifetime PD by Moody's,Revolving Credit Facility,moodys_band,Baa,Downside,79,0.0017263496844980423,0.14149568953061598,V2,SYNTHETIC_DEMO
LPD_REVOLVING_MOODYS_V2,Revolving lifetime PD by Moody's,Revolving Credit Facility,moodys_band,Baa,Downside,80,0.0017232908143040967,0.1432189803449201,V2,SYNTHETIC_DEMO
LPD_REVOLVING_MOODYS_V2,Revolving lifetime PD by Moody's,Revolving Credit Facility,moodys_band,Baa,Downside,81,0.0017202199348367682,0.14493920027975682,V2,SYNTHETIC_DEMO
LPD_REVOLVING_MOODYS_V2,Revolving lifetime PD by Moody's,Revolving Credit Facility,moodys_band,Baa,Downside,82,0.0017171378467066975,0.1466563381264635,V2,SYNTHETIC_DEMO
LPD_REVOLVING_MOODYS_V2,Revolving lifetime PD by Moody's,Revolving Credit Facility,moodys_band,Baa,Downside,83,0.0017140453157956262,0.14837038344225917,V2,SYNTHETIC_DEMO
LPD_REVOLVING_MOODYS_V2,Revolving lifetime PD by Moody's,Revolving Credit Facility,moodys_band,Baa,Downside,84,0.001710943074735505,0.15008132651699468,V2,SYNTHETIC_DEMO
LPD_REVOLVING_MOODYS_V2,Revolving lifetime PD by Moody's,Revolving Credit Facility,moodys_band,Ba,Downside,1,0.0050043033680396976,0.0050043033680396976,V2,SYNTHETIC_DEMO
LPD_REVOLVING_MOODYS_V2,Revolving lifetime PD by Moody's,Revolving Credit Facility,moodys_band,Ba,Downside,2,0.005015075765451355,0.010019379133491046,V2,SYNTHETIC_DEMO
LPD_REVOLVING_MOODYS_V2,Revolving lifetime PD by Moody's,Revolving Credit Facility,moodys_band,Ba,Downside,3,0.005023992262600997,0.01504337139609202,V2,SYNTHETIC_DEMO
LPD_REVOLVING_MOODYS_V2,Revolving lifetime PD by Moody's,Revolving Credit Facility,moodys_band,Ba,Downside,4,0.005031140578795789,0.020074511974887854,V2,SYNTHETIC_DEMO
LPD_REVOLVING_MOODYS_V2,Revolving lifetime PD by Moody's,Revolving Credit Facility,moodys_band,Ba,Downside,5,0.0050366048870042306,0.025111116861892047,V2,SYNTHETIC_DEMO
LPD_REVOLVING_MOODYS_V2,Revolving lifetime PD by Moody's,Revolving Credit Facility,moodys_band,Ba,Downside,6,0.005040465931530012,0.030151582793422005,V2,SYNTHETIC_DEMO
LPD_REVOLVING_MOODYS_V2,Revolving lifetime PD by Moody's,Revolving Credit Facility,moodys_band,Ba,Downside,7,0.005042801144016526,0.03519438393743857,V2,SYNTHETIC_DEMO
LPD_REVOLVING_MOODYS_V2,Revolving lifetime PD by Moody's,Revolving Credit Facility,moodys_band,Ba,Downside,8,0.00504368475756354,0.04023806869500213,V2,SYNTHETIC_DEMO
LPD_REVOLVING_MOODYS_V2,Revolving lifetime PD by Moody's,Revolving Credit Facility,moodys_band,Ba,Downside,9,0.005043187918772543,0.04528125661377469,V2,SYNTHETIC_DEMO
LPD_REVOLVING_MOODYS_V2,Revolving lifetime PD by Moody's,Revolving Credit Facility,moodys_band,Ba,Downside,10,0.005041378797561781,0.050322635411336525,V2,SYNTHETIC_DEMO
LPD_REVOLVING_MOODYS_V2,Revolving lifetime PD by Moody's,Revolving Credit Facility,moodys_band,Ba,Downside,11,0.005038322694621331,0.05536095810595787,V2,SYNTHETIC_DEMO
LPD_REVOLVING_MOODYS_V2,Revolving lifetime PD by Moody's,Revolving Credit Facility,moodys_band,Ba,Downside,12,0.005034082146401975,0.060395040252359866,V2,SYNTHETIC_DEMO
LPD_REVOLVING_MOODYS_V2,Revolving lifetime PD by Moody's,Revolving Credit Facility,moodys_band,Ba,Downside,13,0.00502871702755099,0.0654237572799109,V2,SYNTHETIC_DEMO
LPD_REVOLVING_MOODYS_V2,Revolving lifetime PD by Moody's,Revolving Credit Facility,moodys_band,Ba,Downside,14,0.005022284650729359,0.0704460419306403,V2,SYNTHETIC_DEMO
LPD_REVOLVING_MOODYS_V2,Revolving lifetime PD by Moody's,Revolving Credit Facility,moodys_band,Ba,Downside,15,0.005014839863761219,0.07546088179440147,V2,SYNTHETIC_DEMO
LPD_REVOLVING_MOODYS_V2,Revolving lifetime PD by Moody's,Revolving Credit Facility,moodys_band,Ba,Downside,16,0.0050064351440813094,0.08046731693848275,V2,SYNTHETIC_DEMO
LPD_REVOLVING_MOODYS_V2,Revolving lifetime PD by Moody's,Revolving Credit Facility,moodys_band,Ba,Downside,17,0.004997120690462062,0.08546443762894484,V2,SYNTHETIC_DEMO
LPD_REVOLVING_MOODYS_V2,Revolving lifetime PD by Moody's,Revolving Credit Facility,moodys_band,Ba,Downside,18,0.004986944512010421,0.09045138214095527,V2,SYNTHETIC_DEMO
LPD_REVOLVING_MOODYS_V2,Revolving lifetime PD by Moody's,Revolving Credit Facility,moodys_band,Ba,Downside,19,0.004975952514438884,0.0954273346553941,V2,SYNTHETIC_DEMO
LPD_REVOLVING_MOODYS_V2,Revolving lifetime PD by Moody's,Revolving Credit Facility,moodys_band,Ba,Downside,20,0.00496418858362355,0.10039152323901768,V2,SYNTHETIC_DEMO
LPD_REVOLVING_MOODYS_V2,Revolving lifetime PD by Moody's,Revolving Credit Facility,moodys_band,Ba,Downside,21,0.004951694666469955,0.10534321790548762,V2,SYNTHETIC_DEMO
LPD_REVOLVING_MOODYS_V2,Revolving lifetime PD by Moody's,Revolving Credit Facility,moodys_band,Ba,Downside,22,0.004938510849113654,0.1102817287546013,V2,SYNTHETIC_DEMO
LPD_REVOLVING_MOODYS_V2,Revolving lifetime PD by Moody's,Revolving Credit Facility,moodys_band,Ba,Downside,23,0.004924675432493292,0.1152064041870946,V2,SYNTHETIC_DEMO
LPD_REVOLVING_MOODYS_V2,Revolving lifetime PD by Moody's,Revolving Credit Facility,moodys_band,Ba,Downside,24,0.004910225005333551,0.12011662919242816,V2,SYNTHETIC_DEMO
LPD_REVOLVING_MOODYS_V2,Revolving lifetime PD by Moody's,Revolving Credit Facility,moodys_band,Ba,Downside,25,0.004895194514583473,0.12501182370701158,V2,SYNTHETIC_DEMO
LPD_REVOLVING_MOODYS_V2,Revolving lifetime PD by Moody's,Revolving Credit Facility,moodys_band,Ba,Downside,26,0.004879617333360551,0.1298914410403721,V2,SYNTHETIC_DEMO
LPD_REVOLVING_MOODYS_V2,Revolving lifetime PD by Moody's,Revolving Credit Facility,moodys_band,Ba,Downside,27,0.004863525326449984,0.13475496636682205,V2,SYNTHETIC_DEMO
LPD_REVOLVING_MOODYS_V2,Revolving lifetime PD by Moody's,Revolving Credit Facility,moodys_band,Ba,Downside,28,0.004846948913416456,0.13960191528023846,V2,SYNTHETIC_DEMO
LPD_REVOLVING_MOODYS_V2,Revolving lifetime PD by Moody's,Revolving Credit Facility,moodys_band,Ba,Downside,29,0.004829917129383672,0.1444318324096221,V2,SYNTHETIC_DEMO
LPD_REVOLVING_MOODYS_V2,Revolving lifetime PD by Moody's,Revolving Credit Facility,moodys_band,Ba,Downside,30,0.004812457683541435,0.14924429009316353,V2,SYNTHETIC_DEMO
LPD_REVOLVING_MOODYS_V2,Revolving lifetime PD by Moody's,Revolving Credit Facility,moodys_band,Ba,Downside,31,0.0047945970154395015,0.15403888710860303,V2,SYNTHETIC_DEMO
LPD_REVOLVING_MOODYS_V2,Revolving lifetime PD by Moody's,Revolving Credit Facility,moodys_band,Ba,Downside,32,0.004776360349129515,0.15881524745773257,V2,SYNTHETIC_DEMO
LPD_REVOLVING_MOODYS_V2,Revolving lifetime PD by Moody's,Revolving Credit Facility,moodys_band,Ba,Downside,33,0.00475777174521669,0.1635730192029493,V2,SYNTHETIC_DEMO
LPD_REVOLVING_MOODYS_V2,Revolving lifetime PD by Moody's,Revolving Credit Facility,moodys_band,Ba,Downside,34,0.004738854150883066,0.16831187335383235,V2,SYNTHETIC_DEMO
LPD_REVOLVING_MOODYS_V2,Revolving lifetime PD by Moody's,Revolving Credit Facility,moodys_band,Ba,Downside,35,0.0047196294479430224,0.17303150280177537,V2,SYNTHETIC_DEMO
LPD_REVOLVING_MOODYS_V2,Revolving lifetime PD by Moody's,Revolving Credit Facility,moodys_band,Ba,Downside,36,0.004700118498994212,0.17773162130076958,V2,SYNTHETIC_DEMO
LPD_REVOLVING_MOODYS_V2,Revolving lifetime PD by Moody's,Revolving Credit Facility,moodys_band,Ba,Downside,37,0.00468034119172477,0.18241196249249436,V2,SYNTHETIC_DEMO
LPD_REVOLVING_MOODYS_V2,Revolving lifetime PD by Moody's,Revolving Credit Facility,moodys_band,Ba,Downside,38,0.004660316481435664,0.18707227897392997,V2,SYNTHETIC_DEMO
LPD_REVOLVING_MOODYS_V2,Revolving lifetime PD by Moody's,Revolving Credit Facility,moodys_band,Ba,Downside,39,0.004640062431840795,0.19171234140577076,V2,SYNTHETIC_DEMO
LPD_REVOLVING_MOODYS_V2,Revolving lifetime PD by Moody's,Revolving Credit Facility,moodys_band,Ba,Downside,40,0.004619596254201329,0.19633193765997203,V2,SYNTHETIC_DEMO
LPD_REVOLVING_MOODYS_V2,Revolving lifetime PD by Moody's,Revolving Credit Facility,moodys_band,Ba,Downside,41,0.004598934344853869,0.20093087200482596,V2,SYNTHETIC_DEMO
LPD_REVOLVING_MOODYS_V2,Revolving lifetime PD by Moody's,Revolving Credit Facility,moodys_band,Ba,Downside,42,0.004578092321188298,0.2055089643260143,V2,SYNTHETIC_DEMO
LPD_REVOLVING_MOODYS_V2,Revolving lifetime PD by Moody's,Revolving Credit Facility,moodys_band,Ba,Downside,43,0.004557085056131793,0.21006604938214612,V2,SYNTHETIC_DEMO
LPD_REVOLVING_MOODYS_V2,Revolving lifetime PD by Moody's,Revolving Credit Facility,moodys_band,Ba,Downside,44,0.004535926711192455,0.21460197609333853,V2,SYNTHETIC_DEMO
LPD_REVOLVING_MOODYS_V2,Revolving lifetime PD by Moody's,Revolving Credit Facility,moodys_band,Ba,Downside,45,0.004514630768117283,0.21911660686145584,V2,SYNTHETIC_DEMO
LPD_REVOLVING_MOODYS_V2,Revolving lifetime PD by Moody's,Revolving Credit Facility,moodys_band,Ba,Downside,46,0.004493210059214434,0.22360981692067028,V2,SYNTHETIC_DEMO
LPD_REVOLVING_MOODYS_V2,Revolving lifetime PD by Moody's,Revolving Credit Facility,moodys_band,Ba,Downside,47,0.0044716767963916375,0.22808149371706188,V2,SYNTHETIC_DEMO
LPD_REVOLVING_MOODYS_V2,Revolving lifetime PD by Moody's,Revolving Credit Facility,moodys_band,Ba,Downside,48,0.004450042598959959,0.23253153631602186,V2,SYNTHETIC_DEMO
LPD_REVOLVING_MOODYS_V2,Revolving lifetime PD by Moody's,Revolving Credit Facility,moodys_band,Ba,Downside,49,0.004428318520249189,0.23695985483627102,V2,SYNTHETIC_DEMO
LPD_REVOLVING_MOODYS_V2,Revolving lifetime PD by Moody's,Revolving Credit Facility,moodys_band,Ba,Downside,50,0.004406515073082597,0.24136636990935367,V2,SYNTHETIC_DEMO
LPD_REVOLVING_MOODYS_V2,Revolving lifetime PD by Moody's,Revolving Credit Facility,moodys_band,Ba,Downside,51,0.004384642254155294,0.24575101216350892,V2,SYNTHETIC_DEMO
LPD_REVOLVING_MOODYS_V2,Revolving lifetime PD by Moody's,Revolving Credit Facility,moodys_band,Ba,Downside,52,0.004362709567360096,0.250113721730869,V2,SYNTHETIC_DEMO
LPD_REVOLVING_MOODYS_V2,Revolving lifetime PD by Moody's,Revolving Credit Facility,moodys_band,Ba,Downside,53,0.004340726046101792,0.2544544477769708,V2,SYNTHETIC_DEMO
LPD_REVOLVING_MOODYS_V2,Revolving lifetime PD by Moody's,Revolving Credit Facility,moodys_band,Ba,Downside,54,0.004318700274642508,0.25877314805161333,V2,SYNTHETIC_DEMO
LPD_REVOLVING_MOODYS_V2,Revolving lifetime PD by Moody's,Revolving Credit Facility,moodys_band,Ba,Downside,55,0.004296640408515756,0.2630697884601291,V2,SYNTHETIC_DEMO
LPD_REVOLVING_MOODYS_V2,Revolving lifetime PD by Moody's,Revolving Credit Facility,moodys_band,Ba,Downside,56,0.004274554194047476,0.2673443426541765,V2,SYNTHETIC_DEMO
LPD_REVOLVING_MOODYS_V2,Revolving lifetime PD by Moody's,Revolving Credit Facility,moodys_band,Ba,Downside,57,0.004252448987022151,0.27159679164119865,V2,SYNTHETIC_DEMO
LPD_REVOLVING_MOODYS_V2,Revolving lifetime PD by Moody's,Revolving Credit Facility,moodys_band,Ba,Downside,58,0.004230331770526843,0.27582712341172555,V2,SYNTHETIC_DEMO
LPD_REVOLVING_MOODYS_V2,Revolving lifetime PD by Moody's,Revolving Credit Facility,moodys_band,Ba,Downside,59,0.004208209172009958,0.2800353325837355,V2,SYNTHETIC_DEMO
LPD_REVOLVING_MOODYS_V2,Revolving lifetime PD by Moody's,Revolving Credit Facility,moodys_band,Ba,Downside,60,0.004186087479585482,0.28422142006332096,V2,SYNTHETIC_DEMO
LPD_REVOLVING_MOODYS_V2,Revolving lifetime PD by Moody's,Revolving Credit Facility,moodys_band,Ba,Downside,61,0.004163972657615233,0.2883853927209362,V2,SYNTHETIC_DEMO
LPD_REVOLVING_MOODYS_V2,Revolving lifetime PD by Moody's,Revolving Credit Facility,moodys_band,Ba,Downside,62,0.004141870361599915,0.2925272630825362,V2,SYNTHETIC_DEMO
LPD_REVOLVING_MOODYS_V2,Revolving lifetime PD by Moody's,Revolving Credit Facility,moodys_band,Ba,Downside,63,0.00411978595240744,0.29664704903494366,V2,SYNTHETIC_DEMO
LPD_REVOLVING_MOODYS_V2,Revolving lifetime PD by Moody's,Revolving Credit Facility,moodys_band,Ba,Downside,64,0.004097724509867042,0.30074477354481066,V2,SYNTHETIC_DEMO
LPD_REVOLVING_MOODYS_V2,Revolving lifetime PD by Moody's,Revolving Credit Facility,moodys_band,Ba,Downside,65,0.0040756908457567345,0.3048204643905674,V2,SYNTHETIC_DEMO
LPD_REVOLVING_MOODYS_V2,Revolving lifetime PD by Moody's,Revolving Credit Facility,moodys_band,Ba,Downside,66,0.004053689516209346,0.30887415390677675,V2,SYNTHETIC_DEMO
LPD_REVOLVING_MOODYS_V2,Revolving lifetime PD by Moody's,Revolving Credit Facility,moodys_band,Ba,Downside,67,0.004031724833562583,0.31290587874033937,V2,SYNTHETIC_DEMO
LPD_REVOLVING_MOODYS_V2,Revolving lifetime PD by Moody's,Revolving Credit Facility,moodys_band,Ba,Downside,68,0.004009800877677214,0.3169156796180166,V2,SYNTHETIC_DEMO
LPD_REVOLVING_MOODYS_V2,Revolving lifetime PD by Moody's,Revolving Credit Facility,moodys_band,Ba,Downside,69,0.003987921506746367,0.3209036011247629,V2,SYNTHETIC_DEMO
LPD_REVOLVING_MOODYS_V2,Revolving lifetime PD by Moody's,Revolving Credit Facility,moodys_band,Ba,Downside,70,0.003966090367617318,0.3248696914923802,V2,SYNTHETIC_DEMO
LPD_REVOLVING_MOODYS_V2,Revolving lifetime PD by Moody's,Revolving Credit Facility,moodys_band,Ba,Downside,71,0.0039443109056488896,0.32881400239802905,V2,SYNTHETIC_DEMO
LPD_REVOLVING_MOODYS_V2,Revolving lifetime PD by Moody's,Revolving Credit Facility,moodys_band,Ba,Downside,72,0.003922586374121997,0.33273658877215107,V2,SYNTHETIC_DEMO
LPD_REVOLVING_MOODYS_V2,Revolving lifetime PD by Moody's,Revolving Credit Facility,moodys_band,Ba,Downside,73,0.0039009198432258673,0.3366375086153769,V2,SYNTHETIC_DEMO
LPD_REVOLVING_MOODYS_V2,Revolving lifetime PD by Moody's,Revolving Credit Facility,moodys_band,Ba,Downside,74,0.0038793142086365126,0.3405168228240134,V2,SYNTHETIC_DEMO
LPD_REVOLVING_MOODYS_V2,Revolving lifetime PD by Moody's,Revolving Credit Facility,moodys_band,Ba,Downside,75,0.003857772199706014,0.3443745950237195,V2,SYNTHETIC_DEMO
LPD_REVOLVING_MOODYS_V2,Revolving lifetime PD by Moody's,Revolving Credit Facility,moodys_band,Ba,Downside,76,0.0038362963872801744,0.3482108914109997,V2,SYNTHETIC_DEMO
LPD_REVOLVING_MOODYS_V2,Revolving lifetime PD by Moody's,Revolving Credit Facility,moodys_band,Ba,Downside,77,0.0038148891911604964,0.35202578060216017,V2,SYNTHETIC_DEMO
LPD_REVOLVING_MOODYS_V2,Revolving lifetime PD by Moody's,Revolving Credit Facility,moodys_band,Ba,Downside,78,0.003793552887226949,0.3558193334893871,V2,SYNTHETIC_DEMO
LPD_REVOLVING_MOODYS_V2,Revolving lifetime PD by Moody's,Revolving Credit Facility,moodys_band,Ba,Downside,79,0.0037722896142350776,0.35959162310362214,V2,SYNTHETIC_DEMO
LPD_REVOLVING_MOODYS_V2,Revolving lifetime PD by Moody's,Revolving Credit Facility,moodys_band,Ba,Downside,80,0.0037511013803042197,0.36334272448392635,V2,SYNTHETIC_DEMO
LPD_REVOLVING_MOODYS_V2,Revolving lifetime PD by Moody's,Revolving Credit Facility,moodys_band,Ba,Downside,81,0.0037299900691086705,0.36707271455303503,V2,SYNTHETIC_DEMO
LPD_REVOLVING_MOODYS_V2,Revolving lifetime PD by Moody's,Revolving Credit Facility,moodys_band,Ba,Downside,82,0.0037089574457858103,0.37078167199882084,V2,SYNTHETIC_DEMO
LPD_REVOLVING_MOODYS_V2,Revolving lifetime PD by Moody's,Revolving Credit Facility,moodys_band,Ba,Downside,83,0.0036880051625739502,0.3744696771613948,V2,SYNTHETIC_DEMO
LPD_REVOLVING_MOODYS_V2,Revolving lifetime PD by Moody's,Revolving Credit Facility,moodys_band,Ba,Downside,84,0.0036671347641921946,0.378136811925587,V2,SYNTHETIC_DEMO
LPD_REVOLVING_MOODYS_V2,Revolving lifetime PD by Moody's,Revolving Credit Facility,moodys_band,B,Downside,1,0.01167630262889996,0.01167630262889996,V2,SYNTHETIC_DEMO
LPD_REVOLVING_MOODYS_V2,Revolving lifetime PD by Moody's,Revolving Credit Facility,moodys_band,B,Downside,2,0.011626184453530652,0.023302487082430656,V2,SYNTHETIC_DEMO
LPD_REVOLVING_MOODYS_V2,Revolving lifetime PD by Moody's,Revolving Credit Facility,moodys_band,B,Downside,3,0.011571223624206872,0.03487371070663747,V2,SYNTHETIC_DEMO
LPD_REVOLVING_MOODYS_V2,Revolving lifetime PD by Moody's,Revolving Credit Facility,moodys_band,B,Downside,4,0.011511742967705038,0.04638545367434255,V2,SYNTHETIC_DEMO
LPD_REVOLVING_MOODYS_V2,Revolving lifetime PD by Moody's,Revolving Credit Facility,moodys_band,B,Downside,5,0.011448050796129743,0.05783350447047231,V2,SYNTHETIC_DEMO
LPD_REVOLVING_MOODYS_V2,Revolving lifetime PD by Moody's,Revolving Credit Facility,moodys_band,B,Downside,6,0.011380441331647064,0.06921394580211937,V2,SYNTHETIC_DEMO
LPD_REVOLVING_MOODYS_V2,Revolving lifetime PD by Moody's,Revolving Credit Facility,moodys_band,B,Downside,7,0.011309195138968695,0.08052314094108803,V2,SYNTHETIC_DEMO
LPD_REVOLVING_MOODYS_V2,Revolving lifetime PD by Moody's,Revolving Credit Facility,moodys_band,B,Downside,8,0.011234579562827805,0.09175772050391584,V2,SYNTHETIC_DEMO
LPD_REVOLVING_MOODYS_V2,Revolving lifetime PD by Moody's,Revolving Credit Facility,moodys_band,B,Downside,9,0.011156849167987424,0.10291456967190327,V2,SYNTHETIC_DEMO
LPD_REVOLVING_MOODYS_V2,Revolving lifetime PD by Moody's,Revolving Credit Facility,moodys_band,B,Downside,10,0.011076246179604406,0.11399081585150772,V2,SYNTHETIC_DEMO
LPD_REVOLVING_MOODYS_V2,Revolving lifetime PD by Moody's,Revolving Credit Facility,moodys_band,B,Downside,11,0.010993000922031265,0.12498381677353898,V2,SYNTHETIC_DEMO
LPD_REVOLVING_MOODYS_V2,Revolving lifetime PD by Moody's,Revolving Credit Facility,moodys_band,B,Downside,12,0.010907332254372458,0.13589114902791144,V2,SYNTHETIC_DEMO
LPD_REVOLVING_MOODYS_V2,Revolving lifetime PD by Moody's,Revolving Credit Facility,moodys_band,B,Downside,13,0.010819448001331224,0.14671059702924272,V2,SYNTHETIC_DEMO
LPD_REVOLVING_MOODYS_V2,Revolving lifetime PD by Moody's,Revolving Credit Facility,moodys_band,B,Downside,14,0.010729545378078284,0.15744014240732096,V2,SYNTHETIC_DEMO
LPD_REVOLVING_MOODYS_V2,Revolving lifetime PD by Moody's,Revolving Credit Facility,moodys_band,B,Downside,15,0.01063781140805702,0.16807795381537793,V2,SYNTHETIC_DEMO
LPD_REVOLVING_MOODYS_V2,Revolving lifetime PD by Moody's,Revolving Credit Facility,moodys_band,B,Downside,16,0.010544423332799079,0.17862237714817697,V2,SYNTHETIC_DEMO
LPD_REVOLVING_MOODYS_V2,Revolving lifetime PD by Moody's,Revolving Credit Facility,moodys_band,B,Downside,17,0.01044954901297689,0.18907192616115387,V2,SYNTHETIC_DEMO
LPD_REVOLVING_MOODYS_V2,Revolving lifetime PD by Moody's,Revolving Credit Facility,moodys_band,B,Downside,18,0.01035334732005029,0.1994252734812042,V2,SYNTHETIC_DEMO
LPD_REVOLVING_MOODYS_V2,Revolving lifetime PD by Moody's,Revolving Credit Facility,moodys_band,B,Downside,19,0.010255968517985981,0.20968124199919014,V2,SYNTHETIC_DEMO
LPD_REVOLVING_MOODYS_V2,Revolving lifetime PD by Moody's,Revolving Credit Facility,moodys_band,B,Downside,20,0.010157554634637574,0.21983879663382766,V2,SYNTHETIC_DEMO
LPD_REVOLVING_MOODYS_V2,Revolving lifetime PD by Moody's,Revolving Credit Facility,moodys_band,B,Downside,21,0.010058239822467988,0.22989703645629567,V2,SYNTHETIC_DEMO
LPD_REVOLVING_MOODYS_V2,Revolving lifetime PD by Moody's,Revolving Credit Facility,moodys_band,B,Downside,22,0.009958150708385856,0.23985518716468157,V2,SYNTHETIC_DEMO
LPD_REVOLVING_MOODYS_V2,Revolving lifetime PD by Moody's,Revolving Credit Facility,moodys_band,B,Downside,23,0.009857406732542307,0.2497125938972239,V2,SYNTHETIC_DEMO
LPD_REVOLVING_MOODYS_V2,Revolving lifetime PD by Moody's,Revolving Credit Facility,moodys_band,B,Downside,24,0.009756120476001584,0.2594687143732255,V2,SYNTHETIC_DEMO
LPD_REVOLVING_MOODYS_V2,Revolving lifetime PD by Moody's,Revolving Credit Facility,moodys_band,B,Downside,25,0.009654397977261453,0.2691231123504869,V2,SYNTHETIC_DEMO
LPD_REVOLVING_MOODYS_V2,Revolving lifetime PD by Moody's,Revolving Credit Facility,moodys_band,B,Downside,26,0.009552339037649276,0.2786754513881362,V2,SYNTHETIC_DEMO
LPD_REVOLVING_MOODYS_V2,Revolving lifetime PD by Moody's,Revolving Credit Facility,moodys_band,B,Downside,27,0.00945003751566673,0.28812548890380296,V2,SYNTHETIC_DEMO
LPD_REVOLVING_MOODYS_V2,Revolving lifetime PD by Moody's,Revolving Credit Facility,moodys_band,B,Downside,28,0.009347581610396498,0.29747307051419947,V2,SYNTHETIC_DEMO
LPD_REVOLVING_MOODYS_V2,Revolving lifetime PD by Moody's,Revolving Credit Facility,moodys_band,B,Downside,29,0.009245054134116682,0.30671812464831616,V2,SYNTHETIC_DEMO
LPD_REVOLVING_MOODYS_V2,Revolving lifetime PD by Moody's,Revolving Credit Facility,moodys_band,B,Downside,30,0.009142532774298774,0.31586065742261493,V2,SYNTHETIC_DEMO
LPD_REVOLVING_MOODYS_V2,Revolving lifetime PD by Moody's,Revolving Credit Facility,moodys_band,B,Downside,31,0.009040090345191385,0.3249007477678063,V2,SYNTHETIC_DEMO
LPD_REVOLVING_MOODYS_V2,Revolving lifetime PD by Moody's,Revolving Credit Facility,moodys_band,B,Downside,32,0.008937795029209578,0.33383854279701586,V2,SYNTHETIC_DEMO
LPD_REVOLVING_MOODYS_V2,Revolving lifetime PD by Moody's,Revolving Credit Facility,moodys_band,B,Downside,33,0.008835710608369287,0.34267425340538515,V2,SYNTHETIC_DEMO
LPD_REVOLVING_MOODYS_V2,Revolving lifetime PD by Moody's,Revolving Credit Facility,moodys_band,B,Downside,34,0.008733896686018133,0.35140815009140325,V2,SYNTHETIC_DEMO
LPD_REVOLVING_MOODYS_V2,Revolving lifetime PD by Moody's,Revolving Credit Facility,moodys_band,B,Downside,35,0.008632408899127256,0.36004055899053056,V2,SYNTHETIC_DEMO
LPD_REVOLVING_MOODYS_V2,Revolving lifetime PD by Moody's,Revolving Credit Facility,moodys_band,B,Downside,36,0.008531299121414095,0.3685718581119447,V2,SYNTHETIC_DEMO
LPD_REVOLVING_MOODYS_V2,Revolving lifetime PD by Moody's,Revolving Credit Facility,moodys_band,B,Downside,37,0.008430615657574603,0.37700247376951934,V2,SYNTHETIC_DEMO
LPD_REVOLVING_MOODYS_V2,Revolving lifetime PD by Moody's,Revolving Credit Facility,moodys_band,B,Downside,38,0.008330403428906069,0.38533287719842546,V2,SYNTHETIC_DEMO
LPD_REVOLVING_MOODYS_V2,Revolving lifetime PD by Moody's,Revolving Credit Facility,moodys_band,B,Downside,39,0.008230704150603904,0.39356358134902936,V2,SYNTHETIC_DEMO
LPD_REVOLVING_MOODYS_V2,Revolving lifetime PD by Moody's,Revolving Credit Facility,moodys_band,B,Downside,40,0.008131556501016978,0.4016951378500463,V2,SYNTHETIC_DEMO
LPD_REVOLVING_MOODYS_V2,Revolving lifetime PD by Moody's,Revolving Credit Facility,moodys_band,B,Downside,41,0.008032996283144944,0.4097281341331912,V2,SYNTHETIC_DEMO
LPD_REVOLVING_MOODYS_V2,Revolving lifetime PD by Moody's,Revolving Credit Facility,moodys_band,B,Downside,42,0.007935056578658783,0.41766319071185,V2,SYNTHETIC_DEMO
LPD_REVOLVING_MOODYS_V2,Revolving lifetime PD by Moody's,Revolving Credit Facility,moodys_band,B,Downside,43,0.007837767894723388,0.42550095860657333,V2,SYNTHETIC_DEMO
LPD_REVOLVING_MOODYS_V2,Revolving lifetime PD by Moody's,Revolving Credit Facility,moodys_band,B,Downside,44,0.007741158303896618,0.43324211691047,V2,SYNTHETIC_DEMO
LPD_REVOLVING_MOODYS_V2,Revolving lifetime PD by Moody's,Revolving Credit Facility,moodys_band,B,Downside,45,0.007645253577375466,0.44088737048784543,V2,SYNTHETIC_DEMO
LPD_REVOLVING_MOODYS_V2,Revolving lifetime PD by Moody's,Revolving Credit Facility,moodys_band,B,Downside,46,0.007550077311852795,0.4484374477996982,V2,SYNTHETIC_DEMO
LPD_REVOLVING_MOODYS_V2,Revolving lifetime PD by Moody's,Revolving Credit Facility,moodys_band,B,Downside,47,0.007455651050245968,0.4558930988499441,V2,SYNTHETIC_DEMO
LPD_REVOLVING_MOODYS_V2,Revolving lifetime PD by Moody's,Revolving Credit Facility,moodys_band,B,Downside,48,0.007361994396547343,0.4632550932464915,V2,SYNTHETIC_DEMO
LPD_REVOLVING_MOODYS_V2,Revolving lifetime PD by Moody's,Revolving Credit Facility,moodys_band,B,Downside,49,0.007269125125045786,0.47052421837153724,V2,SYNTHETIC_DEMO
LPD_REVOLVING_MOODYS_V2,Revolving lifetime PD by Moody's,Revolving Credit Facility,moodys_band,B,Downside,50,0.00717705928415681,0.47770127765569403,V2,SYNTHETIC_DEMO
LPD_REVOLVING_MOODYS_V2,Revolving lifetime PD by Moody's,Revolving Credit Facility,moodys_band,B,Downside,51,0.0070858112950943925,0.4847870889507885,V2,SYNTHETIC_DEMO
LPD_REVOLVING_MOODYS_V2,Revolving lifetime PD by Moody's,Revolving Credit Facility,moodys_band,B,Downside,52,0.006995394045610338,0.4917824829963988,V2,SYNTHETIC_DEMO
LPD_REVOLVING_MOODYS_V2,Revolving lifetime PD by Moody's,Revolving Credit Facility,moodys_band,B,Downside,53,0.0069058189790185635,0.49868830197541736,V2,SYNTHETIC_DEMO
LPD_REVOLVING_MOODYS_V2,Revolving lifetime PD by Moody's,Revolving Credit Facility,moodys_band,B,Downside,54,0.006817096178715871,0.5055053981541333,V2,SYNTHETIC_DEMO
LPD_REVOLVING_MOODYS_V2,Revolving lifetime PD by Moody's,Revolving Credit Facility,moodys_band,B,Downside,55,0.0067292344484017426,0.512234632602535,V2,SYNTHETIC_DEMO
LPD_REVOLVING_MOODYS_V2,Revolving lifetime PD by Moody's,Revolving Credit Facility,moodys_band,B,Downside,56,0.006642241388194935,0.5188768739907299,V2,SYNTHETIC_DEMO
LPD_REVOLVING_MOODYS_V2,Revolving lifetime PD by Moody's,Revolving Credit Facility,moodys_band,B,Downside,57,0.006556123466834469,0.5254329974575644,V2,SYNTHETIC_DEMO
LPD_REVOLVING_MOODYS_V2,Revolving lifetime PD by Moody's,Revolving Credit Facility,moodys_band,B,Downside,58,0.006470886090147947,0.5319038835477123,V2,SYNTHETIC_DEMO
LPD_REVOLVING_MOODYS_V2,Revolving lifetime PD by Moody's,Revolving Credit Facility,moodys_band,B,Downside,59,0.00638653366596213,0.5382904172136744,V2,SYNTHETIC_DEMO
LPD_REVOLVING_MOODYS_V2,Revolving lifetime PD by Moody's,Revolving Credit Facility,moodys_band,B,Downside,60,0.006303069665623037,0.5445934868792975,V2,SYNTHETIC_DEMO
LPD_REVOLVING_MOODYS_V2,Revolving lifetime PD by Moody's,Revolving Credit Facility,moodys_band,B,Downside,61,0.006220496682288127,0.5508139835615857,V2,SYNTHETIC_DEMO
LPD_REVOLVING_MOODYS_V2,Revolving lifetime PD by Moody's,Revolving Credit Facility,moodys_band,B,Downside,62,0.00613881648614433,0.55695280004773,V2,SYNTHETIC_DEMO
LPD_REVOLVING_MOODYS_V2,Revolving lifetime PD by Moody's,Revolving Credit Facility,moodys_band,B,Downside,63,0.00605803007670087,0.5630108301244309,V2,SYNTHETIC_DEMO
LPD_REVOLVING_MOODYS_V2,Revolving lifetime PD by Moody's,Revolving Credit Facility,moodys_band,B,Downside,64,0.005978137732298534,0.5689889678567295,V2,SYNTHETIC_DEMO
LPD_REVOLVING_MOODYS_V2,Revolving lifetime PD by Moody's,Revolving Credit Facility,moodys_band,B,Downside,65,0.005899139056971713,0.5748881069137011,V2,SYNTHETIC_DEMO
LPD_REVOLVING_MOODYS_V2,Revolving lifetime PD by Moody's,Revolving Credit Facility,moodys_band,B,Downside,66,0.005821033024793178,0.5807091399384943,V2,SYNTHETIC_DEMO
LPD_REVOLVING_MOODYS_V2,Revolving lifetime PD by Moody's,Revolving Credit Facility,moodys_band,B,Downside,67,0.005743818021825948,0.5864529579603203,V2,SYNTHETIC_DEMO
LPD_REVOLVING_MOODYS_V2,Revolving lifetime PD by Moody's,Revolving Credit Facility,moodys_band,B,Downside,68,0.005667491885801327,0.5921204498461217,V2,SYNTHETIC_DEMO
LPD_REVOLVING_MOODYS_V2,Revolving lifetime PD by Moody's,Revolving Credit Facility,moodys_band,B,Downside,69,0.005592051943636266,0.5977125017897579,V2,SYNTHETIC_DEMO
LPD_REVOLVING_MOODYS_V2,Revolving lifetime PD by Moody's,Revolving Credit Facility,moodys_band,B,Downside,70,0.005517495046899115,0.603229996836657,V2,SYNTHETIC_DEMO
LPD_REVOLVING_MOODYS_V2,Revolving lifetime PD by Moody's,Revolving Credit Facility,moodys_band,B,Downside,71,0.005443817605326151,0.6086738144419832,V2,SYNTHETIC_DEMO
LPD_REVOLVING_MOODYS_V2,Revolving lifetime PD by Moody's,Revolving Credit Facility,moodys_band,B,Downside,72,0.005371015618489008,0.6140448300604722,V2,SYNTHETIC_DEMO
LPD_REVOLVING_MOODYS_V2,Revolving lifetime PD by Moody's,Revolving Credit Facility,moodys_band,B,Downside,73,0.00529908470570535,0.6193439147661775,V2,SYNTHETIC_DEMO
LPD_REVOLVING_MOODYS_V2,Revolving lifetime PD by Moody's,Revolving Credit Facility,moodys_band,B,Downside,74,0.005228020134284251,0.6245719349004617,V2,SYNTHETIC_DEMO
LPD_REVOLVING_MOODYS_V2,Revolving lifetime PD by Moody's,Revolving Credit Facility,moodys_band,B,Downside,75,0.005157816846189982,0.6297297517466518,V2,SYNTHETIC_DEMO
LPD_REVOLVING_MOODYS_V2,Revolving lifetime PD by Moody's,Revolving Credit Facility,moodys_band,B,Downside,76,0.005088469483207209,0.634818221229859,V2,SYNTHETIC_DEMO
LPD_REVOLVING_MOODYS_V2,Revolving lifetime PD by Moody's,Revolving Credit Facility,moodys_band,B,Downside,77,0.005019972410683316,0.6398381936405422,V2,SYNTHETIC_DEMO
LPD_REVOLVING_MOODYS_V2,Revolving lifetime PD by Moody's,Revolving Credit Facility,moodys_band,B,Downside,78,0.004952319739923524,0.6447905133804658,V2,SYNTHETIC_DEMO
LPD_REVOLVING_MOODYS_V2,Revolving lifetime PD by Moody's,Revolving Credit Facility,moodys_band,B,Downside,79,0.004885505349306974,0.6496760187297728,V2,SYNTHETIC_DEMO
LPD_REVOLVING_MOODYS_V2,Revolving lifetime PD by Moody's,Revolving Credit Facility,moodys_band,B,Downside,80,0.004819522904192221,0.6544955416339651,V2,SYNTHETIC_DEMO
LPD_REVOLVING_MOODYS_V2,Revolving lifetime PD by Moody's,Revolving Credit Facility,moodys_band,B,Downside,81,0.004754365875674296,0.6592499075096393,V2,SYNTHETIC_DEMO
LPD_REVOLVING_MOODYS_V2,Revolving lifetime PD by Moody's,Revolving Credit Facility,moodys_band,B,Downside,82,0.004690027558254704,0.6639399350678941,V2,SYNTHETIC_DEMO
LPD_REVOLVING_MOODYS_V2,Revolving lifetime PD by Moody's,Revolving Credit Facility,moodys_band,B,Downside,83,0.004626501086480667,0.6685664361543746,V2,SYNTHETIC_DEMO
LPD_REVOLVING_MOODYS_V2,Revolving lifetime PD by Moody's,Revolving Credit Facility,moodys_band,B,Downside,84,0.004563779450609092,0.6731302156049838,V2,SYNTHETIC_DEMO
LPD_REVOLVING_MOODYS_V2,Revolving lifetime PD by Moody's,Revolving Credit Facility,moodys_band,Caa,Downside,1,0.02838075193807099,0.02838075193807099,V2,SYNTHETIC_DEMO
LPD_REVOLVING_MOODYS_V2,Revolving lifetime PD by Moody's,Revolving Credit Facility,moodys_band,Caa,Downside,2,0.027802679485888063,0.056183431423959096,V2,SYNTHETIC_DEMO
LPD_REVOLVING_MOODYS_V2,Revolving lifetime PD by Moody's,Revolving Credit Facility,moodys_band,Caa,Downside,3,0.0272195363934108,0.08340296781736989,V2,SYNTHETIC_DEMO
LPD_REVOLVING_MOODYS_V2,Revolving lifetime PD by Moody's,Revolving Credit Facility,moodys_band,Caa,Downside,4,0.02663290345573037,0.11003587127310022,V2,SYNTHETIC_DEMO
LPD_REVOLVING_MOODYS_V2,Revolving lifetime PD by Moody's,Revolving Credit Facility,moodys_band,Caa,Downside,5,0.026044245134356946,0.1360801164074572,V2,SYNTHETIC_DEMO
LPD_REVOLVING_MOODYS_V2,Revolving lifetime PD by Moody's,Revolving Credit Facility,moodys_band,Caa,Downside,6,0.025454914316726907,0.16153503072418407,V2,SYNTHETIC_DEMO
LPD_REVOLVING_MOODYS_V2,Revolving lifetime PD by Moody's,Revolving Credit Facility,moodys_band,Caa,Downside,7,0.02486615717260045,0.1864011878967845,V2,SYNTHETIC_DEMO
LPD_REVOLVING_MOODYS_V2,Revolving lifetime PD by Moody's,Revolving Credit Facility,moodys_band,Caa,Downside,8,0.02427911806305072,0.21068030595983522,V2,SYNTHETIC_DEMO
LPD_REVOLVING_MOODYS_V2,Revolving lifetime PD by Moody's,Revolving Credit Facility,moodys_band,Caa,Downside,9,0.023694844463110865,0.2343751504229461,V2,SYNTHETIC_DEMO
LPD_REVOLVING_MOODYS_V2,Revolving lifetime PD by Moody's,Revolving Credit Facility,moodys_band,Caa,Downside,10,0.02311429186412053,0.2574894422870666,V2,SYNTHETIC_DEMO
LPD_REVOLVING_MOODYS_V2,Revolving lifetime PD by Moody's,Revolving Credit Facility,moodys_band,Caa,Downside,11,0.02253832862641619,0.28002777091348274,V2,SYNTHETIC_DEMO
LPD_REVOLVING_MOODYS_V2,Revolving lifetime PD by Moody's,Revolving Credit Facility,moodys_band,Caa,Downside,12,0.0219677407572306,0.30199551167071337,V2,SYNTHETIC_DEMO
LPD_REVOLVING_MOODYS_V2,Revolving lifetime PD by Moody's,Revolving Credit Facility,moodys_band,Caa,Downside,13,0.021403236592524875,0.3233987482632382,V2,SYNTHETIC_DEMO
LPD_REVOLVING_MOODYS_V2,Revolving lifetime PD by Moody's,Revolving Credit Facility,moodys_band,Caa,Downside,14,0.020845451364988797,0.34424419962822705,V2,SYNTHETIC_DEMO
LPD_REVOLVING_MOODYS_V2,Revolving lifetime PD by Moody's,Revolving Credit Facility,moodys_band,Caa,Downside,15,0.020294951643613182,0.3645391512718402,V2,SYNTHETIC_DEMO
LPD_REVOLVING_MOODYS_V2,Revolving lifetime PD by Moody's,Revolving Credit Facility,moodys_band,Caa,Downside,16,0.019752239633098353,0.3842913909049386,V2,SYNTHETIC_DEMO
LPD_REVOLVING_MOODYS_V2,Revolving lifetime PD by Moody's,Revolving Credit Facility,moodys_band,Caa,Downside,17,0.019217757323915594,0.4035091482288542,V2,SYNTHETIC_DEMO
LPD_REVOLVING_MOODYS_V2,Revolving lifetime PD by Moody's,Revolving Credit Facility,moodys_band,Caa,Downside,18,0.018691890486115085,0.4222010387149693,V2,SYNTHETIC_DEMO
LPD_REVOLVING_MOODYS_V2,Revolving lifetime PD by Moody's,Revolving Credit Facility,moodys_band,Caa,Downside,19,0.01817497250198894,0.44037601121695824,V2,SYNTHETIC_DEMO
LPD_REVOLVING_MOODYS_V2,Revolving lifetime PD by Moody's,Revolving Credit Facility,moodys_band,Caa,Downside,20,0.017667288034470086,0.4580432992514283,V2,SYNTHETIC_DEMO
LPD_REVOLVING_MOODYS_V2,Revolving lifetime PD by Moody's,Revolving Credit Facility,moodys_band,Caa,Downside,21,0.017169076529697513,0.47521237578112574,V2,SYNTHETIC_DEMO
LPD_REVOLVING_MOODYS_V2,Revolving lifetime PD by Moody's,Revolving Credit Facility,moodys_band,Caa,Downside,22,0.016680535553524892,0.49189291133465063,V2,SYNTHETIC_DEMO
LPD_REVOLVING_MOODYS_V2,Revolving lifetime PD by Moody's,Revolving Credit Facility,moodys_band,Caa,Downside,23,0.016201823962907817,0.5080947352975584,V2,SYNTHETIC_DEMO
LPD_REVOLVING_MOODYS_V2,Revolving lifetime PD by Moody's,Revolving Credit Facility,moodys_band,Caa,Downside,24,0.015733064914094333,0.5238278002116528,V2,SYNTHETIC_DEMO
LPD_REVOLVING_MOODYS_V2,Revolving lifetime PD by Moody's,Revolving Credit Facility,moodys_band,Caa,Downside,25,0.015274348710379804,0.5391021489220326,V2,SYNTHETIC_DEMO
LPD_REVOLVING_MOODYS_V2,Revolving lifetime PD by Moody's,Revolving Credit Facility,moodys_band,Caa,Downside,26,0.014825735492884561,0.5539278844149171,V2,SYNTHETIC_DEMO
LPD_REVOLVING_MOODYS_V2,Revolving lifetime PD by Moody's,Revolving Credit Facility,moodys_band,Caa,Downside,27,0.014387257778387022,0.5683151421933041,V2,SYNTHETIC_DEMO
LPD_REVOLVING_MOODYS_V2,Revolving lifetime PD by Moody's,Revolving Credit Facility,moodys_band,Caa,Downside,28,0.013958922848708328,0.5822740650420124,V2,SYNTHETIC_DEMO
LPD_REVOLVING_MOODYS_V2,Revolving lifetime PD by Moody's,Revolving Credit Facility,moodys_band,Caa,Downside,29,0.013540714996508515,0.595814780038521,V2,SYNTHETIC_DEMO
LPD_REVOLVING_MOODYS_V2,Revolving lifetime PD by Moody's,Revolving Credit Facility,moodys_band,Caa,Downside,30,0.013132597632634423,0.6089473776711554,V2,SYNTHETIC_DEMO
LPD_REVOLVING_MOODYS_V2,Revolving lifetime PD by Moody's,Revolving Credit Facility,moodys_band,Caa,Downside,31,0.012734515260359281,0.6216818929315147,V2,SYNTHETIC_DEMO
LPD_REVOLVING_MOODYS_V2,Revolving lifetime PD by Moody's,Revolving Credit Facility,moodys_band,Caa,Downside,32,0.012346395321990092,0.6340282882535048,V2,SYNTHETIC_DEMO
LPD_REVOLVING_MOODYS_V2,Revolving lifetime PD by Moody's,Revolving Credit Facility,moodys_band,Caa,Downside,33,0.011968149923395656,0.6459964381769004,V2,SYNTHETIC_DEMO
LPD_REVOLVING_MOODYS_V2,Revolving lifetime PD by Moody's,Revolving Credit Facility,moodys_band,Caa,Downside,34,0.011599677442034481,0.6575961156189349,V2,SYNTHETIC_DEMO
LPD_REVOLVING_MOODYS_V2,Revolving lifetime PD by Moody's,Revolving Credit Facility,moodys_band,Caa,Downside,35,0.011240864024045717,0.6688369796429807,V2,SYNTHETIC_DEMO
LPD_REVOLVING_MOODYS_V2,Revolving lifetime PD by Moody's,Revolving Credit Facility,moodys_band,Caa,Downside,36,0.010891584975914071,0.6797285646188947,V2,SYNTHETIC_DEMO
LPD_REVOLVING_MOODYS_V2,Revolving lifetime PD by Moody's,Revolving Credit Facility,moodys_band,Caa,Downside,37,0.01055170605613486,0.6902802706750296,V2,SYNTHETIC_DEMO
LPD_REVOLVING_MOODYS_V2,Revolving lifetime PD by Moody's,Revolving Credit Facility,moodys_band,Caa,Downside,38,0.010221084672197522,0.7005013553472271,V2,SYNTHETIC_DEMO
LPD_REVOLVING_MOODYS_V2,Revolving lifetime PD by Moody's,Revolving Credit Facility,moodys_band,Caa,Downside,39,0.009899570988075016,0.7104009263353022,V2,SYNTHETIC_DEMO
LPD_REVOLVING_MOODYS_V2,Revolving lifetime PD by Moody's,Revolving Credit Facility,moodys_band,Caa,Downside,40,0.009587008947259626,0.7199879352825618,V2,SYNTHETIC_DEMO
LPD_REVOLVING_MOODYS_V2,Revolving lifetime PD by Moody's,Revolving Credit Facility,moodys_band,Caa,Downside,41,0.009283237216225416,0.7292711724987873,V2,SYNTHETIC_DEMO
LPD_REVOLVING_MOODYS_V2,Revolving lifetime PD by Moody's,Revolving Credit Facility,moodys_band,Caa,Downside,42,0.00898809005302732,0.7382592625518145,V2,SYNTHETIC_DEMO
LPD_REVOLVING_MOODYS_V2,Revolving lifetime PD by Moody's,Revolving Credit Facility,moodys_band,Caa,Downside,43,0.008701398105568045,0.7469606606573825,V2,SYNTHETIC_DEMO
LPD_REVOLVING_MOODYS_V2,Revolving lifetime PD by Moody's,Revolving Credit Facility,moodys_band,Caa,Downside,44,0.008422989143882044,0.7553836498012646,V2,SYNTHETIC_DEMO
LPD_REVOLVING_MOODYS_V2,Revolving lifetime PD by Moody's,Revolving Credit Facility,moodys_band,Caa,Downside,45,0.00815268873059923,0.7635363385318639,V2,SYNTHETIC_DEMO
LPD_REVOLVING_MOODYS_V2,Revolving lifetime PD by Moody's,Revolving Credit Facility,moodys_band,Caa,Downside,46,0.007890320833564387,0.7714266593654282,V2,SYNTHETIC_DEMO
LPD_REVOLVING_MOODYS_V2,Revolving lifetime PD by Moody's,Revolving Credit Facility,moodys_band,Caa,Downside,47,0.007635708384401332,0.7790623677498295,V2,SYNTHETIC_DEMO
LPD_REVOLVING_MOODYS_V2,Revolving lifetime PD by Moody's,Revolving Credit Facility,moodys_band,Caa,Downside,48,0.007388673786626006,0.7864510415364555,V2,SYNTHETIC_DEMO
LPD_REVOLVING_MOODYS_V2,Revolving lifetime PD by Moody's,Revolving Credit Facility,moodys_band,Caa,Downside,49,0.007149039376730309,0.7936000809131858,V2,SYNTHETIC_DEMO
LPD_REVOLVING_MOODYS_V2,Revolving lifetime PD by Moody's,Revolving Credit Facility,moodys_band,Caa,Downside,50,0.006916627841479799,0.8005167087546656,V2,SYNTHETIC_DEMO
LPD_REVOLVING_MOODYS_V2,Revolving lifetime PD by Moody's,Revolving Credit Facility,moodys_band,Caa,Downside,51,0.0066912625944938004,0.8072079713491594,V2,SYNTHETIC_DEMO
LPD_REVOLVING_MOODYS_V2,Revolving lifetime PD by Moody's,Revolving Credit Facility,moodys_band,Caa,Downside,52,0.006472768115007574,0.813680739464167,V2,SYNTHETIC_DEMO
LPD_REVOLVING_MOODYS_V2,Revolving lifetime PD by Moody's,Revolving Credit Facility,moodys_band,Caa,Downside,53,0.006260970251551256,0.8199417097157182,V2,SYNTHETIC_DEMO
LPD_REVOLVING_MOODYS_V2,Revolving lifetime PD by Moody's,Revolving Credit Facility,moodys_band,Caa,Downside,54,0.006055696493122765,0.8259974062088411,V2,SYNTHETIC_DEMO
LPD_REVOLVING_MOODYS_V2,Revolving lifetime PD by Moody's,Revolving Credit Facility,moodys_band,Caa,Downside,55,0.0058567762102791805,0.8318541824191202,V2,SYNTHETIC_DEMO
LPD_REVOLVING_MOODYS_V2,Revolving lifetime PD by Moody's,Revolving Credit Facility,moodys_band,Caa,Downside,56,0.005664040868424422,0.8375182232875447,V2,SYNTHETIC_DEMO
LPD_REVOLVING_MOODYS_V2,Revolving lifetime PD by Moody's,Revolving Credit Facility,moodys_band,Caa,Downside,57,0.005477324215431957,0.8429955475029767,V2,SYNTHETIC_DEMO
LPD_REVOLVING_MOODYS_V2,Revolving lifetime PD by Moody's,Revolving Credit Facility,moodys_band,Caa,Downside,58,0.0052964624456066645,0.8482920099485833,V2,SYNTHETIC_DEMO
LPD_REVOLVING_MOODYS_V2,Revolving lifetime PD by Moody's,Revolving Credit Facility,moodys_band,Caa,Downside,59,0.005121294341863052,0.8534133042904464,V2,SYNTHETIC_DEMO
LPD_REVOLVING_MOODYS_V2,Revolving lifetime PD by Moody's,Revolving Credit Facility,moodys_band,Caa,Downside,60,0.00495166139787558,0.8583649656883219,V2,SYNTHETIC_DEMO
LPD_REVOLVING_MOODYS_V2,Revolving lifetime PD by Moody's,Revolving Credit Facility,moodys_band,Caa,Downside,61,0.004787407921841496,0.8631523736101634,V2,SYNTHETIC_DEMO
LPD_REVOLVING_MOODYS_V2,Revolving lifetime PD by Moody's,Revolving Credit Facility,moodys_band,Caa,Downside,62,0.004628381123387974,0.8677807547335514,V2,SYNTHETIC_DEMO
LPD_REVOLVING_MOODYS_V2,Revolving lifetime PD by Moody's,Revolving Credit Facility,moodys_band,Caa,Downside,63,0.004474431185050929,0.8722551859186023,V2,SYNTHETIC_DEMO
LPD_REVOLVING_MOODYS_V2,Revolving lifetime PD by Moody's,Revolving Credit Facility,moodys_band,Caa,Downside,64,0.004325411319656569,0.8765805972382589,V2,SYNTHETIC_DEMO
LPD_REVOLVING_MOODYS_V2,Revolving lifetime PD by Moody's,Revolving Credit Facility,moodys_band,Caa,Downside,65,0.004181177814843131,0.880761775053102,V2,SYNTHETIC_DEMO
LPD_REVOLVING_MOODYS_V2,Revolving lifetime PD by Moody's,Revolving Credit Facility,moodys_band,Caa,Downside,66,0.004041590065874375,0.8848033651189764,V2,SYNTHETIC_DEMO
LPD_REVOLVING_MOODYS_V2,Revolving lifetime PD by Moody's,Revolving Credit Facility,moodys_band,Caa,Downside,67,0.00390651059781386,0.8887098757167903,V2,SYNTHETIC_DEMO
LPD_REVOLVING_MOODYS_V2,Revolving lifetime PD by Moody's,Revolving Credit Facility,moodys_band,Caa,Downside,68,0.0037758050780525403,0.8924856807948428,V2,SYNTHETIC_DEMO
LPD_REVOLVING_MOODYS_V2,Revolving lifetime PD by Moody's,Revolving Credit Facility,moodys_band,Caa,Downside,69,0.0036493423201094228,0.8961350231149522,V2,SYNTHETIC_DEMO
LPD_REVOLVING_MOODYS_V2,Revolving lifetime PD by Moody's,Revolving Credit Facility,moodys_band,Caa,Downside,70,0.00352699427955758,0.8996620173945098,V2,SYNTHETIC_DEMO
LPD_REVOLVING_MOODYS_V2,Revolving lifetime PD by Moody's,Revolving Credit Facility,moodys_band,Caa,Downside,71,0.003408636042863965,0.9030706534373738,V2,SYNTHETIC_DEMO
LPD_REVOLVING_MOODYS_V2,Revolving lifetime PD by Moody's,Revolving Credit Facility,moodys_band,Caa,Downside,72,0.003294145809871883,0.9063647992472457,V2,SYNTHETIC_DEMO
LPD_REVOLVING_MOODYS_V2,Revolving lifetime PD by Moody's,Revolving Credit Facility,moodys_band,Caa,Downside,73,0.003183404870599456,0.9095482041178451,V2,SYNTHETIC_DEMO
LPD_REVOLVING_MOODYS_V2,Revolving lifetime PD by Moody's,Revolving Credit Facility,moodys_band,Caa,Downside,74,0.003076297576974965,0.91262450169482,V2,SYNTHETIC_DEMO
LPD_REVOLVING_MOODYS_V2,Revolving lifetime PD by Moody's,Revolving Credit Facility,moodys_band,Caa,Downside,75,0.0029727113100815215,0.9155972130049016,V2,SYNTHETIC_DEMO
LPD_REVOLVING_MOODYS_V2,Revolving lifetime PD by Moody's,Revolving Credit Facility,moodys_band,Caa,Downside,76,0.0028725364434381453,0.9184697494483397,V2,SYNTHETIC_DEMO
LPD_REVOLVING_MOODYS_V2,Revolving lifetime PD by Moody's,Revolving Credit Facility,moodys_band,Caa,Downside,77,0.002775666302801643,0.9212454157511414,V2,SYNTHETIC_DEMO
LPD_REVOLVING_MOODYS_V2,Revolving lifetime PD by Moody's,Revolving Credit Facility,moodys_band,Caa,Downside,78,0.0026819971229346956,0.9239274128740761,V2,SYNTHETIC_DEMO
LPD_REVOLVING_MOODYS_V2,Revolving lifetime PD by Moody's,Revolving Credit Facility,moodys_band,Caa,Downside,79,0.002591428001748422,0.9265188408758245,V2,SYNTHETIC_DEMO
LPD_REVOLVING_MOODYS_V2,Revolving lifetime PD by Moody's,Revolving Credit Facility,moodys_band,Caa,Downside,80,0.0025038608521937766,0.9290227017280183,V2,SYNTHETIC_DEMO
LPD_REVOLVING_MOODYS_V2,Revolving lifetime PD by Moody's,Revolving Credit Facility,moodys_band,Caa,Downside,81,0.00241920035224425,0.9314419020802625,V2,SYNTHETIC_DEMO
LPD_REVOLVING_MOODYS_V2,Revolving lifetime PD by Moody's,Revolving Credit Facility,moodys_band,Caa,Downside,82,0.0023373538932829887,0.9337792559735455,V2,SYNTHETIC_DEMO
LPD_REVOLVING_MOODYS_V2,Revolving lifetime PD by Moody's,Revolving Credit Facility,moodys_band,Caa,Downside,83,0.002258231527179834,0.9360374875007254,V2,SYNTHETIC_DEMO
LPD_REVOLVING_MOODYS_V2,Revolving lifetime PD by Moody's,Revolving Credit Facility,moodys_band,Caa,Downside,84,0.0021817459123187758,0.9382192334130441,V2,SYNTHETIC_DEMO
LPD_REVOLVING_MOODYS_V2,Revolving lifetime PD by Moody's,Revolving Credit Facility,moodys_band,Aaa-A,Severe,1,0.0009069241986497945,0.0009069241986497945,V2,SYNTHETIC_DEMO
LPD_REVOLVING_MOODYS_V2,Revolving lifetime PD by Moody's,Revolving Credit Facility,moodys_band,Aaa-A,Severe,2,0.000912471581709936,0.0018193957803597227,V2,SYNTHETIC_DEMO
LPD_REVOLVING_MOODYS_V2,Revolving lifetime PD by Moody's,Revolving Credit Facility,moodys_band,Aaa-A,Severe,3,0.0009177429968210111,0.0027371387771807365,V2,SYNTHETIC_DEMO
LPD_REVOLVING_MOODYS_V2,Revolving lifetime PD by Moody's,Revolving Credit Facility,moodys_band,Aaa-A,Severe,4,0.0009227498476887926,0.003659888624869545,V2,SYNTHETIC_DEMO
LPD_REVOLVING_MOODYS_V2,Revolving lifetime PD by Moody's,Revolving Credit Facility,moodys_band,Aaa-A,Severe,5,0.000927503076183719,0.004587391701053267,V2,SYNTHETIC_DEMO
LPD_REVOLVING_MOODYS_V2,Revolving lifetime PD by Moody's,Revolving Credit Facility,moodys_band,Aaa-A,Severe,6,0.0009320131804365773,0.005519404881489831,V2,SYNTHETIC_DEMO
LPD_REVOLVING_MOODYS_V2,Revolving lifetime PD by Moody's,Revolving Credit Facility,moodys_band,Aaa-A,Severe,7,0.0009362902322747666,0.006455695113764648,V2,SYNTHETIC_DEMO
LPD_REVOLVING_MOODYS_V2,Revolving lifetime PD by Moody's,Revolving Credit Facility,moodys_band,Aaa-A,Severe,8,0.0009403438940198419,0.007396039007784516,V2,SYNTHETIC_DEMO
LPD_REVOLVING_MOODYS_V2,Revolving lifetime PD by Moody's,Revolving Credit Facility,moodys_band,Aaa-A,Severe,9,0.0009441834346643774,0.008340222442448919,V2,SYNTHETIC_DEMO
LPD_REVOLVING_MOODYS_V2,Revolving lifetime PD by Moody's,Revolving Credit Facility,moodys_band,Aaa-A,Severe,10,0.0009478177454491994,0.009288040187898083,V2,SYNTHETIC_DEMO
LPD_REVOLVING_MOODYS_V2,Revolving lifetime PD by Moody's,Revolving Credit Facility,moodys_band,Aaa-A,Severe,11,0.0009512553548584774,0.010239295542756599,V2,SYNTHETIC_DEMO
LPD_REVOLVING_MOODYS_V2,Revolving lifetime PD by Moody's,Revolving Credit Facility,moodys_band,Aaa-A,Severe,12,0.0009545044430533726,0.011193799985809938,V2,SYNTHETIC_DEMO
LPD_REVOLVING_MOODYS_V2,Revolving lifetime PD by Moody's,Revolving Credit Facility,moodys_band,Aaa-A,Severe,13,0.0009575728557598445,0.012151372841569752,V2,SYNTHETIC_DEMO
LPD_REVOLVING_MOODYS_V2,Revolving lifetime PD by Moody's,Revolving Credit Facility,moodys_band,Aaa-A,Severe,14,0.0009604681176311895,0.013111840959200927,V2,SYNTHETIC_DEMO
LPD_REVOLVING_MOODYS_V2,Revolving lifetime PD by Moody's,Revolving Credit Facility,moodys_band,Aaa-A,Severe,15,0.0009631974451018007,0.014075038404302687,V2,SYNTHETIC_DEMO
LPD_REVOLVING_MOODYS_V2,Revolving lifetime PD by Moody's,Revolving Credit Facility,moodys_band,Aaa-A,Severe,16,0.0009657677587497716,0.015040806163052478,V2,SYNTHETIC_DEMO
LPD_REVOLVING_MOODYS_V2,Revolving lifetime PD by Moody's,Revolving Credit Facility,moodys_band,Aaa-A,Severe,17,0.0009681856951839079,0.016008991858236343,V2,SYNTHETIC_DEMO
LPD_REVOLVING_MOODYS_V2,Revolving lifetime PD by Moody's,Revolving Credit Facility,moodys_band,Aaa-A,Severe,18,0.0009704576184744014,0.016979449476710706,V2,SYNTHETIC_DEMO
LPD_REVOLVING_MOODYS_V2,Revolving lifetime PD by Moody's,Revolving Credit Facility,moodys_band,Aaa-A,Severe,19,0.0009725896311396822,0.01795203910785037,V2,SYNTHETIC_DEMO
LPD_REVOLVING_MOODYS_V2,Revolving lifetime PD by Moody's,Revolving Credit Facility,moodys_band,Aaa-A,Severe,20,0.000974587584708453,0.018926626692558846,V2,SYNTHETIC_DEMO
LPD_REVOLVING_MOODYS_V2,Revolving lifetime PD by Moody's,Revolving Credit Facility,moodys_band,Aaa-A,Severe,21,0.0009764570898689014,0.019903083782427777,V2,SYNTHETIC_DEMO
LPD_REVOLVING_MOODYS_V2,Revolving lifetime PD by Moody's,Revolving Credit Facility,moodys_band,Aaa-A,Severe,22,0.000978203526222855,0.020881287308650687,V2,SYNTHETIC_DEMO
LPD_REVOLVING_MOODYS_V2,Revolving lifetime PD by Moody's,Revolving Credit Facility,moodys_band,Aaa-A,Severe,23,0.0009798320516566982,0.021861119360307435,V2,SYNTHETIC_DEMO
LPD_REVOLVING_MOODYS_V2,Revolving lifetime PD by Moody's,Revolving Credit Facility,moodys_band,Aaa-A,Severe,24,0.000981347611344406,0.02284246697165182,V2,SYNTHETIC_DEMO
LPD_REVOLVING_MOODYS_V2,Revolving lifetime PD by Moody's,Revolving Credit Facility,moodys_band,Aaa-A,Severe,25,0.000982754946395998,0.023825221918047812,V2,SYNTHETIC_DEMO
LPD_REVOLVING_MOODYS_V2,Revolving lifetime PD by Moody's,Revolving Credit Facility,moodys_band,Aaa-A,Severe,26,0.0009840586021641802,0.02480928052021203,V2,SYNTHETIC_DEMO
LPD_REVOLVING_MOODYS_V2,Revolving lifetime PD by Moody's,Revolving Credit Facility,moodys_band,Aaa-A,Severe,27,0.0009852629362219374,0.02579454345643395,V2,SYNTHETIC_DEMO
LPD_REVOLVING_MOODYS_V2,Revolving lifetime PD by Moody's,Revolving Credit Facility,moodys_band,Aaa-A,Severe,28,0.0009863721260231675,0.0267809155824571,V2,SYNTHETIC_DEMO
LPD_REVOLVING_MOODYS_V2,Revolving lifetime PD by Moody's,Revolving Credit Facility,moodys_band,Aaa-A,Severe,29,0.0009873901762593813,0.02776830575871647,V2,SYNTHETIC_DEMO
LPD_REVOLVING_MOODYS_V2,Revolving lifetime PD by Moody's,Revolving Credit Facility,moodys_band,Aaa-A,Severe,30,0.0009883209259218884,0.02875662668463841,V2,SYNTHETIC_DEMO
LPD_REVOLVING_MOODYS_V2,Revolving lifetime PD by Moody's,Revolving Credit Facility,moodys_band,Aaa-A,Severe,31,0.0009891680550825031,0.029745794739720943,V2,SYNTHETIC_DEMO
LPD_REVOLVING_MOODYS_V2,Revolving lifetime PD by Moody's,Revolving Credit Facility,moodys_band,Aaa-A,Severe,32,0.0009899350914028254,0.030735729831123715,V2,SYNTHETIC_DEMO
LPD_REVOLVING_MOODYS_V2,Revolving lifetime PD by Moody's,Revolving Credit Facility,moodys_band,Aaa-A,Severe,33,0.0009906254163818701,0.031726355247505555,V2,SYNTHETIC_DEMO
LPD_REVOLVING_MOODYS_V2,Revolving lifetime PD by Moody's,Revolving Credit Facility,moodys_band,Aaa-A,Severe,34,0.0009912422713532437,0.03271759751885883,V2,SYNTHETIC_DEMO
LPD_REVOLVING_MOODYS_V2,Revolving lifetime PD by Moody's,Revolving Credit Facility,moodys_band,Aaa-A,Severe,35,0.0009917887632401876,0.033709386282099074,V2,SYNTHETIC_DEMO
LPD_REVOLVING_MOODYS_V2,Revolving lifetime PD by Moody's,Revolving Credit Facility,moodys_band,Aaa-A,Severe,36,0.0009922678700797253,0.03470165415217885,V2,SYNTHETIC_DEMO
LPD_REVOLVING_MOODYS_V2,Revolving lifetime PD by Moody's,Revolving Credit Facility,moodys_band,Aaa-A,Severe,37,0.0009926824463221148,0.035694336598500964,V2,SYNTHETIC_DEMO
LPD_REVOLVING_MOODYS_V2,Revolving lifetime PD by Moody's,Revolving Credit Facility,moodys_band,Aaa-A,Severe,38,0.0009930352279175093,0.03668737182641846,V2,SYNTHETIC_DEMO
LPD_REVOLVING_MOODYS_V2,Revolving lifetime PD by Moody's,Revolving Credit Facility,moodys_band,Aaa-A,Severe,39,0.0009933288371959286,0.0376807006636144,V2,SYNTHETIC_DEMO
LPD_REVOLVING_MOODYS_V2,Revolving lifetime PD by Moody's,Revolving Credit Facility,moodys_band,Aaa-A,Severe,40,0.0009935657875488038,0.03867426645116323,V2,SYNTHETIC_DEMO
LPD_REVOLVING_MOODYS_V2,Revolving lifetime PD by Moody's,Revolving Credit Facility,moodys_band,Aaa-A,Severe,41,0.0009937484879214147,0.03966801493908467,V2,SYNTHETIC_DEMO
LPD_REVOLVING_MOODYS_V2,Revolving lifetime PD by Moody's,Revolving Credit Facility,moodys_band,Aaa-A,Severe,42,0.000993879247122111,0.040661894186206804,V2,SYNTHETIC_DEMO
LPD_REVOLVING_MOODYS_V2,Revolving lifetime PD by Moody's,Revolving Credit Facility,moodys_band,Aaa-A,Severe,43,0.0009939602779559158,0.041655854464162756,V2,SYNTHETIC_DEMO
LPD_REVOLVING_MOODYS_V2,Revolving lifetime PD by Moody's,Revolving Credit Facility,moodys_band,Aaa-A,Severe,44,0.0009939937011900967,0.04264984816535289,V2,SYNTHETIC_DEMO
LPD_REVOLVING_MOODYS_V2,Revolving lifetime PD by Moody's,Revolving Credit Facility,moodys_band,Aaa-A,Severe,45,0.0009939815493576764,0.04364382971471059,V2,SYNTHETIC_DEMO
LPD_REVOLVING_MOODYS_V2,Revolving lifetime PD by Moody's,Revolving Credit Facility,moodys_band,Aaa-A,Severe,46,0.00099392577040559,0.04463775548511617,V2,SYNTHETIC_DEMO
LPD_REVOLVING_MOODYS_V2,Revolving lifetime PD by Moody's,Revolving Credit Facility,moodys_band,Aaa-A,Severe,47,0.0009938282311941775,0.045631583716310375,V2,SYNTHETIC_DEMO
LPD_REVOLVING_MOODYS_V2,Revolving lifetime PD by Moody's,Revolving Credit Facility,moodys_band,Aaa-A,Severe,48,0.0009936907208521392,0.04662527443716247,V2,SYNTHETIC_DEMO
LPD_REVOLVING_MOODYS_V2,Revolving lifetime PD by Moody's,Revolving Credit Facility,moodys_band,Aaa-A,Severe,49,0.0009935149539959417,0.04761878939115838,V2,SYNTHETIC_DEMO
LPD_REVOLVING_MOODYS_V2,Revolving lifetime PD by Moody's,Revolving Credit Facility,moodys_band,Aaa-A,Severe,50,0.000993302573815646,0.04861209196497407,V2,SYNTHETIC_DEMO
LPD_REVOLVING_MOODYS_V2,Revolving lifetime PD by Moody's,Revolving Credit Facility,moodys_band,Aaa-A,Severe,51,0.0009930551550349418,0.04960514712000896,V2,SYNTHETIC_DEMO
LPD_REVOLVING_MOODYS_V2,Revolving lifetime PD by Moody's,Revolving Credit Facility,moodys_band,Aaa-A,Severe,52,0.0009927742067493408,0.05059792132675833,V2,SYNTHETIC_DEMO
LPD_REVOLVING_MOODYS_V2,Revolving lifetime PD by Moody's,Revolving Credit Facility,moodys_band,Aaa-A,Severe,53,0.0009924611751478312,0.051590382501906173,V2,SYNTHETIC_DEMO
LPD_REVOLVING_MOODYS_V2,Revolving lifetime PD by Moody's,Revolving Credit Facility,moodys_band,Aaa-A,Severe,54,0.0009921174461227581,0.05258249994802888,V2,SYNTHETIC_DEMO
LPD_REVOLVING_MOODYS_V2,Revolving lifetime PD by Moody's,Revolving Credit Facility,moodys_band,Aaa-A,Severe,55,0.0009917443477716126,0.05357424429580049,V2,SYNTHETIC_DEMO
LPD_REVOLVING_MOODYS_V2,Revolving lifetime PD by Moody's,Revolving Credit Facility,moodys_band,Aaa-A,Severe,56,0.000991343152796818,0.0545655874485973,V2,SYNTHETIC_DEMO
LPD_REVOLVING_MOODYS_V2,Revolving lifetime PD by Moody's,Revolving Credit Facility,moodys_band,Aaa-A,Severe,57,0.00099091508080558,0.05555650252940292,V2,SYNTHETIC_DEMO
LPD_REVOLVING_MOODYS_V2,Revolving lifetime PD by Moody's,Revolving Credit Facility,moodys_band,Aaa-A,Severe,58,0.000990461300515852,0.05654696382991875,V2,SYNTHETIC_DEMO
LPD_REVOLVING_MOODYS_V2,Revolving lifetime PD by Moody's,Revolving Credit Facility,moodys_band,Aaa-A,Severe,59,0.0009899829318704364,0.05753694676178922,V2,SYNTHETIC_DEMO
LPD_REVOLVING_MOODYS_V2,Revolving lifetime PD by Moody's,Revolving Credit Facility,moodys_band,Aaa-A,Severe,60,0.0009894810480647115,0.058526427809853954,V2,SYNTHETIC_DEMO
LPD_REVOLVING_MOODYS_V2,Revolving lifetime PD by Moody's,Revolving Credit Facility,moodys_band,Aaa-A,Severe,61,0.000988956677489237,0.05951538448734317,V2,SYNTHETIC_DEMO
LPD_REVOLVING_MOODYS_V2,Revolving lifetime PD by Moody's,Revolving Credit Facility,moodys_band,Aaa-A,Severe,62,0.0009884108055937307,0.060503795292936924,V2,SYNTHETIC_DEMO
LPD_REVOLVING_MOODYS_V2,Revolving lifetime PD by Moody's,Revolving Credit Facility,moodys_band,Aaa-A,Severe,63,0.0009878443766729006,0.0614916396696098,V2,SYNTHETIC_DEMO
LPD_REVOLVING_MOODYS_V2,Revolving lifetime PD by Moody's,Revolving Credit Facility,moodys_band,Aaa-A,Severe,64,0.0009872582955782847,0.06247889796518813,V2,SYNTHETIC_DEMO
LPD_REVOLVING_MOODYS_V2,Revolving lifetime PD by Moody's,Revolving Credit Facility,moodys_band,Aaa-A,Severe,65,0.0009866534293601064,0.06346555139454824,V2,SYNTHETIC_DEMO
LPD_REVOLVING_MOODYS_V2,Revolving lifetime PD by Moody's,Revolving Credit Facility,moodys_band,Aaa-A,Severe,66,0.0009860306088405396,0.06445158200338874,V2,SYNTHETIC_DEMO
LPD_REVOLVING_MOODYS_V2,Revolving lifetime PD by Moody's,Revolving Credit Facility,moodys_band,Aaa-A,Severe,67,0.0009853906301217328,0.06543697263351045,V2,SYNTHETIC_DEMO
LPD_REVOLVING_MOODYS_V2,Revolving lifetime PD by Moody's,Revolving Credit Facility,moodys_band,Aaa-A,Severe,68,0.000984734256031726,0.06642170688954219,V2,SYNTHETIC_DEMO
LPD_REVOLVING_MOODYS_V2,Revolving lifetime PD by Moody's,Revolving Credit Facility,moodys_band,Aaa-A,Severe,69,0.000984062217510118,0.06740576910705232,V2,SYNTHETIC_DEMO
LPD_REVOLVING_MOODYS_V2,Revolving lifetime PD by Moody's,Revolving Credit Facility,moodys_band,Aaa-A,Severe,70,0.0009833752149361681,0.0683891443219885,V2,SYNTHETIC_DEMO
LPD_REVOLVING_MOODYS_V2,Revolving lifetime PD by Moody's,Revolving Credit Facility,moodys_band,Aaa-A,Severe,71,0.0009826739194027168,0.06937181824139127,V2,SYNTHETIC_DEMO
LPD_REVOLVING_MOODYS_V2,Revolving lifetime PD by Moody's,Revolving Credit Facility,moodys_band,Aaa-A,Severe,72,0.0009819589739355683,0.07035377721532687,V2,SYNTHETIC_DEMO
LPD_REVOLVING_MOODYS_V2,Revolving lifetime PD by Moody's,Revolving Credit Facility,moodys_band,Aaa-A,Severe,73,0.0009812309946638676,0.07133500820999072,V2,SYNTHETIC_DEMO
LPD_REVOLVING_MOODYS_V2,Revolving lifetime PD by Moody's,Revolving Credit Facility,moodys_band,Aaa-A,Severe,74,0.000980490571941089,0.07231549878193178,V2,SYNTHETIC_DEMO
LPD_REVOLVING_MOODYS_V2,Revolving lifetime PD by Moody's,Revolving Credit Facility,moodys_band,Aaa-A,Severe,75,0.000979738271419544,0.07329523705335128,V2,SYNTHETIC_DEMO
LPD_REVOLVING_MOODYS_V2,Revolving lifetime PD by Moody's,Revolving Credit Facility,moodys_band,Aaa-A,Severe,76,0.0009789746350801793,0.07427421168843151,V2,SYNTHETIC_DEMO
LPD_REVOLVING_MOODYS_V2,Revolving lifetime PD by Moody's,Revolving Credit Facility,moodys_band,Aaa-A,Severe,77,0.000978200182219717,0.07525241187065124,V2,SYNTHETIC_DEMO
LPD_REVOLVING_MOODYS_V2,Revolving lifetime PD by Moody's,Revolving Credit Facility,moodys_band,Aaa-A,Severe,78,0.0009774154103969791,0.07622982728104821,V2,SYNTHETIC_DEMO
LPD_REVOLVING_MOODYS_V2,Revolving lifetime PD by Moody's,Revolving Credit Facility,moodys_band,Aaa-A,Severe,79,0.0009766207963391935,0.07720644807738741,V2,SYNTHETIC_DEMO
LPD_REVOLVING_MOODYS_V2,Revolving lifetime PD by Moody's,Revolving Credit Facility,moodys_band,Aaa-A,Severe,80,0.0009758167968114344,0.07818226487419888,V2,SYNTHETIC_DEMO
LPD_REVOLVING_MOODYS_V2,Revolving lifetime PD by Moody's,Revolving Credit Facility,moodys_band,Aaa-A,Severe,81,0.0009750038494489462,0.07915726872364781,V2,SYNTHETIC_DEMO
LPD_REVOLVING_MOODYS_V2,Revolving lifetime PD by Moody's,Revolving Credit Facility,moodys_band,Aaa-A,Severe,82,0.0009741823735559886,0.08013145109720377,V2,SYNTHETIC_DEMO
LPD_REVOLVING_MOODYS_V2,Revolving lifetime PD by Moody's,Revolving Credit Facility,moodys_band,Aaa-A,Severe,83,0.0009733527708701147,0.08110480386807384,V2,SYNTHETIC_DEMO
LPD_REVOLVING_MOODYS_V2,Revolving lifetime PD by Moody's,Revolving Credit Facility,moodys_band,Aaa-A,Severe,84,0.0009725154262959043,0.08207731929436979,V2,SYNTHETIC_DEMO
LPD_REVOLVING_MOODYS_V2,Revolving lifetime PD by Moody's,Revolving Credit Facility,moodys_band,Baa,Severe,1,0.002562569756141553,0.002562569756141553,V2,SYNTHETIC_DEMO
LPD_REVOLVING_MOODYS_V2,Revolving lifetime PD by Moody's,Revolving Credit Facility,moodys_band,Baa,Severe,2,0.002574138154691289,0.005136707910832872,V2,SYNTHETIC_DEMO
LPD_REVOLVING_MOODYS_V2,Revolving lifetime PD by Moody's,Revolving Credit Facility,moodys_band,Baa,Severe,3,0.002584848516601098,0.007721556427433995,V2,SYNTHETIC_DEMO
LPD_REVOLVING_MOODYS_V2,Revolving lifetime PD by Moody's,Revolving Credit Facility,moodys_band,Baa,Severe,4,0.002594737822383801,0.010316294249817837,V2,SYNTHETIC_DEMO
LPD_REVOLVING_MOODYS_V2,Revolving lifetime PD by Moody's,Revolving Credit Facility,moodys_band,Baa,Severe,5,0.0026038415663407685,0.012920135816158584,V2,SYNTHETIC_DEMO
LPD_REVOLVING_MOODYS_V2,Revolving lifetime PD by Moody's,Revolving Credit Facility,moodys_band,Baa,Severe,6,0.0026121938107501372,0.015532329626908759,V2,SYNTHETIC_DEMO
LPD_REVOLVING_MOODYS_V2,Revolving lifetime PD by Moody's,Revolving Credit Facility,moodys_band,Baa,Severe,7,0.0026198272385502476,0.018152156865459013,V2,SYNTHETIC_DEMO
LPD_REVOLVING_MOODYS_V2,Revolving lifetime PD by Moody's,Revolving Credit Facility,moodys_band,Baa,Severe,8,0.0026267732045122164,0.020778930069971224,V2,SYNTHETIC_DEMO
LPD_REVOLVING_MOODYS_V2,Revolving lifetime PD by Moody's,Revolving Credit Facility,moodys_band,Baa,Severe,9,0.002633061784909371,0.02341199185488063,V2,SYNTHETIC_DEMO
LPD_REVOLVING_MOODYS_V2,Revolving lifetime PD by Moody's,Revolving Credit Facility,moodys_band,Baa,Severe,10,0.0026387218256875658,0.026050713680568216,V2,SYNTHETIC_DEMO
LPD_REVOLVING_MOODYS_V2,Revolving lifetime PD by Moody's,Revolving Credit Facility,moodys_band,Baa,Severe,11,0.0026437809891513425,0.028694494669719517,V2,SYNTHETIC_DEMO
LPD_REVOLVING_MOODYS_V2,Revolving lifetime PD by Moody's,Revolving Credit Facility,moodys_band,Baa,Severe,12,0.0026482657991803637,0.03134276046889983,V2,SYNTHETIC_DEMO
LPD_REVOLVING_MOODYS_V2,Revolving lifetime PD by Moody's,Revolving Credit Facility,moodys_band,Baa,Severe,13,0.0026522016849953364,0.03399496215389519,V2,SYNTHETIC_DEMO
LPD_REVOLVING_MOODYS_V2,Revolving lifetime PD by Moody's,Revolving Credit Facility,moodys_band,Baa,Severe,14,0.0026556130234942584,0.036650575177389455,V2,SYNTHETIC_DEMO
LPD_REVOLVING_MOODYS_V2,Revolving lifetime PD by Moody's,Revolving Credit Facility,moodys_band,Baa,Severe,15,0.002658523180184691,0.039309098357574124,V2,SYNTHETIC_DEMO
LPD_REVOLVING_MOODYS_V2,Revolving lifetime PD by Moody's,Revolving Credit Facility,moodys_band,Baa,Severe,16,0.0026609545487355775,0.04197005290630973,V2,SYNTHETIC_DEMO
LPD_REVOLVING_MOODYS_V2,Revolving lifetime PD by Moody's,Revolving Credit Facility,moodys_band,Baa,Severe,17,0.0026629285891778985,0.04463298149548767,V2,SYNTHETIC_DEMO
LPD_REVOLVING_MOODYS_V2,Revolving lifetime PD by Moody's,Revolving Credit Facility,moodys_band,Baa,Severe,18,0.0026644658647822284,0.04729744736026986,V2,SYNTHETIC_DEMO
LPD_REVOLVING_MOODYS_V2,Revolving lifetime PD by Moody's,Revolving Credit Facility,moodys_band,Baa,Severe,19,0.002665586077643933,0.04996303343791375,V2,SYNTHETIC_DEMO
LPD_REVOLVING_MOODYS_V2,Revolving lifetime PD by Moody's,Revolving Credit Facility,moodys_band,Baa,Severe,20,0.0026663081030054337,0.05262934154091914,V2,SYNTHETIC_DEMO
LPD_REVOLVING_MOODYS_V2,Revolving lifetime PD by Moody's,Revolving Credit Facility,moodys_band,Baa,Severe,21,0.0026666500223492384,0.055295991563268365,V2,SYNTHETIC_DEMO
LPD_REVOLVING_MOODYS_V2,Revolving lifetime PD by Moody's,Revolving Credit Facility,moodys_band,Baa,Severe,22,0.0026666291552916647,0.057962620718560065,V2,SYNTHETIC_DEMO
LPD_REVOLVING_MOODYS_V2,Revolving lifetime PD by Moody's,Revolving Credit Facility,moodys_band,Baa,Severe,23,0.0026662620903117563,0.0606288828088718,V2,SYNTHETIC_DEMO
LPD_REVOLVING_MOODYS_V2,Revolving lifetime PD by Moody's,Revolving Credit Facility,moodys_band,Baa,Severe,24,0.002665564714345131,0.06329444752321689,V2,SYNTHETIC_DEMO
LPD_REVOLVING_MOODYS_V2,Revolving lifetime PD by Moody's,Revolving Credit Facility,moodys_band,Baa,Severe,25,0.002664552241279334,0.06595899976449626,V2,SYNTHETIC_DEMO
LPD_REVOLVING_MOODYS_V2,Revolving lifetime PD by Moody's,Revolving Credit Facility,moodys_band,Baa,Severe,26,0.002663239239378852,0.0686222390038751,V2,SYNTHETIC_DEMO
LPD_REVOLVING_MOODYS_V2,Revolving lifetime PD by Moody's,Revolving Credit Facility,moodys_band,Baa,Severe,27,0.0026616396576756257,0.07128387866155073,V2,SYNTHETIC_DEMO
LPD_REVOLVING_MOODYS_V2,Revolving lifetime PD by Moody's,Revolving Credit Facility,moodys_band,Baa,Severe,28,0.0026597668513553712,0.07394364551290611,V2,SYNTHETIC_DEMO
LPD_REVOLVING_MOODYS_V2,Revolving lifetime PD by Moody's,Revolving Credit Facility,moodys_band,Baa,Severe,29,0.0026576336061720366,0.0766012791190781,V2,SYNTHETIC_DEMO
LPD_REVOLVING_MOODYS_V2,Revolving lifetime PD by Moody's,Revolving Credit Facility,moodys_band,Baa,Severe,30,0.0026552521619207436,0.07925653128099885,V2,SYNTHETIC_DEMO
LPD_REVOLVING_MOODYS_V2,Revolving lifetime PD by Moody's,Revolving Credit Facility,moodys_band,Baa,Severe,31,0.0026526342350023948,0.08190916551600125,V2,SYNTHETIC_DEMO
LPD_REVOLVING_MOODYS_V2,Revolving lifetime PD by Moody's,Revolving Credit Facility,moodys_band,Baa,Severe,32,0.002649791040107588,0.08455895655610879,V2,SYNTHETIC_DEMO
LPD_REVOLVING_MOODYS_V2,Revolving lifetime PD by Moody's,Revolving Credit Facility,moodys_band,Baa,Severe,33,0.0026467333110510726,0.08720568986715982,V2,SYNTHETIC_DEMO
LPD_REVOLVING_MOODYS_V2,Revolving lifetime PD by Moody's,Revolving Credit Facility,moodys_band,Baa,Severe,34,0.0026434713207859227,0.08984916118794573,V2,SYNTHETIC_DEMO
LPD_REVOLVING_MOODYS_V2,Revolving lifetime PD by Moody's,Revolving Credit Facility,moodys_band,Baa,Severe,35,0.0026400149006256244,0.09248917608857132,V2,SYNTHETIC_DEMO
LPD_REVOLVING_MOODYS_V2,Revolving lifetime PD by Moody's,Revolving Credit Facility,moodys_band,Baa,Severe,36,0.0026363734587015707,0.09512554954727293,V2,SYNTHETIC_DEMO
LPD_REVOLVING_MOODYS_V2,Revolving lifetime PD by Moody's,Revolving Credit Facility,moodys_band,Baa,Severe,37,0.002632555997684104,0.09775810554495701,V2,SYNTHETIC_DEMO
LPD_REVOLVING_MOODYS_V2,Revolving lifetime PD by Moody's,Revolving Credit Facility,moodys_band,Baa,Severe,38,0.0026285711317933142,0.10038667667675027,V2,SYNTHETIC_DEMO
LPD_REVOLVING_MOODYS_V2,Revolving lifetime PD by Moody's,Revolving Credit Facility,moodys_band,Baa,Severe,39,0.002624427103124368,0.10301110377987466,V2,SYNTHETIC_DEMO
LPD_REVOLVING_MOODYS_V2,Revolving lifetime PD by Moody's,Revolving Credit Facility,moodys_band,Baa,Severe,40,0.0026201317973142844,0.1056312355771889,V2,SYNTHETIC_DEMO
LPD_REVOLVING_MOODYS_V2,Revolving lifetime PD by Moody's,Revolving Credit Facility,moodys_band,Baa,Severe,41,0.0026156927585730483,0.108246928335762,V2,SYNTHETIC_DEMO
LPD_REVOLVING_MOODYS_V2,Revolving lifetime PD by Moody's,Revolving Credit Facility,moodys_band,Baa,Severe,42,0.0026111172041038302,0.11085804553986578,V2,SYNTHETIC_DEMO
LPD_REVOLVING_MOODYS_V2,Revolving lifetime PD by Moody's,Revolving Credit Facility,moodys_band,Baa,Severe,43,0.0026064120379341456,0.11346445757779988,V2,SYNTHETIC_DEMO
LPD_REVOLVING_MOODYS_V2,Revolving lifetime PD by Moody's,Revolving Credit Facility,moodys_band,Baa,Severe,44,0.002601583864181789,0.11606604144198163,V2,SYNTHETIC_DEMO
LPD_REVOLVING_MOODYS_V2,Revolving lifetime PD by Moody's,Revolving Credit Facility,moodys_band,Baa,Severe,45,0.0025966389997756287,0.1186626804417572,V2,SYNTHETIC_DEMO
LPD_REVOLVING_MOODYS_V2,Revolving lifetime PD by Moody's,Revolving Credit Facility,moodys_band,Baa,Severe,46,0.0025915834866529234,0.1212542639284101,V2,SYNTHETIC_DEMO
LPD_REVOLVING_MOODYS_V2,Revolving lifetime PD by Moody's,Revolving Credit Facility,moodys_band,Baa,Severe,47,0.0025864231034535183,0.12384068703186357,V2,SYNTHETIC_DEMO
LPD_REVOLVING_MOODYS_V2,Revolving lifetime PD by Moody's,Revolving Credit Facility,moodys_band,Baa,Severe,48,0.0025811633767303527,0.12642185040859388,V2,SYNTHETIC_DEMO
LPD_REVOLVING_MOODYS_V2,Revolving lifetime PD by Moody's,Revolving Credit Facility,moodys_band,Baa,Severe,49,0.0025758095916943173,0.12899766000028823,V2,SYNTHETIC_DEMO
LPD_REVOLVING_MOODYS_V2,Revolving lifetime PD by Moody's,Revolving Credit Facility,moodys_band,Baa,Severe,50,0.0025703668025135904,0.13156802680280177,V2,SYNTHETIC_DEMO
LPD_REVOLVING_MOODYS_V2,Revolving lifetime PD by Moody's,Revolving Credit Facility,moodys_band,Baa,Severe,51,0.0025648398421831272,0.13413286664498492,V2,SYNTHETIC_DEMO
LPD_REVOLVING_MOODYS_V2,Revolving lifetime PD by Moody's,Revolving Credit Facility,moodys_band,Baa,Severe,52,0.002559233331982472,0.1366920999769674,V2,SYNTHETIC_DEMO
LPD_REVOLVING_MOODYS_V2,Revolving lifetime PD by Moody's,Revolving Credit Facility,moodys_band,Baa,Severe,53,0.0025535516905385133,0.1392456516675059,V2,SYNTHETIC_DEMO
LPD_REVOLVING_MOODYS_V2,Revolving lifetime PD by Moody's,Revolving Credit Facility,moodys_band,Baa,Severe,54,0.0025477991425071483,0.14179345081001304,V2,SYNTHETIC_DEMO
LPD_REVOLVING_MOODYS_V2,Revolving lifetime PD by Moody's,Revolving Credit Facility,moodys_band,Baa,Severe,55,0.0025419797268923646,0.14433543053690545,V2,SYNTHETIC_DEMO
LPD_REVOLVING_MOODYS_V2,Revolving lifetime PD by Moody's,Revolving Credit Facility,moodys_band,Baa,Severe,56,0.0025360973050136833,0.14687152784191915,V2,SYNTHETIC_DEMO
LPD_REVOLVING_MOODYS_V2,Revolving lifetime PD by Moody's,Revolving Credit Facility,moodys_band,Baa,Severe,57,0.002530155568139455,0.14940168341005855,V2,SYNTHETIC_DEMO
LPD_REVOLVING_MOODYS_V2,Revolving lifetime PD by Moody's,Revolving Credit Facility,moodys_band,Baa,Severe,58,0.0025241580447971012,0.15192584145485566,V2,SYNTHETIC_DEMO
LPD_REVOLVING_MOODYS_V2,Revolving lifetime PD by Moody's,Revolving Credit Facility,moodys_band,Baa,Severe,59,0.0025181081077752586,0.15444394956263097,V2,SYNTHETIC_DEMO
LPD_REVOLVING_MOODYS_V2,Revolving lifetime PD by Moody's,Revolving Credit Facility,moodys_band,Baa,Severe,60,0.002512008980829074,0.15695595854346,V2,SYNTHETIC_DEMO
LPD_REVOLVING_MOODYS_V2,Revolving lifetime PD by Moody's,Revolving Credit Facility,moodys_band,Baa,Severe,61,0.0025058637451019295,0.15946182228856198,V2,SYNTHETIC_DEMO
LPD_REVOLVING_MOODYS_V2,Revolving lifetime PD by Moody's,Revolving Credit Facility,moodys_band,Baa,Severe,62,0.002499675345274162,0.16196149763383616,V2,SYNTHETIC_DEMO
LPD_REVOLVING_MOODYS_V2,Revolving lifetime PD by Moody's,Revolving Credit Facility,moodys_band,Baa,Severe,63,0.002493446595451252,0.16445494422928741,V2,SYNTHETIC_DEMO
LPD_REVOLVING_MOODYS_V2,Revolving lifetime PD by Moody's,Revolving Credit Facility,moodys_band,Baa,Severe,64,0.0024871801848009825,0.1669421244140884,V2,SYNTHETIC_DEMO
LPD_REVOLVING_MOODYS_V2,Revolving lifetime PD by Moody's,Revolving Credit Facility,moodys_band,Baa,Severe,65,0.0024808786829508865,0.16942300309703928,V2,SYNTHETIC_DEMO
LPD_REVOLVING_MOODYS_V2,Revolving lifetime PD by Moody's,Revolving Credit Facility,moodys_band,Baa,Severe,66,0.002474544545155835,0.17189754764219511,V2,SYNTHETIC_DEMO
LPD_REVOLVING_MOODYS_V2,Revolving lifetime PD by Moody's,Revolving Credit Facility,moodys_band,Baa,Severe,67,0.0024681801172445512,0.1743657277594397,V2,SYNTHETIC_DEMO
LPD_REVOLVING_MOODYS_V2,Revolving lifetime PD by Moody's,Revolving Credit Facility,moodys_band,Baa,Severe,68,0.0024617876403554466,0.17682751539979513,V2,SYNTHETIC_DEMO
LPD_REVOLVING_MOODYS_V2,Revolving lifetime PD by Moody's,Revolving Credit Facility,moodys_band,Baa,Severe,69,0.0024553692554695372,0.17928288465526465,V2,SYNTHETIC_DEMO
LPD_REVOLVING_MOODYS_V2,Revolving lifetime PD by Moody's,Revolving Credit Facility,moodys_band,Baa,Severe,70,0.0024489270077497306,0.18173181166301433,V2,SYNTHETIC_DEMO
LPD_REVOLVING_MOODYS_V2,Revolving lifetime PD by Moody's,Revolving Credit Facility,moodys_band,Baa,Severe,71,0.0024424628506939713,0.18417427451370827,V2,SYNTHETIC_DEMO
LPD_REVOLVING_MOODYS_V2,Revolving lifetime PD by Moody's,Revolving Credit Facility,moodys_band,Baa,Severe,72,0.0024359786501104434,0.18661025316381874,V2,SYNTHETIC_DEMO
LPD_REVOLVING_MOODYS_V2,Revolving lifetime PD by Moody's,Revolving Credit Facility,moodys_band,Baa,Severe,73,0.002429476187922252,0.18903972935174096,V2,SYNTHETIC_DEMO
LPD_REVOLVING_MOODYS_V2,Revolving lifetime PD by Moody's,Revolving Credit Facility,moodys_band,Baa,Severe,74,0.0024229571658090695,0.19146268651755005,V2,SYNTHETIC_DEMO
LPD_REVOLVING_MOODYS_V2,Revolving lifetime PD by Moody's,Revolving Credit Facility,moodys_band,Baa,Severe,75,0.002416423208691474,0.19387910972624156,V2,SYNTHETIC_DEMO
LPD_REVOLVING_MOODYS_V2,Revolving lifetime PD by Moody's,Revolving Credit Facility,moodys_band,Baa,Severe,76,0.0024098758680663303,0.19628898559430785,V2,SYNTHETIC_DEMO
LPD_REVOLVING_MOODYS_V2,Revolving lifetime PD by Moody's,Revolving Credit Facility,moodys_band,Baa,Severe,77,0.0024033166251980756,0.19869230221950596,V2,SYNTHETIC_DEMO
LPD_REVOLVING_MOODYS_V2,Revolving lifetime PD by Moody's,Revolving Credit Facility,moodys_band,Baa,Severe,78,0.0023967468941732168,0.2010890491136792,V2,SYNTHETIC_DEMO
LPD_REVOLVING_MOODYS_V2,Revolving lifetime PD by Moody's,Revolving Credit Facility,moodys_band,Baa,Severe,79,0.0023901680248224417,0.2034792171385016,V2,SYNTHETIC_DEMO
LPD_REVOLVING_MOODYS_V2,Revolving lifetime PD by Moody's,Revolving Credit Facility,moodys_band,Baa,Severe,80,0.0023835813055172557,0.2058627984440189,V2,SYNTHETIC_DEMO
LPD_REVOLVING_MOODYS_V2,Revolving lifetime PD by Moody's,Revolving Credit Facility,moodys_band,Baa,Severe,81,0.002376987965846065,0.20823978640986496,V2,SYNTHETIC_DEMO
LPD_REVOLVING_MOODYS_V2,Revolving lifetime PD by Moody's,Revolving Credit Facility,moodys_band,Baa,Severe,82,0.0023703891791744657,0.21061017558903938,V2,SYNTHETIC_DEMO
LPD_REVOLVING_MOODYS_V2,Revolving lifetime PD by Moody's,Revolving Credit Facility,moodys_band,Baa,Severe,83,0.002363786065095092,0.2129739616541345,V2,SYNTHETIC_DEMO
LPD_REVOLVING_MOODYS_V2,Revolving lifetime PD by Moody's,Revolving Credit Facility,moodys_band,Baa,Severe,84,0.002357179691771794,0.21533114134590636,V2,SYNTHETIC_DEMO
LPD_REVOLVING_MOODYS_V2,Revolving lifetime PD by Moody's,Revolving Credit Facility,moodys_band,Ba,Severe,1,0.007522904895605809,0.007522904895605809,V2,SYNTHETIC_DEMO
LPD_REVOLVING_MOODYS_V2,Revolving lifetime PD by Moody's,Revolving Credit Facility,moodys_band,Ba,Severe,2,0.007520785346989452,0.01504369024259522,V2,SYNTHETIC_DEMO
LPD_REVOLVING_MOODYS_V2,Revolving lifetime PD by Moody's,Revolving Credit Facility,moodys_band,Ba,Severe,3,0.007515680782379347,0.022559371024974517,V2,SYNTHETIC_DEMO
LPD_REVOLVING_MOODYS_V2,Revolving lifetime PD by Moody's,Revolving Credit Facility,moodys_band,Ba,Severe,4,0.007507749977036368,0.03006712100201092,V2,SYNTHETIC_DEMO
LPD_REVOLVING_MOODYS_V2,Revolving lifetime PD by Moody's,Revolving Credit Facility,moodys_band,Ba,Severe,5,0.0074971451127959264,0.0375642661148069,V2,SYNTHETIC_DEMO
LPD_REVOLVING_MOODYS_V2,Revolving lifetime PD by Moody's,Revolving Credit Facility,moodys_band,Ba,Severe,6,0.007484011981422337,0.045048278096229244,V2,SYNTHETIC_DEMO
LPD_REVOLVING_MOODYS_V2,Revolving lifetime PD by Moody's,Revolving Credit Facility,moodys_band,Ba,Severe,7,0.0074684901879074825,0.05251676828413676,V2,SYNTHETIC_DEMO
LPD_REVOLVING_MOODYS_V2,Revolving lifetime PD by Moody's,Revolving Credit Facility,moodys_band,Ba,Severe,8,0.007450713352947739,0.05996748163708454,V2,SYNTHETIC_DEMO
LPD_REVOLVING_MOODYS_V2,Revolving lifetime PD by Moody's,Revolving Credit Facility,moodys_band,Ba,Severe,9,0.00743080931392875,0.06739829095101324,V2,SYNTHETIC_DEMO
LPD_REVOLVING_MOODYS_V2,Revolving lifetime PD by Moody's,Revolving Credit Facility,moodys_band,Ba,Severe,10,0.007408900323827547,0.07480719127484081,V2,SYNTHETIC_DEMO
LPD_REVOLVING_MOODYS_V2,Revolving lifetime PD by Moody's,Revolving Credit Facility,moodys_band,Ba,Severe,11,0.0073851032475233495,0.0821922945223642,V2,SYNTHETIC_DEMO
LPD_REVOLVING_MOODYS_V2,Revolving lifetime PD by Moody's,Revolving Credit Facility,moodys_band,Ba,Severe,12,0.00735952975507261,0.0895518242774368,V2,SYNTHETIC_DEMO
LPD_REVOLVING_MOODYS_V2,Revolving lifetime PD by Moody's,Revolving Credit Facility,moodys_band,Ba,Severe,13,0.00733228651157462,0.09688411078901138,V2,SYNTHETIC_DEMO
LPD_REVOLVING_MOODYS_V2,Revolving lifetime PD by Moody's,Revolving Credit Facility,moodys_band,Ba,Severe,14,0.0073034753633044215,0.10418758615231583,V2,SYNTHETIC_DEMO
LPD_REVOLVING_MOODYS_V2,Revolving lifetime PD by Moody's,Revolving Credit Facility,moodys_band,Ba,Severe,15,0.007273193519848382,0.11146077967216417,V2,SYNTHETIC_DEMO
LPD_REVOLVING_MOODYS_V2,Revolving lifetime PD by Moody's,Revolving Credit Facility,moodys_band,Ba,Severe,16,0.007241533732022149,0.11870231340418635,V2,SYNTHETIC_DEMO
LPD_REVOLVING_MOODYS_V2,Revolving lifetime PD by Moody's,Revolving Credit Facility,moodys_band,Ba,Severe,17,0.007208584465391948,0.12591089786957832,V2,SYNTHETIC_DEMO
LPD_REVOLVING_MOODYS_V2,Revolving lifetime PD by Moody's,Revolving Credit Facility,moodys_band,Ba,Severe,18,0.007174430069263944,0.1330853279388423,V2,SYNTHETIC_DEMO
LPD_REVOLVING_MOODYS_V2,Revolving lifetime PD by Moody's,Revolving Credit Facility,moodys_band,Ba,Severe,19,0.0071391509410329,0.14022447887987521,V2,SYNTHETIC_DEMO
LPD_REVOLVING_MOODYS_V2,Revolving lifetime PD by Moody's,Revolving Credit Facility,moodys_band,Ba,Severe,20,0.007102823685820596,0.14732730256569582,V2,SYNTHETIC_DEMO
LPD_REVOLVING_MOODYS_V2,Revolving lifetime PD by Moody's,Revolving Credit Facility,moodys_band,Ba,Severe,21,0.007065521271353803,0.15439282383704966,V2,SYNTHETIC_DEMO
LPD_REVOLVING_MOODYS_V2,Revolving lifetime PD by Moody's,Revolving Credit Facility,moodys_band,Ba,Severe,22,0.007027313178062897,0.1614201370151126,V2,SYNTHETIC_DEMO
LPD_REVOLVING_MOODYS_V2,Revolving lifetime PD by Moody's,Revolving Credit Facility,moodys_band,Ba,Severe,23,0.006988265544397437,0.16840840255951006,V2,SYNTHETIC_DEMO
LPD_REVOLVING_MOODYS_V2,Revolving lifetime PD by Moody's,Revolving Credit Facility,moodys_band,Ba,Severe,24,0.006948441307378877,0.175356843866889,V2,SYNTHETIC_DEMO
LPD_REVOLVING_MOODYS_V2,Revolving lifetime PD by Moody's,Revolving Credit Facility,moodys_band,Ba,Severe,25,0.0069079003384246345,0.18226474420531358,V2,SYNTHETIC_DEMO
LPD_REVOLVING_MOODYS_V2,Revolving lifetime PD by Moody's,Revolving Credit Facility,moodys_band,Ba,Severe,26,0.00686669957449155,0.18913144377980518,V2,SYNTHETIC_DEMO
LPD_REVOLVING_MOODYS_V2,Revolving lifetime PD by Moody's,Revolving Credit Facility,moodys_band,Ba,Severe,27,0.006824893144600849,0.19595633692440606,V2,SYNTHETIC_DEMO
LPD_REVOLVING_MOODYS_V2,Revolving lifetime PD by Moody's,Revolving Credit Facility,moodys_band,Ba,Severe,28,0.006782532491817992,0.2027388694162241,V2,SYNTHETIC_DEMO
LPD_REVOLVING_MOODYS_V2,Revolving lifetime PD by Moody's,Revolving Credit Facility,moodys_band,Ba,Severe,29,0.006739666490765717,0.20947853590698984,V2,SYNTHETIC_DEMO
LPD_REVOLVING_MOODYS_V2,Revolving lifetime PD by Moody's,Revolving Credit Facility,moodys_band,Ba,Severe,30,0.006696341560762228,0.2161748774677521,V2,SYNTHETIC_DEMO
LPD_REVOLVING_MOODYS_V2,Revolving lifetime PD by Moody's,Revolving Credit Facility,moodys_band,Ba,Severe,31,0.006652601774677943,0.22282747924243007,V2,SYNTHETIC_DEMO
LPD_REVOLVING_MOODYS_V2,Revolving lifetime PD by Moody's,Revolving Credit Facility,moodys_band,Ba,Severe,32,0.006608488963612201,0.22943596820604228,V2,SYNTHETIC_DEMO
LPD_REVOLVING_MOODYS_V2,Revolving lifetime PD by Moody's,Revolving Credit Facility,moodys_band,Ba,Severe,33,0.006564042817493918,0.23600001102353618,V2,SYNTHETIC_DEMO
LPD_REVOLVING_MOODYS_V2,Revolving lifetime PD by Moody's,Revolving Credit Facility,moodys_band,Ba,Severe,34,0.006519300981714769,0.2425193120052509,V2,SYNTHETIC_DEMO
LPD_REVOLVING_MOODYS_V2,Revolving lifetime PD by Moody's,Revolving Credit Facility,moodys_band,Ba,Severe,35,0.006474299149904826,0.24899361115515573,V2,SYNTHETIC_DEMO
LPD_REVOLVING_MOODYS_V2,Revolving lifetime PD by Moody's,Revolving Credit Facility,moodys_band,Ba,Severe,36,0.006429071152962595,0.25542268230811827,V2,SYNTHETIC_DEMO
LPD_REVOLVING_MOODYS_V2,Revolving lifetime PD by Moody's,Revolving Credit Facility,moodys_band,Ba,Severe,37,0.006383649044452406,0.2618063313525707,V2,SYNTHETIC_DEMO
LPD_REVOLVING_MOODYS_V2,Revolving lifetime PD by Moody's,Revolving Credit Facility,moodys_band,Ba,Severe,38,0.006338063182483436,0.2681443945350541,V2,SYNTHETIC_DEMO
LPD_REVOLVING_MOODYS_V2,Revolving lifetime PD by Moody's,Revolving Credit Facility,moodys_band,Ba,Severe,39,0.006292342308181927,0.274436736843236,V2,SYNTHETIC_DEMO
LPD_REVOLVING_MOODYS_V2,Revolving lifetime PD by Moody's,Revolving Credit Facility,moodys_band,Ba,Severe,40,0.00624651362087124,0.28068325046410725,V2,SYNTHETIC_DEMO
LPD_REVOLVING_MOODYS_V2,Revolving lifetime PD by Moody's,Revolving Credit Facility,moodys_band,Ba,Severe,41,0.006200602850070644,0.2868838533141779,V2,SYNTHETIC_DEMO
LPD_REVOLVING_MOODYS_V2,Revolving lifetime PD by Moody's,Revolving Credit Facility,moodys_band,Ba,Severe,42,0.006154634324423369,0.2930384876386012,V2,SYNTHETIC_DEMO
LPD_REVOLVING_MOODYS_V2,Revolving lifetime PD by Moody's,Revolving Credit Facility,moodys_band,Ba,Severe,43,0.006108631037664065,0.2991471186762652,V2,SYNTHETIC_DEMO
LPD_REVOLVING_MOODYS_V2,Revolving lifetime PD by Moody's,Revolving Credit Facility,moodys_band,Ba,Severe,44,0.006062614711731334,0.3052097333879965,V2,SYNTHETIC_DEMO
LPD_REVOLVING_MOODYS_V2,Revolving lifetime PD by Moody's,Revolving Credit Facility,moodys_band,Ba,Severe,45,0.006016605857132404,0.3112263392451289,V2,SYNTHETIC_DEMO
LPD_REVOLVING_MOODYS_V2,Revolving lifetime PD by Moody's,Revolving Credit Facility,moodys_band,Ba,Severe,46,0.005970623830661781,0.3171969630757907,V2,SYNTHETIC_DEMO
LPD_REVOLVING_MOODYS_V2,Revolving lifetime PD by Moody's,Revolving Credit Facility,moodys_band,Ba,Severe,47,0.00592468689057529,0.32312164996636594,V2,SYNTHETIC_DEMO
LPD_REVOLVING_MOODYS_V2,Revolving lifetime PD by Moody's,Revolving Credit Facility,moodys_band,Ba,Severe,48,0.005878812249317712,0.3290004622156837,V2,SYNTHETIC_DEMO
LPD_REVOLVING_MOODYS_V2,Revolving lifetime PD by Moody's,Revolving Credit Facility,moodys_band,Ba,Severe,49,0.005833016123900013,0.33483347833958366,V2,SYNTHETIC_DEMO
LPD_REVOLVING_MOODYS_V2,Revolving lifetime PD by Moody's,Revolving Credit Facility,moodys_band,Ba,Severe,50,0.005787313784019312,0.34062079212360297,V2,SYNTHETIC_DEMO
LPD_REVOLVING_MOODYS_V2,Revolving lifetime PD by Moody's,Revolving Credit Facility,moodys_band,Ba,Severe,51,0.005741719598011956,0.3463625117216149,V2,SYNTHETIC_DEMO
LPD_REVOLVING_MOODYS_V2,Revolving lifetime PD by Moody's,Revolving Credit Facility,moodys_band,Ba,Severe,52,0.005696247076728181,0.35205875879834314,V2,SYNTHETIC_DEMO
LPD_REVOLVING_MOODYS_V2,Revolving lifetime PD by Moody's,Revolving Credit Facility,moodys_band,Ba,Severe,53,0.005650908915412792,0.3577096677137559,V2,SYNTHETIC_DEMO
LPD_REVOLVING_MOODYS_V2,Revolving lifetime PD by Moody's,Revolving Credit Facility,moodys_band,Ba,Severe,54,0.005605717033675682,0.3633153847474315,V2,SYNTHETIC_DEMO
LPD_REVOLVING_MOODYS_V2,Revolving lifetime PD by Moody's,Revolving Credit Facility,moodys_band,Ba,Severe,55,0.005560682613629885,0.3688760673610614,V2,SYNTHETIC_DEMO
LPD_REVOLVING_MOODYS_V2,Revolving lifetime PD by Moody's,Revolving Credit Facility,moodys_band,Ba,Severe,56,0.005515816136276685,0.3743918834973381,V2,SYNTHETIC_DEMO
LPD_REVOLVING_MOODYS_V2,Revolving lifetime PD by Moody's,Revolving Credit Facility,moodys_band,Ba,Severe,57,0.005471127416210534,0.3798630109135487,V2,SYNTHETIC_DEMO
LPD_REVOLVING_MOODYS_V2,Revolving lifetime PD by Moody's,Revolving Credit Facility,moodys_band,Ba,Severe,58,0.005426625634715957,0.38528963654826465,V2,SYNTHETIC_DEMO
LPD_REVOLVING_MOODYS_V2,Revolving lifetime PD by Moody's,Revolving Credit Facility,moodys_band,Ba,Severe,59,0.005382319371326619,0.39067195591959125,V2,SYNTHETIC_DEMO
LPD_REVOLVING_MOODYS_V2,Revolving lifetime PD by Moody's,Revolving Credit Facility,moodys_band,Ba,Severe,60,0.005338216633911831,0.3960101725535031,V2,SYNTHETIC_DEMO
LPD_REVOLVING_MOODYS_V2,Revolving lifetime PD by Moody's,Revolving Credit Facility,moodys_band,Ba,Severe,61,0.005294324887355878,0.40130449744085905,V2,SYNTHETIC_DEMO
LPD_REVOLVING_MOODYS_V2,Revolving lifetime PD by Moody's,Revolving Credit Facility,moodys_band,Ba,Severe,62,0.005250651080891588,0.4065551485217507,V2,SYNTHETIC_DEMO
LPD_REVOLVING_MOODYS_V2,Revolving lifetime PD by Moody's,Revolving Credit Facility,moodys_band,Ba,Severe,63,0.005207201674147043,0.4117623501958977,V2,SYNTHETIC_DEMO
LPD_REVOLVING_MOODYS_V2,Revolving lifetime PD by Moody's,Revolving Credit Facility,moodys_band,Ba,Severe,64,0.005163982661963477,0.4169263328578612,V2,SYNTHETIC_DEMO
LPD_REVOLVING_MOODYS_V2,Revolving lifetime PD by Moody's,Revolving Credit Facility,moodys_band,Ba,Severe,65,0.005120999598038476,0.42204733245589965,V2,SYNTHETIC_DEMO
LPD_REVOLVING_MOODYS_V2,Revolving lifetime PD by Moody's,Revolving Credit Facility,moodys_band,Ba,Severe,66,0.0050782576174473295,0.42712559007334694,V2,SYNTHETIC_DEMO
LPD_REVOLVING_MOODYS_V2,Revolving lifetime PD by Moody's,Revolving Credit Facility,moodys_band,Ba,Severe,67,0.0050357614580930615,0.43216135153144,V2,SYNTHETIC_DEMO
LPD_REVOLVING_MOODYS_V2,Revolving lifetime PD by Moody's,Revolving Credit Facility,moodys_band,Ba,Severe,68,0.004993515481133925,0.4371548670125739,V2,SYNTHETIC_DEMO
LPD_REVOLVING_MOODYS_V2,Revolving lifetime PD by Moody's,Revolving Credit Facility,moodys_band,Ba,Severe,69,0.004951523690433832,0.4421063907030077,V2,SYNTHETIC_DEMO
LPD_REVOLVING_MOODYS_V2,Revolving lifetime PD by Moody's,Revolving Credit Facility,moodys_band,Ba,Severe,70,0.004909789751081502,0.4470161804540892,V2,SYNTHETIC_DEMO
LPD_REVOLVING_MOODYS_V2,Revolving lifetime PD by Moody's,Revolving Credit Facility,moodys_band,Ba,Severe,71,0.004868317007020148,0.45188449746110937,V2,SYNTHETIC_DEMO
LPD_REVOLVING_MOODYS_V2,Revolving lifetime PD by Moody's,Revolving Credit Facility,moodys_band,Ba,Severe,72,0.0048271084978286855,0.456711605958938,V2,SYNTHETIC_DEMO
LPD_REVOLVING_MOODYS_V2,Revolving lifetime PD by Moody's,Revolving Credit Facility,moodys_band,Ba,Severe,73,0.004786166974693521,0.4614977729336315,V2,SYNTHETIC_DEMO
LPD_REVOLVING_MOODYS_V2,Revolving lifetime PD by Moody's,Revolving Credit Facility,moodys_band,Ba,Severe,74,0.004745494915608845,0.4662432678492403,V2,SYNTHETIC_DEMO
LPD_REVOLVING_MOODYS_V2,Revolving lifetime PD by Moody's,Revolving Credit Facility,moodys_band,Ba,Severe,75,0.004705094539840326,0.47094836238908067,V2,SYNTHETIC_DEMO
LPD_REVOLVING_MOODYS_V2,Revolving lifetime PD by Moody's,Revolving Credit Facility,moodys_band,Ba,Severe,76,0.004664967821687317,0.475613330210768,V2,SYNTHETIC_DEMO
LPD_REVOLVING_MOODYS_V2,Revolving lifetime PD by Moody's,Revolving Credit Facility,moodys_band,Ba,Severe,77,0.004625116503575781,0.4802384467143438,V2,SYNTHETIC_DEMO
LPD_REVOLVING_MOODYS_V2,Revolving lifetime PD by Moody's,Revolving Credit Facility,moodys_band,Ba,Severe,78,0.004585542108513307,0.48482398882285704,V2,SYNTHETIC_DEMO
LPD_REVOLVING_MOODYS_V2,Revolving lifetime PD by Moody's,Revolving Credit Facility,moodys_band,Ba,Severe,79,0.004546245951936129,0.48937023477479313,V2,SYNTHETIC_DEMO
LPD_REVOLVING_MOODYS_V2,Revolving lifetime PD by Moody's,Revolving Credit Facility,moodys_band,Ba,Severe,80,0.004507229152977254,0.49387746392777043,V2,SYNTHETIC_DEMO
LPD_REVOLVING_MOODYS_V2,Revolving lifetime PD by Moody's,Revolving Credit Facility,moodys_band,Ba,Severe,81,0.004468492645182051,0.49834595657295244,V2,SYNTHETIC_DEMO
LPD_REVOLVING_MOODYS_V2,Revolving lifetime PD by Moody's,Revolving Credit Facility,moodys_band,Ba,Severe,82,0.004430037186697796,0.5027759937596503,V2,SYNTHETIC_DEMO
LPD_REVOLVING_MOODYS_V2,Revolving lifetime PD by Moody's,Revolving Credit Facility,moodys_band,Ba,Severe,83,0.004391863369962585,0.5071678571296129,V2,SYNTHETIC_DEMO
LPD_REVOLVING_MOODYS_V2,Revolving lifetime PD by Moody's,Revolving Credit Facility,moodys_band,Ba,Severe,84,0.0043539716309166695,0.5115218287605295,V2,SYNTHETIC_DEMO
LPD_REVOLVING_MOODYS_V2,Revolving lifetime PD by Moody's,Revolving Credit Facility,moodys_band,B,Severe,1,0.017905703653799065,0.017905703653799065,V2,SYNTHETIC_DEMO
LPD_REVOLVING_MOODYS_V2,Revolving lifetime PD by Moody's,Revolving Credit Facility,moodys_band,B,Severe,2,0.017721313685702577,0.03562701733950169,V2,SYNTHETIC_DEMO
LPD_REVOLVING_MOODYS_V2,Revolving lifetime PD by Moody's,Revolving Credit Facility,moodys_band,B,Severe,3,0.017530045700670804,0.053157063040172536,V2,SYNTHETIC_DEMO
LPD_REVOLVING_MOODYS_V2,Revolving lifetime PD by Moody's,Revolving Credit Facility,moodys_band,B,Severe,4,0.01733258557737962,0.07048964861755214,V2,SYNTHETIC_DEMO
LPD_REVOLVING_MOODYS_V2,Revolving lifetime PD by Moody's,Revolving Credit Facility,moodys_band,B,Severe,5,0.017129582767678446,0.08761923138523053,V2,SYNTHETIC_DEMO
LPD_REVOLVING_MOODYS_V2,Revolving lifetime PD by Moody's,Revolving Credit Facility,moodys_band,B,Severe,6,0.016921651429914218,0.10454088281514473,V2,SYNTHETIC_DEMO
LPD_REVOLVING_MOODYS_V2,Revolving lifetime PD by Moody's,Revolving Credit Facility,moodys_band,B,Severe,7,0.016709371595959466,0.12125025441110415,V2,SYNTHETIC_DEMO
LPD_REVOLVING_MOODYS_V2,Revolving lifetime PD by Moody's,Revolving Credit Facility,moodys_band,B,Severe,8,0.016493290361929556,0.13774354477303374,V2,SYNTHETIC_DEMO
LPD_REVOLVING_MOODYS_V2,Revolving lifetime PD by Moody's,Revolving Credit Facility,moodys_band,B,Severe,9,0.016273923093673107,0.1540174678667069,V2,SYNTHETIC_DEMO
LPD_REVOLVING_MOODYS_V2,Revolving lifetime PD by Moody's,Revolving Credit Facility,moodys_band,B,Severe,10,0.0160517546391303,0.17006922250583723,V2,SYNTHETIC_DEMO
LPD_REVOLVING_MOODYS_V2,Revolving lifetime PD by Moody's,Revolving Credit Facility,moodys_band,B,Severe,11,0.015827240540601587,0.1858964630464388,V2,SYNTHETIC_DEMO
LPD_REVOLVING_MOODYS_V2,Revolving lifetime PD by Moody's,Revolving Credit Facility,moodys_band,B,Severe,12,0.015600808240827749,0.20149727128726658,V2,SYNTHETIC_DEMO
LPD_REVOLVING_MOODYS_V2,Revolving lifetime PD by Moody's,Revolving Credit Facility,moodys_band,B,Severe,13,0.015372858277580156,0.21687012956484675,V2,SYNTHETIC_DEMO
LPD_REVOLVING_MOODYS_V2,Revolving lifetime PD by Moody's,Revolving Credit Facility,moodys_band,B,Severe,14,0.015143765462185205,0.23201389502703196,V2,SYNTHETIC_DEMO
LPD_REVOLVING_MOODYS_V2,Revolving lifetime PD by Moody's,Revolving Credit Facility,moodys_band,B,Severe,15,0.014913880038068,0.2469277750651,V2,SYNTHETIC_DEMO
LPD_REVOLVING_MOODYS_V2,Revolving lifetime PD by Moody's,Revolving Credit Facility,moodys_band,B,Severe,16,0.014683528816003032,0.261611303881103,V2,SYNTHETIC_DEMO
LPD_REVOLVING_MOODYS_V2,Revolving lifetime PD by Moody's,Revolving Credit Facility,moodys_band,B,Severe,17,0.014453016283301643,0.27606432016440463,V2,SYNTHETIC_DEMO
LPD_REVOLVING_MOODYS_V2,Revolving lifetime PD by Moody's,Revolving Credit Facility,moodys_band,B,Severe,18,0.01422262568465802,0.29028694584906267,V2,SYNTHETIC_DEMO
LPD_REVOLVING_MOODYS_V2,Revolving lifetime PD by Moody's,Revolving Credit Facility,moodys_band,B,Severe,19,0.013992620072817132,0.30427956592187977,V2,SYNTHETIC_DEMO
LPD_REVOLVING_MOODYS_V2,Revolving lifetime PD by Moody's,Revolving Credit Facility,moodys_band,B,Severe,20,0.013763243327620796,0.31804280924950057,V2,SYNTHETIC_DEMO
LPD_REVOLVING_MOODYS_V2,Revolving lifetime PD by Moody's,Revolving Credit Facility,moodys_band,B,Severe,21,0.013534721142341836,0.33157753039184246,V2,SYNTHETIC_DEMO
LPD_REVOLVING_MOODYS_V2,Revolving lifetime PD by Moody's,Revolving Credit Facility,moodys_band,B,Severe,22,0.013307261976529148,0.34488479236837155,V2,SYNTHETIC_DEMO
LPD_REVOLVING_MOODYS_V2,Revolving lifetime PD by Moody's,Revolving Credit Facility,moodys_band,B,Severe,23,0.013081057974861752,0.35796585034323325,V2,SYNTHETIC_DEMO
LPD_REVOLVING_MOODYS_V2,Revolving lifetime PD by Moody's,Revolving Credit Facility,moodys_band,B,Severe,24,0.01285628585175406,0.3708221361949873,V2,SYNTHETIC_DEMO
LPD_REVOLVING_MOODYS_V2,Revolving lifetime PD by Moody's,Revolving Credit Facility,moodys_band,B,Severe,25,0.012633107741668374,0.38345524393665564,V2,SYNTHETIC_DEMO
LPD_REVOLVING_MOODYS_V2,Revolving lifetime PD by Moody's,Revolving Credit Facility,moodys_band,B,Severe,26,0.012411672015273533,0.39586691595192913,V2,SYNTHETIC_DEMO
LPD_REVOLVING_MOODYS_V2,Revolving lifetime PD by Moody's,Revolving Credit Facility,moodys_band,B,Severe,27,0.012192114061751613,0.4080590300136807,V2,SYNTHETIC_DEMO
LPD_REVOLVING_MOODYS_V2,Revolving lifetime PD by Moody's,Revolving Credit Facility,moodys_band,B,Severe,28,0.011974557037689676,0.4200335870513704,V2,SYNTHETIC_DEMO
LPD_REVOLVING_MOODYS_V2,Revolving lifetime PD by Moody's,Revolving Credit Facility,moodys_band,B,Severe,29,0.011759112583112435,0.43179269963448286,V2,SYNTHETIC_DEMO
LPD_REVOLVING_MOODYS_V2,Revolving lifetime PD by Moody's,Revolving Credit Facility,moodys_band,B,Severe,30,0.011545881505307498,0.4433385811397903,V2,SYNTHETIC_DEMO
LPD_REVOLVING_MOODYS_V2,Revolving lifetime PD by Moody's,Revolving Credit Facility,moodys_band,B,Severe,31,0.011334954431179307,0.45467353557096957,V2,SYNTHETIC_DEMO
LPD_REVOLVING_MOODYS_V2,Revolving lifetime PD by Moody's,Revolving Credit Facility,moodys_band,B,Severe,32,0.011126412428932359,0.4657999479999019,V2,SYNTHETIC_DEMO
LPD_REVOLVING_MOODYS_V2,Revolving lifetime PD by Moody's,Revolving Credit Facility,moodys_band,B,Severe,33,0.010920327599939302,0.4767202755998412,V2,SYNTHETIC_DEMO
LPD_REVOLVING_MOODYS_V2,Revolving lifetime PD by Moody's,Revolving Credit Facility,moodys_band,B,Severe,34,0.01071676364169012,0.48743703924153137,V2,SYNTHETIC_DEMO
LPD_REVOLVING_MOODYS_V2,Revolving lifetime PD by Moody's,Revolving Credit Facility,moodys_band,B,Severe,35,0.010515776382750346,0.49795281562428173,V2,SYNTHETIC_DEMO
LPD_REVOLVING_MOODYS_V2,Revolving lifetime PD by Moody's,Revolving Credit Facility,moodys_band,B,Severe,36,0.010317414290678784,0.5082702299149605,V2,SYNTHETIC_DEMO
LPD_REVOLVING_MOODYS_V2,Revolving lifetime PD by Moody's,Revolving Credit Facility,moodys_band,B,Severe,37,0.010121718953867443,0.518391948868828,V2,SYNTHETIC_DEMO
LPD_REVOLVING_MOODYS_V2,Revolving lifetime PD by Moody's,Revolving Credit Facility,moodys_band,B,Severe,38,0.00992872553827551,0.5283206744071034,V2,SYNTHETIC_DEMO
LPD_REVOLVING_MOODYS_V2,Revolving lifetime PD by Moody's,Revolving Credit Facility,moodys_band,B,Severe,39,0.009738463220027345,0.5380591376271309,V2,SYNTHETIC_DEMO
LPD_REVOLVING_MOODYS_V2,Revolving lifetime PD by Moody's,Revolving Credit Facility,moodys_band,B,Severe,40,0.009550955594842219,0.547610093221973,V2,SYNTHETIC_DEMO
LPD_REVOLVING_MOODYS_V2,Revolving lifetime PD by Moody's,Revolving Credit Facility,moodys_band,B,Severe,41,0.00936622106525214,0.5569763142872252,V2,SYNTHETIC_DEMO
LPD_REVOLVING_MOODYS_V2,Revolving lifetime PD by Moody's,Revolving Credit Facility,moodys_band,B,Severe,42,0.009184273206552853,0.5661605874937781,V2,SYNTHETIC_DEMO
LPD_REVOLVING_MOODYS_V2,Revolving lifetime PD by Moody's,Revolving Credit Facility,moodys_band,B,Severe,43,0.009005121112414947,0.575165708606193,V2,SYNTHETIC_DEMO
LPD_REVOLVING_MOODYS_V2,Revolving lifetime PD by Moody's,Revolving Credit Facility,moodys_band,B,Severe,44,0.008828769721064571,0.5839944783272575,V2,SYNTHETIC_DEMO
LPD_REVOLVING_MOODYS_V2,Revolving lifetime PD by Moody's,Revolving Credit Facility,moodys_band,B,Severe,45,0.008655220122919796,0.5926496984501773,V2,SYNTHETIC_DEMO
LPD_REVOLVING_MOODYS_V2,Revolving lifetime PD by Moody's,Revolving Credit Facility,moodys_band,B,Severe,46,0.008484469850547963,0.6011341683007253,V2,SYNTHETIC_DEMO
LPD_REVOLVING_MOODYS_V2,Revolving lifetime PD by Moody's,Revolving Credit Facility,moodys_band,B,Severe,47,0.008316513151782322,0.6094506814525076,V2,SYNTHETIC_DEMO
LPD_REVOLVING_MOODYS_V2,Revolving lifetime PD by Moody's,Revolving Credit Facility,moodys_band,B,Severe,48,0.008151341246811493,0.6176020226993191,V2,SYNTHETIC_DEMO
LPD_REVOLVING_MOODYS_V2,Revolving lifetime PD by Moody's,Revolving Credit Facility,moodys_band,B,Severe,49,0.007988942570029032,0.6255909652693481,V2,SYNTHETIC_DEMO
LPD_REVOLVING_MOODYS_V2,Revolving lifetime PD by Moody's,Revolving Credit Facility,moodys_band,B,Severe,50,0.007829302997402459,0.6334202682667507,V2,SYNTHETIC_DEMO
LPD_REVOLVING_MOODYS_V2,Revolving lifetime PD by Moody's,Revolving Credit Facility,moodys_band,B,Severe,51,0.007672406060094135,0.6410926743268448,V2,SYNTHETIC_DEMO
LPD_REVOLVING_MOODYS_V2,Revolving lifetime PD by Moody's,Revolving Credit Facility,moodys_band,B,Severe,52,0.007518233145038359,0.6486109074718831,V2,SYNTHETIC_DEMO
LPD_REVOLVING_MOODYS_V2,Revolving lifetime PD by Moody's,Revolving Credit Facility,moodys_band,B,Severe,53,0.007366763683151596,0.6559776711550347,V2,SYNTHETIC_DEMO
LPD_REVOLVING_MOODYS_V2,Revolving lifetime PD by Moody's,Revolving Credit Facility,moodys_band,B,Severe,54,0.007217975325826261,0.6631956464808609,V2,SYNTHETIC_DEMO
LPD_REVOLVING_MOODYS_V2,Revolving lifetime PD by Moody's,Revolving Credit Facility,moodys_band,B,Severe,55,0.007071844110329146,0.6702674905911901,V2,SYNTHETIC_DEMO
LPD_REVOLVING_MOODYS_V2,Revolving lifetime PD by Moody's,Revolving Credit Facility,moodys_band,B,Severe,56,0.006928344614702007,0.677195835205892,V2,SYNTHETIC_DEMO
LPD_REVOLVING_MOODYS_V2,Revolving lifetime PD by Moody's,Revolving Credit Facility,moodys_band,B,Severe,57,0.006787450102732762,0.6839832853086247,V2,SYNTHETIC_DEMO
LPD_REVOLVING_MOODYS_V2,Revolving lifetime PD by Moody's,Revolving Credit Facility,moodys_band,B,Severe,58,0.006649132659542085,0.6906324179681669,V2,SYNTHETIC_DEMO
LPD_REVOLVING_MOODYS_V2,Revolving lifetime PD by Moody's,Revolving Credit Facility,moodys_band,B,Severe,59,0.006513363318304658,0.6971457812864715,V2,SYNTHETIC_DEMO
LPD_REVOLVING_MOODYS_V2,Revolving lifetime PD by Moody's,Revolving Credit Facility,moodys_band,B,Severe,60,0.006380112178599781,0.7035258934650713,V2,SYNTHETIC_DEMO
LPD_REVOLVING_MOODYS_V2,Revolving lifetime PD by Moody's,Revolving Credit Facility,moodys_band,B,Severe,61,0.00624934851686289,0.7097752419819342,V2,SYNTHETIC_DEMO
LPD_REVOLVING_MOODYS_V2,Revolving lifetime PD by Moody's,Revolving Credit Facility,moodys_band,B,Severe,62,0.006121040889387135,0.7158962828713213,V2,SYNTHETIC_DEMO
LPD_REVOLVING_MOODYS_V2,Revolving lifetime PD by Moody's,Revolving Credit Facility,moodys_band,B,Severe,63,0.005995157228300848,0.7218914400996221,V2,SYNTHETIC_DEMO
LPD_REVOLVING_MOODYS_V2,Revolving lifetime PD by Moody's,Revolving Credit Facility,moodys_band,B,Severe,64,0.005871664930927118,0.7277631050305493,V2,SYNTHETIC_DEMO
LPD_REVOLVING_MOODYS_V2,Revolving lifetime PD by Moody's,Revolving Credit Facility,moodys_band,B,Severe,65,0.005750530942910249,0.7335136359734595,V2,SYNTHETIC_DEMO
LPD_REVOLVING_MOODYS_V2,Revolving lifetime PD by Moody's,Revolving Credit Facility,moodys_band,B,Severe,66,0.0056317218354744744,0.739145357808934,V2,SYNTHETIC_DEMO
LPD_REVOLVING_MOODYS_V2,Revolving lifetime PD by Moody's,Revolving Credit Facility,moodys_band,B,Severe,67,0.005515203877161336,0.7446605616860953,V2,SYNTHETIC_DEMO
LPD_REVOLVING_MOODYS_V2,Revolving lifetime PD by Moody's,Revolving Credit Facility,moodys_band,B,Severe,68,0.005400943100374445,0.7500615047864698,V2,SYNTHETIC_DEMO
LPD_REVOLVING_MOODYS_V2,Revolving lifetime PD by Moody's,Revolving Credit Facility,moodys_band,B,Severe,69,0.005288905363042514,0.7553504101495123,V2,SYNTHETIC_DEMO
LPD_REVOLVING_MOODYS_V2,Revolving lifetime PD by Moody's,Revolving Credit Facility,moodys_band,B,Severe,70,0.005179056405695398,0.7605294665552077,V2,SYNTHETIC_DEMO
LPD_REVOLVING_MOODYS_V2,Revolving lifetime PD by Moody's,Revolving Credit Facility,moodys_band,B,Severe,71,0.005071361904231586,0.7656008284594393,V2,SYNTHETIC_DEMO
LPD_REVOLVING_MOODYS_V2,Revolving lifetime PD by Moody's,Revolving Credit Facility,moodys_band,B,Severe,72,0.004965787518641143,0.7705666159780804,V2,SYNTHETIC_DEMO
LPD_REVOLVING_MOODYS_V2,Revolving lifetime PD by Moody's,Revolving Credit Facility,moodys_band,B,Severe,73,0.004862298937932819,0.7754289149160133,V2,SYNTHETIC_DEMO
LPD_REVOLVING_MOODYS_V2,Revolving lifetime PD by Moody's,Revolving Credit Facility,moodys_band,B,Severe,74,0.004760861921501329,0.7801897768375146,V2,SYNTHETIC_DEMO
LPD_REVOLVING_MOODYS_V2,Revolving lifetime PD by Moody's,Revolving Credit Facility,moodys_band,B,Severe,75,0.004661442337156548,0.7848512191746712,V2,SYNTHETIC_DEMO
LPD_REVOLVING_MOODYS_V2,Revolving lifetime PD by Moody's,Revolving Credit Facility,moodys_band,B,Severe,76,0.004564006196025279,0.7894152253706964,V2,SYNTHETIC_DEMO
LPD_REVOLVING_MOODYS_V2,Revolving lifetime PD by Moody's,Revolving Credit Facility,moodys_band,B,Severe,77,0.004468519684522976,0.7938837450552194,V2,SYNTHETIC_DEMO
LPD_REVOLVING_MOODYS_V2,Revolving lifetime PD by Moody's,Revolving Credit Facility,moodys_band,B,Severe,78,0.004374949193582932,0.7982586942488024,V2,SYNTHETIC_DEMO
LPD_REVOLVING_MOODYS_V2,Revolving lifetime PD by Moody's,Revolving Credit Facility,moodys_band,B,Severe,79,0.00428326134531853,0.8025419555941209,V2,SYNTHETIC_DEMO
LPD_REVOLVING_MOODYS_V2,Revolving lifetime PD by Moody's,Revolving Credit Facility,moodys_band,B,Severe,80,0.00419342301728527,0.8067353786114062,V2,SYNTHETIC_DEMO
LPD_REVOLVING_MOODYS_V2,Revolving lifetime PD by Moody's,Revolving Credit Facility,moodys_band,B,Severe,81,0.0041054013644984625,0.8108407799759046,V2,SYNTHETIC_DEMO
LPD_REVOLVING_MOODYS_V2,Revolving lifetime PD by Moody's,Revolving Credit Facility,moodys_band,B,Severe,82,0.004019163839354356,0.814859943815259,V2,SYNTHETIC_DEMO
LPD_REVOLVING_MOODYS_V2,Revolving lifetime PD by Moody's,Revolving Credit Facility,moodys_band,B,Severe,83,0.003934678209593317,0.8187946220248523,V2,SYNTHETIC_DEMO
LPD_REVOLVING_MOODYS_V2,Revolving lifetime PD by Moody's,Revolving Credit Facility,moodys_band,B,Severe,84,0.0038519125744355016,0.8226465345992878,V2,SYNTHETIC_DEMO
LPD_REVOLVING_MOODYS_V2,Revolving lifetime PD by Moody's,Revolving Credit Facility,moodys_band,Caa,Severe,1,0.046204824208090356,0.046204824208090356,V2,SYNTHETIC_DEMO
LPD_REVOLVING_MOODYS_V2,Revolving lifetime PD by Moody's,Revolving Credit Facility,moodys_band,Caa,Severe,2,0.04447614931411387,0.09068097352220428,V2,SYNTHETIC_DEMO
LPD_REVOLVING_MOODYS_V2,Revolving lifetime PD by Moody's,Revolving Credit Facility,moodys_band,Caa,Severe,3,0.042775455756377125,0.13345642927858137,V2,SYNTHETIC_DEMO
LPD_REVOLVING_MOODYS_V2,Revolving lifetime PD by Moody's,Revolving Credit Facility,moodys_band,Caa,Severe,4,0.04110602400936969,0.17456245328795106,V2,SYNTHETIC_DEMO
LPD_REVOLVING_MOODYS_V2,Revolving lifetime PD by Moody's,Revolving Credit Facility,moodys_band,Caa,Severe,5,0.039470686247978094,0.21403313953592917,V2,SYNTHETIC_DEMO
LPD_REVOLVING_MOODYS_V2,Revolving lifetime PD by Moody's,Revolving Credit Facility,moodys_band,Caa,Severe,6,0.03787185628472384,0.25190499582065307,V2,SYNTHETIC_DEMO
LPD_REVOLVING_MOODYS_V2,Revolving lifetime PD by Moody's,Revolving Credit Facility,moodys_band,Caa,Severe,7,0.03631155918862265,0.2882165550092757,V2,SYNTHETIC_DEMO
LPD_REVOLVING_MOODYS_V2,Revolving lifetime PD by Moody's,Revolving Credit Facility,moodys_band,Caa,Severe,8,0.034791460352887306,0.32300801536216295,V2,SYNTHETIC_DEMO
LPD_REVOLVING_MOODYS_V2,Revolving lifetime PD by Moody's,Revolving Credit Facility,moodys_band,Caa,Severe,9,0.03331289381706872,0.35632090917923165,V2,SYNTHETIC_DEMO
LPD_REVOLVING_MOODYS_V2,Revolving lifetime PD by Moody's,Revolving Credit Facility,moodys_band,Caa,Severe,10,0.03187688968437005,0.38819779886360173,V2,SYNTHETIC_DEMO
LPD_REVOLVING_MOODYS_V2,Revolving lifetime PD by Moody's,Revolving Credit Facility,moodys_band,Caa,Severe,11,0.030484200506772835,0.41868199937037454,V2,SYNTHETIC_DEMO
LPD_REVOLVING_MOODYS_V2,Revolving lifetime PD by Moody's,Revolving Credit Facility,moodys_band,Caa,Severe,12,0.029135326539329535,0.447817325909704,V2,SYNTHETIC_DEMO
LPD_REVOLVING_MOODYS_V2,Revolving lifetime PD by Moody's,Revolving Credit Facility,moodys_band,Caa,Severe,13,0.02783053979060187,0.4756478657003059,V2,SYNTHETIC_DEMO
LPD_REVOLVING_MOODYS_V2,Revolving lifetime PD by Moody's,Revolving Credit Facility,moodys_band,Caa,Severe,14,0.0265699068188843,0.5022177725191903,V2,SYNTHETIC_DEMO
LPD_REVOLVING_MOODYS_V2,Revolving lifetime PD by Moody's,Revolving Credit Facility,moodys_band,Caa,Severe,15,0.02535331024370537,0.5275710827628957,V2,SYNTHETIC_DEMO
LPD_REVOLVING_MOODYS_V2,Revolving lifetime PD by Moody's,Revolving Credit Facility,moodys_band,Caa,Severe,16,0.02418046895932276,0.5517515517222183,V2,SYNTHETIC_DEMO
LPD_REVOLVING_MOODYS_V2,Revolving lifetime PD by Moody's,Revolving Credit Facility,moodys_band,Caa,Severe,17,0.023050957051704315,0.5748025087739226,V2,SYNTHETIC_DEMO
LPD_REVOLVING_MOODYS_V2,Revolving lifetime PD by Moody's,Revolving Credit Facility,moodys_band,Caa,Severe,18,0.02196422143301346,0.5967667302069362,V2,SYNTHETIC_DEMO
LPD_REVOLVING_MOODYS_V2,Revolving lifetime PD by Moody's,Revolving Credit Facility,moodys_band,Caa,Severe,19,0.020919598218086977,0.6176863284250231,V2,SYNTHETIC_DEMO
LPD_REVOLVING_MOODYS_V2,Revolving lifetime PD by Moody's,Revolving Credit Facility,moodys_band,Caa,Severe,20,0.019916327875999933,0.6376026563010231,V2,SYNTHETIC_DEMO
LPD_REVOLVING_MOODYS_V2,Revolving lifetime PD by Moody's,Revolving Credit Facility,moodys_band,Caa,Severe,21,0.018953569196746314,0.6565562254977693,V2,SYNTHETIC_DEMO
LPD_REVOLVING_MOODYS_V2,Revolving lifetime PD by Moody's,Revolving Credit Facility,moodys_band,Caa,Severe,22,0.018030412118502256,0.6745866376162716,V2,SYNTHETIC_DEMO
LPD_REVOLVING_MOODYS_V2,Revolving lifetime PD by Moody's,Revolving Credit Facility,moodys_band,Caa,Severe,23,0.017145889465058,0.6917325270813296,V2,SYNTHETIC_DEMO
LPD_REVOLVING_MOODYS_V2,Revolving lifetime PD by Moody's,Revolving Credit Facility,moodys_band,Caa,Severe,24,0.016298987645964002,0.7080315147272935,V2,SYNTHETIC_DEMO
LPD_REVOLVING_MOODYS_V2,Revolving lifetime PD by Moody's,Revolving Credit Facility,moodys_band,Caa,Severe,25,0.015488656373886547,0.72352017110118,V2,SYNTHETIC_DEMO
LPD_REVOLVING_MOODYS_V2,Revolving lifetime PD by Moody's,Revolving Credit Facility,moodys_band,Caa,Severe,26,0.014713817454750042,0.7382339885559301,V2,SYNTHETIC_DEMO
LPD_REVOLVING_MOODYS_V2,Revolving lifetime PD by Moody's,Revolving Credit Facility,moodys_band,Caa,Severe,27,0.013973372706581388,0.7522073612625115,V2,SYNTHETIC_DEMO
LPD_REVOLVING_MOODYS_V2,Revolving lifetime PD by Moody's,Revolving Credit Facility,moodys_band,Caa,Severe,28,0.013266211062684817,0.7654735723251964,V2,SYNTHETIC_DEMO
LPD_REVOLVING_MOODYS_V2,Revolving lifetime PD by Moody's,Revolving Credit Facility,moodys_band,Caa,Severe,29,0.01259121491396733,0.7780647872391637,V2,SYNTHETIC_DEMO
LPD_REVOLVING_MOODYS_V2,Revolving lifetime PD by Moody's,Revolving Credit Facility,moodys_band,Caa,Severe,30,0.011947265743996646,0.7900120529831604,V2,SYNTHETIC_DEMO
LPD_REVOLVING_MOODYS_V2,Revolving lifetime PD by Moody's,Revolving Credit Facility,moodys_band,Caa,Severe,31,0.011333249108793202,0.8013453020919535,V2,SYNTHETIC_DEMO
LPD_REVOLVING_MOODYS_V2,Revolving lifetime PD by Moody's,Revolving Credit Facility,moodys_band,Caa,Severe,32,0.010748059011504956,0.8120933611034585,V2,SYNTHETIC_DEMO
LPD_REVOLVING_MOODYS_V2,Revolving lifetime PD by Moody's,Revolving Credit Facility,moodys_band,Caa,Severe,33,0.010190601720054464,0.822283962823513,V2,SYNTHETIC_DEMO
LPD_REVOLVING_MOODYS_V2,Revolving lifetime PD by Moody's,Revolving Credit Facility,moodys_band,Caa,Severe,34,0.009659799073638474,0.8319437618971515,V2,SYNTHETIC_DEMO
LPD_REVOLVING_MOODYS_V2,Revolving lifetime PD by Moody's,Revolving Credit Facility,moodys_band,Caa,Severe,35,0.009154591321649518,0.841098353218801,V2,SYNTHETIC_DEMO
LPD_REVOLVING_MOODYS_V2,Revolving lifetime PD by Moody's,Revolving Credit Facility,moodys_band,Caa,Severe,36,0.00867393953621715,0.8497722927550182,V2,SYNTHETIC_DEMO
LPD_REVOLVING_MOODYS_V2,Revolving lifetime PD by Moody's,Revolving Credit Facility,moodys_band,Caa,Severe,37,0.008216827637170493,0.8579891203921887,V2,SYNTHETIC_DEMO
LPD_REVOLVING_MOODYS_V2,Revolving lifetime PD by Moody's,Revolving Credit Facility,moodys_band,Caa,Severe,38,0.00778226406583099,0.8657713844580196,V2,SYNTHETIC_DEMO
LPD_REVOLVING_MOODYS_V2,Revolving lifetime PD by Moody's,Revolving Credit Facility,moodys_band,Caa,Severe,39,0.007369283141681866,0.8731406675997015,V2,SYNTHETIC_DEMO
LPD_REVOLVING_MOODYS_V2,Revolving lifetime PD by Moody's,Revolving Credit Facility,moodys_band,Caa,Severe,40,0.0069769461336453235,0.8801176137333468,V2,SYNTHETIC_DEMO
LPD_REVOLVING_MOODYS_V2,Revolving lifetime PD by Moody's,Revolving Credit Facility,moodys_band,Caa,Severe,41,0.006604342075449768,0.8867219558087966,V2,SYNTHETIC_DEMO
LPD_REVOLVING_MOODYS_V2,Revolving lifetime PD by Moody's,Revolving Credit Facility,moodys_band,Caa,Severe,42,0.006250588352396175,0.8929725441611928,V2,SYNTHETIC_DEMO
LPD_REVOLVING_MOODYS_V2,Revolving lifetime PD by Moody's,Revolving Credit Facility,moodys_band,Caa,Severe,43,0.00591483108474779,0.8988873752459405,V2,SYNTHETIC_DEMO
LPD_REVOLVING_MOODYS_V2,Revolving lifetime PD by Moody's,Revolving Credit Facility,moodys_band,Caa,Severe,44,0.0055962453309750925,0.9044836205769157,V2,SYNTHETIC_DEMO
LPD_REVOLVING_MOODYS_V2,Revolving lifetime PD by Moody's,Revolving Credit Facility,moodys_band,Caa,Severe,45,0.005294035132194878,0.9097776557091105,V2,SYNTHETIC_DEMO
LPD_REVOLVING_MOODYS_V2,Revolving lifetime PD by Moody's,Revolving Credit Facility,moodys_band,Caa,Severe,46,0.005007433417350334,0.9147850891264608,V2,SYNTHETIC_DEMO
LPD_REVOLVING_MOODYS_V2,Revolving lifetime PD by Moody's,Revolving Credit Facility,moodys_band,Caa,Severe,47,0.0047357017869891225,0.91952079091345,V2,SYNTHETIC_DEMO
LPD_REVOLVING_MOODYS_V2,Revolving lifetime PD by Moody's,Revolving Credit Facility,moodys_band,Caa,Severe,48,0.004478130191909965,0.92399892110536,V2,SYNTHETIC_DEMO
LPD_REVOLVING_MOODYS_V2,Revolving lifetime PD by Moody's,Revolving Credit Facility,moodys_band,Caa,Severe,49,0.004234036521461642,0.9282329576268216,V2,SYNTHETIC_DEMO
LPD_REVOLVING_MOODYS_V2,Revolving lifetime PD by Moody's,Revolving Credit Facility,moodys_band,Caa,Severe,50,0.004002766114892264,0.9322357237417138,V2,SYNTHETIC_DEMO
LPD_REVOLVING_MOODYS_V2,Revolving lifetime PD by Moody's,Revolving Credit Facility,moodys_band,Caa,Severe,51,0.0037836912078559066,0.9360194149495698,V2,SYNTHETIC_DEMO
LPD_REVOLVING_MOODYS_V2,Revolving lifetime PD by Moody's,Revolving Credit Facility,moodys_band,Caa,Severe,52,0.00357621032498669,0.9395956252745564,V2,SYNTHETIC_DEMO
LPD_REVOLVING_MOODYS_V2,Revolving lifetime PD by Moody's,Revolving Credit Facility,moodys_band,Caa,Severe,53,0.0033797476283424846,0.9429753729028989,V2,SYNTHETIC_DEMO
LPD_REVOLVING_MOODYS_V2,Revolving lifetime PD by Moody's,Revolving Credit Facility,moodys_band,Caa,Severe,54,0.003193752230497877,0.9461691251333968,V2,SYNTHETIC_DEMO
LPD_REVOLVING_MOODYS_V2,Revolving lifetime PD by Moody's,Revolving Credit Facility,moodys_band,Caa,Severe,55,0.0030176974801245995,0.9491868226135214,V2,SYNTHETIC_DEMO
LPD_REVOLVING_MOODYS_V2,Revolving lifetime PD by Moody's,Revolving Credit Facility,moodys_band,Caa,Severe,56,0.002851080227033061,0.9520379028405545,V2,SYNTHETIC_DEMO
LPD_REVOLVING_MOODYS_V2,Revolving lifetime PD by Moody's,Revolving Credit Facility,moodys_band,Caa,Severe,57,0.002693420072856228,0.9547313229134107,V2,SYNTHETIC_DEMO
LPD_REVOLVING_MOODYS_V2,Revolving lifetime PD by Moody's,Revolving Credit Facility,moodys_band,Caa,Severe,58,0.0025442586128331594,0.9572755815262439,V2,SYNTHETIC_DEMO
LPD_REVOLVING_MOODYS_V2,Revolving lifetime PD by Moody's,Revolving Credit Facility,moodys_band,Caa,Severe,59,0.002403158673488682,0.9596787401997325,V2,SYNTHETIC_DEMO
LPD_REVOLVING_MOODYS_V2,Revolving lifetime PD by Moody's,Revolving Credit Facility,moodys_band,Caa,Severe,60,0.002269703550404931,0.9619484437501375,V2,SYNTHETIC_DEMO
LPD_REVOLVING_MOODYS_V2,Revolving lifetime PD by Moody's,Revolving Credit Facility,moodys_band,Caa,Severe,61,0.0021434962497346687,0.9640919399998722,V2,SYNTHETIC_DEMO
LPD_REVOLVING_MOODYS_V2,Revolving lifetime PD by Moody's,Revolving Credit Facility,moodys_band,Caa,Severe,62,0.0020241587366121327,0.9661160987364843,V2,SYNTHETIC_DEMO
LPD_REVOLVING_MOODYS_V2,Revolving lifetime PD by Moody's,Revolving Credit Facility,moodys_band,Caa,Severe,63,0.001911331193170626,0.968027429929655,V2,SYNTHETIC_DEMO
LPD_REVOLVING_MOODYS_V2,Revolving lifetime PD by Moody's,Revolving Credit Facility,moodys_band,Caa,Severe,64,0.0018046712884734106,0.9698321012181284,V2,SYNTHETIC_DEMO
LPD_REVOLVING_MOODYS_V2,Revolving lifetime PD by Moody's,Revolving Credit Facility,moodys_band,Caa,Severe,65,0.0017038534623024498,0.9715359546804307,V2,SYNTHETIC_DEMO
LPD_REVOLVING_MOODYS_V2,Revolving lifetime PD by Moody's,Revolving Credit Facility,moodys_band,Caa,Severe,66,0.0016085682244249798,0.9731445229048558,V2,SYNTHETIC_DEMO
LPD_REVOLVING_MOODYS_V2,Revolving lifetime PD by Moody's,Revolving Credit Facility,moodys_band,Caa,Severe,67,0.0015185214706672752,0.974663044375523,V2,SYNTHETIC_DEMO
LPD_REVOLVING_MOODYS_V2,Revolving lifetime PD by Moody's,Revolving Credit Facility,moodys_band,Caa,Severe,68,0.0014334338168660971,0.9760964781923891,V2,SYNTHETIC_DEMO
LPD_REVOLVING_MOODYS_V2,Revolving lifetime PD by Moody's,Revolving Credit Facility,moodys_band,Caa,Severe,69,0.001353039951537806,0.9774495181439269,V2,SYNTHETIC_DEMO
LPD_REVOLVING_MOODYS_V2,Revolving lifetime PD by Moody's,Revolving Credit Facility,moodys_band,Caa,Severe,70,0.0012770880079009624,0.9787266061518279,V2,SYNTHETIC_DEMO
LPD_REVOLVING_MOODYS_V2,Revolving lifetime PD by Moody's,Revolving Credit Facility,moodys_band,Caa,Severe,71,0.0012053389557078696,0.9799319451075358,V2,SYNTHETIC_DEMO
LPD_REVOLVING_MOODYS_V2,Revolving lifetime PD by Moody's,Revolving Credit Facility,moodys_band,Caa,Severe,72,0.001137566013181695,0.9810695111207175,V2,SYNTHETIC_DEMO
LPD_REVOLVING_MOODYS_V2,Revolving lifetime PD by Moody's,Revolving Credit Facility,moodys_band,Caa,Severe,73,0.001073554079216777,0.9821430651999342,V2,SYNTHETIC_DEMO
LPD_REVOLVING_MOODYS_V2,Revolving lifetime PD by Moody's,Revolving Credit Facility,moodys_band,Caa,Severe,74,0.0010130991858783062,0.9831561643858125,V2,SYNTHETIC_DEMO
LPD_REVOLVING_MOODYS_V2,Revolving lifetime PD by Moody's,Revolving Credit Facility,moodys_band,Caa,Severe,75,0.0009560079711323189,0.9841121723569448,V2,SYNTHETIC_DEMO
LPD_REVOLVING_MOODYS_V2,Revolving lifetime PD by Moody's,Revolving Credit Facility,moodys_band,Caa,Severe,76,0.0009020971716460694,0.985014269528591,V2,SYNTHETIC_DEMO
LPD_REVOLVING_MOODYS_V2,Revolving lifetime PD by Moody's,Revolving Credit Facility,moodys_band,Caa,Severe,77,0.0008511931354210417,0.985865462664012,V2,SYNTHETIC_DEMO
LPD_REVOLVING_MOODYS_V2,Revolving lifetime PD by Moody's,Revolving Credit Facility,moodys_band,Caa,Severe,78,0.0008031313539547192,0.9866685940179667,V2,SYNTHETIC_DEMO
LPD_REVOLVING_MOODYS_V2,Revolving lifetime PD by Moody's,Revolving Credit Facility,moodys_band,Caa,Severe,79,0.0007577560135715386,0.9874263500315382,V2,SYNTHETIC_DEMO
LPD_REVOLVING_MOODYS_V2,Revolving lifetime PD by Moody's,Revolving Credit Facility,moodys_band,Caa,Severe,80,0.0007149195655170925,0.9881412695970553,V2,SYNTHETIC_DEMO
LPD_REVOLVING_MOODYS_V2,Revolving lifetime PD by Moody's,Revolving Credit Facility,moodys_band,Caa,Severe,81,0.0006744823143716629,0.988815751911427,V2,SYNTHETIC_DEMO
LPD_REVOLVING_MOODYS_V2,Revolving lifetime PD by Moody's,Revolving Credit Facility,moodys_band,Caa,Severe,82,0.0006363120243085318,0.9894520639357355,V2,SYNTHETIC_DEMO
LPD_REVOLVING_MOODYS_V2,Revolving lifetime PD by Moody's,Revolving Credit Facility,moodys_band,Caa,Severe,83,0.0006002835426984294,0.990052347478434,V2,SYNTHETIC_DEMO
LPD_REVOLVING_MOODYS_V2,Revolving lifetime PD by Moody's,Revolving Credit Facility,moodys_band,Caa,Severe,84,0.0005662784405432686,0.9906186259189772,V2,SYNTHETIC_DEMO
