curve_id,curve_label,product_type,bucket_field,bucket_value,scenario,month,annual_cpr,monthly_smm,cumulative_survival,curve_version,source_type
PP_MORTGAGE_FICO_V2,Mortgage prepayment by FICO,Mortgage,fico_band,Prime,Baseline,1,0.006161978115455747,0.0005149541534799074,0.9994850458465201,V2,SYNTHETIC_DEMO
PP_MORTGAGE_FICO_V2,Mortgage prepayment by FICO,Mortgage,fico_band,Prime,Baseline,2,0.012424984162180843,0.0010413590495024216,0.9984442230491855,V2,SYNTHETIC_DEMO
PP_MORTGAGE_FICO_V2,Mortgage prepayment by FICO,Mortgage,fico_band,Prime,Baseline,3,0.018786907258633297,0.0015792203077078515,0.9968674596560326,V2,SYNTHETIC_DEMO
PP_MORTGAGE_FICO_V2,Mortgage prepayment by FICO,Mortgage,fico_band,Prime,Baseline,4,0.025244253703279484,0.00212842801018831,0.9947456990324555,V2,SYNTHETIC_DEMO
PP_MORTGAGE_FICO_V2,Mortgage prepayment by FICO,Mortgage,fico_band,Prime,Baseline,5,0.031792183388658996,0.0026887561498377677,0.9920710704166573,V2,SYNTHETIC_DEMO
PP_MORTGAGE_FICO_V2,Mortgage prepayment by FICO,Mortgage,fico_band,Prime,Baseline,6,0.038424560308215415,0.0032598631218112573,0.9888370545199903,V2,SYNTHETIC_DEMO
PP_MORTGAGE_FICO_V2,Mortgage prepayment by FICO,Mortgage,fico_band,Prime,Baseline,7,0.04513401668796093,0.0038412932815220513,0.9850386413859425,V2,SYNTHETIC_DEMO
PP_MORTGAGE_FICO_V2,Mortgage prepayment by FICO,Mortgage,fico_band,Prime,Baseline,8,0.051912030148340935,0.004432479589887239,0.9806724777127491,V2,SYNTHETIC_DEMO
PP_MORTGAGE_FICO_V2,Mortgage prepayment by FICO,Mortgage,fico_band,Prime,Baseline,9,0.05874901318012834,0.005032747363097667,0.9757370008864779,V2,SYNTHETIC_DEMO
PP_MORTGAGE_FICO_V2,Mortgage prepayment by FICO,Mortgage,fico_band,Prime,Baseline,10,0.06563441410286468,0.00564131913980459,0.9702325570679614,V2,SYNTHETIC_DEMO
PP_MORTGAGE_FICO_V2,Mortgage prepayment by FICO,Mortgage,fico_band,Prime,Baseline,11,0.07255682856628456,0.006257320673058286,0.9641615008309459,V2,SYNTHETIC_DEMO
PP_MORTGAGE_FICO_V2,Mortgage prepayment by FICO,Mortgage,fico_band,Prime,Baseline,12,0.07950412055525792,0.006879788047401414,0.9575282740617646,V2,SYNTHETIC_DEMO
PP_MORTGAGE_FICO_V2,Mortgage prepayment by FICO,Mortgage,fico_band,Prime,Baseline,13,0.08646355176794021,0.00750767591305046,0.9503394621025263,V2,SYNTHETIC_DEMO
PP_MORTGAGE_FICO_V2,Mortgage prepayment by FICO,Mortgage,fico_band,Prime,Baseline,14,0.09342191815583768,0.008139866818977382,0.9426038254481931,V2,SYNTHETIC_DEMO
PP_MORTGAGE_FICO_V2,Mortgage prepayment by FICO,Mortgage,fico_band,Prime,Baseline,15,0.10036569234409289,0.008775181614861571,0.9343323056890219,V2,SYNTHETIC_DEMO
PP_MORTGAGE_FICO_V2,Mortgage prepayment by FICO,Mortgage,fico_band,Prime,Baseline,16,0.10728117059110796,0.009412390878348553,0.9255380048176082,V2,SYNTHETIC_DEMO
PP_MORTGAGE_FICO_V2,Mortgage prepayment by FICO,Mortgage,fico_band,Prime,Baseline,17,0.11415462289918822,0.010050227308897264,0.916236137486168,V2,SYNTHETIC_DEMO
PP_MORTGAGE_FICO_V2,Mortgage prepayment by FICO,Mortgage,fico_band,Prime,Baseline,18,0.12097244485264463,0.010687399012923926,0.906443956294793,V2,SYNTHETIC_DEMO
PP_MORTGAGE_FICO_V2,Mortgage prepayment by FICO,Mortgage,fico_band,Prime,Baseline,19,0.12099913554039164,0.010689902328571588,0.8967541589356777,V2,SYNTHETIC_DEMO
PP_MORTGAGE_FICO_V2,Mortgage prepayment by FICO,Mortgage,fico_band,Prime,Baseline,20,0.12094948753526945,0.010685245905268204,0.887172120230878,V2,SYNTHETIC_DEMO
PP_MORTGAGE_FICO_V2,Mortgage prepayment by FICO,Mortgage,fico_band,Prime,Baseline,21,0.12082384541561332,0.010673463167443442,0.877702921282411,V2,SYNTHETIC_DEMO
PP_MORTGAGE_FICO_V2,Mortgage prepayment by FICO,Mortgage,fico_band,Prime,Baseline,22,0.12062308119133251,0.010654638670168581,0.8683513137963955,V2,SYNTHETIC_DEMO
PP_MORTGAGE_FICO_V2,Mortgage prepayment by FICO,Mortgage,fico_band,Prime,Baseline,23,0.1203485882517893,0.010628907433075208,0.8591216880626644,V2,SYNTHETIC_DEMO
PP_MORTGAGE_FICO_V2,Mortgage prepayment by FICO,Mortgage,fico_band,Prime,Baseline,24,0.1200022716950825,0.01059645387871988,0.8500180447189004,V2,SYNTHETIC_DEMO
PP_MORTGAGE_FICO_V2,Mortgage prepayment by FICO,Mortgage,fico_band,Prime,Baseline,25,0.11958653510585393,0.010557510386432822,0.8410439703831253,V2,SYNTHETIC_DEMO
PP_MORTGAGE_FICO_V2,Mortgage prepayment by FICO,Mortgage,fico_band,Prime,Baseline,26,0.11910426387338559,0.01051235547657503,0.8322026171950279,V2,SYNTHETIC_DEMO
PP_MORTGAGE_FICO_V2,Mortgage prepayment by FICO,Mortgage,fico_band,Prime,Baseline,27,0.11855880516576715,0.010461311643755633,0.8234966862658016,V2,SYNTHETIC_DEMO
PP_MORTGAGE_FICO_V2,Mortgage prepayment by FICO,Mortgage,fico_band,Prime,Baseline,28,0.11795394469912157,0.01040474286087234,0.8149284149984255,V2,SYNTHETIC_DEMO
PP_MORTGAGE_FICO_V2,Mortgage prepayment by FICO,Mortgage,fico_band,Prime,Baseline,29,0.1172938804631202,0.01034305177878958,0.8064995682060898,V2,SYNTHETIC_DEMO
PP_MORTGAGE_FICO_V2,Mortgage prepayment by FICO,Mortgage,fico_band,Prime,Baseline,30,0.11658319358514353,0.010276676649013217,0.798211432926067,V2,SYNTHETIC_DEMO
PP_MORTGAGE_FICO_V2,Mortgage prepayment by FICO,Mortgage,fico_band,Prime,Baseline,31,0.11582681653530295,0.010206087998840263,0.7900648167999432,V2,SYNTHETIC_DEMO
PP_MORTGAGE_FICO_V2,Mortgage prepayment by FICO,Mortgage,fico_band,Prime,Baseline,32,0.11502999889299394,0.01013178509013024,0.7820600498688531,V2,SYNTHETIC_DEMO
PP_MORTGAGE_FICO_V2,Mortgage prepayment by FICO,Mortgage,fico_band,Prime,Baseline,33,0.11419827091257567,0.010054292194061398,0.7741969896141695,V2,SYNTHETIC_DEMO
PP_MORTGAGE_FICO_V2,Mortgage prepayment by FICO,Mortgage,fico_band,Prime,Baseline,34,0.11333740514104644,0.009974154715000627,0.7664750290598701,V2,SYNTHETIC_DEMO
PP_MORTGAGE_FICO_V2,Mortgage prepayment by FICO,Mortgage,fico_band,Prime,Baseline,35,0.11245337635410503,0.009891935196951085,0.7588931077423287,V2,SYNTHETIC_DEMO
PP_MORTGAGE_FICO_V2,Mortgage prepayment by FICO,Mortgage,fico_band,Prime,Baseline,36,0.11155232008865855,0.009808209245954824,0.751449725346279,V2,SYNTHETIC_DEMO
PP_MORTGAGE_FICO_V2,Mortgage prepayment by FICO,Mortgage,fico_band,Prime,Baseline,37,0.11064049005957877,0.009723561401374092,0.7441429578018287,V2,SYNTHETIC_DEMO
PP_MORTGAGE_FICO_V2,Mortgage prepayment by FICO,Mortgage,fico_band,Prime,Baseline,38,0.10972421475625314,0.009638580988162504,0.736970475636285,V2,SYNTHETIC_DEMO
PP_MORTGAGE_FICO_V2,Mortgage prepayment by FICO,Mortgage,fico_band,Prime,Baseline,39,0.10880985352016884,0.009553857981132285,0.7299295643757685,V2,SYNTHETIC_DEMO
PP_MORTGAGE_FICO_V2,Mortgage prepayment by FICO,Mortgage,fico_band,Prime,Baseline,40,0.10790375240836968,0.009469978910856658,0.7230171467947192,V2,SYNTHETIC_DEMO
PP_MORTGAGE_FICO_V2,Mortgage prepayment by FICO,Mortgage,fico_band,Prime,Baseline,41,0.10701220014911333,0.009387522839269136,0.7162298068160006,V2,SYNTHETIC_DEMO
PP_MORTGAGE_FICO_V2,Mortgage prepayment by FICO,Mortgage,fico_band,Prime,Baseline,42,0.1061413844954142,0.00930705743128002,0.7095638148699694,V2,SYNTHETIC_DEMO
PP_MORTGAGE_FICO_V2,Mortgage prepayment by FICO,Mortgage,fico_band,Prime,Baseline,43,0.10529734927939796,0.00922913514687218,0.7030151545272043,V2,SYNTHETIC_DEMO
PP_MORTGAGE_FICO_V2,Mortgage prepayment by FICO,Mortgage,fico_band,Prime,Baseline,44,0.10448595246552822,0.009154289576203123,0.6965795502262031,V2,SYNTHETIC_DEMO
PP_MORTGAGE_FICO_V2,Mortgage prepayment by FICO,Mortgage,fico_band,Prime,Baseline,45,0.10371282549383422,0.009083031938273867,0.6902524959239501,V2,SYNTHETIC_DEMO
PP_MORTGAGE_FICO_V2,Mortgage prepayment by FICO,Mortgage,fico_band,Prime,Baseline,46,0.10298333419531465,0.009015847761761231,0.6840292845035241,V2,SYNTHETIC_DEMO
PP_MORTGAGE_FICO_V2,Mortgage prepayment by FICO,Mortgage,fico_band,Prime,Baseline,47,0.10230254155078135,0.008953193764679845,0.6779050377786487,V2,SYNTHETIC_DEMO
PP_MORTGAGE_FICO_V2,Mortgage prepayment by FICO,Mortgage,fico_band,Prime,Baseline,48,0.10167517255161279,0.008895494947672056,0.6718747369400874,V2,SYNTHETIC_DEMO
PP_MORTGAGE_FICO_V2,Mortgage prepayment by FICO,Mortgage,fico_band,Prime,Baseline,49,0.10110558140629813,0.008843141913942754,0.6659332532929332,V2,SYNTHETIC_DEMO
PP_MORTGAGE_FICO_V2,Mortgage prepayment by FICO,Mortgage,fico_band,Prime,Baseline,50,0.10059772132037277,0.008796488427165738,0.660075379137077,V2,SYNTHETIC_DEMO
PP_MORTGAGE_FICO_V2,Mortgage prepayment by FICO,Mortgage,fico_band,Prime,Baseline,51,0.10015511705948558,0.008755849217119138,0.6542958586454201,V2,SYNTHETIC_DEMO
PP_MORTGAGE_FICO_V2,Mortgage prepayment by FICO,Mortgage,fico_band,Prime,Baseline,52,0.09978084048602164,0.008721498041346143,0.6485894185957831,V2,SYNTHETIC_DEMO
PP_MORTGAGE_FICO_V2,Mortgage prepayment by FICO,Mortgage,fico_band,Prime,Baseline,53,0.0994774892390667,0.008693666009793266,0.6429507988130254,V2,SYNTHETIC_DEMO
PP_MORTGAGE_FICO_V2,Mortgage prepayment by FICO,Mortgage,fico_band,Prime,Baseline,54,0.09924716870568394,0.00867254017815311,0.6373747821777438,V2,SYNTHETIC_DEMO
PP_MORTGAGE_FICO_V2,Mortgage prepayment by FICO,Mortgage,fico_band,Prime,Baseline,55,0.09909147740862954,0.008658262414508733,0.6318562240572585,V2,SYNTHETIC_DEMO
PP_MORTGAGE_FICO_V2,Mortgage prepayment by FICO,Mortgage,fico_band,Prime,Baseline,56,0.09901149591192279,0.008650928542845993,0.6263900810135866,V2,SYNTHETIC_DEMO
PP_MORTGAGE_FICO_V2,Mortgage prepayment by FICO,Mortgage,fico_band,Prime,Baseline,57,0.09900777932127085,0.008650587766048323,0.6209714386419964,V2,SYNTHETIC_DEMO
PP_MORTGAGE_FICO_V2,Mortgage prepayment by FICO,Mortgage,fico_band,Prime,Baseline,58,0.09908035343139833,0.008657242370091245,0.6155955383927685,V2,SYNTHETIC_DEMO
PP_MORTGAGE_FICO_V2,Mortgage prepayment by FICO,Mortgage,fico_band,Prime,Baseline,59,0.09922871454702091,0.008670847710307128,0.6102578032282202,V2,SYNTHETIC_DEMO
PP_MORTGAGE_FICO_V2,Mortgage prepayment by FICO,Mortgage,fico_band,Prime,Baseline,60,0.09945183297870548,0.008691312479759739,0.6049538619671521,V2,SYNTHETIC_DEMO
PP_MORTGAGE_FICO_V2,Mortgage prepayment by FICO,Mortgage,fico_band,Prime,Baseline,61,0.0997481601893541,0.008718499258940415,0.5996795721698983,V2,SYNTHETIC_DEMO
PP_MORTGAGE_FICO_V2,Mortgage prepayment by FICO,Mortgage,fico_band,Prime,Baseline,62,0.10011563954171199,0.008752225345152409,0.5944310414193827,V2,SYNTHETIC_DEMO
PP_MORTGAGE_FICO_V2,Mortgage prepayment by FICO,Mortgage,fico_band,Prime,Baseline,63,0.1005517205723075,0.008792263859057625,0.5892046468572091,V2,SYNTHETIC_DEMO
PP_MORTGAGE_FICO_V2,Mortgage prepayment by FICO,Mortgage,fico_band,Prime,Baseline,64,0.10105337669275663,0.008838345124917546,0.5839970528390799,V2,SYNTHETIC_DEMO
PP_MORTGAGE_FICO_V2,Mortgage prepayment by FICO,Mortgage,fico_band,Prime,Baseline,65,0.10161712619557753,0.00889015832003237,0.5788052265809082,V2,SYNTHETIC_DEMO
PP_MORTGAGE_FICO_V2,Mortgage prepayment by FICO,Mortgage,fico_band,Prime,Baseline,66,0.1022390564187257,0.008947353387768198,0.5736264516760016,V2,SYNTHETIC_DEMO
PP_MORTGAGE_FICO_V2,Mortgage prepayment by FICO,Mortgage,fico_band,Prime,Baseline,67,0.10291485090113776,0.009009543207343929,0.5684583393747512,V2,SYNTHETIC_DEMO
PP_MORTGAGE_FICO_V2,Mortgage prepayment by FICO,Mortgage,fico_band,Prime,Baseline,68,0.10363981934081262,0.00907630601221543,0.5632988375313902,V2,SYNTHETIC_DEMO
PP_MORTGAGE_FICO_V2,Mortgage prepayment by FICO,Mortgage,fico_band,Prime,Baseline,69,0.10440893014750817,0.009147188047449517,0.5581462371375808,V2,SYNTHETIC_DEMO
PP_MORTGAGE_FICO_V2,Mortgage prepayment by FICO,Mortgage,fico_band,Prime,Baseline,70,0.10521684536412416,0.009221706454917378,0.5529991763797814,V2,SYNTHETIC_DEMO
PP_MORTGAGE_FICO_V2,Mortgage prepayment by FICO,Mortgage,fico_band,Prime,Baseline,71,0.10605795771440156,0.009299352373460024,0.5478566421763926,V2,SYNTHETIC_DEMO
PP_MORTGAGE_FICO_V2,Mortgage prepayment by FICO,Mortgage,fico_band,Prime,Baseline,72,0.10692642951981182,0.009379594239403488,0.542717969171416,V2,SYNTHETIC_DEMO
PP_MORTGAGE_FICO_V2,Mortgage prepayment by FICO,Mortgage,fico_band,Prime,Baseline,73,0.10781623321553634,0.009461881270945605,0.5375828361835073,V2,SYNTHETIC_DEMO
PP_MORTGAGE_FICO_V2,Mortgage prepayment by FICO,Mortgage,fico_band,Prime,Baseline,74,0.1087211931843375,0.009545647118003986,0.5324512601326038,V2,SYNTHETIC_DEMO
PP_MORTGAGE_FICO_V2,Mortgage prepayment by FICO,Mortgage,fico_band,Prime,Baseline,75,0.1096350286179769,0.009630313657159162,0.5273235874903772,V2,SYNTHETIC_DEMO
PP_MORTGAGE_FICO_V2,Mortgage prepayment by FICO,Mortgage,fico_band,Prime,Baseline,76,0.11055139710870392,0.009715294909354633,0.5222004833252494,V2,SYNTHETIC_DEMO
PP_MORTGAGE_FICO_V2,Mortgage prepayment by FICO,Mortgage,fico_band,Prime,Baseline,77,0.11146393866827116,0.009800001056079477,0.5170829180371768,V2,SYNTHETIC_DEMO
PP_MORTGAGE_FICO_V2,Mortgage prepayment by FICO,Mortgage,fico_band,Prime,Baseline,78,0.11236631986896599,0.009883842527887654,0.5119721519014366,V2,SYNTHETIC_DEMO
PP_MORTGAGE_FICO_V2,Mortgage prepayment by FICO,Mortgage,fico_band,Prime,Baseline,79,0.11325227780030078,0.00996623413735609,0.5068697175637809,V2,SYNTHETIC_DEMO
PP_MORTGAGE_FICO_V2,Mortgage prepayment by FICO,Mortgage,fico_band,Prime,Baseline,80,0.11411566353628344,0.010046599226987918,0.501777400651121,V2,SYNTHETIC_DEMO
PP_MORTGAGE_FICO_V2,Mortgage prepayment by FICO,Mortgage,fico_band,Prime,Baseline,81,0.1149504848115868,0.010124373801177255,0.49669721868194594,V2,SYNTHETIC_DEMO
PP_MORTGAGE_FICO_V2,Mortgage prepayment by FICO,Mortgage,fico_band,Prime,Baseline,82,0.1157509476104265,0.01019901061021733,0.4916313984785433,V2,SYNTHETIC_DEMO
PP_MORTGAGE_FICO_V2,Mortgage prepayment by FICO,Mortgage,fico_band,Prime,Baseline,83,0.11651149637950199,0.01026998315349592,0.48658235229843905,V2,SYNTHETIC_DEMO
PP_MORTGAGE_FICO_V2,Mortgage prepayment by FICO,Mortgage,fico_band,Prime,Baseline,84,0.1172268525859067,0.010336789568526239,0.48155265291497157,V2,SYNTHETIC_DEMO
PP_MORTGAGE_FICO_V2,Mortgage prepayment by FICO,Mortgage,fico_band,Prime,Baseline,85,0.11789205135239796,0.01039895637234145,0.4765450078863235,V2,SYNTHETIC_DEMO
PP_MORTGAGE_FICO_V2,Mortgage prepayment by FICO,Mortgage,fico_band,Prime,Baseline,86,0.11850247591576331,0.010456042022072065,0.4715622332584554,V2,SYNTHETIC_DEMO
PP_MORTGAGE_FICO_V2,Mortgage prepayment by FICO,Mortgage,fico_band,Prime,Baseline,87,0.11905388966912658,0.010507640262248485,0.4666072269501131,V2,SYNTHETIC_DEMO
PP_MORTGAGE_FICO_V2,Mortgage prepayment by FICO,Mortgage,fico_band,Prime,Baseline,88,0.11954246556580689,0.010553383227545066,0.46168294206736643,V2,SYNTHETIC_DEMO
PP_MORTGAGE_FICO_V2,Mortgage prepayment by FICO,Mortgage,fico_band,Prime,Baseline,89,0.11996481268065536,0.010592944271303084,0.45679236039103555,V2,SYNTHETIC_DEMO
PP_MORTGAGE_FICO_V2,Mortgage prepayment by FICO,Mortgage,fico_band,Prime,Baseline,90,0.12031799974452215,0.0106260404922498,0.45193846627297,V2,SYNTHETIC_DEMO
PP_MORTGAGE_FICO_V2,Mortgage prepayment by FICO,Mortgage,fico_band,Prime,Baseline,91,0.1205995754885148,0.0106524349343331,0.4471242211666749,V2,SYNTHETIC_DEMO
PP_MORTGAGE_FICO_V2,Mortgage prepayment by FICO,Mortgage,fico_band,Prime,Baseline,92,0.12080758565685011,0.010671938437502804,0.44235253900446775,V2,SYNTHETIC_DEMO
PP_MORTGAGE_FICO_V2,Mortgage prepayment by FICO,Mortgage,fico_band,Prime,Baseline,93,0.12094058657022294,0.010684411120553183,0.43762626261752346,V2,SYNTHETIC_DEMO
PP_MORTGAGE_FICO_V2,Mortgage prepayment by FICO,Mortgage,fico_band,Prime,Baseline,94,0.12099765514555645,0.01068976348073436,0.4329481413771844,V2,SYNTHETIC_DEMO
PP_MORTGAGE_FICO_V2,Mortgage prepayment by FICO,Mortgage,fico_band,Prime,Baseline,95,0.12097839530259241,0.01068795709870718,0.42832081021618007,V2,SYNTHETIC_DEMO
PP_MORTGAGE_FICO_V2,Mortgage prepayment by FICO,Mortgage,fico_band,Prime,Baseline,96,0.12088294071285721,0.010679004941475556,0.4237467701673447,V2,SYNTHETIC_DEMO
PP_MORTGAGE_FICO_V2,Mortgage prepayment by FICO,Mortgage,fico_band,Prime,Baseline,97,0.12071195387192447,0.010662971260120835,0.4192283705354813,V2,SYNTHETIC_DEMO
PP_MORTGAGE_FICO_V2,Mortgage prepayment by FICO,Mortgage,fico_band,Prime,Baseline,98,0.12046662150141303,0.010639971083411193,0.4147677927956382,V2,SYNTHETIC_DEMO
PP_MORTGAGE_FICO_V2,Mortgage prepayment by FICO,Mortgage,fico_band,Prime,Baseline,99,0.12014864631263274,0.01061016931258707,0.41036703628866844,V2,SYNTHETIC_DEMO
PP_MORTGAGE_FICO_V2,Mortgage prepayment by FICO,Mortgage,fico_band,Prime,Baseline,100,0.11976023518904165,0.010573779426756635,0.40602790576294023,V2,SYNTHETIC_DEMO
PP_MORTGAGE_FICO_V2,Mortgage prepayment by FICO,Mortgage,fico_band,Prime,Baseline,101,0.1193040838695332,0.01053106181230612,0.40175200078982953,V2,SYNTHETIC_DEMO
PP_MORTGAGE_FICO_V2,Mortgage prepayment by FICO,Mortgage,fico_band,Prime,Baseline,102,0.1187833582388584,0.010482321733467304,0.39754070706048633,V2,SYNTHETIC_DEMO
PP_MORTGAGE_FICO_V2,Mortgage prepayment by FICO,Mortgage,fico_band,Prime,Baseline,103,0.11820167235503515,0.01042790696462692,0.39339518955260755,V2,SYNTHETIC_DEMO
PP_MORTGAGE_FICO_V2,Mortgage prepayment by FICO,Mortgage,fico_band,Prime,Baseline,104,0.1175630633662437,0.010368205108063688,0.38931638753880055,V2,SYNTHETIC_DEMO
PP_MORTGAGE_FICO_V2,Mortgage prepayment by FICO,Mortgage,fico_band,Prime,Baseline,105,0.11687196349129612,0.010303640623508525,0.3853050113927582,V2,SYNTHETIC_DEMO
PP_MORTGAGE_FICO_V2,Mortgage prepayment by FICO,Mortgage,fico_band,Prime,Baseline,106,0.11613316925814704,0.010234671598216005,0.38136154113600645,V2,SYNTHETIC_DEMO
PP_MORTGAGE_FICO_V2,Mortgage prepayment by FICO,Mortgage,fico_band,Prime,Baseline,107,0.11535180821394328,0.010161786288082064,0.37748622665648873,V2,SYNTHETIC_DEMO
PP_MORTGAGE_FICO_V2,Mortgage prepayment by FICO,Mortgage,fico_band,Prime,Baseline,108,0.11453330333765933,0.010085499461743086,0.3736790895207293,V2,SYNTHETIC_DEMO
PP_MORTGAGE_FICO_V2,Mortgage prepayment by FICO,Mortgage,fico_band,Prime,Baseline,109,0.1136833354023099,0.010006348580532398,0.3699399262937289,V2,SYNTHETIC_DEMO
PP_MORTGAGE_FICO_V2,Mortgage prepayment by FICO,Mortgage,fico_band,Prime,Baseline,110,0.1128078035479617,0.009924889847673923,0.36626831327500703,V2,SYNTHETIC_DEMO
PP_MORTGAGE_FICO_V2,Mortgage prepayment by FICO,Mortgage,fico_band,Prime,Baseline,111,0.11191278433918479,0.009841694160176218,0.3626636125551908,V2,SYNTHETIC_DEMO
PP_MORTGAGE_FICO_V2,Mortgage prepayment by FICO,Mortgage,fico_band,Prime,Baseline,112,0.11100448959110225,0.009757342996571161,0.3591249792951142,V2,SYNTHETIC_DEMO
PP_MORTGAGE_FICO_V2,Mortgage prepayment by FICO,Mortgage,fico_band,Prime,Baseline,113,0.11008922325674336,0.009672424272971547,0.35565137012834974,V2,SYNTHETIC_DEMO
PP_MORTGAGE_FICO_V2,Mortgage prepayment by FICO,Mortgage,fico_band,Prime,Baseline,114,0.10917333767492012,0.009587528198929163,0.3522415525882564,V2,SYNTHETIC_DEMO
PP_MORTGAGE_FICO_V2,Mortgage prepayment by FICO,Mortgage,fico_band,Prime,Baseline,115,0.10826318948228614,0.009503243163301756,0.3488941154617913,V2,SYNTHETIC_DEMO
PP_MORTGAGE_FICO_V2,Mortgage prepayment by FICO,Mortgage,fico_band,Prime,Baseline,116,0.10736509549556655,0.00942015167884358,0.34560747997428526,V2,SYNTHETIC_DEMO
PP_MORTGAGE_FICO_V2,Mortgage prepayment by FICO,Mortgage,fico_band,Prime,Baseline,117,0.106485288870155,0.009338826412548684,0.342379911711927,V2,SYNTHETIC_DEMO
PP_MORTGAGE_FICO_V2,Mortgage prepayment by FICO,Mortgage,fico_band,Prime,Baseline,118,0.10562987583935642,0.009259826326960319,0.33920953319163455,V2,SYNTHETIC_DEMO
PP_MORTGAGE_FICO_V2,Mortgage prepayment by FICO,Mortgage,fico_band,Prime,Baseline,119,0.10480479333452282,0.009183692955751055,0.33609433699113894,V2,SYNTHETIC_DEMO
PP_MORTGAGE_FICO_V2,Mortgage prepayment by FICO,Mortgage,fico_band,Prime,Baseline,120,0.10401576778021694,0.009110946834917644,0.33303219935529577,V2,SYNTHETIC_DEMO
PP_MORTGAGE_FICO_V2,Mortgage prepayment by FICO,Mortgage,fico_band,Near Prime,Baseline,1,0.005433744338174613,0.0004539436717118095,0.9995460563282882,V2,SYNTHETIC_DEMO
PP_MORTGAGE_FICO_V2,Mortgage prepayment by FICO,Mortgage,fico_band,Near Prime,Baseline,2,0.010956576943014017,0.0009176655455394034,0.998628807351216,V2,SYNTHETIC_DEMO
PP_MORTGAGE_FICO_V2,Mortgage prepayment by FICO,Mortgage,fico_band,Near Prime,Baseline,3,0.016566636400794817,0.0013911479383418301,0.9972395669447005,V2,SYNTHETIC_DEMO
PP_MORTGAGE_FICO_V2,Mortgage prepayment by FICO,Mortgage,fico_band,Near Prime,Baseline,4,0.022260841901982818,0.0018742708592348611,0.9953704698847,V2,SYNTHETIC_DEMO
PP_MORTGAGE_FICO_V2,Mortgage prepayment by FICO,Mortgage,fico_band,Near Prime,Baseline,5,0.028034925351817477,0.0023668118900075363,0.9930146152216145,V2,SYNTHETIC_DEMO
PP_MORTGAGE_FICO_V2,Mortgage prepayment by FICO,Mortgage,fico_band,Near Prime,Baseline,6,0.03388347590815359,0.002868447012587483,0.9901662054151263,V2,SYNTHETIC_DEMO
PP_MORTGAGE_FICO_V2,Mortgage prepayment by FICO,Mortgage,fico_band,Near Prime,Baseline,7,0.03979999653392918,0.0033787523991635204,0.9868206789730093,V2,SYNTHETIC_DEMO
PP_MORTGAGE_FICO_V2,Mortgage prepayment by FICO,Mortgage,fico_band,Near Prime,Baseline,8,0.045776972039900644,0.0038972071770206895,0.9829748343404833,V2,SYNTHETIC_DEMO
PP_MORTGAGE_FICO_V2,Mortgage prepayment by FICO,Mortgage,fico_band,Near Prime,Baseline,9,0.05180594798611317,0.004423197175980276,0.9786269428291687,V2,SYNTHETIC_DEMO
PP_MORTGAGE_FICO_V2,Mortgage prepayment by FICO,Mortgage,fico_band,Near Prime,Baseline,10,0.057877619708889765,0.004956019661390254,0.9737768484593411,V2,SYNTHETIC_DEMO
PP_MORTGAGE_FICO_V2,Mortgage prepayment by FICO,Mortgage,fico_band,Near Prime,Baseline,11,0.06398193064481457,0.005494889049724505,0.9684260527178666,V2,SYNTHETIC_DEMO
PP_MORTGAGE_FICO_V2,Mortgage prepayment by FICO,Mortgage,fico_band,Near Prime,Baseline,12,0.07010817903509108,0.006038943596904378,0.9625777824077307,V2,SYNTHETIC_DEMO
PP_MORTGAGE_FICO_V2,Mortgage prepayment by FICO,Mortgage,fico_band,Near Prime,Baseline,13,0.07624513201354728,0.006587253041344332,0.9562370389830349,V2,SYNTHETIC_DEMO
PP_MORTGAGE_FICO_V2,Mortgage prepayment by FICO,Mortgage,fico_band,Near Prime,Baseline,14,0.08238114601014777,0.0071388271744013965,0.9494106280239737,V2,SYNTHETIC_DEMO
PP_MORTGAGE_FICO_V2,Mortgage prepayment by FICO,Mortgage,fico_band,Near Prime,Baseline,15,0.088504292339791,0.007692625300366185,0.9421071678063999,V2,SYNTHETIC_DEMO
PP_MORTGAGE_FICO_V2,Mortgage prepayment by FICO,Mortgage,fico_band,Near Prime,Baseline,16,0.09460248679397702,0.008247566536432105,0.934337076255467,V2,SYNTHETIC_DEMO
PP_MORTGAGE_FICO_V2,Mortgage prepayment by FICO,Mortgage,fico_band,Near Prime,Baseline,17,0.10066362201110235,0.008802540890320287,0.926112535936386,V2,SYNTHETIC_DEMO
PP_MORTGAGE_FICO_V2,Mortgage prepayment by FICO,Mortgage,fico_band,Near Prime,Baseline,18,0.10667570137005936,0.009356421039632301,0.9174474371200836,V2,SYNTHETIC_DEMO
PP_MORTGAGE_FICO_V2,Mortgage prepayment by FICO,Mortgage,fico_band,Near Prime,Baseline,19,0.1066992377037999,0.009358596098892336,0.9088614171141128,V2,SYNTHETIC_DEMO
PP_MORTGAGE_FICO_V2,Mortgage prepayment by FICO,Mortgage,fico_band,Near Prime,Baseline,20,0.10665545719019215,0.009354550259658256,0.9003594273086546,V2,SYNTHETIC_DEMO
PP_MORTGAGE_FICO_V2,Mortgage prepayment by FICO,Mortgage,fico_band,Near Prime,Baseline,21,0.1065446636846772,0.009344312436286306,0.8919461875149267,V2,SYNTHETIC_DEMO
PP_MORTGAGE_FICO_V2,Mortgage prepayment by FICO,Mortgage,fico_band,Near Prime,Baseline,22,0.10636762614144776,0.00932795577804324,0.8836261529213932,V2,SYNTHETIC_DEMO
PP_MORTGAGE_FICO_V2,Mortgage prepayment by FICO,Mortgage,fico_band,Near Prime,Baseline,23,0.10612557327657783,0.009305597101904817,0.8754034839536006,V2,SYNTHETIC_DEMO
PP_MORTGAGE_FICO_V2,Mortgage prepayment by FICO,Mortgage,fico_band,Near Prime,Baseline,24,0.10582018504020912,0.009277395988231074,0.8672820191834859,V2,SYNTHETIC_DEMO
PP_MORTGAGE_FICO_V2,Mortgage prepayment by FICO,Mortgage,fico_band,Near Prime,Baseline,25,0.10545358095698029,0.009243553548332395,0.8592652513976575,V2,SYNTHETIC_DEMO
PP_MORTGAGE_FICO_V2,Mortgage prepayment by FICO,Mortgage,fico_band,Near Prime,Baseline,26,0.10502830541562184,0.00920431087612339,0.8513563068987432,V2,SYNTHETIC_DEMO
PP_MORTGAGE_FICO_V2,Mortgage prepayment by FICO,Mortgage,fico_band,Near Prime,Baseline,27,0.10454731000981285,0.009159947199051666,0.8435579280799711,V2,SYNTHETIC_DEMO
PP_MORTGAGE_FICO_V2,Mortgage prepayment by FICO,Mortgage,fico_band,Near Prime,Baseline,28,0.10401393305286176,0.009110777746232812,0.8358724592811618,V2,SYNTHETIC_DEMO
PP_MORTGAGE_FICO_V2,Mortgage prepayment by FICO,Mortgage,fico_band,Near Prime,Baseline,29,0.10343187640838782,0.00905715135418994,0.8283018359046533,V2,SYNTHETIC_DEMO
PP_MORTGAGE_FICO_V2,Mortgage prepayment by FICO,Mortgage,fico_band,Near Prime,Baseline,30,0.10280517979780839,0.008999447832749419,0.8208475767426588,V2,SYNTHETIC_DEMO
PP_MORTGAGE_FICO_V2,Mortgage prepayment by FICO,Mortgage,fico_band,Near Prime,Baseline,31,0.10213819276294897,0.00893807511546374,0.8135107794433866,V2,SYNTHETIC_DEMO
PP_MORTGAGE_FICO_V2,Mortgage prepayment by FICO,Mortgage,fico_band,Near Prime,Baseline,32,0.10143554447836739,0.008873466220403414,0.8062921190220617,V2,SYNTHETIC_DEMO
PP_MORTGAGE_FICO_V2,Mortgage prepayment by FICO,Mortgage,fico_band,Near Prime,Baseline,33,0.10070211162290764,0.008806076048273992,0.7991918493048294,V2,SYNTHETIC_DEMO
PP_MORTGAGE_FICO_V2,Mortgage prepayment by FICO,Mortgage,fico_band,Near Prime,Baseline,34,0.09994298453346823,0.008736378045570592,0.7922098071783638,V2,SYNTHETIC_DEMO
PP_MORTGAGE_FICO_V2,Mortgage prepayment by FICO,Mortgage,fico_band,Near Prime,Baseline,35,0.09916343187589262,0.00866486076089501,0.7853454195057478,V2,SYNTHETIC_DEMO
PP_MORTGAGE_FICO_V2,Mortgage prepayment by FICO,Mortgage,fico_band,Near Prime,Baseline,36,0.09836886407818073,0.008592024322640168,0.7785977125596804,V2,SYNTHETIC_DEMO
PP_MORTGAGE_FICO_V2,Mortgage prepayment by FICO,Mortgage,fico_band,Near Prime,Baseline,37,0.09756479577981036,0.008518376866015087,0.7719653238170797,V2,SYNTHETIC_DEMO
PP_MORTGAGE_FICO_V2,Mortgage prepayment by FICO,Mortgage,fico_band,Near Prime,Baseline,38,0.09675680755778687,0.00844443093687064,0.7654465159544475,V2,SYNTHETIC_DEMO
PP_MORTGAGE_FICO_V2,Mortgage prepayment by FICO,Mortgage,fico_band,Near Prime,Baseline,39,0.09595050719505797,0.0083706998990144,0.7590391928806467,V2,SYNTHETIC_DEMO
PP_MORTGAGE_FICO_V2,Mortgage prepayment by FICO,Mortgage,fico_band,Near Prime,Baseline,40,0.09515149076010782,0.008297694370717923,0.7527409176427267,V2,SYNTHETIC_DEMO
PP_MORTGAGE_FICO_V2,Mortgage prepayment by FICO,Mortgage,fico_band,Near Prime,Baseline,41,0.09436530376785449,0.008225918714940161,0.7465489320407881,V2,SYNTHETIC_DEMO
PP_MORTGAGE_FICO_V2,Mortgage prepayment by FICO,Mortgage,fico_band,Near Prime,Baseline,42,0.09359740269141072,0.008155867606466916,0.7404601777893142,V2,SYNTHETIC_DEMO
PP_MORTGAGE_FICO_V2,Mortgage prepayment by FICO,Mortgage,fico_band,Near Prime,Baseline,43,0.09285311709183275,0.008088022697723685,0.7344713190645937,V2,SYNTHETIC_DEMO
PP_MORTGAGE_FICO_V2,Mortgage prepayment by FICO,Mortgage,fico_band,Near Prime,Baseline,44,0.09213761262869308,0.008022849403494514,0.7285787662805525,V2,SYNTHETIC_DEMO
PP_MORTGAGE_FICO_V2,Mortgage prepayment by FICO,Mortgage,fico_band,Near Prime,Baseline,45,0.09145585520819927,0.007960793823207468,0.7227787009382262,V2,SYNTHETIC_DEMO
PP_MORTGAGE_FICO_V2,Mortgage prepayment by FICO,Mortgage,fico_band,Near Prime,Baseline,46,0.09081257651768657,0.007902279817849744,0.7170671013970303,V2,SYNTHETIC_DEMO
PP_MORTGAGE_FICO_V2,Mortgage prepayment by FICO,Mortgage,fico_band,Near Prime,Baseline,47,0.090212241185689,0.007847706256986942,0.7114397694187173,V2,SYNTHETIC_DEMO
PP_MORTGAGE_FICO_V2,Mortgage prepayment by FICO,Mortgage,fico_band,Near Prime,Baseline,48,0.08965901579551311,0.007797444449796576,0.7058923573372988,V2,SYNTHETIC_DEMO
PP_MORTGAGE_FICO_V2,Mortgage prepayment by FICO,Mortgage,fico_band,Near Prime,Baseline,49,0.08915673996737199,0.007751835772506266,0.7004203957101528,V2,SYNTHETIC_DEMO
PP_MORTGAGE_FICO_V2,Mortgage prepayment by FICO,Mortgage,fico_band,Near Prime,Baseline,50,0.08870889970978327,0.007711189503169735,0.6950193213069467,V2,SYNTHETIC_DEMO
PP_MORTGAGE_FICO_V2,Mortgage prepayment by FICO,Mortgage,fico_band,Near Prime,Baseline,51,0.08831860322518274,0.007675780873319549,0.6896845052938713,V2,SYNTHETIC_DEMO
PP_MORTGAGE_FICO_V2,Mortgage prepayment by FICO,Mortgage,fico_band,Near Prime,Baseline,52,0.08798855933767363,0.007645849344725786,0.6844112814710026,V2,SYNTHETIC_DEMO
PP_MORTGAGE_FICO_V2,Mortgage prepayment by FICO,Mortgage,fico_band,Near Prime,Baseline,53,0.08772105869263154,0.007621597118246726,0.6791949744204476,V2,SYNTHETIC_DEMO
PP_MORTGAGE_FICO_V2,Mortgage prepayment by FICO,Mortgage,fico_band,Near Prime,Baseline,54,0.08751795785864858,0.007603187880601103,0.6740309274223689,V2,SYNTHETIC_DEMO
PP_MORTGAGE_FICO_V2,Mortgage prepayment by FICO,Mortgage,fico_band,Near Prime,Baseline,55,0.08738066644215516,0.007590745793801146,0.6689145299951457,V2,SYNTHETIC_DEMO
PP_MORTGAGE_FICO_V2,Mortgage prepayment by FICO,Mortgage,fico_band,Near Prime,Baseline,56,0.0873101373041501,0.007584354730960641,0.6638412449149687,V2,SYNTHETIC_DEMO
PP_MORTGAGE_FICO_V2,Mortgage prepayment by FICO,Mortgage,fico_band,Near Prime,Baseline,57,0.08730685994693885,0.00758405776122395,0.6588066345692507,V2,SYNTHETIC_DEMO
PP_MORTGAGE_FICO_V2,Mortgage prepayment by FICO,Mortgage,fico_band,Near Prime,Baseline,58,0.08737085711677853,0.0075898568856364035,0.6538063864975623,V2,SYNTHETIC_DEMO
PP_MORTGAGE_FICO_V2,Mortgage prepayment by FICO,Mortgage,fico_band,Near Prime,Baseline,59,0.08750168464600935,0.0076017130248781095,0.6488363379735753,V2,SYNTHETIC_DEMO
PP_MORTGAGE_FICO_V2,Mortgage prepayment by FICO,Mortgage,fico_band,Near Prime,Baseline,60,0.08769843453576756,0.007619546258905485,0.6438924994819268,V2,SYNTHETIC_DEMO
PP_MORTGAGE_FICO_V2,Mortgage prepayment by FICO,Mortgage,fico_band,Near Prime,Baseline,61,0.08795974125788499,0.007643236317661284,0.6389710769452169,V2,SYNTHETIC_DEMO
PP_MORTGAGE_FICO_V2,Mortgage prepayment by FICO,Mortgage,fico_band,Near Prime,Baseline,62,0.08828379123223694,0.007672623321123617,0.6340684925587236,V2,SYNTHETIC_DEMO
PP_MORTGAGE_FICO_V2,Mortgage prepayment by FICO,Mortgage,fico_band,Near Prime,Baseline,63,0.08866833541376208,0.007707508766039761,0.6291814040940575,V2,SYNTHETIC_DEMO
PP_MORTGAGE_FICO_V2,Mortgage prepayment by FICO,Mortgage,fico_band,Near Prime,Baseline,64,0.08911070490179449,0.007747656755725418,0.6243067225380514,V2,SYNTHETIC_DEMO
PP_MORTGAGE_FICO_V2,Mortgage prepayment by FICO,Mortgage,fico_band,Near Prime,Baseline,65,0.08960782946337291,0.0077927954682931455,0.6194416279398319,V2,SYNTHETIC_DEMO
PP_MORTGAGE_FICO_V2,Mortgage prepayment by FICO,Mortgage,fico_band,Near Prime,Baseline,66,0.09015625884196721,0.007842618857591965,0.6145835833473735,V2,SYNTHETIC_DEMO
PP_MORTGAGE_FICO_V2,Mortgage prepayment by FICO,Mortgage,fico_band,Near Prime,Baseline,67,0.09075218670373057,0.007896788579983438,0.6097303467249506,V2,SYNTHETIC_DEMO
PP_MORTGAGE_FICO_V2,Mortgage prepayment by FICO,Mortgage,fico_band,Near Prime,Baseline,68,0.09139147705508022,0.00795493613885423,0.6048799807548322,V2,SYNTHETIC_DEMO
PP_MORTGAGE_FICO_V2,Mortgage prepayment by FICO,Mortgage,fico_band,Near Prime,Baseline,69,0.0920696929482572,0.008016665237453258,0.6000308604402835,V2,SYNTHETIC_DEMO
PP_MORTGAGE_FICO_V2,Mortgage prepayment by FICO,Mortgage,fico_band,Near Prime,Baseline,70,0.09278212727563677,0.00808155432926183,0.5951816784424017,V2,SYNTHETIC_DEMO
PP_MORTGAGE_FICO_V2,Mortgage prepayment by FICO,Mortgage,fico_band,Near Prime,Baseline,71,0.09352383543906319,0.008149159353649571,0.590331448100402,V2,SYNTHETIC_DEMO
PP_MORTGAGE_FICO_V2,Mortgage prepayment by FICO,Mortgage,fico_band,Near Prime,Baseline,72,0.09428966966747043,0.00821901664305602,0.5854795041035454,V2,SYNTHETIC_DEMO
PP_MORTGAGE_FICO_V2,Mortgage prepayment by FICO,Mortgage,fico_band,Near Prime,Baseline,73,0.09507431474460931,0.008290645986378853,0.5806255008027423,V2,SYNTHETIC_DEMO
PP_MORTGAGE_FICO_V2,Mortgage prepayment by FICO,Mortgage,fico_band,Near Prime,Baseline,74,0.09587232489891578,0.008363553831658432,0.575769408170745,V2,SYNTHETIC_DEMO
PP_MORTGAGE_FICO_V2,Mortgage prepayment by FICO,Mortgage,fico_band,Near Prime,Baseline,75,0.09667816159948872,0.008437236609555643,0.5709115054414645,V2,SYNTHETIC_DEMO
PP_MORTGAGE_FICO_V2,Mortgage prepayment by FICO,Mortgage,fico_band,Near Prime,Baseline,76,0.09748623199585708,0.008511184157539264,0.5660523724809943,V2,SYNTHETIC_DEMO
PP_MORTGAGE_FICO_V2,Mortgage prepayment by FICO,Mortgage,fico_band,Near Prime,Baseline,77,0.0982909277347482,0.008584883223173079,0.5611928789650449,V2,SYNTHETIC_DEMO
PP_MORTGAGE_FICO_V2,Mortgage prepayment by FICO,Mortgage,fico_band,Near Prime,Baseline,78,0.09908666388445182,0.008657821023437262,0.5563341714593381,V2,SYNTHETIC_DEMO
PP_MORTGAGE_FICO_V2,Mortgage prepayment by FICO,Mortgage,fico_band,Near Prime,Baseline,79,0.09986791769662887,0.00872948883568292,0.5514776585206749,V2,SYNTHETIC_DEMO
PP_MORTGAGE_FICO_V2,Mortgage prepayment by FICO,Mortgage,fico_band,Near Prime,Baseline,80,0.10062926693654085,0.008799385594625897,0.5466249939565301,V2,SYNTHETIC_DEMO
PP_MORTGAGE_FICO_V2,Mortgage prepayment by FICO,Mortgage,fico_band,Near Prime,Baseline,81,0.101365427515672,0.008867021468774938,0.5417780583997486,V2,SYNTHETIC_DEMO
PP_MORTGAGE_FICO_V2,Mortgage prepayment by FICO,Mortgage,fico_band,Near Prime,Baseline,82,0.10207129016555791,0.008931921388901531,0.5369389393718903,V2,SYNTHETIC_DEMO
PP_MORTGAGE_FICO_V2,Mortgage prepayment by FICO,Mortgage,fico_band,Near Prime,Baseline,83,0.10274195589828812,0.008993628500613249,0.5321099100236663,V2,SYNTHETIC_DEMO
PP_MORTGAGE_FICO_V2,Mortgage prepayment by FICO,Mortgage,fico_band,Near Prime,Baseline,84,0.10337277000757228,0.00905170751283857,0.5272934067534492,V2,SYNTHETIC_DEMO
PP_MORTGAGE_FICO_V2,Mortgage prepayment by FICO,Mortgage,fico_band,Near Prime,Baseline,85,0.10395935437438729,0.009105747914072815,0.5224920059147996,V2,SYNTHETIC_DEMO
PP_MORTGAGE_FICO_V2,Mortgage prepayment by FICO,Mortgage,fico_band,Near Prime,Baseline,86,0.10449763785299129,0.009155367028619188,0.5177083998311302,V2,SYNTHETIC_DEMO
PP_MORTGAGE_FICO_V2,Mortgage prepayment by FICO,Mortgage,fico_band,Near Prime,Baseline,87,0.10498388452641162,0.00920021288577999,0.5129453723399272,V2,SYNTHETIC_DEMO
PP_MORTGAGE_FICO_V2,Mortgage prepayment by FICO,Mortgage,fico_band,Near Prime,Baseline,88,0.10541471963530244,0.009239966876030237,0.5082057740902933,V2,SYNTHETIC_DEMO
PP_MORTGAGE_FICO_V2,Mortgage prepayment by FICO,Mortgage,fico_band,Near Prime,Baseline,89,0.10578715300021427,0.009274346169647174,0.5034924978159664,V2,SYNTHETIC_DEMO
PP_MORTGAGE_FICO_V2,Mortgage prepayment by FICO,Mortgage,fico_band,Near Prime,Baseline,90,0.10609859977471499,0.009303105875048123,0.498808453801492,V2,SYNTHETIC_DEMO
PP_MORTGAGE_FICO_V2,Mortgage prepayment by FICO,Mortgage,fico_band,Near Prime,Baseline,91,0.1063468983853267,0.009326040916217249,0.49415654575198426,V2,SYNTHETIC_DEMO
PP_MORTGAGE_FICO_V2,Mortgage prepayment by FICO,Mortgage,fico_band,Near Prime,Baseline,92,0.10653032553376783,0.009342987611036135,0.4895396472671111,V2,SYNTHETIC_DEMO
PP_MORTGAGE_FICO_V2,Mortgage prepayment by FICO,Mortgage,fico_band,Near Prime,Baseline,93,0.1066476081573784,0.009353824935053434,0.4849605791078067,V2,SYNTHETIC_DEMO
PP_MORTGAGE_FICO_V2,Mortgage prepayment by FICO,Mortgage,fico_band,Near Prime,Baseline,94,0.10669793226471797,0.00935847545819346,0.480422087430035,V2,SYNTHETIC_DEMO
PP_MORTGAGE_FICO_V2,Mortgage prepayment by FICO,Mortgage,fico_band,Near Prime,Baseline,95,0.10668094858501331,0.009356905945077099,0.4759268231440146,V2,SYNTHETIC_DEMO
PP_MORTGAGE_FICO_V2,Mortgage prepayment by FICO,Mortgage,fico_band,Near Prime,Baseline,96,0.10659677499224682,0.009349127612941266,0.47147732254001945,V2,SYNTHETIC_DEMO
PP_MORTGAGE_FICO_V2,Mortgage prepayment by FICO,Mortgage,fico_band,Near Prime,Baseline,97,0.10644599568706067,0.009335196044573002,0.467075989303538,V2,SYNTHETIC_DEMO
PP_MORTGAGE_FICO_V2,Mortgage prepayment by FICO,Mortgage,fico_band,Near Prime,Baseline,98,0.10622965714215514,0.009315210757128378,0.4627250780235813,V2,SYNTHETIC_DEMO
PP_MORTGAGE_FICO_V2,Mortgage prepayment by FICO,Mortgage,fico_band,Near Prime,Baseline,99,0.1059492608393216,0.009289314431162099,0.45842667927863623,V2,SYNTHETIC_DEMO
PP_MORTGAGE_FICO_V2,Mortgage prepayment by FICO,Mortgage,fico_band,Near Prime,Baseline,100,0.10560675284851855,0.009257691807566859,0.45418270636550834,V2,SYNTHETIC_DEMO
PP_MORTGAGE_FICO_V2,Mortgage prepayment by FICO,Mortgage,fico_band,Near Prime,Baseline,101,0.10520451032131564,0.009220568263373141,0.44999488371742163,V2,SYNTHETIC_DEMO
PP_MORTGAGE_FICO_V2,Mortgage prepayment by FICO,Mortgage,fico_band,Near Prime,Baseline,102,0.10474532499244786,0.00917820808043246,0.4458647370395331,V2,SYNTHETIC_DEMO
PP_MORTGAGE_FICO_V2,Mortgage prepayment by FICO,Mortgage,fico_band,Near Prime,Baseline,103,0.10423238380398554,0.009130912423854776,0.4417935851727401,V2,SYNTHETIC_DEMO
PP_MORTGAGE_FICO_V2,Mortgage prepayment by FICO,Mortgage,fico_band,Near Prime,Baseline,104,0.10366924678659671,0.009079017049651084,0.43778253368053033,V2,SYNTHETIC_DEMO
PP_MORTGAGE_FICO_V2,Mortgage prepayment by FICO,Mortgage,fico_band,Near Prime,Baseline,105,0.10305982235141567,0.00902288976331378,0.4338324701388267,V2,SYNTHETIC_DEMO
PP_MORTGAGE_FICO_V2,Mortgage prepayment by FICO,Mortgage,fico_band,Near Prime,Baseline,106,0.10240834016400238,0.00896292765302431,0.4299440610954396,V2,SYNTHETIC_DEMO
PP_MORTGAGE_FICO_V2,Mortgage prepayment by FICO,Mortgage,fico_band,Near Prime,Baseline,107,0.10171932178865907,0.008899554122784759,0.42611775065395086,V2,SYNTHETIC_DEMO
PP_MORTGAGE_FICO_V2,Mortgage prepayment by FICO,Mortgage,fico_band,Near Prime,Baseline,108,0.10099754930684506,0.008833215752029555,0.422353760626655,V2,SYNTHETIC_DEMO
PP_MORTGAGE_FICO_V2,Mortgage prepayment by FICO,Mortgage,fico_band,Near Prime,Baseline,109,0.10024803212749146,0.008764379009171153,0.4186520921925742,V2,SYNTHETIC_DEMO
PP_MORTGAGE_FICO_V2,Mortgage prepayment by FICO,Mortgage,fico_band,Near Prime,Baseline,110,0.09947597221956622,0.008693526847079358,0.41501252898951213,V2,SYNTHETIC_DEMO
PP_MORTGAGE_FICO_V2,Mortgage prepayment by FICO,Mortgage,fico_band,Near Prime,Baseline,111,0.09868672800819023,0.00862115520870832,0.411434641563535,V2,SYNTHETIC_DEMO
PP_MORTGAGE_FICO_V2,Mortgage prepayment by FICO,Mortgage,fico_band,Near Prime,Baseline,112,0.09788577718488108,0.008547769470970579,0.4079177930950785,V2,SYNTHETIC_DEMO
PP_MORTGAGE_FICO_V2,Mortgage prepayment by FICO,Mortgage,fico_band,Near Prime,Baseline,113,0.09707867869003732,0.00847388085455425,0.40446114631793806,V2,SYNTHETIC_DEMO
PP_MORTGAGE_FICO_V2,Mortgage prepayment by FICO,Mortgage,fico_band,Near Prime,Baseline,114,0.09627103413152047,0.008400002826710051,0.401063671545573,V2,SYNTHETIC_DEMO
PP_MORTGAGE_FICO_V2,Mortgage prepayment by FICO,Mortgage,fico_band,Near Prime,Baseline,115,0.09546844890710687,0.00832664752312462,0.3977241557182828,V2,SYNTHETIC_DEMO
PP_MORTGAGE_FICO_V2,Mortgage prepayment by FICO,Mortgage,fico_band,Near Prime,Baseline,116,0.09467649330063596,0.008254322213896437,0.3944412123847342,V2,SYNTHETIC_DEMO
PP_MORTGAGE_FICO_V2,Mortgage prepayment by FICO,Mortgage,fico_band,Near Prime,Baseline,117,0.09390066382186396,0.00818352583735582,0.39121329253186576,V2,SYNTHETIC_DEMO
PP_MORTGAGE_FICO_V2,Mortgage prepayment by FICO,Mortgage,fico_band,Near Prime,Baseline,118,0.09314634505834157,0.008114745624072772,0.3880386961782137,V2,SYNTHETIC_DEMO
PP_MORTGAGE_FICO_V2,Mortgage prepayment by FICO,Mortgage,fico_band,Near Prime,Baseline,119,0.09241877230407922,0.008048453831900226,0.38491558464703257,V2,SYNTHETIC_DEMO
PP_MORTGAGE_FICO_V2,Mortgage prepayment by FICO,Mortgage,fico_band,Near Prime,Baseline,120,0.09172299522437312,0.007985104611343385,0.38184199343708963,V2,SYNTHETIC_DEMO
PP_MORTGAGE_FICO_V2,Mortgage prepayment by FICO,Mortgage,fico_band,Subprime,Baseline,1,0.00470551056089348,0.0003929741261232689,0.9996070258738767,V2,SYNTHETIC_DEMO
PP_MORTGAGE_FICO_V2,Mortgage prepayment by FICO,Mortgage,fico_band,Subprime,Baseline,2,0.00948816972384719,0.0007941402680038401,0.9988131976824507,V2,SYNTHETIC_DEMO
PP_MORTGAGE_FICO_V2,Mortgage prepayment by FICO,Mortgage,fico_band,Subprime,Baseline,3,0.014346365542956336,0.001203464389048614,0.9976111615677281,V2,SYNTHETIC_DEMO
PP_MORTGAGE_FICO_V2,Mortgage prepayment by FICO,Mortgage,fico_band,Subprime,Baseline,4,0.019277430100686152,0.00162082360916449,0.9959942098442931,V2,SYNTHETIC_DEMO
PP_MORTGAGE_FICO_V2,Mortgage prepayment by FICO,Mortgage,fico_band,Subprime,Baseline,5,0.02427766731497596,0.002046006423282787,0.9939563992933992,V2,SYNTHETIC_DEMO
PP_MORTGAGE_FICO_V2,Mortgage prepayment by FICO,Mortgage,fico_band,Subprime,Baseline,6,0.02934239150809177,0.002478713760502016,0.9914926658891317,V2,SYNTHETIC_DEMO
PP_MORTGAGE_FICO_V2,Mortgage prepayment by FICO,Mortgage,fico_band,Subprime,Baseline,7,0.03446597637989744,0.002918560892527955,0.9885989341692394,V2,SYNTHETIC_DEMO
PP_MORTGAGE_FICO_V2,Mortgage prepayment by FICO,Mortgage,fico_band,Subprime,Baseline,8,0.039641913931460354,0.0033650801960699583,0.9852722194740106,V2,SYNTHETIC_DEMO
PP_MORTGAGE_FICO_V2,Mortgage prepayment by FICO,Mortgage,fico_band,Subprime,Baseline,9,0.044862882792098005,0.003817724769347941,0.9815107213171742,V2,SYNTHETIC_DEMO
PP_MORTGAGE_FICO_V2,Mortgage prepayment by FICO,Mortgage,fico_band,Subprime,Baseline,10,0.050120825314914845,0.004275872897755217,0.9773139062250379,V2,SYNTHETIC_DEMO
PP_MORTGAGE_FICO_V2,Mortgage prepayment by FICO,Mortgage,fico_band,Subprime,Baseline,11,0.055407032723344574,0.004738833357923133,0.9726825784850566,V2,SYNTHETIC_DEMO
PP_MORTGAGE_FICO_V2,Mortgage prepayment by FICO,Mortgage,fico_band,Subprime,Baseline,12,0.06071223751492423,0.005205851542852691,0.9676189373831442,V2,SYNTHETIC_DEMO
PP_MORTGAGE_FICO_V2,Mortgage prepayment by FICO,Mortgage,fico_band,Subprime,Baseline,13,0.06602671225915434,0.00567611638340082,0.9621266196797749,V2,SYNTHETIC_DEMO
PP_MORTGAGE_FICO_V2,Mortgage prepayment by FICO,Mortgage,fico_band,Subprime,Baseline,14,0.07134037386445786,0.006148768033191643,0.9562107262768051,V2,SYNTHETIC_DEMO
PP_MORTGAGE_FICO_V2,Mortgage prepayment by FICO,Mortgage,fico_band,Subprime,Baseline,15,0.07664289233548911,0.006622906275023488,0.9498778322575018,V2,SYNTHETIC_DEMO
PP_MORTGAGE_FICO_V2,Mortgage prepayment by FICO,Mortgage,fico_band,Subprime,Baseline,16,0.08192380299684608,0.007097599597120641,0.9431359797379572,V2,SYNTHETIC_DEMO
PP_MORTGAGE_FICO_V2,Mortgage prepayment by FICO,Mortgage,fico_band,Subprime,Baseline,17,0.08717262112301646,0.007571894877254626,0.9359946532444248,V2,SYNTHETIC_DEMO
PP_MORTGAGE_FICO_V2,Mortgage prepayment by FICO,Mortgage,fico_band,Subprime,Baseline,18,0.09237895788747408,0.008044827602015525,0.928464737622665,V2,SYNTHETIC_DEMO
PP_MORTGAGE_FICO_V2,Mortgage prepayment by FICO,Mortgage,fico_band,Subprime,Baseline,19,0.09239933986720816,0.008046683940121868,0.9209936753294673,V2,SYNTHETIC_DEMO
PP_MORTGAGE_FICO_V2,Mortgage prepayment by FICO,Mortgage,fico_band,Subprime,Baseline,20,0.09236142684511485,0.008043230950495639,0.9135859104948466,V2,SYNTHETIC_DEMO
PP_MORTGAGE_FICO_V2,Mortgage prepayment by FICO,Mortgage,fico_band,Subprime,Baseline,21,0.09226548195374108,0.008034493205421489,0.906245710704407,V2,SYNTHETIC_DEMO
PP_MORTGAGE_FICO_V2,Mortgage prepayment by FICO,Mortgage,fico_band,Subprime,Baseline,22,0.09211217109156301,0.00802053287221971,0.8989771371913942,V2,SYNTHETIC_DEMO
PP_MORTGAGE_FICO_V2,Mortgage prepayment by FICO,Mortgage,fico_band,Subprime,Baseline,23,0.09190255830136637,0.008001449238641545,0.891784017261458,V2,SYNTHETIC_DEMO
PP_MORTGAGE_FICO_V2,Mortgage prepayment by FICO,Mortgage,fico_band,Subprime,Baseline,24,0.09163809838533574,0.007977377955939113,0.8846699191006976,V2,SYNTHETIC_DEMO
PP_MORTGAGE_FICO_V2,Mortgage prepayment by FICO,Mortgage,fico_band,Subprime,Baseline,25,0.09132062680810664,0.00794849000683484,0.8776381290893783,V2,SYNTHETIC_DEMO
PP_MORTGAGE_FICO_V2,Mortgage prepayment by FICO,Mortgage,fico_band,Subprime,Baseline,26,0.09095234695785809,0.00791499040817456,0.8706916317157877,V2,SYNTHETIC_DEMO
PP_MORTGAGE_FICO_V2,Mortgage prepayment by FICO,Mortgage,fico_band,Subprime,Baseline,27,0.09053581485385855,0.00787711666046631,0.8638330921574706,V2,SYNTHETIC_DEMO
PP_MORTGAGE_FICO_V2,Mortgage prepayment by FICO,Mortgage,fico_band,Subprime,Baseline,28,0.09007392140660193,0.00783513695874305,0.8570648415709223,V2,SYNTHETIC_DEMO
PP_MORTGAGE_FICO_V2,Mortgage prepayment by FICO,Mortgage,fico_band,Subprime,Baseline,29,0.08956987235365543,0.007789348181208244,0.8503888651060544,V2,SYNTHETIC_DEMO
PP_MORTGAGE_FICO_V2,Mortgage prepayment by FICO,Mortgage,fico_band,Subprime,Baseline,30,0.08902716601047325,0.007740073673912051,0.8438067926386591,V2,SYNTHETIC_DEMO
PP_MORTGAGE_FICO_V2,Mortgage prepayment by FICO,Mortgage,fico_band,Subprime,Baseline,31,0.08844956899059499,0.007687660851243061,0.837319892192878,V2,SYNTHETIC_DEMO
PP_MORTGAGE_FICO_V2,Mortgage prepayment by FICO,Mortgage,fico_band,Subprime,Baseline,32,0.08784109006374083,0.00763247863328298,0.830929066006493,V2,SYNTHETIC_DEMO
PP_MORTGAGE_FICO_V2,Mortgage prepayment by FICO,Mortgage,fico_band,Subprime,Baseline,33,0.0872059523332396,0.007574914742070504,0.8246348491747855,V2,SYNTHETIC_DEMO
PP_MORTGAGE_FICO_V2,Mortgage prepayment by FICO,Mortgage,fico_band,Subprime,Baseline,34,0.08654856392589001,0.007515372879538074,0.8184374107937753,V2,SYNTHETIC_DEMO
PP_MORTGAGE_FICO_V2,Mortgage prepayment by FICO,Mortgage,fico_band,Subprime,Baseline,35,0.0858734873976802,0.007454269810332037,0.812336557510849,V2,SYNTHETIC_DEMO
PP_MORTGAGE_FICO_V2,Mortgage prepayment by FICO,Mortgage,fico_band,Subprime,Baseline,36,0.08518540806770289,0.0073920323729196324,0.8063317393800227,V2,SYNTHETIC_DEMO
PP_MORTGAGE_FICO_V2,Mortgage prepayment by FICO,Mortgage,fico_band,Subprime,Baseline,37,0.08448910150004196,0.007329094442321771,0.8004220579102649,V2,SYNTHETIC_DEMO
PP_MORTGAGE_FICO_V2,Mortgage prepayment by FICO,Mortgage,fico_band,Subprime,Baseline,38,0.08378940035932059,0.007265893867526185,0.794606276188262,V2,SYNTHETIC_DEMO
PP_MORTGAGE_FICO_V2,Mortgage prepayment by FICO,Mortgage,fico_band,Subprime,Baseline,39,0.08309116086994711,0.00720286940613879,0.7888828309515796,V2,SYNTHETIC_DEMO
PP_MORTGAGE_FICO_V2,Mortgage prepayment by FICO,Mortgage,fico_band,Subprime,Baseline,40,0.08239922911184594,0.007140457678145529,0.7832498464841542,V2,SYNTHETIC_DEMO
PP_MORTGAGE_FICO_V2,Mortgage prepayment by FICO,Mortgage,fico_band,Subprime,Baseline,41,0.08171840738659564,0.007079090159823331,0.7777051502032251,V2,SYNTHETIC_DEMO
PP_MORTGAGE_FICO_V2,Mortgage prepayment by FICO,Mortgage,fico_band,Subprime,Baseline,42,0.08105342088740722,0.007019190237853801,0.77224628980499,V2,SYNTHETIC_DEMO
PP_MORTGAGE_FICO_V2,Mortgage prepayment by FICO,Mortgage,fico_band,Subprime,Baseline,43,0.08040888490426754,0.006961170342616119,0.7668705518352041,V2,SYNTHETIC_DEMO
PP_MORTGAGE_FICO_V2,Mortgage prepayment by FICO,Mortgage,fico_band,Subprime,Baseline,44,0.07978927279185792,0.006905429178463485,0.7615749815504569,V2,SYNTHETIC_DEMO
PP_MORTGAGE_FICO_V2,Mortgage prepayment by FICO,Mortgage,fico_band,Subprime,Baseline,45,0.07919888492256431,0.006852349067561603,0.7563564039357513,V2,SYNTHETIC_DEMO
PP_MORTGAGE_FICO_V2,Mortgage prepayment by FICO,Mortgage,fico_band,Subprime,Baseline,46,0.07864181884005847,0.006802293422601635,0.7512114457441166,V2,SYNTHETIC_DEMO
PP_MORTGAGE_FICO_V2,Mortgage prepayment by FICO,Mortgage,fico_band,Subprime,Baseline,47,0.07812194082059667,0.006755604362419176,0.7461365584241484,V2,SYNTHETIC_DEMO
PP_MORTGAGE_FICO_V2,Mortgage prepayment by FICO,Mortgage,fico_band,Subprime,Baseline,48,0.07764285903941341,0.006712600483268827,0.741128041801486,V2,SYNTHETIC_DEMO
PP_MORTGAGE_FICO_V2,Mortgage prepayment by FICO,Mortgage,fico_band,Subprime,Baseline,49,0.07720789852844585,0.006673574797237625,0.7361820683801935,V2,SYNTHETIC_DEMO
PP_MORTGAGE_FICO_V2,Mortgage prepayment by FICO,Mortgage,fico_band,Subprime,Baseline,50,0.07682007809919375,0.00663879284804092,0.7312947081297752,V2,SYNTHETIC_DEMO
PP_MORTGAGE_FICO_V2,Mortgage prepayment by FICO,Mortgage,fico_band,Subprime,Baseline,51,0.0764820893908799,0.00660849101324279,0.7264619536230675,V2,SYNTHETIC_DEMO
PP_MORTGAGE_FICO_V2,Mortgage prepayment by FICO,Mortgage,fico_band,Subprime,Baseline,52,0.07619627818932562,0.006582875000783139,0.7216797453895422,V2,SYNTHETIC_DEMO
PP_MORTGAGE_FICO_V2,Mortgage prepayment by FICO,Mortgage,fico_band,Subprime,Baseline,53,0.07596462814619638,0.006562118546577178,0.7169439973476324,V2,SYNTHETIC_DEMO
PP_MORTGAGE_FICO_V2,Mortgage prepayment by FICO,Mortgage,fico_band,Subprime,Baseline,54,0.0757887470116132,0.006546362318889609,0.7122506221786418,V2,SYNTHETIC_DEMO
PP_MORTGAGE_FICO_V2,Mortgage prepayment by FICO,Mortgage,fico_band,Subprime,Baseline,55,0.07566985547568075,0.00653571303415823,0.7075955565036816,V2,SYNTHETIC_DEMO
PP_MORTGAGE_FICO_V2,Mortgage prepayment by FICO,Mortgage,fico_band,Subprime,Baseline,56,0.07560877869637742,0.006530242787965657,0.7029747857240268,V2,SYNTHETIC_DEMO
PP_MORTGAGE_FICO_V2,Mortgage prepayment by FICO,Mortgage,fico_band,Subprime,Baseline,57,0.07560594057260683,0.006529988603905523,0.698384368384416,V2,SYNTHETIC_DEMO
PP_MORTGAGE_FICO_V2,Mortgage prepayment by FICO,Mortgage,fico_band,Subprime,Baseline,58,0.07566136080215873,0.0065349522021765916,0.6938204599182766,V2,SYNTHETIC_DEMO
PP_MORTGAGE_FICO_V2,Mortgage prepayment by FICO,Mortgage,fico_band,Subprime,Baseline,59,0.07577465474499778,0.006545099988835457,0.6892793356338116,V2,SYNTHETIC_DEMO
PP_MORTGAGE_FICO_V2,Mortgage prepayment by FICO,Mortgage,fico_band,Subprime,Baseline,60,0.07594503609282964,0.006560363265751268,0.6847574128004781,V2,SYNTHETIC_DEMO
PP_MORTGAGE_FICO_V2,Mortgage prepayment by FICO,Mortgage,fico_band,Subprime,Baseline,61,0.07617132232641587,0.0065806386604179146,0.6802512716967956,V2,SYNTHETIC_DEMO
PP_MORTGAGE_FICO_V2,Mortgage prepayment by FICO,Mortgage,fico_band,Subprime,Baseline,62,0.07645194292276189,0.006605788773879406,0.6757576754828036,V2,SYNTHETIC_DEMO
PP_MORTGAGE_FICO_V2,Mortgage prepayment by FICO,Mortgage,fico_band,Subprime,Baseline,63,0.07678495025521664,0.006635643044111239,0.6712735887639814,V2,SYNTHETIC_DEMO
PP_MORTGAGE_FICO_V2,Mortgage prepayment by FICO,Mortgage,fico_band,Subprime,Baseline,64,0.07716803311083234,0.00666999882125463,0.6667961947181862,V2,SYNTHETIC_DEMO
PP_MORTGAGE_FICO_V2,Mortgage prepayment by FICO,Mortgage,fico_band,Subprime,Baseline,65,0.07759853273116829,0.006708622650123952,0.6623229106632833,V2,SYNTHETIC_DEMO
PP_MORTGAGE_FICO_V2,Mortgage prepayment by FICO,Mortgage,fico_band,Subprime,Baseline,66,0.07807346126520873,0.006751251754387511,0.6578514019506968,V2,SYNTHETIC_DEMO
PP_MORTGAGE_FICO_V2,Mortgage prepayment by FICO,Mortgage,fico_band,Subprime,Baseline,67,0.07858952250632338,0.006797595715762994,0.6533795940791881,V2,SYNTHETIC_DEMO
PP_MORTGAGE_FICO_V2,Mortgage prepayment by FICO,Mortgage,fico_band,Subprime,Baseline,68,0.07914313476934783,0.006847338340453257,0.6489056829337799,V2,SYNTHETIC_DEMO
PP_MORTGAGE_FICO_V2,Mortgage prepayment by FICO,Mortgage,fico_band,Subprime,Baseline,69,0.07973045574900624,0.006900139703898134,0.6444281430668835,V2,SYNTHETIC_DEMO
PP_MORTGAGE_FICO_V2,Mortgage prepayment by FICO,Mortgage,fico_band,Subprime,Baseline,70,0.08034740918714936,0.006955638363715599,0.6399457339523095,V2,SYNTHETIC_DEMO
PP_MORTGAGE_FICO_V2,Mortgage prepayment by FICO,Mortgage,fico_band,Subprime,Baseline,71,0.08098971316372483,0.007013453729471597,0.6354575041578622,V2,SYNTHETIC_DEMO
PP_MORTGAGE_FICO_V2,Mortgage prepayment by FICO,Mortgage,fico_band,Subprime,Baseline,72,0.08165290981512903,0.007073188576652845,0.6309627933985045,V2,SYNTHETIC_DEMO
PP_MORTGAGE_FICO_V2,Mortgage prepayment by FICO,Mortgage,fico_band,Subprime,Baseline,73,0.0823323962736823,0.007134431690936194,0.6264612324494806,V2,SYNTHETIC_DEMO
PP_MORTGAGE_FICO_V2,Mortgage prepayment by FICO,Mortgage,fico_band,Subprime,Baseline,74,0.08302345661349408,0.007196760627567467,0.6219527409170907,V2,SYNTHETIC_DEMO
PP_MORTGAGE_FICO_V2,Mortgage prepayment by FICO,Mortgage,fico_band,Subprime,Baseline,75,0.08372129458100054,0.007259744569391269,0.6174375228837998,V2,SYNTHETIC_DEMO
PP_MORTGAGE_FICO_V2,Mortgage prepayment by FICO,Mortgage,fico_band,Subprime,Baseline,76,0.08442106688301027,0.007322947265844926,0.6129160604637678,V2,SYNTHETIC_DEMO
PP_MORTGAGE_FICO_V2,Mortgage prepayment by FICO,Mortgage,fico_band,Subprime,Baseline,77,0.08511791680122525,0.007385930034053079,0.6083891053244349,V2,SYNTHETIC_DEMO
PP_MORTGAGE_FICO_V2,Mortgage prepayment by FICO,Mortgage,fico_band,Subprime,Baseline,78,0.08580700789993766,0.007448254802066678,0.6038576682491771,V2,SYNTHETIC_DEMO
PP_MORTGAGE_FICO_V2,Mortgage prepayment by FICO,Mortgage,fico_band,Subprime,Baseline,79,0.08648355759295696,0.007509487173300133,0.599323006834961,V2,SYNTHETIC_DEMO
PP_MORTGAGE_FICO_V2,Mortgage prepayment by FICO,Mortgage,fico_band,Subprime,Baseline,80,0.08714287033679827,0.007569199490368939,0.5947866114370595,V2,SYNTHETIC_DEMO
PP_MORTGAGE_FICO_V2,Mortgage prepayment by FICO,Mortgage,fico_band,Subprime,Baseline,81,0.0877803702197572,0.007626973875826559,0.5902501894899376,V2,SYNTHETIC_DEMO
PP_MORTGAGE_FICO_V2,Mortgage prepayment by FICO,Mortgage,fico_band,Subprime,Baseline,82,0.08839163272068933,0.007682405226789646,0.5857156483490865,V2,SYNTHETIC_DEMO
PP_MORTGAGE_FICO_V2,Mortgage prepayment by FICO,Mortgage,fico_band,Subprime,Baseline,83,0.08897241541707425,0.0077351041401259035,0.581185076812605,V2,SYNTHETIC_DEMO
PP_MORTGAGE_FICO_V2,Mortgage prepayment by FICO,Mortgage,fico_band,Subprime,Baseline,84,0.08951868742923784,0.007784699744801005,0.5766607254934598,V2,SYNTHETIC_DEMO
PP_MORTGAGE_FICO_V2,Mortgage prepayment by FICO,Mortgage,fico_band,Subprime,Baseline,85,0.09002665739637662,0.00783084241814147,0.5721449862233894,V2,SYNTHETIC_DEMO
PP_MORTGAGE_FICO_V2,Mortgage prepayment by FICO,Mortgage,fico_band,Subprime,Baseline,86,0.09049279979021926,0.007873206363194551,0.5676403706771855,V2,SYNTHETIC_DEMO
PP_MORTGAGE_FICO_V2,Mortgage prepayment by FICO,Mortgage,fico_band,Subprime,Baseline,87,0.09091387938369666,0.00791149202505903,0.5631494884114714,V2,SYNTHETIC_DEMO
PP_MORTGAGE_FICO_V2,Mortgage prepayment by FICO,Mortgage,fico_band,Subprime,Baseline,88,0.09128697370479799,0.00794542832502787,0.5586750245150219,V2,SYNTHETIC_DEMO
PP_MORTGAGE_FICO_V2,Mortgage prepayment by FICO,Mortgage,fico_band,Subprime,Baseline,89,0.09160949331977318,0.00797477469262442,0.5542197170681182,V2,SYNTHETIC_DEMO
PP_MORTGAGE_FICO_V2,Mortgage prepayment by FICO,Mortgage,fico_band,Subprime,Baseline,90,0.09187919980490783,0.007999322877123238,0.5497863346064225,V2,SYNTHETIC_DEMO
PP_MORTGAGE_FICO_V2,Mortgage prepayment by FICO,Mortgage,fico_band,Subprime,Baseline,91,0.09209422128213858,0.008018898521911288,0.54537765378048,V2,SYNTHETIC_DEMO
PP_MORTGAGE_FICO_V2,Mortgage prepayment by FICO,Mortgage,fico_band,Subprime,Baseline,92,0.09225306541068554,0.008033362487044893,0.5409964373953273,V2,SYNTHETIC_DEMO
PP_MORTGAGE_FICO_V2,Mortgage prepayment by FICO,Mortgage,fico_band,Subprime,Baseline,93,0.09235462974453389,0.008042611907575936,0.5366454130059755,V2,SYNTHETIC_DEMO
PP_MORTGAGE_FICO_V2,Mortgage prepayment by FICO,Mortgage,fico_band,Subprime,Baseline,94,0.09239820938387948,0.008046580977617235,0.532327252233956,V2,SYNTHETIC_DEMO
PP_MORTGAGE_FICO_V2,Mortgage prepayment by FICO,Mortgage,fico_band,Subprime,Baseline,95,0.09238350186743421,0.008045241452671825,0.5280445509578965,V2,SYNTHETIC_DEMO
PP_MORTGAGE_FICO_V2,Mortgage prepayment by FICO,Mortgage,fico_band,Subprime,Baseline,96,0.09231060927163642,0.008038602865414246,0.5237998105174999,V2,SYNTHETIC_DEMO
PP_MORTGAGE_FICO_V2,Mortgage prepayment by FICO,Mortgage,fico_band,Subprime,Baseline,97,0.09218003750219687,0.008026712452850582,0.5195954200556183,V2,SYNTHETIC_DEMO
PP_MORTGAGE_FICO_V2,Mortgage prepayment by FICO,Mortgage,fico_band,Subprime,Baseline,98,0.09199269278289723,0.00800965479556004,0.5154336401076188,V2,SYNTHETIC_DEMO
PP_MORTGAGE_FICO_V2,Mortgage prepayment by FICO,Mortgage,fico_band,Subprime,Baseline,99,0.09174987536601047,0.00798755117247485,0.5113165875312442,V2,SYNTHETIC_DEMO
PP_MORTGAGE_FICO_V2,Mortgage prepayment by FICO,Mortgage,fico_band,Subprime,Baseline,100,0.09145327050799544,0.00796055863736922,0.5072462218539422,V2,SYNTHETIC_DEMO
PP_MORTGAGE_FICO_V2,Mortgage prepayment by FICO,Mortgage,fico_band,Subprime,Baseline,101,0.09110493677309808,0.007928868825836988,0.5032243330984609,V2,SYNTHETIC_DEMO
PP_MORTGAGE_FICO_V2,Mortgage prepayment by FICO,Mortgage,fico_band,Subprime,Baseline,102,0.09070729174603732,0.007892706504016744,0.4992525311316352,V2,SYNTHETIC_DEMO
PP_MORTGAGE_FICO_V2,Mortgage prepayment by FICO,Mortgage,fico_band,Subprime,Baseline,103,0.09026309525293592,0.00785232787263701,0.49533223656594566,V2,SYNTHETIC_DEMO
PP_MORTGAGE_FICO_V2,Mortgage prepayment by FICO,Mortgage,fico_band,Subprime,Baseline,104,0.08977543020694974,0.007808018642061376,0.4914646732288248,V2,SYNTHETIC_DEMO
PP_MORTGAGE_FICO_V2,Mortgage prepayment by FICO,Mortgage,fico_band,Subprime,Baseline,105,0.08924768121153522,0.007760091895900323,0.48765086220098053,V2,SYNTHETIC_DEMO
PP_MORTGAGE_FICO_V2,Mortgage prepayment by FICO,Mortgage,fico_band,Subprime,Baseline,106,0.08868351106985774,0.00770888576239126,0.48389161741234155,V2,SYNTHETIC_DEMO
PP_MORTGAGE_FICO_V2,Mortgage prepayment by FICO,Mortgage,fico_band,Subprime,Baseline,107,0.08808683536337487,0.007654760914126535,0.4801875427727001,V2,SYNTHETIC_DEMO
PP_MORTGAGE_FICO_V2,Mortgage prepayment by FICO,Mortgage,fico_band,Subprime,Baseline,108,0.08746179527603076,0.007598097917809743,0.47653903080380067,V2,SYNTHETIC_DEMO
PP_MORTGAGE_FICO_V2,Mortgage prepayment by FICO,Mortgage,fico_band,Subprime,Baseline,109,0.08681272885267302,0.007539294456550327,0.4729462627305317,V2,SYNTHETIC_DEMO
PP_MORTGAGE_FICO_V2,Mortgage prepayment by FICO,Mortgage,fico_band,Subprime,Baseline,110,0.08614414089117076,0.007478762447763243,0.46940920998101265,V2,SYNTHETIC_DEMO
PP_MORTGAGE_FICO_V2,Mortgage prepayment by FICO,Mortgage,fico_band,Subprime,Baseline,111,0.08546067167719566,0.007416925080027448,0.4659276370387086,V2,SYNTHETIC_DEMO
PP_MORTGAGE_FICO_V2,Mortgage prepayment by FICO,Mortgage,fico_band,Subprime,Baseline,112,0.0847670647786599,0.007354213792299613,0.46250110558418495,V2,SYNTHETIC_DEMO
PP_MORTGAGE_FICO_V2,Mortgage prepayment by FICO,Mortgage,fico_band,Subprime,Baseline,113,0.08406813412333129,0.007291065218675619,0.45912897985966106,V2,SYNTHETIC_DEMO
PP_MORTGAGE_FICO_V2,Mortgage prepayment by FICO,Mortgage,fico_band,Subprime,Baseline,114,0.08336873058812082,0.007227918121477828,0.4558104331860378,V2,SYNTHETIC_DEMO
PP_MORTGAGE_FICO_V2,Mortgage prepayment by FICO,Mortgage,fico_band,Subprime,Baseline,115,0.0826737083319276,0.00716521033483708,0.45254445555944667,V2,SYNTHETIC_DEMO
PP_MORTGAGE_FICO_V2,Mortgage prepayment by FICO,Mortgage,fico_band,Subprime,Baseline,116,0.08198789110570537,0.007103375740153739,0.4493298622524846,V2,SYNTHETIC_DEMO
PP_MORTGAGE_FICO_V2,Mortgage prepayment by FICO,Mortgage,fico_band,Subprime,Baseline,117,0.08131603877357291,0.007042841293901869,0.4461653033440296,V2,SYNTHETIC_DEMO
PP_MORTGAGE_FICO_V2,Mortgage prepayment by FICO,Mortgage,fico_band,Subprime,Baseline,118,0.08066281427732672,0.006984024127190347,0.44304927410075967,V2,SYNTHETIC_DEMO
PP_MORTGAGE_FICO_V2,Mortgage prepayment by FICO,Mortgage,fico_band,Subprime,Baseline,119,0.08003275127363561,0.0069273287353626145,0.43998012613309995,V2,SYNTHETIC_DEMO
PP_MORTGAGE_FICO_V2,Mortgage prepayment by FICO,Mortgage,fico_band,Subprime,Baseline,120,0.07943022266852931,0.006873144274705534,0.436956079248184,V2,SYNTHETIC_DEMO
PP_MORTGAGE_FICO_V2,Mortgage prepayment by FICO,Mortgage,fico_band,Prime,Downside,1,0.005052822054673712,0.0004220468069187078,0.9995779531930813,V2,SYNTHETIC_DEMO
PP_MORTGAGE_FICO_V2,Mortgage prepayment by FICO,Mortgage,fico_band,Prime,Downside,2,0.01018848701298829,0.0008530313702322934,0.998725281842015,V2,SYNTHETIC_DEMO
PP_MORTGAGE_FICO_V2,Mortgage prepayment by FICO,Mortgage,fico_band,Prime,Downside,3,0.015405263952079301,0.0012929266123434813,0.9974340033467013,V2,SYNTHETIC_DEMO
PP_MORTGAGE_FICO_V2,Mortgage prepayment by FICO,Mortgage,fico_band,Prime,Downside,4,0.020700288036689177,0.001741610165534091,0.9956968621470234,V2,SYNTHETIC_DEMO
PP_MORTGAGE_FICO_V2,Mortgage prepayment by FICO,Mortgage,fico_band,Prime,Downside,5,0.026069590378700373,0.002198864441185555,0.9935074597226482,V2,SYNTHETIC_DEMO
PP_MORTGAGE_FICO_V2,Mortgage prepayment by FICO,Mortgage,fico_band,Prime,Downside,6,0.03150813945273664,0.0026643775915881074,0.9908603807098876,V2,SYNTHETIC_DEMO
PP_MORTGAGE_FICO_V2,Mortgage prepayment by FICO,Mortgage,fico_band,Prime,Downside,7,0.037009893684127965,0.0031377453761887164,0.9877513131318665,V2,SYNTHETIC_DEMO
PP_MORTGAGE_FICO_V2,Mortgage prepayment by FICO,Mortgage,fico_band,Prime,Downside,8,0.042567864721639564,0.0036184739402943533,0.9841771607458073,V2,SYNTHETIC_DEMO
PP_MORTGAGE_FICO_V2,Mortgage prepayment by FICO,Mortgage,fico_band,Prime,Downside,9,0.04817419080770523,0.004105983509852029,0.980136145553012,V2,SYNTHETIC_DEMO
PP_MORTGAGE_FICO_V2,Mortgage prepayment by FICO,Mortgage,fico_band,Prime,Downside,10,0.053820219564349035,0.004599613000853653,0.9756278985953197,V2,SYNTHETIC_DEMO
PP_MORTGAGE_FICO_V2,Mortgage prepayment by FICO,Mortgage,fico_band,Prime,Downside,11,0.059496599424353334,0.005098625536019696,0.9706535372778884,V2,SYNTHETIC_DEMO
PP_MORTGAGE_FICO_V2,Mortgage prepayment by FICO,Mortgage,fico_band,Prime,Downside,12,0.06519337885531148,0.00560221485462209,0.9652157276126587,V2,SYNTHETIC_DEMO
PP_MORTGAGE_FICO_V2,Mortgage prepayment by FICO,Mortgage,fico_band,Prime,Downside,13,0.07090011244971098,0.006109512593536759,0.9593187299693294,V2,SYNTHETIC_DEMO
PP_MORTGAGE_FICO_V2,Mortgage prepayment by FICO,Mortgage,fico_band,Prime,Downside,14,0.07660597288778688,0.006619596408841577,0.95296842714949,V2,SYNTHETIC_DEMO
PP_MORTGAGE_FICO_V2,Mortgage prepayment by FICO,Mortgage,fico_band,Prime,Downside,15,0.08229986772215617,0.00713149889751763,0.9461723338619044,V2,SYNTHETIC_DEMO
PP_MORTGAGE_FICO_V2,Mortgage prepayment by FICO,Mortgage,fico_band,Prime,Downside,16,0.08797055988470852,0.00764421726813358,0.9389395869687669,V2,SYNTHETIC_DEMO
PP_MORTGAGE_FICO_V2,Mortgage prepayment by FICO,Mortgage,fico_band,Prime,Downside,17,0.09360679077733433,0.008156723697914758,0.9312809161888285,V2,SYNTHETIC_DEMO
PP_MORTGAGE_FICO_V2,Mortgage prepayment by FICO,Mortgage,fico_band,Prime,Downside,18,0.0991974047791686,0.008667976301506286,0.9232085952772586,V2,SYNTHETIC_DEMO
PP_MORTGAGE_FICO_V2,Mortgage prepayment by FICO,Mortgage,fico_band,Prime,Downside,19,0.09921929114312113,0.008669983483323929,0.9152043920045421,V2,SYNTHETIC_DEMO
PP_MORTGAGE_FICO_V2,Mortgage prepayment by FICO,Mortgage,fico_band,Prime,Downside,20,0.09917857977892093,0.008666249910790458,0.9072730020239776,V2,SYNTHETIC_DEMO
PP_MORTGAGE_FICO_V2,Mortgage prepayment by FICO,Mortgage,fico_band,Prime,Downside,21,0.09907555324080293,0.008656802206663095,0.8994189190980106,V2,SYNTHETIC_DEMO
PP_MORTGAGE_FICO_V2,Mortgage prepayment by FICO,Mortgage,fico_band,Prime,Downside,22,0.09891092657689264,0.008641707724431291,0.8916464036773417,V2,SYNTHETIC_DEMO
PP_MORTGAGE_FICO_V2,Mortgage prepayment by FICO,Mortgage,fico_band,Prime,Downside,23,0.09868584236646723,0.008621074030304543,0.8839594540223845,V2,SYNTHETIC_DEMO
PP_MORTGAGE_FICO_V2,Mortgage prepayment by FICO,Mortgage,fico_band,Prime,Downside,24,0.09840186278996764,0.00859504807717626,0.8763617800167877,V2,SYNTHETIC_DEMO
PP_MORTGAGE_FICO_V2,Mortgage prepayment by FICO,Mortgage,fico_band,Prime,Downside,25,0.09806095878680023,0.008563815078614923,0.868856779790758,V2,SYNTHETIC_DEMO
PP_MORTGAGE_FICO_V2,Mortgage prepayment by FICO,Mortgage,fico_band,Prime,Downside,26,0.09766549637617618,0.00852759709377815,0.8614475192405049,V2,SYNTHETIC_DEMO
PP_MORTGAGE_FICO_V2,Mortgage prepayment by FICO,Mortgage,fico_band,Prime,Downside,27,0.09721822023592906,0.008486651336833684,0.8541367144997304,V2,SYNTHETIC_DEMO
PP_MORTGAGE_FICO_V2,Mortgage prepayment by FICO,Mortgage,fico_band,Prime,Downside,28,0.0967222346532797,0.00844126822693625,0.8469267173901641,V2,SYNTHETIC_DEMO
PP_MORTGAGE_FICO_V2,Mortgage prepayment by FICO,Mortgage,fico_band,Prime,Downside,29,0.09618098197975856,0.008391769197042542,0.839819503851017,V2,SYNTHETIC_DEMO
PP_MORTGAGE_FICO_V2,Mortgage prepayment by FICO,Mortgage,fico_band,Prime,Downside,30,0.0955982187398177,0.008338504281805492,0.8328166653222115,V2,SYNTHETIC_DEMO
PP_MORTGAGE_FICO_V2,Mortgage prepayment by FICO,Mortgage,fico_band,Prime,Downside,31,0.09497798955894841,0.008281849506456163,0.8259194030335443,V2,SYNTHETIC_DEMO
PP_MORTGAGE_FICO_V2,Mortgage prepayment by FICO,Mortgage,fico_band,Prime,Downside,32,0.09432459909225502,0.008222204099947894,0.8191285251316953,V2,SYNTHETIC_DEMO
PP_MORTGAGE_FICO_V2,Mortgage prepayment by FICO,Mortgage,fico_band,Prime,Downside,33,0.09364258214831205,0.008159987556690007,0.8124444465592908,V2,SYNTHETIC_DEMO
PP_MORTGAGE_FICO_V2,Mortgage prepayment by FICO,Mortgage,fico_band,Prime,Downside,34,0.09293667221565807,0.008095636571938125,0.8058671915850574,V2,SYNTHETIC_DEMO
PP_MORTGAGE_FICO_V2,Mortgage prepayment by FICO,Mortgage,fico_band,Prime,Downside,35,0.09221176861036613,0.008029601876346604,0.7993963988714198,V2,SYNTHETIC_DEMO
PP_MORTGAGE_FICO_V2,Mortgage prepayment by FICO,Mortgage,fico_band,Prime,Downside,36,0.0914729024727,0.007962344995328774,0.793031328955582,V2,SYNTHETIC_DEMO
PP_MORTGAGE_FICO_V2,Mortgage prepayment by FICO,Mortgage,fico_band,Prime,Downside,37,0.09072520184885458,0.007894334958737925,0.7867708740120336,V2,SYNTHETIC_DEMO
PP_MORTGAGE_FICO_V2,Mortgage prepayment by FICO,Mortgage,fico_band,Prime,Downside,38,0.08997385610012758,0.007826044985992264,0.780613569758347,V2,SYNTHETIC_DEMO
PP_MORTGAGE_FICO_V2,Mortgage prepayment by FICO,Mortgage,fico_band,Prime,Downside,39,0.08922407988653844,0.007757949171151246,0.7745576093618508,V2,SYNTHETIC_DEMO
PP_MORTGAGE_FICO_V2,Mortgage prepayment by FICO,Mortgage,fico_band,Prime,Downside,40,0.08848107697486314,0.007690519191626999,0.7686008592020328,V2,SYNTHETIC_DEMO
PP_MORTGAGE_FICO_V2,Mortgage prepayment by FICO,Mortgage,fico_band,Prime,Downside,41,0.08775000412227292,0.007624221063225911,0.7627408763420911,V2,SYNTHETIC_DEMO
PP_MORTGAGE_FICO_V2,Mortgage prepayment by FICO,Mortgage,fico_band,Prime,Downside,42,0.08703593528623964,0.0075595119630759156,0.756974927562656,V2,SYNTHETIC_DEMO
PP_MORTGAGE_FICO_V2,Mortgage prepayment by FICO,Mortgage,fico_band,Prime,Downside,43,0.08634382640910632,0.0074968371407513335,0.7513000098110868,V2,SYNTHETIC_DEMO
PP_MORTGAGE_FICO_V2,Mortgage prepayment by FICO,Mortgage,fico_band,Prime,Downside,44,0.08567848102173314,0.007436626936573543,0.7457128719206777,V2,SYNTHETIC_DEMO
PP_MORTGAGE_FICO_V2,Mortgage prepayment by FICO,Mortgage,fico_band,Prime,Downside,45,0.08504451690494405,0.007379293924678398,0.740210037455359,V2,SYNTHETIC_DEMO
PP_MORTGAGE_FICO_V2,Mortgage prepayment by FICO,Mortgage,fico_band,Prime,Downside,46,0.084446334040158,0.007325230197026467,0.7347878285368489,V2,SYNTHETIC_DEMO
PP_MORTGAGE_FICO_V2,Mortgage prepayment by FICO,Mortgage,fico_band,Prime,Downside,47,0.08388808407164071,0.007274804803102941,0.7294423905125474,V2,SYNTHETIC_DEMO
PP_MORTGAGE_FICO_V2,Mortgage prepayment by FICO,Mortgage,fico_band,Prime,Downside,48,0.08337364149232249,0.007228361358644464,0.7241697173236094,V2,SYNTHETIC_DEMO
PP_MORTGAGE_FICO_V2,Mortgage prepayment by FICO,Mortgage,fico_band,Prime,Downside,49,0.08290657675316447,0.007186215835342513,0.7189656774335029,V2,SYNTHETIC_DEMO
PP_MORTGAGE_FICO_V2,Mortgage prepayment by FICO,Mortgage,fico_band,Prime,Downside,50,0.08249013148270568,0.007148654542129873,0.7138260401778824,V2,SYNTHETIC_DEMO
PP_MORTGAGE_FICO_V2,Mortgage prepayment by FICO,Mortgage,fico_band,Prime,Downside,51,0.08212719598877818,0.0071159323073657355,0.7087465023967416,V2,SYNTHETIC_DEMO
PP_MORTGAGE_FICO_V2,Mortgage prepayment by FICO,Mortgage,fico_band,Prime,Downside,52,0.08182028919853775,0.007088270869997748,0.7037227152095901,V2,SYNTHETIC_DEMO
PP_MORTGAGE_FICO_V2,Mortgage prepayment by FICO,Mortgage,fico_band,Prime,Downside,53,0.08157154117603468,0.007065857486605487,0.6987503107938321,V2,SYNTHETIC_DEMO
PP_MORTGAGE_FICO_V2,Mortgage prepayment by FICO,Mortgage,fico_band,Prime,Downside,54,0.08138267833866084,0.007048843760114165,0.6938249290257151,V2,SYNTHETIC_DEMO
PP_MORTGAGE_FICO_V2,Mortgage prepayment by FICO,Mortgage,fico_band,Prime,Downside,55,0.08125501147507622,0.007037344694911241,0.6889422438422389,V2,SYNTHETIC_DEMO
PP_MORTGAGE_FICO_V2,Mortgage prepayment by FICO,Mortgage,fico_band,Prime,Downside,56,0.08118942664777669,0.007031437982089717,0.6840979891814205,V2,SYNTHETIC_DEMO
PP_MORTGAGE_FICO_V2,Mortgage prepayment by FICO,Mortgage,fico_band,Prime,Downside,57,0.0811863790434421,0.007031163517582706,0.6792879843574364,V2,SYNTHETIC_DEMO
PP_MORTGAGE_FICO_V2,Mortgage prepayment by FICO,Mortgage,fico_band,Prime,Downside,58,0.08124588981374663,0.007036523155025232,0.6745081587265749,V2,SYNTHETIC_DEMO
PP_MORTGAGE_FICO_V2,Mortgage prepayment by FICO,Mortgage,fico_band,Prime,Downside,59,0.08136754592855715,0.007047480694276964,0.6697545754998171,V2,SYNTHETIC_DEMO
PP_MORTGAGE_FICO_V2,Mortgage prepayment by FICO,Mortgage,fico_band,Prime,Downside,60,0.0815505030425385,0.007063962105648969,0.6650234545584014,V2,SYNTHETIC_DEMO
PP_MORTGAGE_FICO_V2,Mortgage prepayment by FICO,Mortgage,fico_band,Prime,Downside,61,0.08179349135527036,0.007085855988987366,0.6603111941301016,V2,SYNTHETIC_DEMO
PP_MORTGAGE_FICO_V2,Mortgage prepayment by FICO,Mortgage,fico_band,Prime,Downside,62,0.08209482442420382,0.0071130142658683004,0.6556143911863417,V2,SYNTHETIC_DEMO
PP_MORTGAGE_FICO_V2,Mortgage prepayment by FICO,Mortgage,fico_band,Prime,Downside,63,0.08245241086929216,0.007145253102229354,0.6509298604238513,V2,SYNTHETIC_DEMO
PP_MORTGAGE_FICO_V2,Mortgage prepayment by FICO,Mortgage,fico_band,Prime,Downside,64,0.08286376888806044,0.007182354057810092,0.6462546516994863,V2,SYNTHETIC_DEMO
PP_MORTGAGE_FICO_V2,Mortgage prepayment by FICO,Mortgage,fico_band,Prime,Downside,65,0.08332604348037356,0.007224065457769213,0.6415860657932213,V2,SYNTHETIC_DEMO
PP_MORTGAGE_FICO_V2,Mortgage prepayment by FICO,Mortgage,fico_band,Prime,Downside,66,0.08383602626335508,0.00727010398079464,0.6369216683822756,V2,SYNTHETIC_DEMO
PP_MORTGAGE_FICO_V2,Mortgage prepayment by FICO,Mortgage,fico_band,Prime,Downside,67,0.08439017773893295,0.007320156456912752,0.6322593021189195,V2,SYNTHETIC_DEMO
PP_MORTGAGE_FICO_V2,Mortgage prepayment by FICO,Mortgage,fico_band,Prime,Downside,68,0.08498465185946634,0.00737388186703658,0.6275970967157596,V2,SYNTHETIC_DEMO
PP_MORTGAGE_FICO_V2,Mortgage prepayment by FICO,Mortgage,fico_band,Prime,Downside,69,0.08561532272095669,0.007430913535059314,0.6229334769552105,V2,SYNTHETIC_DEMO
PP_MORTGAGE_FICO_V2,Mortgage prepayment by FICO,Mortgage,fico_band,Prime,Downside,70,0.08627781319858181,0.007490861502014834,0.6182671685543705,V2,SYNTHETIC_DEMO
PP_MORTGAGE_FICO_V2,Mortgage prepayment by FICO,Mortgage,fico_band,Prime,Downside,71,0.08696752532580927,0.007553315070488953,0.6135972018325402,V2,SYNTHETIC_DEMO
PP_MORTGAGE_FICO_V2,Mortgage prepayment by FICO,Mortgage,fico_band,Prime,Downside,72,0.08767967220624569,0.007617845506080245,0.6089229131460168,V2,SYNTHETIC_DEMO
PP_MORTGAGE_FICO_V2,Mortgage prepayment by FICO,Mortgage,fico_band,Prime,Downside,73,0.0884093112367398,0.007684008881301385,0.6042439440733749,V2,SYNTHETIC_DEMO
PP_MORTGAGE_FICO_V2,Mortgage prepayment by FICO,Mortgage,fico_band,Prime,Downside,74,0.08915137841115674,0.007751349045884148,0.5995602383540005,V2,SYNTHETIC_DEMO
PP_MORTGAGE_FICO_V2,Mortgage prepayment by FICO,Mortgage,fico_band,Prime,Downside,75,0.08990072346674105,0.00781940070603504,0.5948720366029047,V2,SYNTHETIC_DEMO
PP_MORTGAGE_FICO_V2,Mortgage prepayment by FICO,Mortgage,fico_band,Prime,Downside,76,0.0906521456291372,0.007887692593794071,0.5901798688455367,V2,SYNTHETIC_DEMO
PP_MORTGAGE_FICO_V2,Mortgage prepayment by FICO,Mortgage,fico_band,Prime,Downside,77,0.09140042970798234,0.00795575070631327,0.585484544937117,V2,SYNTHETIC_DEMO
PP_MORTGAGE_FICO_V2,Mortgage prepayment by FICO,Mortgage,fico_band,Prime,Downside,78,0.0921403822925521,0.008023101593615523,0.5807871429515947,V2,SYNTHETIC_DEMO
PP_MORTGAGE_FICO_V2,Mortgage prepayment by FICO,Mortgage,fico_band,Prime,Downside,79,0.09286686779624663,0.008089275672244045,0.5760889956453643,V2,SYNTHETIC_DEMO
PP_MORTGAGE_FICO_V2,Mortgage prepayment by FICO,Mortgage,fico_band,Prime,Downside,80,0.09357484409975242,0.008153810541205675,0.5713916751199986,V2,SYNTHETIC_DEMO
PP_MORTGAGE_FICO_V2,Mortgage prepayment by FICO,Mortgage,fico_band,Prime,Downside,81,0.09425939754550118,0.008216254275776769,0.5666969758261506,V2,SYNTHETIC_DEMO
PP_MORTGAGE_FICO_V2,Mortgage prepayment by FICO,Mortgage,fico_band,Prime,Downside,82,0.09491577704054971,0.008276168674094087,0.5620068960671144,V2,SYNTHETIC_DEMO
PP_MORTGAGE_FICO_V2,Mortgage prepayment by FICO,Mortgage,fico_band,Prime,Downside,83,0.09553942703119163,0.008333132431048385,0.5573236181750247,V2,SYNTHETIC_DEMO
PP_MORTGAGE_FICO_V2,Mortgage prepayment by FICO,Mortgage,fico_band,Prime,Downside,84,0.09612601912044348,0.008386744213833897,0.5526494875450624,V2,SYNTHETIC_DEMO
PP_MORTGAGE_FICO_V2,Mortgage prepayment by FICO,Mortgage,fico_band,Prime,Downside,85,0.09667148210896633,0.008436625613622573,0.5479869907230843,V2,SYNTHETIC_DEMO
PP_MORTGAGE_FICO_V2,Mortgage prepayment by FICO,Mortgage,fico_band,Prime,Downside,86,0.09717203025092591,0.008482423948241058,0.5433387327496503,V2,SYNTHETIC_DEMO
PP_MORTGAGE_FICO_V2,Mortgage prepayment by FICO,Mortgage,fico_band,Prime,Downside,87,0.09762418952868379,0.008523814891435944,0.5387074139683449,V2,SYNTHETIC_DEMO
PP_MORTGAGE_FICO_V2,Mortgage prepayment by FICO,Mortgage,fico_band,Prime,Downside,88,0.09802482176396164,0.008560504905336774,0.5340958065085276,V2,SYNTHETIC_DEMO
PP_MORTGAGE_FICO_V2,Mortgage prepayment by FICO,Mortgage,fico_band,Prime,Downside,89,0.09837114639813738,0.008592233454063458,0.52950673065217,V2,SYNTHETIC_DEMO
PP_MORTGAGE_FICO_V2,Mortgage prepayment by FICO,Mortgage,fico_band,Prime,Downside,90,0.09866075979050816,0.008618774978059296,0.5249430312913111,V2,SYNTHETIC_DEMO
PP_MORTGAGE_FICO_V2,Mortgage prepayment by FICO,Mortgage,fico_band,Prime,Downside,91,0.09889165190058213,0.00863994061066653,0.520407554676971,V2,SYNTHETIC_DEMO
PP_MORTGAGE_FICO_V2,Mortgage prepayment by FICO,Mortgage,fico_band,Prime,Downside,92,0.09906222023861709,0.008655579620664877,0.5159031256522689,V2,SYNTHETIC_DEMO
PP_MORTGAGE_FICO_V2,Mortgage prepayment by FICO,Mortgage,fico_band,Prime,Downside,93,0.0991712809875828,0.008665580566941666,0.5114325255521922,V2,SYNTHETIC_DEMO
PP_MORTGAGE_FICO_V2,Mortgage prepayment by FICO,Mortgage,fico_band,Prime,Downside,94,0.0992180772193563,0.00866987215412629,0.5069984709401928,V2,SYNTHETIC_DEMO
PP_MORTGAGE_FICO_V2,Mortgage prepayment by FICO,Mortgage,fico_band,Prime,Downside,95,0.09920228414812578,0.00866842378085575,0.5026035933378373,V2,SYNTHETIC_DEMO
PP_MORTGAGE_FICO_V2,Mortgage prepayment by FICO,Mortgage,fico_band,Prime,Downside,96,0.09912401138454291,0.008661245775308801,0.49825042008838494,V2,SYNTHETIC_DEMO
PP_MORTGAGE_FICO_V2,Mortgage prepayment by FICO,Mortgage,fico_band,Prime,Downside,97,0.09898380217497806,0.008648389315697225,0.49394135647875087,V2,SYNTHETIC_DEMO
PP_MORTGAGE_FICO_V2,Mortgage prepayment by FICO,Mortgage,fico_band,Prime,Downside,98,0.09878262963115869,0.008629946036495917,0.48967866922714565,V2,SYNTHETIC_DEMO
PP_MORTGAGE_FICO_V2,Mortgage prepayment by FICO,Mortgage,fico_band,Prime,Downside,99,0.09852188997635884,0.008606047324269173,0.48546447142609167,V2,SYNTHETIC_DEMO
PP_MORTGAGE_FICO_V2,Mortgage prepayment by FICO,Mortgage,fico_band,Prime,Downside,100,0.09820339285501416,0.008576863309967098,0.4813007090128247,V2,SYNTHETIC_DEMO
PP_MORTGAGE_FICO_V2,Mortgage prepayment by FICO,Mortgage,fico_band,Prime,Downside,101,0.09782934877301722,0.008542601567475994,0.4771891488215844,V2,SYNTHETIC_DEMO
PP_MORTGAGE_FICO_V2,Mortgage prepayment by FICO,Mortgage,fico_band,Prime,Downside,102,0.09740235375586388,0.00850350553095669,0.4731313682552676,V2,SYNTHETIC_DEMO
PP_MORTGAGE_FICO_V2,Mortgage prepayment by FICO,Mortgage,fico_band,Prime,Downside,103,0.0969253713311288,0.00845985264606608,0.4691287465975964,V2,SYNTHETIC_DEMO
PP_MORTGAGE_FICO_V2,Mortgage prepayment by FICO,Mortgage,fico_band,Prime,Downside,104,0.09640171196031984,0.008411952272486811,0.4651824579715659,V2,SYNTHETIC_DEMO
PP_MORTGAGE_FICO_V2,Mortgage prepayment by FICO,Mortgage,fico_band,Prime,Downside,105,0.09583501006286281,0.008360143357258654,0.46129346593564163,V2,SYNTHETIC_DEMO
PP_MORTGAGE_FICO_V2,Mortgage prepayment by FICO,Mortgage,fico_band,Prime,Downside,106,0.09522919879168057,0.008304791900191955,0.45746251969612783,V2,SYNTHETIC_DEMO
PP_MORTGAGE_FICO_V2,Mortgage prepayment by FICO,Mortgage,fico_band,Prime,Downside,107,0.0945884827354335,0.008246288234132204,0.4536901519024012,V2,SYNTHETIC_DEMO
PP_MORTGAGE_FICO_V2,Mortgage prepayment by FICO,Mortgage,fico_band,Prime,Downside,108,0.09391730873688064,0.008185044144019549,0.4499766779813731,V2,SYNTHETIC_DEMO
PP_MORTGAGE_FICO_V2,Mortgage prepayment by FICO,Mortgage,fico_band,Prime,Downside,109,0.09322033502989412,0.00812148984955341,0.4463221969586116,V2,SYNTHETIC_DEMO
PP_MORTGAGE_FICO_V2,Mortgage prepayment by FICO,Mortgage,fico_band,Prime,Downside,110,0.09250239890932858,0.008056070876830246,0.4427265937060104,V2,SYNTHETIC_DEMO
PP_MORTGAGE_FICO_V2,Mortgage prepayment by FICO,Mortgage,fico_band,Prime,Downside,111,0.09176848315813152,0.007989244844576082,0.43918954254968795,V2,SYNTHETIC_DEMO
PP_MORTGAGE_FICO_V2,Mortgage prepayment by FICO,Mortgage,fico_band,Prime,Downside,112,0.09102368146470384,0.00792147819057365,0.4357105121668526,V2,SYNTHETIC_DEMO
PP_MORTGAGE_FICO_V2,Mortgage prepayment by FICO,Mortgage,fico_band,Prime,Downside,113,0.09027316307052954,0.00785324286359046,0.4322887716965869,V2,SYNTHETIC_DEMO
PP_MORTGAGE_FICO_V2,Mortgage prepayment by FICO,Mortgage,fico_band,Prime,Downside,114,0.08952213689343448,0.007785013005586761,0.4289233979867599,V2,SYNTHETIC_DEMO
PP_MORTGAGE_FICO_V2,Mortgage prepayment by FICO,Mortgage,fico_band,Prime,Downside,115,0.08877581537547463,0.007717261648236717,0.4256132838974453,V2,SYNTHETIC_DEMO
PP_MORTGAGE_FICO_V2,Mortgage prepayment by FICO,Mortgage,fico_band,Prime,Downside,116,0.08803937830636456,0.00765045744687054,0.42235714758016507,V2,SYNTHETIC_DEMO
PP_MORTGAGE_FICO_V2,Mortgage prepayment by FICO,Mortgage,fico_band,Prime,Downside,117,0.08731793687352711,0.007585061473863286,0.41915354265184396,V2,SYNTHETIC_DEMO
PP_MORTGAGE_FICO_V2,Mortgage prepayment by FICO,Mortgage,fico_band,Prime,Downside,118,0.08661649818827226,0.007521524092287013,0.4160008691824207,V2,SYNTHETIC_DEMO
PP_MORTGAGE_FICO_V2,Mortgage prepayment by FICO,Mortgage,fico_band,Prime,Downside,119,0.0859399305343087,0.007460281929345225,0.41289738541546717,V2,SYNTHETIC_DEMO
PP_MORTGAGE_FICO_V2,Mortgage prepayment by FICO,Mortgage,fico_band,Prime,Downside,120,0.0852929295797779,0.0074017549677378724,0.40984122014180224,V2,SYNTHETIC_DEMO
PP_MORTGAGE_FICO_V2,Mortgage prepayment by FICO,Mortgage,fico_band,Near Prime,Downside,1,0.004455670357303183,0.0003720663029508353,0.9996279336970492,V2,SYNTHETIC_DEMO
PP_MORTGAGE_FICO_V2,Mortgage prepayment by FICO,Mortgage,fico_band,Near Prime,Downside,2,0.008984393093271493,0.0007518002674279378,0.9988764131491673,V2,SYNTHETIC_DEMO
PP_MORTGAGE_FICO_V2,Mortgage prepayment by FICO,Mortgage,fico_band,Near Prime,Downside,3,0.013584641848651748,0.001139163772366114,0.9977385293262367,V2,SYNTHETIC_DEMO
PP_MORTGAGE_FICO_V2,Mortgage prepayment by FICO,Mortgage,fico_band,Near Prime,Downside,4,0.01825389035962591,0.0015340345152033974,0.996207963985102,V2,SYNTHETIC_DEMO
PP_MORTGAGE_FICO_V2,Mortgage prepayment by FICO,Mortgage,fico_band,Near Prime,Downside,5,0.022988638788490327,0.001936206324140266,0.9942790998250752,V2,SYNTHETIC_DEMO
PP_MORTGAGE_FICO_V2,Mortgage prepayment by FICO,Mortgage,fico_band,Near Prime,Downside,6,0.027784450244685944,0.0023453902723606923,0.9919471272963339,V2,SYNTHETIC_DEMO
PP_MORTGAGE_FICO_V2,Mortgage prepayment by FICO,Mortgage,fico_band,Near Prime,Downside,7,0.03263599715782193,0.002761216600768557,0.9892081464213586,V2,SYNTHETIC_DEMO
PP_MORTGAGE_FICO_V2,Mortgage prepayment by FICO,Mortgage,fico_band,Near Prime,Downside,8,0.03753711707271853,0.0031832374516966855,0.9860592620021467,V2,SYNTHETIC_DEMO
PP_MORTGAGE_FICO_V2,Mortgage prepayment by FICO,Mortgage,fico_band,Near Prime,Downside,9,0.04248087734861279,0.003610930411507285,0.9824986706254347,V2,SYNTHETIC_DEMO
PP_MORTGAGE_FICO_V2,Mortgage prepayment by FICO,Mortgage,fico_band,Near Prime,Downside,10,0.04745964816128961,0.004043702854927722,0.978525737946064,V2,SYNTHETIC_DEMO
PP_MORTGAGE_FICO_V2,Mortgage prepayment by FICO,Mortgage,fico_band,Near Prime,Downside,11,0.05246518312874794,0.004480897078267265,0.9741410648258921,V2,SYNTHETIC_DEMO
PP_MORTGAGE_FICO_V2,Mortgage prepayment by FICO,Mortgage,fico_band,Near Prime,Downside,12,0.05748870680877468,0.004921796202298601,0.9693465410325289,V2,SYNTHETIC_DEMO
PP_MORTGAGE_FICO_V2,Mortgage prepayment by FICO,Mortgage,fico_band,Near Prime,Downside,13,0.06252100825110878,0.005365630818510048,0.9641453853581486,V2,SYNTHETIC_DEMO
PP_MORTGAGE_FICO_V2,Mortgage prepayment by FICO,Mortgage,fico_band,Near Prime,Downside,14,0.06755253972832116,0.005811586344663389,0.958542171202331,V2,SYNTHETIC_DEMO
PP_MORTGAGE_FICO_V2,Mortgage prepayment by FICO,Mortgage,fico_band,Near Prime,Downside,15,0.07257351971862862,0.006258811047148205,0.9525428368720524,V2,SYNTHETIC_DEMO
PP_MORTGAGE_FICO_V2,Mortgage prepayment by FICO,Mortgage,fico_band,Near Prime,Downside,16,0.07757403917106115,0.006706424678595169,0.9461546800834346,V2,SYNTHETIC_DEMO
PP_MORTGAGE_FICO_V2,Mortgage prepayment by FICO,Mortgage,fico_band,Near Prime,Downside,17,0.08254417004910392,0.007153527669708115,0.939386336399634,V2,SYNTHETIC_DEMO
PP_MORTGAGE_FICO_V2,Mortgage prepayment by FICO,Mortgage,fico_band,Near Prime,Downside,18,0.08747407512344867,0.007599210804466128,0.932247741602498,V2,SYNTHETIC_DEMO
PP_MORTGAGE_FICO_V2,Mortgage prepayment by FICO,Mortgage,fico_band,Near Prime,Downside,19,0.08749337491711591,0.0076009599160631325,0.9251617638867371,V2,SYNTHETIC_DEMO
PP_MORTGAGE_FICO_V2,Mortgage prepayment by FICO,Mortgage,fico_band,Near Prime,Downside,20,0.08745747489595755,0.007597706377664104,0.9181326564528839,V2,SYNTHETIC_DEMO
PP_MORTGAGE_FICO_V2,Mortgage prepayment by FICO,Mortgage,fico_band,Near Prime,Downside,21,0.0873666242214353,0.007589473308932337,0.9111645131626755,V2,SYNTHETIC_DEMO
PP_MORTGAGE_FICO_V2,Mortgage prepayment by FICO,Mortgage,fico_band,Near Prime,Downside,22,0.08722145343598715,0.007576319203003279,0.904261239964506,V2,SYNTHETIC_DEMO
PP_MORTGAGE_FICO_V2,Mortgage prepayment by FICO,Mortgage,fico_band,Near Prime,Downside,23,0.08702297008679383,0.007558337482281852,0.8974265283407077,V2,SYNTHETIC_DEMO
PP_MORTGAGE_FICO_V2,Mortgage prepayment by FICO,Mortgage,fico_band,Near Prime,Downside,24,0.08677255173297146,0.007535655789928097,0.8906638309263819,V2,SYNTHETIC_DEMO
PP_MORTGAGE_FICO_V2,Mortgage prepayment by FICO,Mortgage,fico_band,Near Prime,Downside,25,0.08647193638472384,0.007508435023685922,0.883976339423924,V2,SYNTHETIC_DEMO
PP_MORTGAGE_FICO_V2,Mortgage prepayment by FICO,Mortgage,fico_band,Near Prime,Downside,26,0.08612321044080991,0.007476868121083391,0.8773669649118933,V2,SYNTHETIC_DEMO
PP_MORTGAGE_FICO_V2,Mortgage prepayment by FICO,Mortgage,fico_band,Near Prime,Downside,27,0.08572879420804654,0.007441178607260679,0.8708383206218736,V2,SYNTHETIC_DEMO
PP_MORTGAGE_FICO_V2,Mortgage prepayment by FICO,Mortgage,fico_band,Near Prime,Downside,28,0.08529142510334664,0.007401618918760344,0.8643927072327773,V2,SYNTHETIC_DEMO
PP_MORTGAGE_FICO_V2,Mortgage prepayment by FICO,Mortgage,fico_band,Near Prime,Downside,29,0.08481413865487801,0.007358468518487871,0.8580321007089944,V2,SYNTHETIC_DEMO
PP_MORTGAGE_FICO_V2,Mortgage prepayment by FICO,Mortgage,fico_band,Near Prime,Downside,30,0.08430024743420288,0.007312031818725417,0.8517581426871224,V2,SYNTHETIC_DEMO
PP_MORTGAGE_FICO_V2,Mortgage prepayment by FICO,Mortgage,fico_band,Near Prime,Downside,31,0.08375331806561814,0.007262635930517458,0.8455721333959321,V2,SYNTHETIC_DEMO
PP_MORTGAGE_FICO_V2,Mortgage prepayment by FICO,Mortgage,fico_band,Near Prime,Downside,32,0.08317714647226125,0.007210628258945029,0.839475027075891,V2,SYNTHETIC_DEMO
PP_MORTGAGE_FICO_V2,Mortgage prepayment by FICO,Mortgage,fico_band,Near Prime,Downside,33,0.08257573153078426,0.007156373964756768,0.8334674298480615,V2,SYNTHETIC_DEMO
PP_MORTGAGE_FICO_V2,Mortgage prepayment by FICO,Mortgage,fico_band,Near Prime,Downside,34,0.08195324731744394,0.007100253313523264,0.8275495999675692,V2,SYNTHETIC_DEMO
PP_MORTGAGE_FICO_V2,Mortgage prepayment by FICO,Mortgage,fico_band,Near Prime,Downside,35,0.08131401413823194,0.007042658933934631,0.8217214503840835,V2,SYNTHETIC_DEMO
PP_MORTGAGE_FICO_V2,Mortgage prepayment by FICO,Mortgage,fico_band,Near Prime,Downside,36,0.08066246854410819,0.006983993007075084,0.8159825535208375,V2,SYNTHETIC_DEMO
PP_MORTGAGE_FICO_V2,Mortgage prepayment by FICO,Mortgage,fico_band,Near Prime,Downside,37,0.0800031325394445,0.006924664408498482,0.810332148174516,V2,SYNTHETIC_DEMO
PP_MORTGAGE_FICO_V2,Mortgage prepayment by FICO,Mortgage,fico_band,Near Prime,Downside,38,0.07934058219738524,0.0068650858247002455,0.8047691484307843,V2,SYNTHETIC_DEMO
PP_MORTGAGE_FICO_V2,Mortgage prepayment by FICO,Mortgage,fico_band,Near Prime,Downside,39,0.07867941589994754,0.006805670865166369,0.7992921544841242,V2,SYNTHETIC_DEMO
PP_MORTGAGE_FICO_V2,Mortgage prepayment by FICO,Mortgage,fico_band,Near Prime,Downside,40,0.07802422242328841,0.0067468311905907186,0.7938994652458562,V2,SYNTHETIC_DEMO
PP_MORTGAGE_FICO_V2,Mortgage prepayment by FICO,Mortgage,fico_band,Near Prime,Downside,41,0.07737954908964068,0.00668897367710608,0.7885890926205581,V2,SYNTHETIC_DEMO
PP_MORTGAGE_FICO_V2,Mortgage prepayment by FICO,Mortgage,fico_band,Near Prime,Downside,42,0.07674987020695677,0.006632497635508994,0.783358777328364,V2,SYNTHETIC_DEMO
PP_MORTGAGE_FICO_V2,Mortgage prepayment by FICO,Mortgage,fico_band,Near Prime,Downside,43,0.07613955601530284,0.006577792103481528,0.7782060061486605,V2,SYNTHETIC_DEMO
PP_MORTGAGE_FICO_V2,Mortgage prepayment by FICO,Mortgage,fico_band,Near Prime,Downside,44,0.07555284235552831,0.0065252332277538905,0.7731280304593017,V2,SYNTHETIC_DEMO
PP_MORTGAGE_FICO_V2,Mortgage prepayment by FICO,Mortgage,fico_band,Near Prime,Downside,45,0.0749938012707234,0.006475181752035208,0.7681218859444847,V2,SYNTHETIC_DEMO
PP_MORTGAGE_FICO_V2,Mortgage prepayment by FICO,Mortgage,fico_band,Near Prime,Downside,46,0.07446631274450297,0.006427980625377305,0.7631844133437053,V2,SYNTHETIC_DEMO
PP_MORTGAGE_FICO_V2,Mortgage prepayment by FICO,Mortgage,fico_band,Near Prime,Downside,47,0.073974037772265,0.006383952744454691,0.7583122801136147,V2,SYNTHETIC_DEMO
PP_MORTGAGE_FICO_V2,Mortgage prepayment by FICO,Mortgage,fico_band,Near Prime,Downside,48,0.07352039295232074,0.0063433988420528165,0.7535020028740276,V2,SYNTHETIC_DEMO
PP_MORTGAGE_FICO_V2,Mortgage prepayment by FICO,Mortgage,fico_band,Near Prime,Downside,49,0.07310852677324503,0.006306595532874049,0.7487499705086906,V2,SYNTHETIC_DEMO
PP_MORTGAGE_FICO_V2,Mortgage prepayment by FICO,Mortgage,fico_band,Near Prime,Downside,50,0.07274129776202228,0.006273793526607951,0.7440524677906654,V2,SYNTHETIC_DEMO
PP_MORTGAGE_FICO_V2,Mortgage prepayment by FICO,Mortgage,fico_band,Near Prime,Downside,51,0.07242125464464985,0.006245216017071176,0.7394056994012778,V2,SYNTHETIC_DEMO
PP_MORTGAGE_FICO_V2,Mortgage prepayment by FICO,Mortgage,fico_band,Near Prime,Downside,52,0.07215061865689237,0.006221057255121898,0.7348058142105389,V2,SYNTHETIC_DEMO
PP_MORTGAGE_FICO_V2,Mortgage prepayment by FICO,Mortgage,fico_band,Near Prime,Downside,53,0.07193126812795786,0.006201481311981949,0.7302489296857766,V2,SYNTHETIC_DEMO
PP_MORTGAGE_FICO_V2,Mortgage prepayment by FICO,Mortgage,fico_band,Near Prime,Downside,54,0.07176472544409182,0.006186621038572482,0.7257311562939875,V2,SYNTHETIC_DEMO
PP_MORTGAGE_FICO_V2,Mortgage prepayment by FICO,Mortgage,fico_band,Near Prime,Downside,55,0.07165214648256721,0.006176577225473157,0.7212486217622058,V2,SYNTHETIC_DEMO
PP_MORTGAGE_FICO_V2,Mortgage prepayment by FICO,Mortgage,fico_band,Near Prime,Downside,56,0.07159431258940309,0.006171417967158588,0.7167974950590742,V2,SYNTHETIC_DEMO
PP_MORTGAGE_FICO_V2,Mortgage prepayment by FICO,Mortgage,fico_band,Near Prime,Downside,57,0.07159162515648985,0.0061711782332313225,0.7123740099599309,V2,SYNTHETIC_DEMO
PP_MORTGAGE_FICO_V2,Mortgage prepayment by FICO,Mortgage,fico_band,Near Prime,Downside,58,0.07164410283575838,0.0061758596484691175,0.7079744880572013,V2,SYNTHETIC_DEMO
PP_MORTGAGE_FICO_V2,Mortgage prepayment by FICO,Mortgage,fico_band,Near Prime,Downside,59,0.07175138140972766,0.006185430482608667,0.703595361077863,V2,SYNTHETIC_DEMO
PP_MORTGAGE_FICO_V2,Mortgage prepayment by FICO,Mortgage,fico_band,Near Prime,Downside,60,0.0719127163193294,0.006199825849910967,0.6992331923703751,V2,SYNTHETIC_DEMO
PP_MORTGAGE_FICO_V2,Mortgage prepayment by FICO,Mortgage,fico_band,Near Prime,Downside,61,0.07212698783146568,0.006218948117667544,0.6948846974248727,V2,SYNTHETIC_DEMO
PP_MORTGAGE_FICO_V2,Mortgage prepayment by FICO,Mortgage,fico_band,Near Prime,Downside,62,0.07239270881043428,0.006242667521921819,0.690546763292778,V2,SYNTHETIC_DEMO
PP_MORTGAGE_FICO_V2,Mortgage prepayment by FICO,Mortgage,fico_band,Near Prime,Downside,63,0.0727080350392849,0.006270822987771152,0.6862164667753906,V2,SYNTHETIC_DEMO
PP_MORTGAGE_FICO_V2,Mortgage prepayment by FICO,Mortgage,fico_band,Near Prime,Downside,64,0.07307077801947148,0.006303223150690096,0.6818910912556272,V2,SYNTHETIC_DEMO
PP_MORTGAGE_FICO_V2,Mortgage prepayment by FICO,Mortgage,fico_band,Near Prime,Downside,65,0.07347842015996578,0.006339647574359786,0.6775681420529709,V2,SYNTHETIC_DEMO
PP_MORTGAGE_FICO_V2,Mortgage prepayment by FICO,Mortgage,fico_band,Near Prime,Downside,66,0.07392813225041311,0.006379848159494106,0.6732453601889624,V2,SYNTHETIC_DEMO
PP_MORTGAGE_FICO_V2,Mortgage prepayment by FICO,Mortgage,fico_band,Near Prime,Downside,67,0.07441679309705906,0.00642355073713341,0.6689207344592489,V2,SYNTHETIC_DEMO
PP_MORTGAGE_FICO_V2,Mortgage prepayment by FICO,Mortgage,fico_band,Near Prime,Downside,68,0.07494101118516577,0.006470456838805094,0.6645925117183485,V2,SYNTHETIC_DEMO
PP_MORTGAGE_FICO_V2,Mortgage prepayment by FICO,Mortgage,fico_band,Near Prime,Downside,69,0.0754971482175709,0.006520245634854982,0.6602592052948597,V2,SYNTHETIC_DEMO
PP_MORTGAGE_FICO_V2,Mortgage prepayment by FICO,Mortgage,fico_band,Near Prime,Downside,70,0.07608134436602214,0.006572576031116384,0.6559196014678148,V2,SYNTHETIC_DEMO
PP_MORTGAGE_FICO_V2,Mortgage prepayment by FICO,Mortgage,fico_band,Near Prime,Downside,71,0.07668954506003181,0.006627088912918744,0.6515727639491614,V2,SYNTHETIC_DEMO
PP_MORTGAGE_FICO_V2,Mortgage prepayment by FICO,Mortgage,fico_band,Near Prime,Downside,72,0.07731752912732574,0.006683409524263384,0.6472180363328329,V2,SYNTHETIC_DEMO
PP_MORTGAGE_FICO_V2,Mortgage prepayment by FICO,Mortgage,fico_band,Near Prime,Downside,73,0.07796093809057963,0.006741149968794713,0.6428550424874044,V2,SYNTHETIC_DEMO
PP_MORTGAGE_FICO_V2,Mortgage prepayment by FICO,Mortgage,fico_band,Near Prime,Downside,74,0.07861530641711094,0.006799911818019866,0.6384836848867207,V2,SYNTHETIC_DEMO
PP_MORTGAGE_FICO_V2,Mortgage prepayment by FICO,Mortgage,fico_band,Near Prime,Downside,75,0.07927609251158074,0.006859288811059572,0.6341041408909331,V2,SYNTHETIC_DEMO
PP_MORTGAGE_FICO_V2,Mortgage prepayment by FICO,Mortgage,fico_band,Near Prime,Downside,76,0.0799387102366028,0.00691886962909205,0.6297168570088414,V2,SYNTHETIC_DEMO
PP_MORTGAGE_FICO_V2,Mortgage prepayment by FICO,Mortgage,fico_band,Near Prime,Downside,77,0.08059856074249352,0.0069782407265883695,0.625322541191043,V2,SYNTHETIC_DEMO
PP_MORTGAGE_FICO_V2,Mortgage prepayment by FICO,Mortgage,fico_band,Near Prime,Downside,78,0.08125106438525048,0.007036989200448263,0.6209221532218848,V2,SYNTHETIC_DEMO
PP_MORTGAGE_FICO_V2,Mortgage prepayment by FICO,Mortgage,fico_band,Near Prime,Downside,79,0.08189169251123567,0.007094705677271329,0.616516893296278,V2,SYNTHETIC_DEMO
PP_MORTGAGE_FICO_V2,Mortgage prepayment by FICO,Mortgage,fico_band,Near Prime,Downside,80,0.0825159988879635,0.0071509871982374795,0.6121081888848192,V2,SYNTHETIC_DEMO
PP_MORTGAGE_FICO_V2,Mortgage prepayment by FICO,Mortgage,fico_band,Near Prime,Downside,81,0.08311965056285105,0.00720544008046764,0.607697680007046,V2,SYNTHETIC_DEMO
PP_MORTGAGE_FICO_V2,Mortgage prepayment by FICO,Mortgage,fico_band,Near Prime,Downside,82,0.08369845793575748,0.007257682733299187,0.6032872030477929,V2,SYNTHETIC_DEMO
PP_MORTGAGE_FICO_V2,Mortgage prepayment by FICO,Mortgage,fico_band,Near Prime,Downside,83,0.08424840383659626,0.007307348407668002,0.5988787732652352,V2,SYNTHETIC_DEMO
PP_MORTGAGE_FICO_V2,Mortgage prepayment by FICO,Mortgage,fico_band,Near Prime,Downside,84,0.08476567140620926,0.0073540878567524,0.5944745661510985,V2,SYNTHETIC_DEMO
PP_MORTGAGE_FICO_V2,Mortgage prepayment by FICO,Mortgage,fico_band,Near Prime,Downside,85,0.08524667058699757,0.00739757188622947,0.5900768978134607,V2,SYNTHETIC_DEMO
PP_MORTGAGE_FICO_V2,Mortgage prepayment by FICO,Mortgage,fico_band,Near Prime,Downside,86,0.08568806303945285,0.007437493772921022,0.5856882045604286,V2,SYNTHETIC_DEMO
PP_MORTGAGE_FICO_V2,Mortgage prepayment by FICO,Mortgage,fico_band,Near Prime,Downside,87,0.08608678531165753,0.007473571531283141,0.5813110218686174,V2,SYNTHETIC_DEMO
PP_MORTGAGE_FICO_V2,Mortgage prepayment by FICO,Mortgage,fico_band,Near Prime,Downside,88,0.086440070100948,0.007505550008118589,0.576947962923712,V2,SYNTHETIC_DEMO
PP_MORTGAGE_FICO_V2,Mortgage prepayment by FICO,Mortgage,fico_band,Near Prime,Downside,89,0.08674546546017568,0.007533202787065818,0.5726016969214232,V2,SYNTHETIC_DEMO
PP_MORTGAGE_FICO_V2,Mortgage prepayment by FICO,Mortgage,fico_band,Near Prime,Downside,90,0.08700085181526629,0.0075563338858322115,0.5682749273158908,V2,SYNTHETIC_DEMO
PP_MORTGAGE_FICO_V2,Mortgage prepayment by FICO,Mortgage,fico_band,Near Prime,Downside,91,0.08720445667596789,0.007574779230790196,0.5639703701990796,V2,SYNTHETIC_DEMO
PP_MORTGAGE_FICO_V2,Mortgage prepayment by FICO,Mortgage,fico_band,Near Prime,Downside,92,0.08735486693768961,0.007588407895411264,0.5596907329890829,V2,SYNTHETIC_DEMO
PP_MORTGAGE_FICO_V2,Mortgage prepayment by FICO,Mortgage,fico_band,Near Prime,Downside,93,0.08745103868905028,0.0075971230910707455,0.5554386935976332,V2,SYNTHETIC_DEMO
PP_MORTGAGE_FICO_V2,Mortgage prepayment by FICO,Mortgage,fico_band,Near Prime,Downside,94,0.08749230445706874,0.007600862900972838,0.5512168802377021,V2,SYNTHETIC_DEMO
PP_MORTGAGE_FICO_V2,Mortgage prepayment by FICO,Mortgage,fico_band,Near Prime,Downside,95,0.08747837783971092,0.007599600750304525,0.5470278520210672,V2,SYNTHETIC_DEMO
PP_MORTGAGE_FICO_V2,Mortgage prepayment by FICO,Mortgage,fico_band,Near Prime,Downside,96,0.08740935549364238,0.007593345608182478,0.5428740804833695,V2,SYNTHETIC_DEMO
PP_MORTGAGE_FICO_V2,Mortgage prepayment by FICO,Mortgage,fico_band,Near Prime,Downside,97,0.08728571646338974,0.007582141919484364,0.538757932160735,V2,SYNTHETIC_DEMO
PP_MORTGAGE_FICO_V2,Mortgage prepayment by FICO,Mortgage,fico_band,Near Prime,Downside,98,0.08710831885656721,0.007566069267209485,0.5346816523277483,V2,SYNTHETIC_DEMO
PP_MORTGAGE_FICO_V2,Mortgage prepayment by FICO,Mortgage,fico_band,Near Prime,Downside,99,0.08687839388824371,0.007545241768558197,0.5306473499917232,V2,SYNTHETIC_DEMO
PP_MORTGAGE_FICO_V2,Mortgage prepayment by FICO,Mortgage,fico_band,Near Prime,Downside,100,0.08659753733578521,0.007519807210413454,0.5266569842230687,V2,SYNTHETIC_DEMO
PP_MORTGAGE_FICO_V2,Mortgage prepayment by FICO,Mortgage,fico_band,Near Prime,Downside,101,0.08626769846347883,0.0074899459323232165,0.5227123518863576,V2,SYNTHETIC_DEMO
PP_MORTGAGE_FICO_V2,Mortgage prepayment by FICO,Mortgage,fico_band,Near Prime,Downside,102,0.08589116649380724,0.007455869467370424,0.5188150768217107,V2,SYNTHETIC_DEMO
PP_MORTGAGE_FICO_V2,Mortgage prepayment by FICO,Mortgage,fico_band,Near Prime,Downside,103,0.08547055471926814,0.007417818953457611,0.514966600511523,V2,SYNTHETIC_DEMO
PP_MORTGAGE_FICO_V2,Mortgage prepayment by FICO,Mortgage,fico_band,Near Prime,Downside,104,0.0850087823650093,0.0073760633294946976,0.5111681742535754,V2,SYNTHETIC_DEMO
PP_MORTGAGE_FICO_V2,Mortgage prepayment by FICO,Mortgage,fico_band,Near Prime,Downside,105,0.08450905432816085,0.0073308973327297355,0.5074208528483636,V2,SYNTHETIC_DEMO
PP_MORTGAGE_FICO_V2,Mortgage prepayment by FICO,Mortgage,fico_band,Near Prime,Downside,106,0.08397483893448196,0.007282639315000949,0.5037254897961587,V2,SYNTHETIC_DEMO
PP_MORTGAGE_FICO_V2,Mortgage prepayment by FICO,Mortgage,fico_band,Near Prime,Downside,107,0.08340984386670044,0.007231628896976261,0.5000827339880053,V2,SYNTHETIC_DEMO
PP_MORTGAGE_FICO_V2,Mortgage prepayment by FICO,Mortgage,fico_band,Near Prime,Downside,108,0.08281799043161293,0.00717822448050176,0.49649302786461635,V2,SYNTHETIC_DEMO
PP_MORTGAGE_FICO_V2,Mortgage prepayment by FICO,Mortgage,fico_band,Near Prime,Downside,109,0.082203386344543,0.007122800639976501,0.49295660700799837,V2,SYNTHETIC_DEMO
PP_MORTGAGE_FICO_V2,Mortgage prepayment by FICO,Mortgage,fico_band,Near Prime,Downside,110,0.0815702972200443,0.007065745414221003,0.48947350112262167,V2,SYNTHETIC_DEMO
PP_MORTGAGE_FICO_V2,Mortgage prepayment by FICO,Mortgage,fico_band,Near Prime,Downside,111,0.08092311696671597,0.007007457520619487,0.486043536356036,V2,SYNTHETIC_DEMO
PP_MORTGAGE_FICO_V2,Mortgage prepayment by FICO,Mortgage,fico_band,Near Prime,Downside,112,0.08026633729160247,0.006948343513385247,0.48266633890297367,V2,SYNTHETIC_DEMO
PP_MORTGAGE_FICO_V2,Mortgage prepayment by FICO,Mortgage,fico_band,Near Prime,Downside,113,0.0796045165258306,0.006888814907663243,0.47934133983211163,V2,SYNTHETIC_DEMO
PP_MORTGAGE_FICO_V2,Mortgage prepayment by FICO,Mortgage,fico_band,Near Prime,Downside,114,0.07894224798784677,0.0068292852908378165,0.4760677810707057,V2,SYNTHETIC_DEMO
PP_MORTGAGE_FICO_V2,Mortgage prepayment by FICO,Mortgage,fico_band,Near Prime,Downside,115,0.07828412810382762,0.006770167441887298,0.47284472247916925,V2,SYNTHETIC_DEMO
PP_MORTGAGE_FICO_V2,Mortgage prepayment by FICO,Mortgage,fico_band,Near Prime,Downside,116,0.07763472450652148,0.0067118704789495,0.46967104994523423,V2,SYNTHETIC_DEMO
PP_MORTGAGE_FICO_V2,Mortgage prepayment by FICO,Mortgage,fico_band,Near Prime,Downside,117,0.07699854433392844,0.006654797054432282,0.4665454844255066,V2,SYNTHETIC_DEMO
PP_MORTGAGE_FICO_V2,Mortgage prepayment by FICO,Mortgage,fico_band,Near Prime,Downside,118,0.07638000294784009,0.0065993406160755885,0.4634665918608907,V2,SYNTHETIC_DEMO
PP_MORTGAGE_FICO_V2,Mortgage prepayment by FICO,Mortgage,fico_band,Near Prime,Downside,119,0.07578339328934496,0.006545882751337162,0.46043279389140745,V2,SYNTHETIC_DEMO
PP_MORTGAGE_FICO_V2,Mortgage prepayment by FICO,Mortgage,fico_band,Near Prime,Downside,120,0.07521285608398597,0.006494790631381919,0.45744237929526055,V2,SYNTHETIC_DEMO
PP_MORTGAGE_FICO_V2,Mortgage prepayment by FICO,Mortgage,fico_band,Subprime,Downside,1,0.003858518659932653,0.0003221132726598519,0.9996778867273401,V2,SYNTHETIC_DEMO
PP_MORTGAGE_FICO_V2,Mortgage prepayment by FICO,Mortgage,fico_band,Subprime,Downside,2,0.007780299173554695,0.0006506818489739885,0.999027414471626,V2,SYNTHETIC_DEMO
PP_MORTGAGE_FICO_V2,Mortgage prepayment by FICO,Mortgage,fico_band,Subprime,Downside,3,0.011764019745224194,0.000985660862048876,0.9980427122490675,V2,SYNTHETIC_DEMO
PP_MORTGAGE_FICO_V2,Mortgage prepayment by FICO,Mortgage,fico_band,Subprime,Downside,4,0.015807492682562645,0.0013269324744200617,0.9967183769633259,V2,SYNTHETIC_DEMO
PP_MORTGAGE_FICO_V2,Mortgage prepayment by FICO,Mortgage,fico_band,Subprime,Downside,5,0.019907687198280285,0.0016743063673735348,0.995049565038298,V2,SYNTHETIC_DEMO
PP_MORTGAGE_FICO_V2,Mortgage prepayment by FICO,Mortgage,fico_band,Subprime,Downside,6,0.02406076103663525,0.0020275209358788793,0.9930320812129457,V2,SYNTHETIC_DEMO
PP_MORTGAGE_FICO_V2,Mortgage prepayment by FICO,Mortgage,fico_band,Subprime,Downside,7,0.0282621006315159,0.0023862451912214366,0.9906624631844227,V2,SYNTHETIC_DEMO
PP_MORTGAGE_FICO_V2,Mortgage prepayment by FICO,Mortgage,fico_band,Subprime,Downside,8,0.03250636942379749,0.002750081369296442,0.987938060801158,V2,SYNTHETIC_DEMO
PP_MORTGAGE_FICO_V2,Mortgage prepayment by FICO,Mortgage,fico_band,Subprime,Downside,9,0.036787563889520355,0.003118568238076991,0.9848571085435561,V2,SYNTHETIC_DEMO
PP_MORTGAGE_FICO_V2,Mortgage prepayment by FICO,Mortgage,fico_band,Subprime,Downside,10,0.04109907675823017,0.003491185092921567,0.9814187900875511,V2,SYNTHETIC_DEMO
PP_MORTGAGE_FICO_V2,Mortgage prepayment by FICO,Mortgage,fico_band,Subprime,Downside,11,0.04543376683314255,0.0038673564231028745,0.9776232938259521,V2,SYNTHETIC_DEMO
PP_MORTGAGE_FICO_V2,Mortgage prepayment by FICO,Mortgage,fico_band,Subprime,Downside,12,0.04978403476223787,0.004246457227193856,0.9734718583244119,V2,SYNTHETIC_DEMO
PP_MORTGAGE_FICO_V2,Mortgage prepayment by FICO,Mortgage,fico_band,Subprime,Downside,13,0.054141904052506566,0.004627818948732765,0.9689668068124,V2,SYNTHETIC_DEMO
PP_MORTGAGE_FICO_V2,Mortgage prepayment by FICO,Mortgage,fico_band,Subprime,Downside,14,0.058499106568855444,0.005010735996926252,0.9641115699536784,V2,SYNTHETIC_DEMO
PP_MORTGAGE_FICO_V2,Mortgage prepayment by FICO,Mortgage,fico_band,Subprime,Downside,15,0.06284717171510107,0.005394472810080542,0.9589106963036792,V2,SYNTHETIC_DEMO
PP_MORTGAGE_FICO_V2,Mortgage prepayment by FICO,Mortgage,fico_band,Subprime,Downside,16,0.06717751845741378,0.005778271412067881,0.9533698500405016,V2,SYNTHETIC_DEMO
PP_MORTGAGE_FICO_V2,Mortgage prepayment by FICO,Mortgage,fico_band,Subprime,Downside,17,0.0714815493208735,0.006161359404522226,0.9474957957489666,V2,SYNTHETIC_DEMO
PP_MORTGAGE_FICO_V2,Mortgage prepayment by FICO,Mortgage,fico_band,Subprime,Downside,18,0.07575074546772875,0.006542958329773585,0.9412963702397454,V2,SYNTHETIC_DEMO
PP_MORTGAGE_FICO_V2,Mortgage prepayment by FICO,Mortgage,fico_band,Subprime,Downside,19,0.07576745869111068,0.006544455401314986,0.9351360981252917,V2,SYNTHETIC_DEMO
PP_MORTGAGE_FICO_V2,Mortgage prepayment by FICO,Mortgage,fico_band,Subprime,Downside,20,0.07573637001299417,0.006541670681550316,0.9290187457289262,V2,SYNTHETIC_DEMO
PP_MORTGAGE_FICO_V2,Mortgage prepayment by FICO,Mortgage,fico_band,Subprime,Downside,21,0.07565769520206769,0.00653462389185866,0.9229479576371014,V2,SYNTHETIC_DEMO
PP_MORTGAGE_FICO_V2,Mortgage prepayment by FICO,Mortgage,fico_band,Subprime,Downside,22,0.07553198029508165,0.006523364929487241,0.9169272312985096,V2,SYNTHETIC_DEMO
PP_MORTGAGE_FICO_V2,Mortgage prepayment by FICO,Mortgage,fico_band,Subprime,Downside,23,0.07536009780712043,0.006507973493343644,0.910959893181894,V2,SYNTHETIC_DEMO
PP_MORTGAGE_FICO_V2,Mortgage prepayment by FICO,Mortgage,fico_band,Subprime,Downside,24,0.07514324067597529,0.006488558486972051,0.9050490766356974,V2,SYNTHETIC_DEMO
PP_MORTGAGE_FICO_V2,Mortgage prepayment by FICO,Mortgage,fico_band,Subprime,Downside,25,0.07488291398264744,0.0064652572041212775,0.8991977015728952,V2,SYNTHETIC_DEMO
PP_MORTGAGE_FICO_V2,Mortgage prepayment by FICO,Mortgage,fico_band,Subprime,Downside,26,0.07458092450544362,0.00643823430423951,0.8934084560843353,V2,SYNTHETIC_DEMO
PP_MORTGAGE_FICO_V2,Mortgage prepayment by FICO,Mortgage,fico_band,Subprime,Downside,27,0.07423936818016401,0.006407680587059317,0.8876837800639691,V2,SYNTHETIC_DEMO
PP_MORTGAGE_FICO_V2,Mortgage prepayment by FICO,Mortgage,fico_band,Subprime,Downside,28,0.07386061555341358,0.006373811577142563,0.8820258509097557,V2,SYNTHETIC_DEMO
PP_MORTGAGE_FICO_V2,Mortgage prepayment by FICO,Mortgage,fico_band,Subprime,Downside,29,0.07344729532999746,0.006336865930807956,0.8764365713450338,V2,SYNTHETIC_DEMO
PP_MORTGAGE_FICO_V2,Mortgage prepayment by FICO,Mortgage,fico_band,Subprime,Downside,30,0.07300227612858806,0.006297103679265836,0.8709175593869739,V2,SYNTHETIC_DEMO
PP_MORTGAGE_FICO_V2,Mortgage prepayment by FICO,Mortgage,fico_band,Subprime,Downside,31,0.07252864657228787,0.006254804322995855,0.8654701404715472,V2,SYNTHETIC_DEMO
PP_MORTGAGE_FICO_V2,Mortgage prepayment by FICO,Mortgage,fico_band,Subprime,Downside,32,0.07202969385226747,0.006210264793439668,0.8600953417284035,V2,SYNTHETIC_DEMO
PP_MORTGAGE_FICO_V2,Mortgage prepayment by FICO,Mortgage,fico_band,Subprime,Downside,33,0.07150888091325647,0.006163797298915141,0.8547938883842485,V2,SYNTHETIC_DEMO
PP_MORTGAGE_FICO_V2,Mortgage prepayment by FICO,Mortgage,fico_band,Subprime,Downside,34,0.0709698224192298,0.006115727072303123,0.8495662022598177,V2,SYNTHETIC_DEMO
PP_MORTGAGE_FICO_V2,Mortgage prepayment by FICO,Mortgage,fico_band,Subprime,Downside,35,0.07041625966609777,0.0060663900385024006,0.8444124023133804,V2,SYNTHETIC_DEMO
PP_MORTGAGE_FICO_V2,Mortgage prepayment by FICO,Mortgage,fico_band,Subprime,Downside,36,0.06985203461551637,0.0060161304199073395,0.8393323071728759,V2,SYNTHETIC_DEMO
PP_MORTGAGE_FICO_V2,Mortgage prepayment by FICO,Mortgage,fico_band,Subprime,Downside,37,0.06928106323003441,0.0059652982982374425,0.8343254395892418,V2,SYNTHETIC_DEMO
PP_MORTGAGE_FICO_V2,Mortgage prepayment by FICO,Mortgage,fico_band,Subprime,Downside,38,0.06870730829464289,0.005914247150947793,0.8293910327351879,V2,SYNTHETIC_DEMO
PP_MORTGAGE_FICO_V2,Mortgage prepayment by FICO,Mortgage,fico_band,Subprime,Downside,39,0.06813475191335662,0.005863331380197234,0.8245280382664975,V2,SYNTHETIC_DEMO
PP_MORTGAGE_FICO_V2,Mortgage prepayment by FICO,Mortgage,fico_band,Subprime,Downside,40,0.06756736787171368,0.005812903851943441,0.8197351360568228,V2,SYNTHETIC_DEMO
PP_MORTGAGE_FICO_V2,Mortgage prepayment by FICO,Mortgage,fico_band,Subprime,Downside,41,0.06700909405700842,0.0057633134622068205,0.8150107455117426,V2,SYNTHETIC_DEMO
PP_MORTGAGE_FICO_V2,Mortgage prepayment by FICO,Mortgage,fico_band,Subprime,Downside,42,0.0664638051276739,0.00571490274690023,0.8103530383634643,V2,SYNTHETIC_DEMO
PP_MORTGAGE_FICO_V2,Mortgage prepayment by FICO,Mortgage,fico_band,Subprime,Downside,43,0.06593528562149938,0.005668005550880206,0.8057599528438475,V2,SYNTHETIC_DEMO
PP_MORTGAGE_FICO_V2,Mortgage prepayment by FICO,Mortgage,fico_band,Subprime,Downside,44,0.06542720368932349,0.0056229447710587355,0.8012292091302756,V2,SYNTHETIC_DEMO
PP_MORTGAGE_FICO_V2,Mortgage prepayment by FICO,Mortgage,fico_band,Subprime,Downside,45,0.06494308563650274,0.005580030187532281,0.7967583259561961,V2,SYNTHETIC_DEMO
PP_MORTGAGE_FICO_V2,Mortgage prepayment by FICO,Mortgage,fico_band,Subprime,Downside,46,0.06448629144884793,0.00553955639575654,0.7923446382757732,V2,SYNTHETIC_DEMO
PP_MORTGAGE_FICO_V2,Mortgage prepayment by FICO,Mortgage,fico_band,Subprime,Downside,47,0.06405999147288927,0.005501800851834826,0.7879853158699608,V2,SYNTHETIC_DEMO
PP_MORTGAGE_FICO_V2,Mortgage prepayment by FICO,Mortgage,fico_band,Subprime,Downside,48,0.063667144412319,0.0054670220420045545,0.7836773827793238,V2,SYNTHETIC_DEMO
PP_MORTGAGE_FICO_V2,Mortgage prepayment by FICO,Mortgage,fico_band,Subprime,Downside,49,0.06331047679332559,0.005435457786419073,0.7794177374470553,V2,SYNTHETIC_DEMO
PP_MORTGAGE_FICO_V2,Mortgage prepayment by FICO,Mortgage,fico_band,Subprime,Downside,50,0.06299246404133887,0.005407323686328125,0.7752031734538136,V2,SYNTHETIC_DEMO
PP_MORTGAGE_FICO_V2,Mortgage prepayment by FICO,Mortgage,fico_band,Subprime,Downside,51,0.06271531330052152,0.005382811722783654,0.7710304007242074,V2,SYNTHETIC_DEMO
PP_MORTGAGE_FICO_V2,Mortgage prepayment by FICO,Mortgage,fico_band,Subprime,Downside,52,0.06248094811524701,0.005362089014022464,0.7668960670830067,V2,SYNTHETIC_DEMO
PP_MORTGAGE_FICO_V2,Mortgage prepayment by FICO,Mortgage,fico_band,Subprime,Downside,53,0.062290995079881034,0.0053452967377346505,0.7627967800374464,V2,SYNTHETIC_DEMO
PP_MORTGAGE_FICO_V2,Mortgage prepayment by FICO,Mortgage,fico_band,Subprime,Downside,54,0.06214677254952282,0.005332549223488692,0.7587291286603781,V2,SYNTHETIC_DEMO
PP_MORTGAGE_FICO_V2,Mortgage prepayment by FICO,Mortgage,fico_band,Subprime,Downside,55,0.06204928149005821,0.005323933219678834,0.7546897054475652,V2,SYNTHETIC_DEMO
PP_MORTGAGE_FICO_V2,Mortgage prepayment by FICO,Mortgage,fico_band,Subprime,Downside,56,0.061999198531029476,0.00531950733846509,0.7506751280211729,V2,SYNTHETIC_DEMO
PP_MORTGAGE_FICO_V2,Mortgage prepayment by FICO,Mortgage,fico_band,Subprime,Downside,57,0.0619968712695376,0.005319301681304678,0.7466820605505763,V2,SYNTHETIC_DEMO
PP_MORTGAGE_FICO_V2,Mortgage prepayment by FICO,Mortgage,fico_band,Subprime,Downside,58,0.06204231585777015,0.00532331764681282,0.7427072347610888,V2,SYNTHETIC_DEMO
PP_MORTGAGE_FICO_V2,Mortgage prepayment by FICO,Mortgage,fico_band,Subprime,Downside,59,0.06213521689089818,0.005331527921837664,0.7387474704012092,V2,SYNTHETIC_DEMO
PP_MORTGAGE_FICO_V2,Mortgage prepayment by FICO,Mortgage,fico_band,Subprime,Downside,60,0.062274929596120306,0.005343876655791946,0.7347996950396068,V2,SYNTHETIC_DEMO
PP_MORTGAGE_FICO_V2,Mortgage prepayment by FICO,Mortgage,fico_band,Subprime,Downside,61,0.062460484307661004,0.0053602798174376964,0.7308609630644267,V2,SYNTHETIC_DEMO
PP_MORTGAGE_FICO_V2,Mortgage prepayment by FICO,Mortgage,fico_band,Subprime,Downside,62,0.06269059319666474,0.005380625732467337,0.7269284737597064,V2,SYNTHETIC_DEMO
PP_MORTGAGE_FICO_V2,Mortgage prepayment by FICO,Mortgage,fico_band,Subprime,Downside,63,0.06296365920927766,0.005404775799370598,0.7229995883368565,V2,SYNTHETIC_DEMO
PP_MORTGAGE_FICO_V2,Mortgage prepayment by FICO,Mortgage,fico_band,Subprime,Downside,64,0.06327778715088252,0.005432565380198762,0.7190718458033597,V2,SYNTHETIC_DEMO
PP_MORTGAGE_FICO_V2,Mortgage prepayment by FICO,Mortgage,fico_band,Subprime,Downside,65,0.063630796839558,0.005463804861951527,0.7151429775561668,V2,SYNTHETIC_DEMO
PP_MORTGAGE_FICO_V2,Mortgage prepayment by FICO,Mortgage,fico_band,Subprime,Downside,66,0.06402023823747115,0.005498280883401652,0.7112109205937709,V2,SYNTHETIC_DEMO
PP_MORTGAGE_FICO_V2,Mortgage prepayment by FICO,Mortgage,fico_band,Subprime,Downside,67,0.06444340845518517,0.005535757721244261,0.7072738292486607,V2,SYNTHETIC_DEMO
PP_MORTGAGE_FICO_V2,Mortgage prepayment by FICO,Mortgage,fico_band,Subprime,Downside,68,0.06489737051086521,0.00557597882850791,0.7033300853508124,V2,SYNTHETIC_DEMO
PP_MORTGAGE_FICO_V2,Mortgage prepayment by FICO,Mortgage,fico_band,Subprime,Downside,69,0.0653789737141851,0.00561866851719961,0.6993783067430525,V2,SYNTHETIC_DEMO
PP_MORTGAGE_FICO_V2,Mortgage prepayment by FICO,Mortgage,fico_band,Subprime,Downside,70,0.06588487553346248,0.005663533776173901,0.6954173540804899,V2,SYNTHETIC_DEMO
PP_MORTGAGE_FICO_V2,Mortgage prepayment by FICO,Mortgage,fico_band,Subprime,Downside,71,0.06641156479425436,0.005710266214226878,0.691446335858697,V2,SYNTHETIC_DEMO
PP_MORTGAGE_FICO_V2,Mortgage prepayment by FICO,Mortgage,fico_band,Subprime,Downside,72,0.0669553860484058,0.0057585441174260454,0.6874646116288221,V2,SYNTHETIC_DEMO
PP_MORTGAGE_FICO_V2,Mortgage prepayment by FICO,Mortgage,fico_band,Subprime,Downside,73,0.06751256494441948,0.005808034608702939,0.6834717933722234,V2,SYNTHETIC_DEMO
PP_MORTGAGE_FICO_V2,Mortgage prepayment by FICO,Mortgage,fico_band,Subprime,Downside,74,0.06807923442306515,0.005858395896772395,0.679467745022372,V2,SYNTHETIC_DEMO
PP_MORTGAGE_FICO_V2,Mortgage prepayment by FICO,Mortgage,fico_band,Subprime,Downside,75,0.06865146155642043,0.00590927960051113,0.675452580137506,V2,SYNTHETIC_DEMO
PP_MORTGAGE_FICO_V2,Mortgage prepayment by FICO,Mortgage,fico_band,Subprime,Downside,76,0.06922527484406842,0.005960333134038653,0.6714266577436405,V2,SYNTHETIC_DEMO
PP_MORTGAGE_FICO_V2,Mortgage prepayment by FICO,Mortgage,fico_band,Subprime,Downside,77,0.0697966917770047,0.006011202136922411,0.6673905763838253,V2,SYNTHETIC_DEMO
PP_MORTGAGE_FICO_V2,Mortgage prepayment by FICO,Mortgage,fico_band,Subprime,Downside,78,0.07036174647794888,0.00606153293317635,0.6633451664257831,V2,SYNTHETIC_DEMO
PP_MORTGAGE_FICO_V2,Mortgage prepayment by FICO,Mortgage,fico_band,Subprime,Downside,79,0.0709165172262247,0.006110975002072472,0.6592914806960095,V2,SYNTHETIC_DEMO
PP_MORTGAGE_FICO_V2,Mortgage prepayment by FICO,Mortgage,fico_band,Subprime,Downside,80,0.07145715367617458,0.00615918344323807,0.6552307835238388,V2,SYNTHETIC_DEMO
PP_MORTGAGE_FICO_V2,Mortgage prepayment by FICO,Mortgage,fico_band,Subprime,Downside,81,0.0719799035802009,0.006205821418099,0.6511645382936487,V2,SYNTHETIC_DEMO
PP_MORTGAGE_FICO_V2,Mortgage prepayment by FICO,Mortgage,fico_band,Subprime,Downside,82,0.07248113883096524,0.0062505625494548855,0.6470943936170573,V2,SYNTHETIC_DEMO
PP_MORTGAGE_FICO_V2,Mortgage prepayment by FICO,Mortgage,fico_band,Subprime,Downside,83,0.07295738064200089,0.006293093260861693,0.6430221682494445,V2,SYNTHETIC_DEMO
PP_MORTGAGE_FICO_V2,Mortgage prepayment by FICO,Mortgage,fico_band,Subprime,Downside,84,0.07340532369197503,0.006333115037550074,0.6389498348862258,V2,SYNTHETIC_DEMO
PP_MORTGAGE_FICO_V2,Mortgage prepayment by FICO,Mortgage,fico_band,Subprime,Downside,85,0.07382185906502883,0.006370346590852449,0.6348795029838326,V2,SYNTHETIC_DEMO
PP_MORTGAGE_FICO_V2,Mortgage prepayment by FICO,Mortgage,fico_band,Subprime,Downside,86,0.07420409582797978,0.006404525908533687,0.6308134007581756,V2,SYNTHETIC_DEMO
PP_MORTGAGE_FICO_V2,Mortgage prepayment by FICO,Mortgage,fico_band,Subprime,Downside,87,0.07454938109463126,0.006435412174049304,0.626753856519383,V2,SYNTHETIC_DEMO
PP_MORTGAGE_FICO_V2,Mortgage prepayment by FICO,Mortgage,fico_band,Subprime,Downside,88,0.07485531843793435,0.006462787538569437,0.6227032795057191,V2,SYNTHETIC_DEMO
PP_MORTGAGE_FICO_V2,Mortgage prepayment by FICO,Mortgage,fico_band,Subprime,Downside,89,0.075119784522214,0.006486458730621036,0.6186641403817829,V2,SYNTHETIC_DEMO
PP_MORTGAGE_FICO_V2,Mortgage prepayment by FICO,Mortgage,fico_band,Subprime,Downside,90,0.07534094384002442,0.006506258489402561,0.614638951566335,V2,SYNTHETIC_DEMO
PP_MORTGAGE_FICO_V2,Mortgage prepayment by FICO,Mortgage,fico_band,Subprime,Downside,91,0.07551726145135364,0.006522046809198878,0.6106302475534624,V2,SYNTHETIC_DEMO
PP_MORTGAGE_FICO_V2,Mortgage prepayment by FICO,Mortgage,fico_band,Subprime,Downside,92,0.07564751363676214,0.006533711983873869,0.6066405653873065,V2,SYNTHETIC_DEMO
PP_MORTGAGE_FICO_V2,Mortgage prepayment by FICO,Mortgage,fico_band,Subprime,Downside,93,0.07573079639051777,0.0065411714421026446,0.602672425445374,V2,SYNTHETIC_DEMO
PP_MORTGAGE_FICO_V2,Mortgage prepayment by FICO,Mortgage,fico_band,Subprime,Downside,94,0.07576653169478118,0.0065443723658252795,0.5987283126786445,V2,SYNTHETIC_DEMO
PP_MORTGAGE_FICO_V2,Mortgage prepayment by FICO,Mortgage,fico_band,Subprime,Downside,95,0.07575447153129605,0.006543292086325203,0.5948106584484354,V2,SYNTHETIC_DEMO
PP_MORTGAGE_FICO_V2,Mortgage prepayment by FICO,Mortgage,fico_band,Subprime,Downside,96,0.07569469960274186,0.006537938254333797,0.5909218230904799,V2,SYNTHETIC_DEMO
PP_MORTGAGE_FICO_V2,Mortgage prepayment by FICO,Mortgage,fico_band,Subprime,Downside,97,0.07558763075180143,0.006528348782611881,0.5870640793260884,V2,SYNTHETIC_DEMO
PP_MORTGAGE_FICO_V2,Mortgage prepayment by FICO,Mortgage,fico_band,Subprime,Downside,98,0.07543400808197573,0.006514591561532335,0.583239596628832,V2,SYNTHETIC_DEMO
PP_MORTGAGE_FICO_V2,Mortgage prepayment by FICO,Mortgage,fico_band,Subprime,Downside,99,0.07523489780012857,0.006496763950249562,0.5794504266430957,V2,SYNTHETIC_DEMO
PP_MORTGAGE_FICO_V2,Mortgage prepayment by FICO,Mortgage,fico_band,Subprime,Downside,100,0.07499168181655626,0.0064749920480717815,0.5756984897383298,V2,SYNTHETIC_DEMO
PP_MORTGAGE_FICO_V2,Mortgage prepayment by FICO,Mortgage,fico_band,Subprime,Downside,101,0.07470604815394043,0.0064494297526130895,0.5719855627700771,V2,SYNTHETIC_DEMO
PP_MORTGAGE_FICO_V2,Mortgage prepayment by FICO,Mortgage,fico_band,Subprime,Downside,102,0.0743799792317506,0.006420257613175662,0.5683132681060759,V2,SYNTHETIC_DEMO
PP_MORTGAGE_FICO_V2,Mortgage prepayment by FICO,Mortgage,fico_band,Subprime,Downside,103,0.07401573810740746,0.006387681489567809,0.5646830639631188,V2,SYNTHETIC_DEMO
PP_MORTGAGE_FICO_V2,Mortgage prepayment by FICO,Mortgage,fico_band,Subprime,Downside,104,0.07361585276969879,0.006351931028180657,0.5610962360880434,V2,SYNTHETIC_DEMO
PP_MORTGAGE_FICO_V2,Mortgage prepayment by FICO,Mortgage,fico_band,Subprime,Downside,105,0.07318309859345888,0.006313257968611374,0.5575538908044027,V2,SYNTHETIC_DEMO
PP_MORTGAGE_FICO_V2,Mortgage prepayment by FICO,Mortgage,fico_band,Subprime,Downside,106,0.07272047907728334,0.006271934295407289,0.5540569494351287,V2,SYNTHETIC_DEMO
PP_MORTGAGE_FICO_V2,Mortgage prepayment by FICO,Mortgage,fico_band,Subprime,Downside,107,0.0722312049979674,0.006228250250613021,0.5506061441009555,V2,SYNTHETIC_DEMO
PP_MORTGAGE_FICO_V2,Mortgage prepayment by FICO,Mortgage,fico_band,Subprime,Downside,108,0.07171867212634522,0.006182512223719572,0.5472020148845963,V2,SYNTHETIC_DEMO
PP_MORTGAGE_FICO_V2,Mortgage prepayment by FICO,Mortgage,fico_band,Subprime,Downside,109,0.07118643765919187,0.006135040536331515,0.5438449083417171,V2,SYNTHETIC_DEMO
PP_MORTGAGE_FICO_V2,Mortgage prepayment by FICO,Mortgage,fico_band,Subprime,Downside,110,0.07063819553076,0.006086167139394916,0.5405349773316405,V2,SYNTHETIC_DEMO
PP_MORTGAGE_FICO_V2,Mortgage prepayment by FICO,Mortgage,fico_band,Subprime,Downside,111,0.07007775077530043,0.006036233241160649,0.5372721821334612,V2,SYNTHETIC_DEMO
PP_MORTGAGE_FICO_V2,Mortgage prepayment by FICO,Mortgage,fico_band,Subprime,Downside,112,0.06950899311850112,0.005985586884201033,0.5340562928068371,V2,SYNTHETIC_DEMO
PP_MORTGAGE_FICO_V2,Mortgage prepayment by FICO,Mortgage,fico_band,Subprime,Downside,113,0.06893586998113164,0.005934580489772134,0.5308868927511056,V2,SYNTHETIC_DEMO
PP_MORTGAGE_FICO_V2,Mortgage prepayment by FICO,Mortgage,fico_band,Subprime,Downside,114,0.06836235908225906,0.005883568387614391,0.5277633834115163,V2,SYNTHETIC_DEMO
PP_MORTGAGE_FICO_V2,Mortgage prepayment by FICO,Mortgage,fico_band,Subprime,Downside,115,0.06779244083218063,0.005832904348940682,0.5246849900772036,V2,SYNTHETIC_DEMO
PP_MORTGAGE_FICO_V2,Mortgage prepayment by FICO,Mortgage,fico_band,Subprime,Downside,116,0.0672300707066784,0.0057829391398778185,0.5216507687119797,V2,SYNTHETIC_DEMO
PP_MORTGAGE_FICO_V2,Mortgage prepayment by FICO,Mortgage,fico_band,Subprime,Downside,117,0.06667915179432979,0.0057340181120286715,0.5186596137560315,V2,SYNTHETIC_DEMO
PP_MORTGAGE_FICO_V2,Mortgage prepayment by FICO,Mortgage,fico_band,Subprime,Downside,118,0.06614350770740791,0.0056864788461141735,0.5157102668340741,V2,SYNTHETIC_DEMO
PP_MORTGAGE_FICO_V2,Mortgage prepayment by FICO,Mortgage,fico_band,Subprime,Downside,119,0.0656268560443812,0.005640648863869613,0.5128013263033705,V2,SYNTHETIC_DEMO
PP_MORTGAGE_FICO_V2,Mortgage prepayment by FICO,Mortgage,fico_band,Subprime,Downside,120,0.06513278258819404,0.005596843422509878,0.5099312575731951,V2,SYNTHETIC_DEMO
PP_MORTGAGE_FICO_V2,Mortgage prepayment by FICO,Mortgage,fico_band,Prime,Severe,1,0.0038204264315825627,0.00031892770684949223,0.9996810722931505,V2,SYNTHETIC_DEMO
PP_MORTGAGE_FICO_V2,Mortgage prepayment by FICO,Mortgage,fico_band,Prime,Severe,2,0.007703490180552122,0.0006442353355461394,0.9990370424221026,V2,SYNTHETIC_DEMO
PP_MORTGAGE_FICO_V2,Mortgage prepayment by FICO,Mortgage,fico_band,Prime,Severe,3,0.011647882500352645,0.0009758777294130994,0.9980621044215441,V2,SYNTHETIC_DEMO
PP_MORTGAGE_FICO_V2,Mortgage prepayment by FICO,Mortgage,fico_band,Prime,Severe,4,0.015651437296033282,0.001313737479080479,0.9967509128285156,V2,SYNTHETIC_DEMO
PP_MORTGAGE_FICO_V2,Mortgage prepayment by FICO,Mortgage,fico_band,Prime,Severe,5,0.019711153700968577,0.0016576254208349184,0.9950986731771706,V2,SYNTHETIC_DEMO
PP_MORTGAGE_FICO_V2,Mortgage prepayment by FICO,Mortgage,fico_band,Prime,Severe,6,0.023823227391093556,0.0020072818342584675,0.9931012296872074,V2,SYNTHETIC_DEMO
PP_MORTGAGE_FICO_V2,Mortgage prepayment by FICO,Mortgage,fico_band,Prime,Severe,7,0.027983090346535774,0.002362378340990512,0.9907551488517833,V2,SYNTHETIC_DEMO
PP_MORTGAGE_FICO_V2,Mortgage prepayment by FICO,Mortgage,fico_band,Prime,Severe,8,0.032185458691971376,0.0027225205023284627,0.9880577976462468,V2,SYNTHETIC_DEMO
PP_MORTGAGE_FICO_V2,Mortgage prepayment by FICO,Mortgage,fico_band,Prime,Severe,9,0.03642438817167957,0.0030872511089443666,0.9850074151147623,V2,SYNTHETIC_DEMO
PP_MORTGAGE_FICO_V2,Mortgage prepayment by FICO,Mortgage,fico_band,Prime,Severe,10,0.04069333674377611,0.0034560541511670095,0.9816031761488246,V2,SYNTHETIC_DEMO
PP_MORTGAGE_FICO_V2,Mortgage prepayment by FICO,Mortgage,fico_band,Prime,Severe,11,0.044985233711096424,0.0038283594530347242,0.9778452463502864,V2,SYNTHETIC_DEMO
PP_MORTGAGE_FICO_V2,Mortgage prepayment by FICO,Mortgage,fico_band,Prime,Severe,12,0.04929255474425991,0.004203547947616126,0.9737348269719044,V2,SYNTHETIC_DEMO
PP_MORTGAGE_FICO_V2,Mortgage prepayment by FICO,Mortgage,fico_band,Prime,Severe,13,0.05360740209612293,0.004580957564946697,0.9692741890500354,V2,SYNTHETIC_DEMO
PP_MORTGAGE_FICO_V2,Mortgage prepayment by FICO,Mortgage,fico_band,Prime,Severe,14,0.05792158925661936,0.004959889697333408,0.9644666959858749,V2,SYNTHETIC_DEMO
PP_MORTGAGE_FICO_V2,Mortgage prepayment by FICO,Mortgage,fico_band,Prime,Severe,15,0.062226729253337595,0.005339616199807828,0.9593168139918136,V2,SYNTHETIC_DEMO
PP_MORTGAGE_FICO_V2,Mortgage prepayment by FICO,Mortgage,fico_band,Prime,Severe,16,0.06651432576648694,0.005719386876219423,0.9538301099957321,V2,SYNTHETIC_DEMO
PP_MORTGAGE_FICO_V2,Mortgage prepayment by FICO,Mortgage,fico_band,Prime,Severe,17,0.07077586619749669,0.006098437393969758,0.9480132367854399,V2,SYNTHETIC_DEMO
PP_MORTGAGE_FICO_V2,Mortgage prepayment by FICO,Mortgage,fico_band,Prime,Severe,18,0.07500291580863966,0.006475997562831459,0.9418739053744855,V2,SYNTHETIC_DEMO
PP_MORTGAGE_FICO_V2,Mortgage prepayment by FICO,Mortgage,fico_band,Prime,Severe,19,0.07501946403504282,0.006477478756233945,0.9357729371613711,V2,SYNTHETIC_DEMO
PP_MORTGAGE_FICO_V2,Mortgage prepayment by FICO,Mortgage,fico_band,Prime,Severe,20,0.07498868227186704,0.006474723571366026,0.9297140660676859,V2,SYNTHETIC_DEMO
PP_MORTGAGE_FICO_V2,Mortgage prepayment by FICO,Mortgage,fico_band,Prime,Severe,21,0.07491078415768027,0.006467751516277986,0.9237009065071716,V2,SYNTHETIC_DEMO
PP_MORTGAGE_FICO_V2,Mortgage prepayment by FICO,Mortgage,fico_band,Prime,Severe,22,0.07478631033862615,0.006456611948585933,0.9177369281972978,V2,SYNTHETIC_DEMO
PP_MORTGAGE_FICO_V2,Mortgage prepayment by FICO,Mortgage,fico_band,Prime,Severe,23,0.07461612471610936,0.006441383705604431,0.9118254325019762,V2,SYNTHETIC_DEMO
PP_MORTGAGE_FICO_V2,Mortgage prepayment by FICO,Mortgage,fico_band,Prime,Severe,24,0.07440140845095115,0.006422174514238765,0.9059695304479273,V2,SYNTHETIC_DEMO
PP_MORTGAGE_FICO_V2,Mortgage prepayment by FICO,Mortgage,fico_band,Prime,Severe,25,0.07414365176562944,0.006399120185968776,0.9001721225377652,V2,SYNTHETIC_DEMO
PP_MORTGAGE_FICO_V2,Mortgage prepayment by FICO,Mortgage,fico_band,Prime,Severe,26,0.07384464360149906,0.006372383604157039,0.8944358804631863,V2,SYNTHETIC_DEMO
PP_MORTGAGE_FICO_V2,Mortgage prepayment by FICO,Mortgage,fico_band,Prime,Severe,27,0.07350645920277563,0.006342153512719384,0.8887632308020045,V2,SYNTHETIC_DEMO
PP_MORTGAGE_FICO_V2,Mortgage prepayment by FICO,Mortgage,fico_band,Prime,Severe,28,0.07313144571345538,0.006308643116876622,0.8831563407634724,V2,SYNTHETIC_DEMO
PP_MORTGAGE_FICO_V2,Mortgage prepayment by FICO,Mortgage,fico_band,Prime,Severe,29,0.07272220588713453,0.006272088508245233,0.8776171060275859,V2,SYNTHETIC_DEMO
PP_MORTGAGE_FICO_V2,Mortgage prepayment by FICO,Mortgage,fico_band,Prime,Severe,30,0.07228158002278899,0.006232746927901656,0.8721471407061185,V2,SYNTHETIC_DEMO
PP_MORTGAGE_FICO_V2,Mortgage prepayment by FICO,Mortgage,fico_band,Prime,Severe,31,0.07181262625188782,0.00619089488225999,0.8667477694361434,V2,SYNTHETIC_DEMO
PP_MORTGAGE_FICO_V2,Mortgage prepayment by FICO,Mortgage,fico_band,Prime,Severe,32,0.07131859931365624,0.006146826127624183,0.8614200216009134,V2,SYNTHETIC_DEMO
PP_MORTGAGE_FICO_V2,Mortgage prepayment by FICO,Mortgage,fico_band,Prime,Severe,33,0.07080292796579692,0.006100849540103925,0.8561646276582932,V2,SYNTHETIC_DEMO
PP_MORTGAGE_FICO_V2,Mortgage prepayment by FICO,Mortgage,fico_band,Prime,Severe,34,0.07026919118744879,0.006053286888222709,0.8509820175435291,V2,SYNTHETIC_DEMO
PP_MORTGAGE_FICO_V2,Mortgage prepayment by FICO,Mortgage,fico_band,Prime,Severe,35,0.06972109333954513,0.0060044705259938436,0.8458723211010382,V2,SYNTHETIC_DEMO
PP_MORTGAGE_FICO_V2,Mortgage prepayment by FICO,Mortgage,fico_band,Prime,Severe,36,0.0691624384549683,0.005954741024495447,0.8408353704890926,V2,SYNTHETIC_DEMO
PP_MORTGAGE_FICO_V2,Mortgage prepayment by FICO,Mortgage,fico_band,Prime,Severe,37,0.06859710383693883,0.005904444760058136,0.8358707044917367,V2,SYNTHETIC_DEMO
PP_MORTGAGE_FICO_V2,Mortgage prepayment by FICO,Mortgage,fico_band,Prime,Severe,38,0.06802901314887695,0.005853931477085905,0.8309775746639386,V2,SYNTHETIC_DEMO
PP_MORTGAGE_FICO_V2,Mortgage prepayment by FICO,Mortgage,fico_band,Prime,Severe,39,0.06746210918250467,0.00580355184328496,0.8261549532287693,V2,SYNTHETIC_DEMO
PP_MORTGAGE_FICO_V2,Mortgage prepayment by FICO,Mortgage,fico_band,Prime,Severe,40,0.06690032649318921,0.005753655014681058,0.821401542639221,V2,SYNTHETIC_DEMO
PP_MORTGAGE_FICO_V2,Mortgage prepayment by FICO,Mortgage,fico_band,Prime,Severe,41,0.06634756409245027,0.005704586227289088,0.8167157867120073,V2,SYNTHETIC_DEMO
PP_MORTGAGE_FICO_V2,Mortgage prepayment by FICO,Mortgage,fico_band,Prime,Severe,42,0.06580765838715681,0.005656684431667336,0.8120958832362165,V2,SYNTHETIC_DEMO
PP_MORTGAGE_FICO_V2,Mortgage prepayment by FICO,Mortgage,fico_band,Prime,Severe,43,0.06528435655322673,0.0056102799858605,0.8075397979558967,V2,SYNTHETIC_DEMO
PP_MORTGAGE_FICO_V2,Mortgage prepayment by FICO,Mortgage,fico_band,Prime,Severe,44,0.0647812905286275,0.00556569242143623,0.8030452798224054,V2,SYNTHETIC_DEMO
PP_MORTGAGE_FICO_V2,Mortgage prepayment by FICO,Mortgage,fico_band,Prime,Severe,45,0.06430195180617722,0.0055232282964460255,0.7986098774095628,V2,SYNTHETIC_DEMO
PP_MORTGAGE_FICO_V2,Mortgage prepayment by FICO,Mortgage,fico_band,Prime,Severe,46,0.06384966720109508,0.005483179148233264,0.7942309563821776,V2,SYNTHETIC_DEMO
PP_MORTGAGE_FICO_V2,Mortgage prepayment by FICO,Mortgage,fico_band,Prime,Severe,47,0.06342757576148443,0.0054458195580596724,0.789905717906295,V2,SYNTHETIC_DEMO
PP_MORTGAGE_FICO_V2,Mortgage prepayment by FICO,Mortgage,fico_band,Prime,Severe,48,0.06303860698199994,0.005411405338552555,0.7856312178874637,V2,SYNTHETIC_DEMO
PP_MORTGAGE_FICO_V2,Mortgage prepayment by FICO,Mortgage,fico_band,Prime,Severe,49,0.06268546047190485,0.005380171854000748,0.7814043869213613,V2,SYNTHETIC_DEMO
PP_MORTGAGE_FICO_V2,Mortgage prepayment by FICO,Mortgage,fico_band,Prime,Severe,50,0.06237058721863112,0.005352332482541633,0.7772220508392416,V2,SYNTHETIC_DEMO
PP_MORTGAGE_FICO_V2,Mortgage prepayment by FICO,Mortgage,fico_band,Prime,Severe,51,0.06209617257688106,0.005328077228317518,0.7730809517288187,V2,SYNTHETIC_DEMO
PP_MORTGAGE_FICO_V2,Mortgage prepayment by FICO,Mortgage,fico_band,Prime,Severe,52,0.06186412110133342,0.005307571490712482,0.76897776930941,V2,SYNTHETIC_DEMO
PP_MORTGAGE_FICO_V2,Mortgage prepayment by FICO,Mortgage,fico_band,Prime,Severe,53,0.06167604332822135,0.005290954996844732,0.7649091425384198,V2,SYNTHETIC_DEMO
PP_MORTGAGE_FICO_V2,Mortgage prepayment by FICO,Mortgage,fico_band,Prime,Severe,54,0.061533244597524045,0.00527834090256174,0.7608716913246159,V2,SYNTHETIC_DEMO
PP_MORTGAGE_FICO_V2,Mortgage prepayment by FICO,Mortgage,fico_band,Prime,Severe,55,0.06143671599335032,0.0052698150662799925,0.7568620382221675,V2,SYNTHETIC_DEMO
PP_MORTGAGE_FICO_V2,Mortgage prepayment by FICO,Mortgage,fico_band,Prime,Severe,56,0.061387127465392134,0.0052654354991293895,0.7528768299781691,V2,SYNTHETIC_DEMO
PP_MORTGAGE_FICO_V2,Mortgage prepayment by FICO,Mortgage,fico_band,Prime,Severe,57,0.06138482317918793,0.005265231993987096,0.7489127588054364,V2,SYNTHETIC_DEMO
PP_MORTGAGE_FICO_V2,Mortgage prepayment by FICO,Mortgage,fico_band,Prime,Severe,58,0.061429819127466964,0.005269205935131804,0.7449665832518428,V2,SYNTHETIC_DEMO
PP_MORTGAGE_FICO_V2,Mortgage prepayment by FICO,Mortgage,fico_band,Prime,Severe,59,0.061521803019152964,0.005277330289403026,0.7410351485374548,V2,SYNTHETIC_DEMO
PP_MORTGAGE_FICO_V2,Mortgage prepayment by FICO,Mortgage,fico_band,Prime,Severe,60,0.061660136446797395,0.005289549778904612,0.737115406231348,V2,SYNTHETIC_DEMO
PP_MORTGAGE_FICO_V2,Mortgage prepayment by FICO,Mortgage,fico_band,Prime,Severe,61,0.06184385931739954,0.005305781234452134,0.7332044331413401,V2,SYNTHETIC_DEMO
PP_MORTGAGE_FICO_V2,Mortgage prepayment by FICO,Mortgage,fico_band,Prime,Severe,62,0.06207169651586143,0.005325914128117115,0.7292994492920746,V2,SYNTHETIC_DEMO
PP_MORTGAGE_FICO_V2,Mortgage prepayment by FICO,Mortgage,fico_band,Prime,Severe,63,0.06234206675483066,0.005349811282363004,0.7253978348700307,V2,SYNTHETIC_DEMO
PP_MORTGAGE_FICO_V2,Mortgage prepayment by FICO,Mortgage,fico_band,Prime,Severe,64,0.06265309354950911,0.00537730975240347,0.7214971460182118,V2,SYNTHETIC_DEMO
PP_MORTGAGE_FICO_V2,Mortgage prepayment by FICO,Mortgage,fico_band,Prime,Severe,65,0.06300261824125807,0.005408221877524433,0.7175951293685446,V2,SYNTHETIC_DEMO
PP_MORTGAGE_FICO_V2,Mortgage prepayment by FICO,Mortgage,fico_band,Prime,Severe,66,0.06338821497960993,0.005442336496212397,0.7136897352064779,V2,SYNTHETIC_DEMO
PP_MORTGAGE_FICO_V2,Mortgage prepayment by FICO,Mortgage,fico_band,Prime,Severe,67,0.0638072075587054,0.0054794203190065005,0.7097791291699211,V2,SYNTHETIC_DEMO
PP_MORTGAGE_FICO_V2,Mortgage prepayment by FICO,Mortgage,fico_band,Prime,Severe,68,0.06425668799130382,0.005519219452052582,0.7058617023935456,V2,SYNTHETIC_DEMO
PP_MORTGAGE_FICO_V2,Mortgage prepayment by FICO,Mortgage,fico_band,Prime,Severe,69,0.06473353669145507,0.0055614610633786254,0.7019360800195538,V2,SYNTHETIC_DEMO
PP_MORTGAGE_FICO_V2,Mortgage prepayment by FICO,Mortgage,fico_band,Prime,Severe,70,0.06523444412575698,0.005605855182940767,0.698001128007283,V2,SYNTHETIC_DEMO
PP_MORTGAGE_FICO_V2,Mortgage prepayment by FICO,Mortgage,fico_band,Prime,Severe,71,0.06575593378292897,0.005652096626509895,0.6940559581863729,V2,SYNTHETIC_DEMO
PP_MORTGAGE_FICO_V2,Mortgage prepayment by FICO,Mortgage,fico_band,Prime,Severe,72,0.06629438630228333,0.00569986703249048,0.6900999315116028,V2,SYNTHETIC_DEMO
PP_MORTGAGE_FICO_V2,Mortgage prepayment by FICO,Mortgage,fico_band,Prime,Severe,73,0.06684606459363253,0.0057488369997927835,0.6861326594917744,V2,SYNTHETIC_DEMO
PP_MORTGAGE_FICO_V2,Mortgage prepayment by FICO,Mortgage,fico_band,Prime,Severe,74,0.06740713977428925,0.005798668313929944,0.682154003780027,V2,SYNTHETIC_DEMO
PP_MORTGAGE_FICO_V2,Mortgage prepayment by FICO,Mortgage,fico_band,Prime,Severe,75,0.06797371774314567,0.00584901624759171,0.6781640739285579,V2,SYNTHETIC_DEMO
PP_MORTGAGE_FICO_V2,Mortgage prepayment by FICO,Mortgage,fico_band,Prime,Severe,76,0.06854186620739643,0.005899531921076395,0.6741632233266892,V2,SYNTHETIC_DEMO
PP_MORTGAGE_FICO_V2,Mortgage prepayment by FICO,Mortgage,fico_band,Prime,Severe,77,0.06910764197432812,0.0059498647071490884,0.6701520433573599,V2,SYNTHETIC_DEMO
PP_MORTGAGE_FICO_V2,Mortgage prepayment by FICO,Mortgage,fico_band,Prime,Severe,78,0.06966711831875892,0.005999664664160798,0.6661313558232136,V2,SYNTHETIC_DEMO
PP_MORTGAGE_FICO_V2,Mortgage prepayment by FICO,Mortgage,fico_band,Prime,Severe,79,0.07021641223618648,0.0060485849806242165,0.6621022037092584,V2,SYNTHETIC_DEMO
PP_MORTGAGE_FICO_V2,Mortgage prepayment by FICO,Mortgage,fico_band,Prime,Severe,80,0.07075171139249574,0.00609628441390675,0.6580658403643723,V2,SYNTHETIC_DEMO
PP_MORTGAGE_FICO_V2,Mortgage prepayment by FICO,Mortgage,fico_band,Prime,Severe,81,0.07126930058318381,0.006142429705300434,0.6540237171984747,V2,SYNTHETIC_DEMO
PP_MORTGAGE_FICO_V2,Mortgage prepayment by FICO,Mortgage,fico_band,Prime,Severe,82,0.07176558751846443,0.006186697953466158,0.6499774700057646,V2,SYNTHETIC_DEMO
PP_MORTGAGE_FICO_V2,Mortgage prepayment by FICO,Mortgage,fico_band,Prime,Severe,83,0.07223712775529124,0.006228778928138667,0.6459289040368278,V2,SYNTHETIC_DEMO
PP_MORTGAGE_FICO_V2,Mortgage prepayment by FICO,Mortgage,fico_band,Prime,Severe,84,0.07268064860326215,0.0062683773060460135,0.6418799779534442,V2,SYNTHETIC_DEMO
PP_MORTGAGE_FICO_V2,Mortgage prepayment by FICO,Mortgage,fico_band,Prime,Severe,85,0.07309307183848673,0.006305214811234805,0.6378327868094171,V2,SYNTHETIC_DEMO
PP_MORTGAGE_FICO_V2,Mortgage prepayment by FICO,Mortgage,fico_band,Prime,Severe,86,0.07347153506777325,0.006339032242421605,0.6337895442085586,V2,SYNTHETIC_DEMO
PP_MORTGAGE_FICO_V2,Mortgage prepayment by FICO,Mortgage,fico_band,Prime,Severe,87,0.07381341159485849,0.006369591370609329,0.6297525637969853,V2,SYNTHETIC_DEMO
PP_MORTGAGE_FICO_V2,Mortgage prepayment by FICO,Mortgage,fico_band,Prime,Severe,88,0.07411632865080027,0.006396676691018954,0.6257242402510357,V2,SYNTHETIC_DEMO
PP_MORTGAGE_FICO_V2,Mortgage prepayment by FICO,Mortgage,fico_band,Prime,Severe,89,0.07437818386200631,0.006420097014389503,0.6217070299243689,V2,SYNTHETIC_DEMO
PP_MORTGAGE_FICO_V2,Mortgage prepayment by FICO,Mortgage,fico_band,Prime,Severe,90,0.07459715984160373,0.006439686883886631,0.6177034313181448,V2,SYNTHETIC_DEMO
PP_MORTGAGE_FICO_V2,Mortgage prepayment by FICO,Mortgage,fico_band,Prime,Severe,91,0.07477173680287919,0.006455307805219634,0.6137159655366458,V2,SYNTHETIC_DEMO
PP_MORTGAGE_FICO_V2,Mortgage prepayment by FICO,Mortgage,fico_band,Prime,Severe,92,0.07490070310724707,0.006466849279093134,0.6097471568873472,V2,SYNTHETIC_DEMO
PP_MORTGAGE_FICO_V2,Mortgage prepayment by FICO,Mortgage,fico_band,Prime,Severe,93,0.07498316367353822,0.006474229626784678,0.6057995137793794,V2,SYNTHETIC_DEMO
PP_MORTGAGE_FICO_V2,Mortgage prepayment by FICO,Mortgage,fico_band,Prime,Severe,94,0.075018546190245,0.006477396601436536,0.6018755100676729,V2,SYNTHETIC_DEMO
PP_MORTGAGE_FICO_V2,Mortgage prepayment by FICO,Mortgage,fico_band,Prime,Severe,95,0.0750066050876073,0.006476327779539659,0.597977566981997,V2,SYNTHETIC_DEMO
PP_MORTGAGE_FICO_V2,Mortgage prepayment by FICO,Mortgage,fico_band,Prime,Severe,96,0.07494742324197147,0.0064710307290636315,0.5941080357707658,V2,SYNTHETIC_DEMO
PP_MORTGAGE_FICO_V2,Mortgage prepayment by FICO,Mortgage,fico_band,Prime,Severe,97,0.07484141140059318,0.006461542952705068,0.5902691811790857,V2,SYNTHETIC_DEMO
PP_MORTGAGE_FICO_V2,Mortgage prepayment by FICO,Mortgage,fico_band,Prime,Severe,98,0.07468930533087609,0.006447931606770485,0.5864631658692585,V2,SYNTHETIC_DEMO
PP_MORTGAGE_FICO_V2,Mortgage prepayment by FICO,Mortgage,fico_band,Prime,Severe,99,0.07449216071383231,0.006430292998243381,0.5826920358800418,V2,SYNTHETIC_DEMO
PP_MORTGAGE_FICO_V2,Mortgage prepayment by FICO,Mortgage,fico_band,Prime,Severe,100,0.07425134581720583,0.006408751864588114,0.578957707208615,V2,SYNTHETIC_DEMO
PP_MORTGAGE_FICO_V2,Mortgage prepayment by FICO,Mortgage,fico_band,Prime,Severe,101,0.07396853199911058,0.006383460442774047,0.5752619535866096,V2,SYNTHETIC_DEMO
PP_MORTGAGE_FICO_V2,Mortgage prepayment by FICO,Mortgage,fico_band,Prime,Severe,102,0.0736456821080922,0.006354597335854972,0.5716063955089294,V2,SYNTHETIC_DEMO
PP_MORTGAGE_FICO_V2,Mortgage prepayment by FICO,Mortgage,fico_band,Prime,Severe,103,0.07328503686012179,0.006322366187168749,0.5679924905615944,V2,SYNTHETIC_DEMO
PP_MORTGAGE_FICO_V2,Mortgage prepayment by FICO,Mortgage,fico_band,Prime,Severe,104,0.07288909928707109,0.0062869941738192825,0.5644215250826605,V2,SYNTHETIC_DEMO
PP_MORTGAGE_FICO_V2,Mortgage prepayment by FICO,Mortgage,fico_band,Prime,Severe,105,0.0724606173646036,0.006248730332549135,0.5608946071785329,V2,SYNTHETIC_DEMO
PP_MORTGAGE_FICO_V2,Mortgage prepayment by FICO,Mortgage,fico_band,Prime,Severe,106,0.07200256494005115,0.006207843732382368,0.5574126611068326,V2,SYNTHETIC_DEMO
PP_MORTGAGE_FICO_V2,Mortgage prepayment by FICO,Mortgage,fico_band,Prime,Severe,107,0.07151812109264484,0.006164621509516466,0.5539764230264966,V2,SYNTHETIC_DEMO
PP_MORTGAGE_FICO_V2,Mortgage prepayment by FICO,Mortgage,fico_band,Prime,Severe,108,0.07101064806934879,0.006119366780843127,0.550586438106058,V2,SYNTHETIC_DEMO
PP_MORTGAGE_FICO_V2,Mortgage prepayment by FICO,Mortgage,fico_band,Prime,Severe,109,0.07048366794943214,0.006072396453199014,0.5472430589721233,V2,SYNTHETIC_DEMO
PP_MORTGAGE_FICO_V2,Mortgage prepayment by FICO,Mortgage,fico_band,Prime,Severe,110,0.06994083819973625,0.006024038945961596,0.5439464454719681,V2,SYNTHETIC_DEMO
PP_MORTGAGE_FICO_V2,Mortgage prepayment by FICO,Mortgage,fico_band,Prime,Severe,111,0.06938592629029457,0.005974631844946177,0.540696565716906,V2,SYNTHETIC_DEMO
PP_MORTGAGE_FICO_V2,Mortgage prepayment by FICO,Mortgage,fico_band,Prime,Severe,112,0.0688227835464834,0.005924519505703052,0.5374931983666495,V2,SYNTHETIC_DEMO
PP_MORTGAGE_FICO_V2,Mortgage prepayment by FICO,Mortgage,fico_band,Prime,Severe,113,0.06825531841918088,0.005874050624293914,0.5343359361092302,V2,SYNTHETIC_DEMO
PP_MORTGAGE_FICO_V2,Mortgage prepayment by FICO,Mortgage,fico_band,Prime,Severe,114,0.06768746935845046,0.005823575793435398,0.5312241902861419,V2,SYNTHETIC_DEMO
PP_MORTGAGE_FICO_V2,Mortgage prepayment by FICO,Mortgage,fico_band,Prime,Severe,115,0.0671231774790174,0.005773445061566962,0.5281571966081494,V2,SYNTHETIC_DEMO
PP_MORTGAGE_FICO_V2,Mortgage prepayment by FICO,Mortgage,fico_band,Prime,Severe,116,0.06656635920725126,0.005724005511924202,0.5251340219036019,V2,SYNTHETIC_DEMO
PP_MORTGAGE_FICO_V2,Mortgage prepayment by FICO,Mortgage,fico_band,Prime,Severe,117,0.0660208790994961,0.0056755988781146405,0.522153571838026,V2,SYNTHETIC_DEMO
PP_MORTGAGE_FICO_V2,Mortgage prepayment by FICO,Mortgage,fico_band,Prime,Severe,118,0.06549052302040098,0.0056285592120020045,0.5192145995411773,V2,SYNTHETIC_DEMO
PP_MORTGAGE_FICO_V2,Mortgage prepayment by FICO,Mortgage,fico_band,Prime,Severe,119,0.06497897186740414,0.005583210618926415,0.5163157150755174,V2,SYNTHETIC_DEMO
PP_MORTGAGE_FICO_V2,Mortgage prepayment by FICO,Mortgage,fico_band,Prime,Severe,120,0.0644897760237345,0.005539865074451145,0.5134553956781803,V2,SYNTHETIC_DEMO
PP_MORTGAGE_FICO_V2,Mortgage prepayment by FICO,Mortgage,fico_band,Near Prime,Severe,1,0.00336892148966826,0.00028117788569503865,0.999718822114305,V2,SYNTHETIC_DEMO
PP_MORTGAGE_FICO_V2,Mortgage prepayment by FICO,Mortgage,fico_band,Near Prime,Severe,2,0.0067930777046686895,0.0005678600133712797,0.9991511217706116,V2,SYNTHETIC_DEMO
PP_MORTGAGE_FICO_V2,Mortgage prepayment by FICO,Mortgage,fico_band,Near Prime,Severe,3,0.010271314568492786,0.0008599990331065177,0.9982918527719616,V2,SYNTHETIC_DEMO
PP_MORTGAGE_FICO_V2,Mortgage prepayment by FICO,Mortgage,fico_band,Near Prime,Severe,4,0.013801721979229348,0.001157483870567022,0.9971363460542596,V2,SYNTHETIC_DEMO
PP_MORTGAGE_FICO_V2,Mortgage prepayment by FICO,Mortgage,fico_band,Near Prime,Severe,5,0.017381653718126836,0.0014601403114727907,0.9956803870793511,V2,SYNTHETIC_DEMO
PP_MORTGAGE_FICO_V2,Mortgage prepayment by FICO,Mortgage,fico_band,Near Prime,Severe,6,0.021007755063055224,0.001767732208968975,0.9939202907892722,V2,SYNTHETIC_DEMO
PP_MORTGAGE_FICO_V2,Mortgage prepayment by FICO,Mortgage,fico_band,Near Prime,Severe,7,0.024675997851036094,0.002079963313027844,0.9918529730483566,V2,SYNTHETIC_DEMO
PP_MORTGAGE_FICO_V2,Mortgage prepayment by FICO,Mortgage,fico_band,Near Prime,Severe,8,0.028381722664738398,0.0023964797170350494,0.9894760175161653,V2,SYNTHETIC_DEMO
PP_MORTGAGE_FICO_V2,Mortgage prepayment by FICO,Mortgage,fico_band,Near Prime,Severe,9,0.032119687751390166,0.002716872912482793,0.9867877369266242,V2,SYNTHETIC_DEMO
PP_MORTGAGE_FICO_V2,Mortgage prepayment by FICO,Mortgage,fico_band,Near Prime,Severe,10,0.035884124219511655,0.003040683438186753,0.9837872277979457,V2,SYNTHETIC_DEMO
PP_MORTGAGE_FICO_V2,Mortgage prepayment by FICO,Mortgage,fico_band,Near Prime,Severe,11,0.03966879699978503,0.003367405105634824,0.9804744176642005,V2,SYNTHETIC_DEMO
PP_MORTGAGE_FICO_V2,Mortgage prepayment by FICO,Mortgage,fico_band,Near Prime,Severe,12,0.043467071001756466,0.0036964897769503624,0.9768501040027434,V2,SYNTHETIC_DEMO
PP_MORTGAGE_FICO_V2,Mortgage prepayment by FICO,Mortgage,fico_band,Near Prime,Severe,13,0.04727198184839931,0.004027352666522099,0.9729159841315955,V2,SYNTHETIC_DEMO
PP_MORTGAGE_FICO_V2,Mortgage prepayment by FICO,Mortgage,fico_band,Near Prime,Severe,14,0.05107631052629162,0.004359378131653657,0.9686746754664359,V2,SYNTHETIC_DEMO
PP_MORTGAGE_FICO_V2,Mortgage prepayment by FICO,Mortgage,fico_band,Near Prime,Severe,15,0.054872661250670425,0.00469192591164691,0.9641297256566588,V2,SYNTHETIC_DEMO
PP_MORTGAGE_FICO_V2,Mortgage prepayment by FICO,Mortgage,fico_band,Near Prime,Severe,16,0.05865354181226576,0.005024337768651632,0.9592856122621622,V2,SYNTHETIC_DEMO
PP_MORTGAGE_FICO_V2,Mortgage prepayment by FICO,Mortgage,fico_band,Near Prime,Severe,17,0.06241144564688345,0.005355944477457131,0.9541477317848627,V2,SYNTHETIC_DEMO
PP_MORTGAGE_FICO_V2,Mortgage prepayment by FICO,Mortgage,fico_band,Near Prime,Severe,18,0.0661389348494368,0.005686073105301337,0.9487223780286765,V2,SYNTHETIC_DEMO
PP_MORTGAGE_FICO_V2,Mortgage prepayment by FICO,Mortgage,fico_band,Near Prime,Severe,19,0.06615352737635594,0.005687367878260963,0.9433266448504889,V2,SYNTHETIC_DEMO
PP_MORTGAGE_FICO_V2,Mortgage prepayment by FICO,Mortgage,fico_band,Near Prime,Severe,20,0.06612638345791913,0.0056849594540514525,0.9379638711225875,V2,SYNTHETIC_DEMO
PP_MORTGAGE_FICO_V2,Mortgage prepayment by FICO,Mortgage,fico_band,Near Prime,Severe,21,0.06605769148449987,0.0056788648428020005,0.9326373010710509,V2,SYNTHETIC_DEMO
PP_MORTGAGE_FICO_V2,Mortgage prepayment by FICO,Mortgage,fico_band,Near Prime,Severe,22,0.06594792820769761,0.005669127083266279,0.9273500616886846,V2,SYNTHETIC_DEMO
PP_MORTGAGE_FICO_V2,Mortgage prepayment by FICO,Mortgage,fico_band,Near Prime,Severe,23,0.06579785543147826,0.005655814923310798,0.9221051413706526,V2,SYNTHETIC_DEMO
PP_MORTGAGE_FICO_V2,Mortgage prepayment by FICO,Mortgage,fico_band,Near Prime,Severe,24,0.06560851472492965,0.005639022310054309,0.9169053699062477,V2,SYNTHETIC_DEMO
PP_MORTGAGE_FICO_V2,Mortgage prepayment by FICO,Mortgage,fico_band,Near Prime,Severe,25,0.06538122019332779,0.005618867694131446,0.9117533999447058,V2,SYNTHETIC_DEMO
PP_MORTGAGE_FICO_V2,Mortgage prepayment by FICO,Mortgage,fico_band,Near Prime,Severe,26,0.06511754935768553,0.005595493154160636,0.9066516900370325,V2,SYNTHETIC_DEMO
PP_MORTGAGE_FICO_V2,Mortgage prepayment by FICO,Mortgage,fico_band,Near Prime,Severe,27,0.06481933220608396,0.005569063349015302,0.9016024893397245,V2,SYNTHETIC_DEMO
PP_MORTGAGE_FICO_V2,Mortgage prepayment by FICO,Mortgage,fico_band,Near Prime,Severe,28,0.0644886384927743,0.005539764306929373,0.8966078240502416,V2,SYNTHETIC_DEMO
PP_MORTGAGE_FICO_V2,Mortgage prepayment by FICO,Mortgage,fico_band,Near Prime,Severe,29,0.06412776337320045,0.005507802061772704,0.8916694856283361,V2,SYNTHETIC_DEMO
PP_MORTGAGE_FICO_V2,Mortgage prepayment by FICO,Mortgage,fico_band,Near Prime,Severe,30,0.0637392114746412,0.005473401148019974,0.8867890208420436,V2,SYNTHETIC_DEMO
PP_MORTGAGE_FICO_V2,Mortgage prepayment by FICO,Mortgage,fico_band,Near Prime,Severe,31,0.06332567951302835,0.005436802966978238,0.8819677236624458,V2,SYNTHETIC_DEMO
PP_MORTGAGE_FICO_V2,Mortgage prepayment by FICO,Mortgage,fico_band,Near Prime,Severe,32,0.06289003757658777,0.005398264037732248,0.8772066290173582,V2,SYNTHETIC_DEMO
PP_MORTGAGE_FICO_V2,Mortgage prepayment by FICO,Mortgage,fico_band,Near Prime,Severe,33,0.06243530920620274,0.005358054147009961,0.8725065084009671,V2,SYNTHETIC_DEMO
PP_MORTGAGE_FICO_V2,Mortgage prepayment by FICO,Mortgage,fico_band,Near Prime,Severe,34,0.0619646504107503,0.0053164544127506375,0.8678678673242252,V2,SYNTHETIC_DEMO
PP_MORTGAGE_FICO_V2,Mortgage prepayment by FICO,Mortgage,fico_band,Near Prime,Severe,35,0.06148132776305343,0.0052737552765886875,0.8632909445795423,V2,SYNTHETIC_DEMO
PP_MORTGAGE_FICO_V2,Mortgage prepayment by FICO,Mortgage,fico_band,Near Prime,Severe,36,0.06098869572847205,0.005230254440734994,0.8587757132830088,V2,SYNTHETIC_DEMO
PP_MORTGAGE_FICO_V2,Mortgage prepayment by FICO,Mortgage,fico_band,Near Prime,Severe,37,0.06049017338348242,0.005186254764864229,0.8543218836480452,V2,SYNTHETIC_DEMO
PP_MORTGAGE_FICO_V2,Mortgage prepayment by FICO,Mortgage,fico_band,Near Prime,Severe,38,0.05998922068582786,0.005142062138590808,0.8499289074359689,V2,SYNTHETIC_DEMO
PP_MORTGAGE_FICO_V2,Mortgage prepayment by FICO,Mortgage,fico_band,Near Prime,Severe,39,0.059489314460935944,0.005097983344970691,0.8455959840214512,V2,SYNTHETIC_DEMO
PP_MORTGAGE_FICO_V2,Mortgage prepayment by FICO,Mortgage,fico_band,Near Prime,Severe,40,0.058993924271266845,0.005054323930182569,0.8413220680041453,V2,SYNTHETIC_DEMO
PP_MORTGAGE_FICO_V2,Mortgage prepayment by FICO,Mortgage,fico_band,Near Prime,Severe,41,0.05850648833606978,0.005011386094160408,0.837105878291839,V2,SYNTHETIC_DEMO
PP_MORTGAGE_FICO_V2,Mortgage prepayment by FICO,Mortgage,fico_band,Near Prime,Severe,42,0.05803038966867464,0.004969466616457807,0.8329459085752271,V2,SYNTHETIC_DEMO
PP_MORTGAGE_FICO_V2,Mortgage prepayment by FICO,Mortgage,fico_band,Near Prime,Severe,43,0.0575689325969363,0.004928854831053542,0.8288404391097398,V2,SYNTHETIC_DEMO
PP_MORTGAGE_FICO_V2,Mortgage prepayment by FICO,Mortgage,fico_band,Near Prime,Severe,44,0.0571253198297897,0.004889830663162509,0.8247875497157119,V2,SYNTHETIC_DEMO
PP_MORTGAGE_FICO_V2,Mortgage prepayment by FICO,Mortgage,fico_band,Near Prime,Severe,45,0.05670263022908355,0.004852662740403413,0.8207851339044578,V2,SYNTHETIC_DEMO
PP_MORTGAGE_FICO_V2,Mortgage prepayment by FICO,Mortgage,fico_band,Near Prime,Severe,46,0.05630379744096566,0.004817606589924361,0.8168309140344477,V2,SYNTHETIC_DEMO
PP_MORTGAGE_FICO_V2,Mortgage prepayment by FICO,Mortgage,fico_band,Near Prime,Severe,47,0.05593158953512718,0.004784902932287061,0.8129224573987016,V2,SYNTHETIC_DEMO
PP_MORTGAGE_FICO_V2,Mortgage prepayment by FICO,Mortgage,fico_band,Near Prime,Severe,48,0.055588589793218124,0.0047547760820925156,0.8090571931416664,V2,SYNTHETIC_DEMO
PP_MORTGAGE_FICO_V2,Mortgage prepayment by FICO,Mortgage,fico_band,Near Prime,Severe,49,0.05527717877977063,0.004727432464489589,0.8052324299011796,V2,SYNTHETIC_DEMO
PP_MORTGAGE_FICO_V2,Mortgage prepayment by FICO,Mortgage,fico_band,Near Prime,Severe,50,0.054999517820065624,0.004703059255857012,0.8014453740686166,V2,SYNTHETIC_DEMO
PP_MORTGAGE_FICO_V2,Mortgage prepayment by FICO,Mortgage,fico_band,Near Prime,Severe,51,0.0547575339996133,0.004681823156096998,0.7976931485579554,V2,SYNTHETIC_DEMO
PP_MORTGAGE_FICO_V2,Mortgage prepayment by FICO,Mortgage,fico_band,Near Prime,Severe,52,0.054552906789357654,0.0046638692991241015,0.7939728119722743,V2,SYNTHETIC_DEMO
PP_MORTGAGE_FICO_V2,Mortgage prepayment by FICO,Mortgage,fico_band,Near Prime,Severe,53,0.05438705638943155,0.0046493203072869305,0.7902813780541379,V2,SYNTHETIC_DEMO
PP_MORTGAGE_FICO_V2,Mortgage prepayment by FICO,Mortgage,fico_band,Near Prime,Severe,54,0.054261133872362116,0.004638275494621924,0.7866158353044533,V2,SYNTHETIC_DEMO
PP_MORTGAGE_FICO_V2,Mortgage prepayment by FICO,Mortgage,fico_band,Near Prime,Severe,55,0.05417601319413619,0.004630810223006265,0.7829731666527469,V2,SYNTHETIC_DEMO
PP_MORTGAGE_FICO_V2,Mortgage prepayment by FICO,Mortgage,fico_band,Near Prime,Severe,56,0.054132285128573064,0.004626975414458667,0.7793503690604637,V2,SYNTHETIC_DEMO
PP_MORTGAGE_FICO_V2,Mortgage prepayment by FICO,Mortgage,fico_band,Near Prime,Severe,57,0.054130253167102085,0.004626797222024748,0.7757444729379108,V2,SYNTHETIC_DEMO
PP_MORTGAGE_FICO_V2,Mortgage prepayment by FICO,Mortgage,fico_band,Near Prime,Severe,58,0.054169931412402686,0.00463027686087969,0.772152561254911,V2,SYNTHETIC_DEMO
PP_MORTGAGE_FICO_V2,Mortgage prepayment by FICO,Mortgage,fico_band,Near Prime,Severe,59,0.0542510444805258,0.004637390600483182,0.7685717882252086,V2,SYNTHETIC_DEMO
PP_MORTGAGE_FICO_V2,Mortgage prepayment by FICO,Mortgage,fico_band,Near Prime,Severe,60,0.05437302941217589,0.00464808991782395,0.764999397445235,V2,SYNTHETIC_DEMO
PP_MORTGAGE_FICO_V2,Mortgage prepayment by FICO,Mortgage,fico_band,Near Prime,Severe,61,0.054535039579888686,0.004662301810998581,0.7614327393691133,V2,SYNTHETIC_DEMO
PP_MORTGAGE_FICO_V2,Mortgage prepayment by FICO,Mortgage,fico_band,Near Prime,Severe,62,0.0547359505639869,0.004679929271569128,0.7578692880038087,V2,SYNTHETIC_DEMO
PP_MORTGAGE_FICO_V2,Mortgage prepayment by FICO,Mortgage,fico_band,Near Prime,Severe,63,0.05497436795653249,0.004700851913340687,0.7543066567112339,V2,SYNTHETIC_DEMO
PP_MORTGAGE_FICO_V2,Mortgage prepayment by FICO,Mortgage,fico_band,Near Prime,Severe,64,0.055248637039112584,0.004724926754390846,0.7507426130079239,V2,SYNTHETIC_DEMO
PP_MORTGAGE_FICO_V2,Mortgage prepayment by FICO,Mortgage,fico_band,Near Prime,Severe,65,0.0555568542672912,0.004751989148362945,0.7471750922576966,V2,SYNTHETIC_DEMO
PP_MORTGAGE_FICO_V2,Mortgage prepayment by FICO,Mortgage,fico_band,Near Prime,Severe,66,0.05589688048201967,0.004781853860206131,0.7436022101585343,V2,SYNTHETIC_DEMO
PP_MORTGAGE_FICO_V2,Mortgage prepayment by FICO,Mortgage,fico_band,Near Prime,Severe,67,0.05626635575631295,0.004814316280705611,0.7400222739317994,V2,SYNTHETIC_DEMO
PP_MORTGAGE_FICO_V2,Mortgage prepayment by FICO,Mortgage,fico_band,Near Prime,Severe,68,0.05666271577414973,0.004849153773303638,0.7364337921298343,V2,SYNTHETIC_DEMO
PP_MORTGAGE_FICO_V2,Mortgage prepayment by FICO,Mortgage,fico_band,Near Prime,Severe,69,0.05708320962791947,0.004886127145854902,0.7328354829869839,V2,SYNTHETIC_DEMO
PP_MORTGAGE_FICO_V2,Mortgage prepayment by FICO,Mortgage,fico_band,Near Prime,Severe,70,0.05752491891089479,0.004924982239108866,0.7292262812490842,V2,SYNTHETIC_DEMO
PP_MORTGAGE_FICO_V2,Mortgage prepayment by FICO,Mortgage,fico_band,Near Prime,Severe,71,0.05798477797221918,0.004965451622861328,0.7256053434274228,V2,SYNTHETIC_DEMO
PP_MORTGAGE_FICO_V2,Mortgage prepayment by FICO,Mortgage,fico_band,Near Prime,Severe,72,0.05845959519383167,0.005007256389872539,0.7219720514350202,V2,SYNTHETIC_DEMO
PP_MORTGAGE_FICO_V2,Mortgage prepayment by FICO,Mortgage,fico_band,Near Prime,Severe,73,0.05894607514165777,0.0050501080368292595,0.7183260145757021,V2,SYNTHETIC_DEMO
PP_MORTGAGE_FICO_V2,Mortgage prepayment by FICO,Mortgage,fico_band,Near Prime,Severe,74,0.05944084143732779,0.005093710420827291,0.7146670698697065,V2,SYNTHETIC_DEMO
PP_MORTGAGE_FICO_V2,Mortgage prepayment by FICO,Mortgage,fico_band,Near Prime,Severe,75,0.059940460191683004,0.0051377617790940855,0.7109952807133528,V2,SYNTHETIC_DEMO
PP_MORTGAGE_FICO_V2,Mortgage prepayment by FICO,Mortgage,fico_band,Near Prime,Severe,76,0.060441463837431396,0.005181956798951726,0.7073109338844377,V2,SYNTHETIC_DEMO
PP_MORTGAGE_FICO_V2,Mortgage prepayment by FICO,Mortgage,fico_band,Near Prime,Severe,77,0.060940375195543885,0.00522598872437563,0.70361453491933,V2,SYNTHETIC_DEMO
PP_MORTGAGE_FICO_V2,Mortgage prepayment by FICO,Mortgage,fico_band,Near Prime,Severe,78,0.06143373160836014,0.005269551484914259,0.6999068019020386,V2,SYNTHETIC_DEMO
PP_MORTGAGE_FICO_V2,Mortgage prepayment by FICO,Mortgage,fico_band,Near Prime,Severe,79,0.0619181089719099,0.005312341832247269,0.69618865771962,V2,SYNTHETIC_DEMO
PP_MORTGAGE_FICO_V2,Mortgage prepayment by FICO,Mortgage,fico_band,Near Prime,Severe,80,0.06239014550065533,0.005354061469257099,0.6924612208519896,V2,SYNTHETIC_DEMO
PP_MORTGAGE_FICO_V2,Mortgage prepayment by FICO,Mortgage,fico_band,Near Prime,Severe,81,0.06284656505971664,0.00539441915620098,0.6887257947772993,V2,SYNTHETIC_DEMO
PP_MORTGAGE_FICO_V2,Mortgage prepayment by FICO,Mortgage,fico_band,Near Prime,Severe,82,0.0632841999026459,0.0054331327784088446,0.6849838560863591,V2,SYNTHETIC_DEMO
PP_MORTGAGE_FICO_V2,Mortgage prepayment by FICO,Mortgage,fico_band,Near Prime,Severe,83,0.06370001265693864,0.005469931359895042,0.6812370414109306,V2,SYNTHETIC_DEMO
PP_MORTGAGE_FICO_V2,Mortgage prepayment by FICO,Mortgage,fico_band,Near Prime,Severe,84,0.06409111740469481,0.005504557007382727,0.6774871332809433,V2,SYNTHETIC_DEMO
PP_MORTGAGE_FICO_V2,Mortgage prepayment by FICO,Mortgage,fico_band,Near Prime,Severe,85,0.06445479971212012,0.005536766769495882,0.6737360450346324,V2,SYNTHETIC_DEMO
PP_MORTGAGE_FICO_V2,Mortgage prepayment by FICO,Mortgage,fico_band,Near Prime,Severe,86,0.0647885354688546,0.005566334396287176,0.6699858049131376,V2,SYNTHETIC_DEMO
PP_MORTGAGE_FICO_V2,Mortgage prepayment by FICO,Mortgage,fico_band,Near Prime,Severe,87,0.06509000840637522,0.0055930519848356175,0.6662385394771565,V2,SYNTHETIC_DEMO
PP_MORTGAGE_FICO_V2,Mortgage prepayment by FICO,Mortgage,fico_band,Near Prime,Severe,88,0.06535712617388752,0.005616731497376848,0.6624964564877088,V2,SYNTHETIC_DEMO
PP_MORTGAGE_FICO_V2,Mortgage prepayment by FICO,Mortgage,fico_band,Near Prime,Severe,89,0.06558803486013284,0.005637206139304629,0.6587618273959287,V2,SYNTHETIC_DEMO
PP_MORTGAGE_FICO_V2,Mortgage prepayment by FICO,Mortgage,fico_band,Near Prime,Severe,90,0.06578113186032329,0.005654331585417283,0.6550369695880167,V2,SYNTHETIC_DEMO
PP_MORTGAGE_FICO_V2,Mortgage prepayment by FICO,Mortgage,fico_band,Near Prime,Severe,91,0.06593507699890255,0.005667987043945,0.6513242285310868,V2,SYNTHETIC_DEMO
PP_MORTGAGE_FICO_V2,Mortgage prepayment by FICO,Mortgage,fico_band,Near Prime,Severe,92,0.06604880183093606,0.005678076149201794,0.6476259599636672,V2,SYNTHETIC_DEMO
PP_MORTGAGE_FICO_V2,Mortgage prepayment by FICO,Mortgage,fico_band,Near Prime,Severe,93,0.0661215170575746,0.005684527675113515,0.6439445122711318,V2,SYNTHETIC_DEMO
PP_MORTGAGE_FICO_V2,Mortgage prepayment by FICO,Mortgage,fico_band,Near Prime,Severe,94,0.06615271800412514,0.005687296063394687,0.6402822091814476,V2,SYNTHETIC_DEMO
PP_MORTGAGE_FICO_V2,Mortgage prepayment by FICO,Mortgage,fico_band,Near Prime,Severe,95,0.06614218812270826,0.005686361761737868,0.6366413329104372,V2,SYNTHETIC_DEMO
PP_MORTGAGE_FICO_V2,Mortgage prepayment by FICO,Mortgage,fico_band,Near Prime,Severe,96,0.06609000049519302,0.005681731369038823,0.6330241078784133,V2,SYNTHETIC_DEMO
PP_MORTGAGE_FICO_V2,Mortgage prepayment by FICO,Mortgage,fico_band,Near Prime,Severe,97,0.06599651732597761,0.005673437586378061,0.6294326851116925,V2,SYNTHETIC_DEMO
PP_MORTGAGE_FICO_V2,Mortgage prepayment by FICO,Mortgage,fico_band,Near Prime,Severe,98,0.06586238742813619,0.00566153897418864,0.6258691274333045,V2,SYNTHETIC_DEMO
PP_MORTGAGE_FICO_V2,Mortgage prepayment by FICO,Mortgage,fico_band,Near Prime,Severe,99,0.0656885417203794,0.0056461195177526236,0.6223353955373445,V2,SYNTHETIC_DEMO
PP_MORTGAGE_FICO_V2,Mortgage prepayment by FICO,Mortgage,fico_band,Near Prime,Severe,100,0.06547618676608151,0.005627288004844577,0.618833335031047,V2,SYNTHETIC_DEMO
PP_MORTGAGE_FICO_V2,Mortgage prepayment by FICO,Mortgage,fico_band,Near Prime,Severe,101,0.06522679639921569,0.005605177220970425,0.6153646645179538,V2,SYNTHETIC_DEMO
PP_MORTGAGE_FICO_V2,Mortgage prepayment by FICO,Mortgage,fico_band,Near Prime,Severe,102,0.06494210149531766,0.005579942969207163,0.6119309647846783,V2,SYNTHETIC_DEMO
PP_MORTGAGE_FICO_V2,Mortgage prepayment by FICO,Mortgage,fico_band,Near Prime,Severe,103,0.06462407795847104,0.005551762923116654,0.6085336691428798,V2,SYNTHETIC_DEMO
PP_MORTGAGE_FICO_V2,Mortgage prepayment by FICO,Mortgage,fico_band,Near Prime,Severe,104,0.06427493300768997,0.005520835322563755,0.6051740549673065,V2,SYNTHETIC_DEMO
PP_MORTGAGE_FICO_V2,Mortgage prepayment by FICO,Mortgage,fico_band,Near Prime,Severe,105,0.06389708985787772,0.005487377523506365,0.6018532364602697,V2,SYNTHETIC_DEMO
PP_MORTGAGE_FICO_V2,Mortgage prepayment by FICO,Mortgage,fico_band,Near Prime,Severe,106,0.06349317090168148,0.005451624413925105,0.598572158662783,V2,SYNTHETIC_DEMO
PP_MORTGAGE_FICO_V2,Mortgage prepayment by FICO,Mortgage,fico_band,Near Prime,Severe,107,0.06306597950896863,0.005413826709012248,0.5953315927229433,V2,SYNTHETIC_DEMO
PP_MORTGAGE_FICO_V2,Mortgage prepayment by FICO,Mortgage,fico_band,Near Prime,Severe,108,0.06261848057024393,0.005374249139547871,0.5921321324230064,V2,SYNTHETIC_DEMO
PP_MORTGAGE_FICO_V2,Mortgage prepayment by FICO,Mortgage,fico_band,Near Prime,Severe,109,0.06215377991904471,0.005333168548030898,0.5889741919580896,V2,SYNTHETIC_DEMO
PP_MORTGAGE_FICO_V2,Mortgage prepayment by FICO,Mortgage,fico_band,Near Prime,Severe,110,0.06167510277613106,0.005290871907627115,0.5858580049515412,V2,SYNTHETIC_DEMO
PP_MORTGAGE_FICO_V2,Mortgage prepayment by FICO,Mortgage,fico_band,Near Prime,Severe,111,0.06118577136507794,0.005247654279326719,0.5827836246847794,V2,SYNTHETIC_DEMO
PP_MORTGAGE_FICO_V2,Mortgage prepayment by FICO,Mortgage,fico_band,Near Prime,Severe,112,0.06068918185462627,0.0052038167228856125,0.5797509255128208,V2,SYNTHETIC_DEMO
PP_MORTGAGE_FICO_V2,Mortgage prepayment by FICO,Mortgage,fico_band,Near Prime,Severe,113,0.060188780787823144,0.005159664177162848,0.5767596054307753,V2,SYNTHETIC_DEMO
PP_MORTGAGE_FICO_V2,Mortgage prepayment by FICO,Mortgage,fico_band,Near Prime,Severe,114,0.05968804116154268,0.005115503325361037,0.5738091897512603,V2,SYNTHETIC_DEMO
PP_MORTGAGE_FICO_V2,Mortgage prepayment by FICO,Mortgage,fico_band,Near Prime,Severe,115,0.05919043832240626,0.005071640460454052,0.5708990358479374,V2,SYNTHETIC_DEMO
PP_MORTGAGE_FICO_V2,Mortgage prepayment by FICO,Mortgage,fico_band,Near Prime,Severe,116,0.058699425846394294,0.00502837936573497,0.5680283389161617,V2,SYNTHETIC_DEMO
PP_MORTGAGE_FICO_V2,Mortgage prepayment by FICO,Mortgage,fico_band,Near Prime,Severe,117,0.05821841156955566,0.004986019224974103,0.5651961386979956,V2,SYNTHETIC_DEMO
PP_MORTGAGE_FICO_V2,Mortgage prepayment by FICO,Mortgage,fico_band,Near Prime,Severe,118,0.05775073393617177,0.004944852576132308,0.5624013271155347,V2,SYNTHETIC_DEMO
PP_MORTGAGE_FICO_V2,Mortgage prepayment by FICO,Mortgage,fico_band,Near Prime,Severe,119,0.05729963882852911,0.00490516332195845,0.5596426567535469,V2,SYNTHETIC_DEMO
PP_MORTGAGE_FICO_V2,Mortgage prepayment by FICO,Mortgage,fico_band,Near Prime,Severe,120,0.05686825703911134,0.004867224810114146,0.5569187501297977,V2,SYNTHETIC_DEMO
PP_MORTGAGE_FICO_V2,Mortgage prepayment by FICO,Mortgage,fico_band,Subprime,Severe,1,0.002917416547753957,0.00024344373797846597,0.9997565562620215,V2,SYNTHETIC_DEMO
PP_MORTGAGE_FICO_V2,Mortgage prepayment by FICO,Mortgage,fico_band,Subprime,Severe,2,0.005882665228785257,0.0004915488388240741,0.9992651270876842,V2,SYNTHETIC_DEMO
PP_MORTGAGE_FICO_V2,Mortgage prepayment by FICO,Mortgage,fico_band,Subprime,Severe,3,0.008894746636632929,0.0007442679821970666,0.9985214060478668,V2,SYNTHETIC_DEMO
PP_MORTGAGE_FICO_V2,Mortgage prepayment by FICO,Mortgage,fico_band,Subprime,Severe,4,0.011952006662425414,0.0010014986785666924,0.9975213881791892,V2,SYNTHETIC_DEMO
PP_MORTGAGE_FICO_V2,Mortgage prepayment by FICO,Mortgage,fico_band,Subprime,Severe,5,0.015052153735285094,0.0012630839010628891,0.9962614349728142,V2,SYNTHETIC_DEMO
PP_MORTGAGE_FICO_V2,Mortgage prepayment by FICO,Mortgage,fico_band,Subprime,Severe,6,0.018192282735016895,0.0015288132614068584,0.9947383372791995,V2,SYNTHETIC_DEMO
PP_MORTGAGE_FICO_V2,Mortgage prepayment by FICO,Mortgage,fico_band,Subprime,Severe,7,0.02136890535553641,0.0017984247269441367,0.9929493752565972,V2,SYNTHETIC_DEMO
PP_MORTGAGE_FICO_V2,Mortgage prepayment by FICO,Mortgage,fico_band,Subprime,Severe,8,0.024577986637505416,0.0020716068720714187,0.9908923745071966,V2,SYNTHETIC_DEMO
PP_MORTGAGE_FICO_V2,Mortgage prepayment by FICO,Mortgage,fico_band,Subprime,Severe,9,0.02781498733110076,0.0023480016534506154,0.9885657575734621,V2,SYNTHETIC_DEMO
PP_MORTGAGE_FICO_V2,Mortgage prepayment by FICO,Mortgage,fico_band,Subprime,Severe,10,0.031074911695247207,0.00262720769431124,0.9859685900088325,V2,SYNTHETIC_DEMO
PP_MORTGAGE_FICO_V2,Mortgage prepayment by FICO,Mortgage,fico_band,Subprime,Severe,11,0.03435236028847363,0.0029087840588560843,0.983100620291682,V2,SYNTHETIC_DEMO
PP_MORTGAGE_FICO_V2,Mortgage prepayment by FICO,Mortgage,fico_band,Subprime,Severe,12,0.037641587259253026,0.003192254493300628,0.9799623129191892,V2,SYNTHETIC_DEMO
PP_MORTGAGE_FICO_V2,Mortgage prepayment by FICO,Mortgage,fico_band,Subprime,Severe,13,0.04093656160067569,0.0034771121054163467,0.9765548740980861,V2,SYNTHETIC_DEMO
PP_MORTGAGE_FICO_V2,Mortgage prepayment by FICO,Mortgage,fico_band,Subprime,Severe,14,0.044231031795963875,0.0037628244496398233,0.9728802695414148,V2,SYNTHETIC_DEMO
PP_MORTGAGE_FICO_V2,Mortgage prepayment by FICO,Mortgage,fico_band,Subprime,Severe,15,0.047518593248003255,0.004048838979898273,0.9689412339833215,V2,SYNTHETIC_DEMO
PP_MORTGAGE_FICO_V2,Mortgage prepayment by FICO,Mortgage,fico_band,Subprime,Severe,16,0.050792757858044574,0.004334588827355601,0.9647412721361333,V2,SYNTHETIC_DEMO
PP_MORTGAGE_FICO_V2,Mortgage prepayment by FICO,Mortgage,fico_band,Subprime,Severe,17,0.054047025096270206,0.00461949885537194,0.9602846509337704,V2,SYNTHETIC_DEMO
PP_MORTGAGE_FICO_V2,Mortgage prepayment by FICO,Mortgage,fico_band,Subprime,Severe,18,0.057274953890233925,0.004902991939190082,0.9555763830309141,V2,SYNTHETIC_DEMO
PP_MORTGAGE_FICO_V2,Mortgage prepayment by FICO,Mortgage,fico_band,Subprime,Severe,19,0.05728759071766906,0.004904103516957914,0.9508901375301703,V2,SYNTHETIC_DEMO
PP_MORTGAGE_FICO_V2,Mortgage prepayment by FICO,Mortgage,fico_band,Subprime,Severe,20,0.0572640846439712,0.00490203585472293,0.946228839982095,V2,SYNTHETIC_DEMO
PP_MORTGAGE_FICO_V2,Mortgage prepayment by FICO,Mortgage,fico_band,Subprime,Severe,21,0.05720459881131948,0.0048968035199346005,0.941595343267807,V2,SYNTHETIC_DEMO
PP_MORTGAGE_FICO_V2,Mortgage prepayment by FICO,Mortgage,fico_band,Subprime,Severe,22,0.05710954607676906,0.00488844337189831,0.9369924077529992,V2,SYNTHETIC_DEMO
PP_MORTGAGE_FICO_V2,Mortgage prepayment by FICO,Mortgage,fico_band,Subprime,Severe,23,0.056979586146847144,0.004877014290666004,0.9324226823901423,V2,SYNTHETIC_DEMO
PP_MORTGAGE_FICO_V2,Mortgage prepayment by FICO,Mortgage,fico_band,Subprime,Severe,24,0.056815620998908155,0.004862596744333203,0.9278886868904095,V2,SYNTHETIC_DEMO
PP_MORTGAGE_FICO_V2,Mortgage prepayment by FICO,Mortgage,fico_band,Subprime,Severe,25,0.05661878862102612,0.00484529219842933,0.9233927950748085,V2,SYNTHETIC_DEMO
PP_MORTGAGE_FICO_V2,Mortgage prepayment by FICO,Mortgage,fico_band,Subprime,Severe,26,0.05639045511387201,0.004825222372416116,0.9189372195014858,V2,SYNTHETIC_DEMO
PP_MORTGAGE_FICO_V2,Mortgage prepayment by FICO,Mortgage,fico_band,Subprime,Severe,27,0.0561322052093923,0.0048025283495689575,0.9145239974533558,V2,SYNTHETIC_DEMO
PP_MORTGAGE_FICO_V2,Mortgage prepayment by FICO,Mortgage,fico_band,Subprime,Severe,28,0.0558458312720932,0.0047773695477085765,0.9101549783572734,V2,SYNTHETIC_DEMO
PP_MORTGAGE_FICO_V2,Mortgage prepayment by FICO,Mortgage,fico_band,Subprime,Severe,29,0.05553332085926637,0.0047499225593411465,0.9058318126930776,V2,SYNTHETIC_DEMO
PP_MORTGAGE_FICO_V2,Mortgage prepayment by FICO,Mortgage,fico_band,Subprime,Severe,30,0.05519684292649342,0.004720379870769342,0.9015559424381386,V2,SYNTHETIC_DEMO
PP_MORTGAGE_FICO_V2,Mortgage prepayment by FICO,Mortgage,fico_band,Subprime,Severe,31,0.05483873277416888,0.0046889484706174045,0.8973285930806673,V2,SYNTHETIC_DEMO
PP_MORTGAGE_FICO_V2,Mortgage prepayment by FICO,Mortgage,fico_band,Subprime,Severe,32,0.05446147583951931,0.004655848358989911,0.8931507672230979,V2,SYNTHETIC_DEMO
PP_MORTGAGE_FICO_V2,Mortgage prepayment by FICO,Mortgage,fico_band,Subprime,Severe,33,0.05406769044660856,0.004621310969124437,0.889023239785448,V2,SYNTHETIC_DEMO
PP_MORTGAGE_FICO_V2,Mortgage prepayment by FICO,Mortgage,fico_band,Subprime,Severe,34,0.0536601096340518,0.00458557751392874,0.8849465548077278,V2,SYNTHETIC_DEMO
PP_MORTGAGE_FICO_V2,Mortgage prepayment by FICO,Mortgage,fico_band,Subprime,Severe,35,0.05324156218656173,0.004548897270182595,0.8809210238403054,V2,SYNTHETIC_DEMO
PP_MORTGAGE_FICO_V2,Mortgage prepayment by FICO,Mortgage,fico_band,Subprime,Severe,36,0.0528149530019758,0.004511525813459927,0.8769467259016303,V2,SYNTHETIC_DEMO
PP_MORTGAGE_FICO_V2,Mortgage prepayment by FICO,Mortgage,fico_band,Subprime,Severe,37,0.05238324293002602,0.0044737232169773655,0.8730235089739118,V2,SYNTHETIC_DEMO
PP_MORTGAGE_FICO_V2,Mortgage prepayment by FICO,Mortgage,fico_band,Subprime,Severe,38,0.05194942822277877,0.004435752227604062,0.86915099299923,V2,SYNTHETIC_DEMO
PP_MORTGAGE_FICO_V2,Mortgage prepayment by FICO,Mortgage,fico_band,Subprime,Severe,39,0.05151651973936721,0.004397876432194692,0.8653285743311001,V2,SYNTHETIC_DEMO
PP_MORTGAGE_FICO_V2,Mortgage prepayment by FICO,Mortgage,fico_band,Subprime,Severe,40,0.05108752204934448,0.00436035842722049,0.8615554315897008,V2,SYNTHETIC_DEMO
PP_MORTGAGE_FICO_V2,Mortgage prepayment by FICO,Mortgage,fico_band,Subprime,Severe,41,0.050665412579689297,0.0043234580044017035,0.8578305328627586,V2,SYNTHETIC_DEMO
PP_MORTGAGE_FICO_V2,Mortgage prepayment by FICO,Mortgage,fico_band,Subprime,Severe,42,0.05025312095019247,0.004287430364675937,0.8541526441884166,V2,SYNTHETIC_DEMO
PP_MORTGAGE_FICO_V2,Mortgage prepayment by FICO,Mortgage,fico_band,Subprime,Severe,43,0.04985350864064587,0.004252524372401756,0.850520339251254,V2,SYNTHETIC_DEMO
PP_MORTGAGE_FICO_V2,Mortgage prepayment by FICO,Mortgage,fico_band,Subprime,Severe,44,0.049469349130951905,0.004218980861186772,0.8469320102179029,V2,SYNTHETIC_DEMO
PP_MORTGAGE_FICO_V2,Mortgage prepayment by FICO,Mortgage,fico_band,Subprime,Severe,45,0.04910330865198988,0.00418703100216633,0.8433858796343935,V2,SYNTHETIC_DEMO
PP_MORTGAGE_FICO_V2,Mortgage prepayment by FICO,Mortgage,fico_band,Subprime,Severe,46,0.04875792768083625,0.004156894744944739,0.8398800133033807,V2,SYNTHETIC_DEMO
PP_MORTGAGE_FICO_V2,Mortgage prepayment by FICO,Mortgage,fico_band,Subprime,Severe,47,0.048435603308769934,0.004128779340760169,0.8364123340557363,V2,SYNTHETIC_DEMO
PP_MORTGAGE_FICO_V2,Mortgage prepayment by FICO,Mortgage,fico_band,Subprime,Severe,48,0.04813857260443631,0.00410287795674924,0.8329806363275859,V2,SYNTHETIC_DEMO
PP_MORTGAGE_FICO_V2,Mortgage prepayment by FICO,Mortgage,fico_band,Subprime,Severe,49,0.047868897087636426,0.004079368389480198,0.8295826014507021,V2,SYNTHETIC_DEMO
PP_MORTGAGE_FICO_V2,Mortgage prepayment by FICO,Mortgage,fico_band,Subprime,Severe,50,0.04762844842150013,0.004058411885199065,0.8262158135612202,V2,SYNTHETIC_DEMO
PP_MORTGAGE_FICO_V2,Mortgage prepayment by FICO,Mortgage,fico_band,Subprime,Severe,51,0.047418895422345536,0.004040152073497727,0.8228777760289042,V2,SYNTHETIC_DEMO
PP_MORTGAGE_FICO_V2,Mortgage prepayment by FICO,Mortgage,fico_band,Subprime,Severe,52,0.047241692477381886,0.00402471402036686,0.8195659283066724,V2,SYNTHETIC_DEMO
PP_MORTGAGE_FICO_V2,Mortgage prepayment by FICO,Mortgage,fico_band,Subprime,Severe,53,0.04709806945064176,0.004012203405852288,0.8162776630977999,V2,SYNTHETIC_DEMO
PP_MORTGAGE_FICO_V2,Mortgage prepayment by FICO,Mortgage,fico_band,Subprime,Severe,54,0.04698902314720018,0.004002705830786102,0.8130103437361779,V2,SYNTHETIC_DEMO
PP_MORTGAGE_FICO_V2,Mortgage prepayment by FICO,Mortgage,fico_band,Subprime,Severe,55,0.04691531039492206,0.003996286256317205,0.8097613216732612,V2,SYNTHETIC_DEMO
PP_MORTGAGE_FICO_V2,Mortgage prepayment by FICO,Mortgage,fico_band,Subprime,Severe,56,0.046877442791753994,0.003992988579224699,0.806527953963922,V2,SYNTHETIC_DEMO
PP_MORTGAGE_FICO_V2,Mortgage prepayment by FICO,Mortgage,fico_band,Subprime,Severe,57,0.04687568315501624,0.0039928353452541865,0.8033076206423992,V2,SYNTHETIC_DEMO
PP_MORTGAGE_FICO_V2,Mortgage prepayment by FICO,Mortgage,fico_band,Subprime,Severe,58,0.04691004369733841,0.003995827601984581,0.8000977418789518,V2,SYNTHETIC_DEMO
PP_MORTGAGE_FICO_V2,Mortgage prepayment by FICO,Mortgage,fico_band,Subprime,Severe,59,0.046980285941898625,0.0040019448919927925,0.7968957948077443,V2,SYNTHETIC_DEMO
PP_MORTGAGE_FICO_V2,Mortgage prepayment by FICO,Mortgage,fico_band,Subprime,Severe,60,0.04708592237755438,0.0040111453863536095,0.7936993299169967,V2,SYNTHETIC_DEMO
PP_MORTGAGE_FICO_V2,Mortgage prepayment by FICO,Mortgage,fico_band,Subprime,Severe,61,0.047226219842377834,0.004023366157775987,0.7905059868935591,V2,SYNTHETIC_DEMO
PP_MORTGAGE_FICO_V2,Mortgage prepayment by FICO,Mortgage,fico_band,Subprime,Severe,62,0.04740020461211237,0.0040385235919419005,0.7873135098159182,V2,SYNTHETIC_DEMO
PP_MORTGAGE_FICO_V2,Mortgage prepayment by FICO,Mortgage,fico_band,Subprime,Severe,63,0.04760666915823432,0.004056513934878603,0.7841197615922317,V2,SYNTHETIC_DEMO
PP_MORTGAGE_FICO_V2,Mortgage prepayment by FICO,Mortgage,fico_band,Subprime,Severe,64,0.04784418052871605,0.004077213973452842,0.7809227375434074,V2,SYNTHETIC_DEMO
PP_MORTGAGE_FICO_V2,Mortgage prepayment by FICO,Mortgage,fico_band,Subprime,Severe,65,0.04811109029332434,0.004100481845335513,0.7777205780355009,V2,SYNTHETIC_DEMO
PP_MORTGAGE_FICO_V2,Mortgage prepayment by FICO,Mortgage,fico_band,Subprime,Severe,66,0.04840554598442941,0.004126157974037148,0.774511580070867,V2,SYNTHETIC_DEMO
PP_MORTGAGE_FICO_V2,Mortgage prepayment by FICO,Mortgage,fico_band,Subprime,Severe,67,0.048725503953920495,0.004154066123870481,0.7712942077535492,V2,SYNTHETIC_DEMO
PP_MORTGAGE_FICO_V2,Mortgage prepayment by FICO,Mortgage,fico_band,Subprime,Severe,68,0.04906874355699565,0.004184014568946126,0.7680671015513646,V2,SYNTHETIC_DEMO
PP_MORTGAGE_FICO_V2,Mortgage prepayment by FICO,Mortgage,fico_band,Subprime,Severe,69,0.04943288256438387,0.0042157973695680084,0.7648290862849926,V2,SYNTHETIC_DEMO
PP_MORTGAGE_FICO_V2,Mortgage prepayment by FICO,Mortgage,fico_band,Subprime,Severe,70,0.049815393696032606,0.0042491957486539,0.7615791777831036,V2,SYNTHETIC_DEMO
PP_MORTGAGE_FICO_V2,Mortgage prepayment by FICO,Mortgage,fico_band,Subprime,Severe,71,0.050213622161509396,0.004283979560082085,0.7583165881520967,V2,SYNTHETIC_DEMO
PP_MORTGAGE_FICO_V2,Mortgage prepayment by FICO,Mortgage,fico_band,Subprime,Severe,72,0.050624804085380004,0.004319908840155762,0.7550407296193017,V2,SYNTHETIC_DEMO
PP_MORTGAGE_FICO_V2,Mortgage prepayment by FICO,Mortgage,fico_band,Subprime,Severe,73,0.05104608568968302,0.0043567354326902175,0.751751216919445,V2,SYNTHETIC_DEMO
PP_MORTGAGE_FICO_V2,Mortgage prepayment by FICO,Mortgage,fico_band,Subprime,Severe,74,0.05147454310036633,0.004394204677572455,0.7484478682056868,V2,SYNTHETIC_DEMO
PP_MORTGAGE_FICO_V2,Mortgage prepayment by FICO,Mortgage,fico_band,Subprime,Severe,75,0.051907202640220335,0.004432057152024105,0.7451307044784885,V2,SYNTHETIC_DEMO
PP_MORTGAGE_FICO_V2,Mortgage prepayment by FICO,Mortgage,fico_band,Subprime,Severe,76,0.052341061467466365,0.004470030453231577,0.7417999475378317,V2,SYNTHETIC_DEMO
PP_MORTGAGE_FICO_V2,Mortgage prepayment by FICO,Mortgage,fico_band,Subprime,Severe,77,0.052773108416759654,0.0045078610104917205,0.7384560164767412,V2,SYNTHETIC_DEMO
PP_MORTGAGE_FICO_V2,Mortgage prepayment by FICO,Mortgage,fico_band,Subprime,Severe,78,0.053200344897961355,0.004545285914575148,0.7350995227465162,V2,SYNTHETIC_DEMO
PP_MORTGAGE_FICO_V2,Mortgage prepayment by FICO,Mortgage,fico_band,Subprime,Severe,79,0.05361980570763332,0.004582044751639258,0.7317312638363831,V2,SYNTHETIC_DEMO
PP_MORTGAGE_FICO_V2,Mortgage prepayment by FICO,Mortgage,fico_band,Subprime,Severe,80,0.05402857960881493,0.0046178814287356484,0.7283522156222878,V2,SYNTHETIC_DEMO
PP_MORTGAGE_FICO_V2,Mortgage prepayment by FICO,Mortgage,fico_band,Subprime,Severe,81,0.05442382953624946,0.004652545977766098,0.7249635234510973,V2,SYNTHETIC_DEMO
PP_MORTGAGE_FICO_V2,Mortgage prepayment by FICO,Mortgage,fico_band,Subprime,Severe,82,0.05480281228682738,0.004685796324653491,0.7215664920374023,V2,SYNTHETIC_DEMO
PP_MORTGAGE_FICO_V2,Mortgage prepayment by FICO,Mortgage,fico_band,Subprime,Severe,83,0.05516289755858604,0.0047174000105123515,0.7181625742602797,V2,SYNTHETIC_DEMO
PP_MORTGAGE_FICO_V2,Mortgage prepayment by FICO,Mortgage,fico_band,Subprime,Severe,84,0.05550158620612746,0.004747135851747242,0.7147533589566257,V2,SYNTHETIC_DEMO
PP_MORTGAGE_FICO_V2,Mortgage prepayment by FICO,Mortgage,fico_band,Subprime,Severe,85,0.05581652758575351,0.004774795526262254,0.7113405578158987,V2,SYNTHETIC_DEMO
PP_MORTGAGE_FICO_V2,Mortgage prepayment by FICO,Mortgage,fico_band,Subprime,Severe,86,0.05610553586993594,0.004800185073350338,0.7079259914882021,V2,SYNTHETIC_DEMO
PP_MORTGAGE_FICO_V2,Mortgage prepayment by FICO,Mortgage,fico_band,Subprime,Severe,87,0.056366605217891934,0.0048231262953445375,0.7045115750234975,V2,SYNTHETIC_DEMO
PP_MORTGAGE_FICO_V2,Mortgage prepayment by FICO,Mortgage,fico_band,Subprime,Severe,88,0.05659792369697476,0.004843458049742844,0.7010993027643129,V2,SYNTHETIC_DEMO
PP_MORTGAGE_FICO_V2,Mortgage prepayment by FICO,Mortgage,fico_band,Subprime,Severe,89,0.05679788585825937,0.0048610374212831875,0.69769123281754,V2,SYNTHETIC_DEMO
PP_MORTGAGE_FICO_V2,Mortgage prepayment by FICO,Mortgage,fico_band,Subprime,Severe,90,0.05696510387904285,0.004875740764316849,0.6942894712327851,V2,SYNTHETIC_DEMO
PP_MORTGAGE_FICO_V2,Mortgage prepayment by FICO,Mortgage,fico_band,Subprime,Severe,91,0.05709841719492592,0.0048874646068166605,0.6908961560152493,V2,SYNTHETIC_DEMO
PP_MORTGAGE_FICO_V2,Mortgage prepayment by FICO,Mortgage,fico_band,Subprime,Severe,92,0.05719690055462504,0.004896126408445611,0.6875134411002896,V2,SYNTHETIC_DEMO
PP_MORTGAGE_FICO_V2,Mortgage prepayment by FICO,Mortgage,fico_band,Subprime,Severe,93,0.057259870441611,0.004901665166289315,0.6841434804146925,V2,SYNTHETIC_DEMO
PP_MORTGAGE_FICO_V2,Mortgage prepayment by FICO,Mortgage,fico_band,Subprime,Severe,94,0.05728688981800528,0.0049040418631125515,0.6807884121463633,V2,SYNTHETIC_DEMO
PP_MORTGAGE_FICO_V2,Mortgage prepayment by FICO,Mortgage,fico_band,Subprime,Severe,95,0.057277771157809215,0.004903239754321498,0.6774503433396458,V2,SYNTHETIC_DEMO
PP_MORTGAGE_FICO_V2,Mortgage prepayment by FICO,Mortgage,fico_band,Subprime,Severe,96,0.05723257774841458,0.004899264491177613,0.6741313349279858,V2,SYNTHETIC_DEMO
PP_MORTGAGE_FICO_V2,Mortgage prepayment by FICO,Mortgage,fico_band,Subprime,Severe,97,0.05715162325136206,0.004892144079208682,0.6708333873092088,V2,SYNTHETIC_DEMO
PP_MORTGAGE_FICO_V2,Mortgage prepayment by FICO,Mortgage,fico_band,Subprime,Severe,98,0.05703546952539628,0.004881928672174407,0.6675584265614521,V2,SYNTHETIC_DEMO
PP_MORTGAGE_FICO_V2,Mortgage prepayment by FICO,Mortgage,fico_band,Subprime,Severe,99,0.05688492272692649,0.004868690203347015,0.6643082913898907,V2,SYNTHETIC_DEMO
PP_MORTGAGE_FICO_V2,Mortgage prepayment by FICO,Mortgage,fico_band,Subprime,Severe,100,0.05670102771495718,0.0048525218572563755,0.6610847208859646,V2,SYNTHETIC_DEMO
PP_MORTGAGE_FICO_V2,Mortgage prepayment by FICO,Mortgage,fico_band,Subprime,Severe,101,0.05648506079932081,0.004833537386389919,0.6578893431719911,V2,SYNTHETIC_DEMO
PP_MORTGAGE_FICO_V2,Mortgage prepayment by FICO,Mortgage,fico_band,Subprime,Severe,102,0.056238520882543136,0.0048118702786307255,0.6547236649949539,V2,SYNTHETIC_DEMO
PP_MORTGAGE_FICO_V2,Mortgage prepayment by FICO,Mortgage,fico_band,Subprime,Severe,103,0.05596311905682028,0.004787672782435415,0.6515890623240412,V2,SYNTHETIC_DEMO
PP_MORTGAGE_FICO_V2,Mortgage prepayment by FICO,Mortgage,fico_band,Subprime,Severe,104,0.05566076672830884,0.004761114797886323,0.6484867719972693,V2,SYNTHETIC_DEMO
PP_MORTGAGE_FICO_V2,Mortgage prepayment by FICO,Mortgage,fico_band,Subprime,Severe,105,0.05533356235115184,0.004732382642794852,0.6454178844533874,V2,SYNTHETIC_DEMO
PP_MORTGAGE_FICO_V2,Mortgage prepayment by FICO,Mortgage,fico_band,Subprime,Severe,106,0.054983776863311795,0.004701677703961127,0.6423833375763152,V2,SYNTHETIC_DEMO
PP_MORTGAGE_FICO_V2,Mortgage prepayment by FICO,Mortgage,fico_band,Subprime,Severe,107,0.05461383792529242,0.004669214984513781,0.6393839116707019,V2,SYNTHETIC_DEMO
PP_MORTGAGE_FICO_V2,Mortgage prepayment by FICO,Mortgage,fico_band,Subprime,Severe,108,0.05422631307113907,0.004635221558952685,0.6364202255788783,V2,SYNTHETIC_DEMO
PP_MORTGAGE_FICO_V2,Mortgage prepayment by FICO,Mortgage,fico_band,Subprime,Severe,109,0.05382389188865727,0.004599934948086082,0.6334927339415692,V2,SYNTHETIC_DEMO
PP_MORTGAGE_FICO_V2,Mortgage prepayment by FICO,Mortgage,fico_band,Subprime,Severe,110,0.05340936735252586,0.004563601426504138,0.6306017255972735,V2,SYNTHETIC_DEMO
PP_MORTGAGE_FICO_V2,Mortgage prepayment by FICO,Mortgage,fico_band,Subprime,Severe,111,0.052985616439861306,0.004526474275548753,0.6277473231082408,V2,SYNTHETIC_DEMO
PP_MORTGAGE_FICO_V2,Mortgage prepayment by FICO,Mortgage,fico_band,Subprime,Severe,112,0.05255558016276914,0.004488811994940889,0.6249294833944805,V2,SYNTHETIC_DEMO
PP_MORTGAGE_FICO_V2,Mortgage prepayment by FICO,Mortgage,fico_band,Subprime,Severe,113,0.0521222431564654,0.004450876486301603,0.6221479994512434,V2,SYNTHETIC_DEMO
PP_MORTGAGE_FICO_V2,Mortgage prepayment by FICO,Mortgage,fico_band,Subprime,Severe,114,0.0516886129646349,0.00441293122177111,0.6194025031199026,V2,SYNTHETIC_DEMO
PP_MORTGAGE_FICO_V2,Mortgage prepayment by FICO,Mortgage,fico_band,Subprime,Severe,115,0.05125769916579511,0.004375239410787768,0.6166924688771118,V2,SYNTHETIC_DEMO
PP_MORTGAGE_FICO_V2,Mortgage prepayment by FICO,Mortgage,fico_band,Subprime,Severe,116,0.050832492485537326,0.004338062177847157,0.6140172186025128,V2,SYNTHETIC_DEMO
PP_MORTGAGE_FICO_V2,Mortgage prepayment by FICO,Mortgage,fico_band,Subprime,Severe,117,0.050415944039615204,0.004301656763735617,0.6113759272810612,V2,SYNTHETIC_DEMO
PP_MORTGAGE_FICO_V2,Mortgage prepayment by FICO,Mortgage,fico_band,Subprime,Severe,118,0.05001094485194257,0.004266274762315669,0.6087676295922146,V2,SYNTHETIC_DEMO
PP_MORTGAGE_FICO_V2,Mortgage prepayment by FICO,Mortgage,fico_band,Subprime,Severe,119,0.049620305789654075,0.004232160404467278,0.6061912273347331,V2,SYNTHETIC_DEMO
PP_MORTGAGE_FICO_V2,Mortgage prepayment by FICO,Mortgage,fico_band,Subprime,Severe,120,0.04924673805448817,0.0041995489002375486,0.6036454976326459,V2,SYNTHETIC_DEMO
PP_AUTO_FICO_V2,Auto prepayment by FICO,Auto Loan,fico_band,Prime,Baseline,1,0.009242967173183618,0.000773529708938292,0.9992264702910617,V2,SYNTHETIC_DEMO
PP_AUTO_FICO_V2,Auto prepayment by FICO,Auto Loan,fico_band,Prime,Baseline,2,0.01863747624327126,0.0015665502245314489,0.9976611318396694,V2,SYNTHETIC_DEMO
PP_AUTO_FICO_V2,Auto prepayment by FICO,Auto Loan,fico_band,Prime,Baseline,3,0.028180360887949944,0.002379252432091028,0.9952874441653372,V2,SYNTHETIC_DEMO
PP_AUTO_FICO_V2,Auto prepayment by FICO,Auto Loan,fico_band,Prime,Baseline,4,0.03786638055491923,0.0032116599185954,0.9920909193734302,V2,SYNTHETIC_DEMO
PP_AUTO_FICO_V2,Auto prepayment by FICO,Auto Loan,fico_band,Prime,Baseline,5,0.047688275082988486,0.004063625674550653,0.9880594332419758,V2,SYNTHETIC_DEMO
PP_AUTO_FICO_V2,Auto prepayment by FICO,Auto Loan,fico_band,Prime,Baseline,6,0.05763684046232312,0.004934830103540122,0.9831835278067265,V2,SYNTHETIC_DEMO
PP_AUTO_FICO_V2,Auto prepayment by FICO,Auto Loan,fico_band,Prime,Baseline,7,0.06770102503194139,0.005824780398504981,0.9774566996658248,V2,SYNTHETIC_DEMO
PP_AUTO_FICO_V2,Auto prepayment by FICO,Auto Loan,fico_band,Prime,Baseline,8,0.07786804522251141,0.006732811348546086,0.9708756681056023,V2,SYNTHETIC_DEMO
PP_AUTO_FICO_V2,Auto prepayment by FICO,Auto Loan,fico_band,Prime,Baseline,9,0.08812351977019249,0.0076580876442259305,0.9634406171476032,V2,SYNTHETIC_DEMO
PP_AUTO_FICO_V2,Auto prepayment by FICO,Auto Loan,fico_band,Prime,Baseline,10,0.09845162115429702,0.008599607752437288,0.9551554057473677,V2,SYNTHETIC_DEMO
PP_AUTO_FICO_V2,Auto prepayment by FICO,Auto Loan,fico_band,Prime,Baseline,11,0.10883524284942685,0.009556209433258078,0.9460277406487373,V2,SYNTHETIC_DEMO
PP_AUTO_FICO_V2,Auto prepayment by FICO,Auto Loan,fico_band,Prime,Baseline,12,0.11925618083288687,0.010526576970229962,0.9360693068208256,V2,SYNTHETIC_DEMO
PP_AUTO_FICO_V2,Auto prepayment by FICO,Auto Loan,fico_band,Prime,Baseline,13,0.1296953276519103,0.011509250181535369,0.9252958509813682,V2,SYNTHETIC_DEMO
PP_AUTO_FICO_V2,Auto prepayment by FICO,Auto Loan,fico_band,Prime,Baseline,14,0.1401328772337565,0.012502635272004126,0.9137272144378495,V2,SYNTHETIC_DEMO
PP_AUTO_FICO_V2,Auto prepayment by FICO,Auto Loan,fico_band,Prime,Baseline,15,0.15054853851613934,0.013505017574183542,0.9013873123488566,V2,SYNTHETIC_DEMO
PP_AUTO_FICO_V2,Auto prepayment by FICO,Auto Loan,fico_band,Prime,Baseline,16,0.16092175588666194,0.014514576210375996,0.8883040575087031,V2,SYNTHETIC_DEMO
PP_AUTO_FICO_V2,Auto prepayment by FICO,Auto Loan,fico_band,Prime,Baseline,17,0.17123193434878234,0.015529400686215333,0.8745092278684596,V2,SYNTHETIC_DEMO
PP_AUTO_FICO_V2,Auto prepayment by FICO,Auto Loan,fico_band,Prime,Baseline,18,0.18145866727896692,0.016547509399814753,0.8600382782000816,V2,SYNTHETIC_DEMO
PP_AUTO_FICO_V2,Auto prepayment by FICO,Auto Loan,fico_band,Prime,Baseline,19,0.18149870331058743,0.016551517995769816,0.845803339161402,V2,SYNTHETIC_DEMO
PP_AUTO_FICO_V2,Auto prepayment by FICO,Auto Loan,fico_band,Prime,Baseline,20,0.18142423130290417,0.016544061651558195,0.831810316573222,V2,SYNTHETIC_DEMO
PP_AUTO_FICO_V2,Auto prepayment by FICO,Auto Loan,fico_band,Prime,Baseline,21,0.18123576812341996,0.0165251949723092,0.8180644889118713,V2,SYNTHETIC_DEMO
PP_AUTO_FICO_V2,Auto prepayment by FICO,Auto Loan,fico_band,Prime,Baseline,22,0.18093462178699876,0.016495056064279368,0.804570469303074,V2,SYNTHETIC_DEMO
PP_AUTO_FICO_V2,Auto prepayment by FICO,Auto Loan,fico_band,Prime,Baseline,23,0.18052288237768394,0.016453865368474596,0.7913321751217107,V2,SYNTHETIC_DEMO
PP_AUTO_FICO_V2,Auto prepayment by FICO,Auto Loan,fico_band,Prime,Baseline,24,0.18000340754262376,0.016401923804232776,0.7783528050815266,V2,SYNTHETIC_DEMO
PP_AUTO_FICO_V2,Auto prepayment by FICO,Auto Loan,fico_band,Prime,Baseline,25,0.1793798026587809,0.01633961024562447,0.7656348236129059,V2,SYNTHETIC_DEMO
PP_AUTO_FICO_V2,Auto prepayment by FICO,Auto Loan,fico_band,Prime,Baseline,26,0.17865639581007836,0.01626737836142933,0.7531799522505086,V2,SYNTHETIC_DEMO
PP_AUTO_FICO_V2,Auto prepayment by FICO,Auto Loan,fico_band,Prime,Baseline,27,0.1778382077486507,0.016185752856685554,0.7409891676867716,V2,SYNTHETIC_DEMO
PP_AUTO_FICO_V2,Auto prepayment by FICO,Auto Loan,fico_band,Prime,Baseline,28,0.17693091704868236,0.01609532516025003,0.72906270609263,V2,SYNTHETIC_DEMO
PP_AUTO_FICO_V2,Auto prepayment by FICO,Auto Loan,fico_band,Prime,Baseline,29,0.1759408206946803,0.01599674860833733,0.717400073263552,V2,SYNTHETIC_DEMO
PP_AUTO_FICO_V2,Auto prepayment by FICO,Auto Loan,fico_band,Prime,Baseline,30,0.17487479037771528,0.0158907331785344,0.70600006011706,V2,SYNTHETIC_DEMO
PP_AUTO_FICO_V2,Auto prepayment by FICO,Auto Loan,fico_band,Prime,Baseline,31,0.17374022480295442,0.015778039832275992,0.6948607630469438,V2,SYNTHETIC_DEMO
PP_AUTO_FICO_V2,Auto prepayment by FICO,Auto Loan,fico_band,Prime,Baseline,32,0.17254499833949088,0.015659474526174777,0.6839796086287718,V2,SYNTHETIC_DEMO
PP_AUTO_FICO_V2,Auto prepayment by FICO,Auto Loan,fico_band,Prime,Baseline,33,0.1712974063688635,0.015535881953957942,0.6733533821702009,V2,SYNTHETIC_DEMO
PP_AUTO_FICO_V2,Auto prepayment by FICO,Auto Loan,fico_band,Prime,Baseline,34,0.17000610771156963,0.015408139081092731,0.6629782596069983,V2,SYNTHETIC_DEMO
PP_AUTO_FICO_V2,Auto prepayment by FICO,Auto Loan,fico_band,Prime,Baseline,35,0.16868006453115753,0.01527714853355433,0.6528498422604648,V2,SYNTHETIC_DEMO
PP_AUTO_FICO_V2,Auto prepayment by FICO,Auto Loan,fico_band,Prime,Baseline,36,0.16732848013298782,0.015143831900695348,0.6429631939928768,V2,SYNTHETIC_DEMO
PP_AUTO_FICO_V2,Auto prepayment by FICO,Auto Loan,fico_band,Prime,Baseline,37,0.16596073508936815,0.015009123009896319,0.6333128803234019,V2,SYNTHETIC_DEMO
PP_AUTO_FICO_V2,Auto prepayment by FICO,Auto Loan,fico_band,Prime,Baseline,38,0.16458632213437974,0.01487396122775464,0.6238930090964341,V2,SYNTHETIC_DEMO
PP_AUTO_FICO_V2,Auto prepayment by FICO,Auto Loan,fico_band,Prime,Baseline,39,0.16321478028025324,0.014739284839101363,0.6146972723262377,V2,SYNTHETIC_DEMO
PP_AUTO_FICO_V2,Auto prepayment by FICO,Auto Loan,fico_band,Prime,Baseline,40,0.16185562861255448,0.014606024551264363,0.6057189888750455,V2,SYNTHETIC_DEMO
PP_AUTO_FICO_V2,Auto prepayment by FICO,Auto Loan,fico_band,Prime,Baseline,41,0.16051830022366997,0.014475097166836592,0.5969511476552812,V2,SYNTHETIC_DEMO
PP_AUTO_FICO_V2,Auto prepayment by FICO,Auto Loan,fico_band,Prime,Baseline,42,0.15921207674312127,0.014347399463889965,0.5883864510794433,V2,SYNTHETIC_DEMO
PP_AUTO_FICO_V2,Auto prepayment by FICO,Auto Loan,fico_band,Prime,Baseline,43,0.1579460239190969,0.014223802318194534,0.5800173585125853,V2,SYNTHETIC_DEMO
PP_AUTO_FICO_V2,Auto prepayment by FICO,Auto Loan,fico_band,Prime,Baseline,44,0.15672892869829233,0.014105145097682681,0.5718361295115907,V2,SYNTHETIC_DEMO
PP_AUTO_FICO_V2,Auto prepayment by FICO,Auto Loan,fico_band,Prime,Baseline,45,0.15556923824075133,0.01399223035520536,0.5638348666620354,V2,SYNTHETIC_DEMO
PP_AUTO_FICO_V2,Auto prepayment by FICO,Auto Loan,fico_band,Prime,Baseline,46,0.15447500129297195,0.013885818841658737,0.5560055578469556,V2,SYNTHETIC_DEMO
PP_AUTO_FICO_V2,Auto prepayment by FICO,Auto Loan,fico_band,Prime,Baseline,47,0.153453812326172,0.013786624857856755,0.5483401178020363,V2,SYNTHETIC_DEMO
PP_AUTO_FICO_V2,Auto prepayment by FICO,Auto Loan,fico_band,Prime,Baseline,48,0.1525127588274192,0.013695311960153722,0.54083042882847,V2,SYNTHETIC_DEMO
PP_AUTO_FICO_V2,Auto prepayment by FICO,Auto Loan,fico_band,Prime,Baseline,49,0.1516583721094472,0.013612489031798791,0.5334683805479794,V2,SYNTHETIC_DEMO
PP_AUTO_FICO_V2,Auto prepayment by FICO,Auto Loan,fico_band,Prime,Baseline,50,0.15089658198055914,0.01353870672935753,0.526245908594355,V2,SYNTHETIC_DEMO
PP_AUTO_FICO_V2,Auto prepayment by FICO,Auto Loan,fico_band,Prime,Baseline,51,0.15023267558922837,0.013474454311270923,0.5191550321425071,V2,SYNTHETIC_DEMO
PP_AUTO_FICO_V2,Auto prepayment by FICO,Auto Loan,fico_band,Prime,Baseline,52,0.14967126072903242,0.013420156853729326,0.5121878901797517,V2,SYNTHETIC_DEMO
PP_AUTO_FICO_V2,Auto prepayment by FICO,Auto Loan,fico_band,Prime,Baseline,53,0.1492162338586,0.013376172857509916,0.505336776425184,V2,SYNTHETIC_DEMO
PP_AUTO_FICO_V2,Auto prepayment by FICO,Auto Loan,fico_band,Prime,Baseline,54,0.1488707530585259,0.01334279224822088,0.49859417280195717,V2,SYNTHETIC_DEMO
PP_AUTO_FICO_V2,Auto prepayment by FICO,Auto Loan,fico_band,Prime,Baseline,55,0.14863721611294434,0.013320234771504458,0.491952781364531,V2,SYNTHETIC_DEMO
PP_AUTO_FICO_V2,Auto prepayment by FICO,Auto Loan,fico_band,Prime,Baseline,56,0.14851724386788417,0.013308648784108534,0.48540555457898515,V2,SYNTHETIC_DEMO
PP_AUTO_FICO_V2,Auto prepayment by FICO,Auto Loan,fico_band,Prime,Baseline,57,0.1485116689819063,0.013308110441314525,0.4789457238498205,V2,SYNTHETIC_DEMO
PP_AUTO_FICO_V2,Auto prepayment by FICO,Auto Loan,fico_band,Prime,Baseline,58,0.14862053014709747,0.013318623280954123,0.4725668261818408,V2,SYNTHETIC_DEMO
PP_AUTO_FICO_V2,Auto prepayment by FICO,Auto Loan,fico_band,Prime,Baseline,59,0.14884307182053133,0.01334011820410308,0.4662627288612372,V2,SYNTHETIC_DEMO
PP_AUTO_FICO_V2,Auto prepayment by FICO,Auto Loan,fico_band,Prime,Baseline,60,0.14917774946805823,0.013372453852456556,0.4600276520364199,V2,SYNTHETIC_DEMO
PP_AUTO_FICO_V2,Auto prepayment by FICO,Auto Loan,fico_band,Near Prime,Baseline,1,0.008150616507261918,0.0006817686884842411,0.9993182313115158,V2,SYNTHETIC_DEMO
PP_AUTO_FICO_V2,Auto prepayment by FICO,Auto Loan,fico_band,Near Prime,Baseline,2,0.01643486541452102,0.001379998259592119,0.9979391738915272,V2,SYNTHETIC_DEMO
PP_AUTO_FICO_V2,Auto prepayment by FICO,Auto Loan,fico_band,Near Prime,Baseline,3,0.02484995460119222,0.0020947967699663783,0.9958486941334364,V2,SYNTHETIC_DEMO
PP_AUTO_FICO_V2,Auto prepayment by FICO,Auto Loan,fico_band,Near Prime,Baseline,4,0.03339126285297423,0.002826122356235916,0.9930343038755175,V2,SYNTHETIC_DEMO
PP_AUTO_FICO_V2,Auto prepayment by FICO,Auto Loan,fico_band,Near Prime,Baseline,5,0.04205238802772621,0.0035737810635032563,0.9894854166849181,V2,SYNTHETIC_DEMO
PP_AUTO_FICO_V2,Auto prepayment by FICO,Auto Loan,fico_band,Near Prime,Baseline,6,0.050825213862230385,0.004337425916539406,0.9851935969945511,V2,SYNTHETIC_DEMO
PP_AUTO_FICO_V2,Auto prepayment by FICO,Auto Loan,fico_band,Near Prime,Baseline,7,0.059699994800893774,0.005116557280527179,0.9801527975231199,V2,SYNTHETIC_DEMO
PP_AUTO_FICO_V2,Auto prepayment by FICO,Auto Loan,fico_band,Near Prime,Baseline,8,0.06866545805985097,0.0059105245596073885,0.9743595803411916,V2,SYNTHETIC_DEMO
PP_AUTO_FICO_V2,Auto prepayment by FICO,Auto Loan,fico_band,Near Prime,Baseline,9,0.07770892197916975,0.0067185292821539955,0.967813316969322,V2,SYNTHETIC_DEMO
PP_AUTO_FICO_V2,Auto prepayment by FICO,Auto Loan,fico_band,Near Prime,Baseline,10,0.08681642956333464,0.00753962962116661,0.9605163630169407,V2,SYNTHETIC_DEMO
PP_AUTO_FICO_V2,Auto prepayment by FICO,Auto Loan,fico_band,Near Prime,Baseline,11,0.09597289596722185,0.008372746395975295,0.9524742031002152,V2,SYNTHETIC_DEMO
PP_AUTO_FICO_V2,Auto prepayment by FICO,Auto Loan,fico_band,Near Prime,Baseline,12,0.1051622685526366,0.009216670597136045,0.9436955621179709,V2,SYNTHETIC_DEMO
PP_AUTO_FICO_V2,Auto prepayment by FICO,Auto Loan,fico_band,Near Prime,Baseline,13,0.1143676980203209,0.010070072469520075,0.9341924794182784,V2,SYNTHETIC_DEMO
PP_AUTO_FICO_V2,Auto prepayment by FICO,Auto Loan,fico_band,Near Prime,Baseline,14,0.12357171901522165,0.010931512178765979,0.923980342952206,V2,SYNTHETIC_DEMO
PP_AUTO_FICO_V2,Auto prepayment by FICO,Auto Loan,fico_band,Near Prime,Baseline,15,0.1327564385096865,0.011799452073143146,0.9130778811790151,V2,SYNTHETIC_DEMO
PP_AUTO_FICO_V2,Auto prepayment by FICO,Auto Loan,fico_band,Near Prime,Baseline,16,0.14190373019096553,0.012672270536213004,0.9015071112480825,V2,SYNTHETIC_DEMO
PP_AUTO_FICO_V2,Auto prepayment by FICO,Auto Loan,fico_band,Near Prime,Baseline,17,0.15099543301665352,0.013548277405353248,0.8892932428219948,V2,SYNTHETIC_DEMO
PP_AUTO_FICO_V2,Auto prepayment by FICO,Auto Loan,fico_band,Near Prime,Baseline,18,0.160013552055089,0.014425730907235423,0.8764645378034219,V2,SYNTHETIC_DEMO
PP_AUTO_FICO_V2,Auto prepayment by FICO,Auto Loan,fico_band,Near Prime,Baseline,19,0.1600488565556998,0.014429182934921125,0.8638178706514853,V2,SYNTHETIC_DEMO
PP_AUTO_FICO_V2,Auto prepayment by FICO,Auto Loan,fico_band,Near Prime,Baseline,20,0.15998318578528822,0.014422761839662623,0.8513592312302344,V2,SYNTHETIC_DEMO
PP_AUTO_FICO_V2,Auto prepayment by FICO,Auto Loan,fico_band,Near Prime,Baseline,21,0.15981699552701578,0.014406514299285078,0.8390941122916876,V2,SYNTHETIC_DEMO
PP_AUTO_FICO_V2,Auto prepayment by FICO,Auto Loan,fico_band,Near Prime,Baseline,22,0.15955143921217163,0.014380558380098774,0.8270274704234799,V2,SYNTHETIC_DEMO
PP_AUTO_FICO_V2,Auto prepayment by FICO,Auto Loan,fico_band,Near Prime,Baseline,23,0.15918835991486674,0.014345082564608314,0.8151636930770559,V2,SYNTHETIC_DEMO
PP_AUTO_FICO_V2,Auto prepayment by FICO,Auto Loan,fico_band,Near Prime,Baseline,24,0.1587302775603137,0.014300344203212023,0.8035065716840926,V2,SYNTHETIC_DEMO
PP_AUTO_FICO_V2,Auto prepayment by FICO,Auto Loan,fico_band,Near Prime,Baseline,25,0.15818037143547042,0.0142466674078785,0.7920592807972646,V2,SYNTHETIC_DEMO
PP_AUTO_FICO_V2,Auto prepayment by FICO,Auto Loan,fico_band,Near Prime,Baseline,26,0.15754245812343273,0.014184440412043475,0.7808243631259898,V2,SYNTHETIC_DEMO
PP_AUTO_FICO_V2,Auto prepayment by FICO,Auto Loan,fico_band,Near Prime,Baseline,27,0.15682096501471926,0.014114112426740766,0.7698037202792913,V2,SYNTHETIC_DEMO
PP_AUTO_FICO_V2,Auto prepayment by FICO,Auto Loan,fico_band,Near Prime,Baseline,28,0.15602089957929263,0.01403619002816281,0.7589986089770645,V2,SYNTHETIC_DEMO
PP_AUTO_FICO_V2,Auto prepayment by FICO,Auto Loan,fico_band,Near Prime,Baseline,29,0.15514781461258173,0.013951233116352046,0.7484096424482386,V2,SYNTHETIC_DEMO
PP_AUTO_FICO_V2,Auto prepayment by FICO,Auto Loan,fico_band,Near Prime,Baseline,30,0.15420776969671257,0.013859850488495473,0.7380367966997576,V2,SYNTHETIC_DEMO
PP_AUTO_FICO_V2,Auto prepayment by FICO,Auto Loan,fico_band,Near Prime,Baseline,31,0.15320728914442344,0.013762695073269327,0.7278794213139264,V2,SYNTHETIC_DEMO
PP_AUTO_FICO_V2,Auto prepayment by FICO,Auto Loan,fico_band,Near Prime,Baseline,32,0.15215331671755106,0.013660458874866999,0.7179362544132055,V2,SYNTHETIC_DEMO
PP_AUTO_FICO_V2,Auto prepayment by FICO,Auto Loan,fico_band,Near Prime,Baseline,33,0.15105316743436145,0.013553867676710296,0.708205441420576,V2,SYNTHETIC_DEMO
PP_AUTO_FICO_V2,Auto prepayment by FICO,Auto Loan,fico_band,Near Prime,Baseline,34,0.1499144768002023,0.013443675555436685,0.6986845572395229,V2,SYNTHETIC_DEMO
PP_AUTO_FICO_V2,Auto prepayment by FICO,Auto Loan,fico_band,Near Prime,Baseline,35,0.1487451478138389,0.013330659255606503,0.6893706314798086,V2,SYNTHETIC_DEMO
PP_AUTO_FICO_V2,Auto prepayment by FICO,Auto Loan,fico_band,Near Prime,Baseline,36,0.14755329611727108,0.013215612474731686,0.6802601763627104,V2,SYNTHETIC_DEMO
PP_AUTO_FICO_V2,Auto prepayment by FICO,Auto Loan,fico_band,Near Prime,Baseline,37,0.14634719366971555,0.01309934010677849,0.6713492169514381,V2,SYNTHETIC_DEMO
PP_AUTO_FICO_V2,Auto prepayment by FICO,Auto Loan,fico_band,Near Prime,Baseline,38,0.1451352113366803,0.012982652490305946,0.6626333233681185,V2,SYNTHETIC_DEMO
PP_AUTO_FICO_V2,Auto prepayment by FICO,Auto Loan,fico_band,Near Prime,Baseline,39,0.14392576079258695,0.01286635970496186,0.65410764467717,V2,SYNTHETIC_DEMO
PP_AUTO_FICO_V2,Auto prepayment by FICO,Auto Loan,fico_band,Near Prime,Baseline,40,0.1427272361401617,0.012751265957265168,0.6457669441352111,V2,SYNTHETIC_DEMO
PP_AUTO_FICO_V2,Auto prepayment by FICO,Auto Loan,fico_band,Near Prime,Baseline,41,0.14154795565178172,0.012638164093536464,0.6376056355290487,V2,SYNTHETIC_DEMO
PP_AUTO_FICO_V2,Auto prepayment by FICO,Auto Loan,fico_band,Near Prime,Baseline,42,0.14039610403711603,0.012527830274597807,0.6296178203450137,V2,SYNTHETIC_DEMO
PP_AUTO_FICO_V2,Auto prepayment by FICO,Auto Loan,fico_band,Near Prime,Baseline,43,0.1392796756377491,0.01242101884353175,0.6217973255342849,V2,SYNTHETIC_DEMO
PP_AUTO_FICO_V2,Auto prepayment by FICO,Auto Loan,fico_band,Near Prime,Baseline,44,0.1382064189430396,0.01231845741443549,0.6141377416592809,V2,SYNTHETIC_DEMO
PP_AUTO_FICO_V2,Auto prepayment by FICO,Auto Loan,fico_band,Near Prime,Baseline,45,0.1371837828122989,0.012220842206817295,0.6066324612252117,V2,SYNTHETIC_DEMO
PP_AUTO_FICO_V2,Auto prepayment by FICO,Auto Loan,fico_band,Near Prime,Baseline,46,0.1362188647765298,0.012128833647102821,0.5992747170180786,V2,SYNTHETIC_DEMO
PP_AUTO_FICO_V2,Auto prepayment by FICO,Auto Loan,fico_band,Near Prime,Baseline,47,0.1353183617785335,0.012043052255709674,0.5920576202855042,V2,SYNTHETIC_DEMO
PP_AUTO_FICO_V2,Auto prepayment by FICO,Auto Loan,fico_band,Near Prime,Baseline,48,0.13448852369326963,0.01196407483534534,0.584974198609572,V2,SYNTHETIC_DEMO
PP_AUTO_FICO_V2,Auto prepayment by FICO,Auto Loan,fico_band,Near Prime,Baseline,49,0.13373510995105797,0.011892430973619028,0.5780174333312595,V2,SYNTHETIC_DEMO
PP_AUTO_FICO_V2,Auto prepayment by FICO,Auto Loan,fico_band,Near Prime,Baseline,50,0.1330633495646749,0.011828599870747247,0.5711802963940678,V2,SYNTHETIC_DEMO
PP_AUTO_FICO_V2,Auto prepayment by FICO,Auto Loan,fico_band,Near Prime,Baseline,51,0.1324779048377741,0.011773007501091448,0.5644557864801447,V2,SYNTHETIC_DEMO
PP_AUTO_FICO_V2,Auto prepayment by FICO,Auto Loan,fico_band,Near Prime,Baseline,52,0.13198283900651042,0.011726024115486178,0.5578369643157528,V2,SYNTHETIC_DEMO
PP_AUTO_FICO_V2,Auto prepayment by FICO,Auto Loan,fico_band,Near Prime,Baseline,53,0.1315815880389473,0.011687962089801718,0.5513169870245402,V2,SYNTHETIC_DEMO
PP_AUTO_FICO_V2,Auto prepayment by FICO,Auto Loan,fico_band,Near Prime,Baseline,54,0.13127693678797284,0.011659074123905988,0.5448891414070526,V2,SYNTHETIC_DEMO
PP_AUTO_FICO_V2,Auto prepayment by FICO,Auto Loan,fico_band,Near Prime,Baseline,55,0.1310709996632327,0.011639551794135006,0.5385468760235834,V2,SYNTHETIC_DEMO
PP_AUTO_FICO_V2,Auto prepayment by FICO,Auto Loan,fico_band,Near Prime,Baseline,56,0.13096520595622513,0.011629524461521656,0.5322838319551911,V2,SYNTHETIC_DEMO
PP_AUTO_FICO_V2,Auto prepayment by FICO,Auto Loan,fico_band,Near Prime,Baseline,57,0.13096028992040826,0.011629058537324877,0.5260938721149127,V2,SYNTHETIC_DEMO
PP_AUTO_FICO_V2,Auto prepayment by FICO,Auto Loan,fico_band,Near Prime,Baseline,58,0.13105628567516778,0.011638157106827918,0.5199711089782999,V2,SYNTHETIC_DEMO
PP_AUTO_FICO_V2,Auto prepayment by FICO,Auto Loan,fico_band,Near Prime,Baseline,59,0.131252526969014,0.011656759911874426,0.5139099305998288,V2,SYNTHETIC_DEMO
PP_AUTO_FICO_V2,Auto prepayment by FICO,Auto Loan,fico_band,Near Prime,Baseline,60,0.13154765180365136,0.011684743692166988,0.5079050247799105,V2,SYNTHETIC_DEMO
PP_AUTO_FICO_V2,Auto prepayment by FICO,Auto Loan,fico_band,Subprime,Baseline,1,0.007058265841340218,0.0005901002586411463,0.9994098997413589,V2,SYNTHETIC_DEMO
PP_AUTO_FICO_V2,Auto prepayment by FICO,Auto Loan,fico_band,Subprime,Baseline,2,0.01423225458577078,0.001193828855708512,0.9982167753643668,V2,SYNTHETIC_DEMO
PP_AUTO_FICO_V2,Auto prepayment by FICO,Auto Loan,fico_band,Subprime,Baseline,3,0.021519548314434502,0.0018112302544677217,0.9964087749403097,V2,SYNTHETIC_DEMO
PP_AUTO_FICO_V2,Auto prepayment by FICO,Auto Loan,fico_band,Subprime,Baseline,4,0.028916145151029228,0.00244221751839524,0.9939753279746677,V2,SYNTHETIC_DEMO
PP_AUTO_FICO_V2,Auto prepayment by FICO,Auto Loan,fico_band,Subprime,Baseline,5,0.03641650097246393,0.00308657110522903,0.9909073524480305,V2,SYNTHETIC_DEMO
PP_AUTO_FICO_V2,Auto prepayment by FICO,Auto Loan,fico_band,Subprime,Baseline,6,0.04401358726213765,0.003743938806232805,0.9871974559578189,V2,SYNTHETIC_DEMO
PP_AUTO_FICO_V2,Auto prepayment by FICO,Auto Loan,fico_band,Subprime,Baseline,7,0.051698964569846156,0.004413836864509024,0.9828401274341628,V2,SYNTHETIC_DEMO
PP_AUTO_FICO_V2,Auto prepayment by FICO,Auto Loan,fico_band,Subprime,Baseline,8,0.05946287089719053,0.005095652305011966,0.9778319158733447,V2,SYNTHETIC_DEMO
PP_AUTO_FICO_V2,Auto prepayment by FICO,Auto Loan,fico_band,Subprime,Baseline,9,0.067294324188147,0.005788646506941664,0.9721715925691484,V2,SYNTHETIC_DEMO
PP_AUTO_FICO_V2,Auto prepayment by FICO,Auto Loan,fico_band,Subprime,Baseline,10,0.07518123797237226,0.006491960046115963,0.9658602934322206,V2,SYNTHETIC_DEMO
PP_AUTO_FICO_V2,Auto prepayment by FICO,Auto Loan,fico_band,Subprime,Baseline,11,0.08311054908501686,0.007204618830401577,0.9589016381746216,V2,SYNTHETIC_DEMO
PP_AUTO_FICO_V2,Auto prepayment by FICO,Auto Loan,fico_band,Subprime,Baseline,12,0.09106835627238634,0.007925541545020232,0.9513018234036806,V2,SYNTHETIC_DEMO
PP_AUTO_FICO_V2,Auto prepayment by FICO,Auto Loan,fico_band,Subprime,Baseline,13,0.0990400683887315,0.00865354841627175,0.9430696870163693,V2,SYNTHETIC_DEMO
PP_AUTO_FICO_V2,Auto prepayment by FICO,Auto Loan,fico_band,Subprime,Baseline,14,0.10701056079668679,0.009387371291696534,0.9342167417104026,V2,SYNTHETIC_DEMO
PP_AUTO_FICO_V2,Auto prepayment by FICO,Auto Loan,fico_band,Subprime,Baseline,15,0.11496433850323366,0.010125665021785468,0.9247571759260992,V2,SYNTHETIC_DEMO
PP_AUTO_FICO_V2,Auto prepayment by FICO,Auto Loan,fico_band,Subprime,Baseline,16,0.12288570449526912,0.010867020112952708,0.9147078210957129,V2,SYNTHETIC_DEMO
PP_AUTO_FICO_V2,Auto prepayment by FICO,Auto Loan,fico_band,Subprime,Baseline,17,0.1307589316845247,0.011609976603642602,0.9040880846936228,V2,SYNTHETIC_DEMO
PP_AUTO_FICO_V2,Auto prepayment by FICO,Auto Loan,fico_band,Subprime,Baseline,18,0.1385684368312111,0.012353039095289509,0.8929198492378171,V2,SYNTHETIC_DEMO
PP_AUTO_FICO_V2,Auto prepayment by FICO,Auto Loan,fico_band,Subprime,Baseline,19,0.13859900980081222,0.012355960181632986,0.8818869671352448,V2,SYNTHETIC_DEMO
PP_AUTO_FICO_V2,Auto prepayment by FICO,Auto Loan,fico_band,Subprime,Baseline,20,0.13854214026767228,0.012350526673061246,0.870995198625016,V2,SYNTHETIC_DEMO
PP_AUTO_FICO_V2,Auto prepayment by FICO,Auto Loan,fico_band,Subprime,Baseline,21,0.1383982229306116,0.012336777790086462,0.8602499244033469,V2,SYNTHETIC_DEMO
PP_AUTO_FICO_V2,Auto prepayment by FICO,Auto Loan,fico_band,Subprime,Baseline,22,0.1381682566373445,0.012314812744296133,0.8496561076710248,V2,SYNTHETIC_DEMO
PP_AUTO_FICO_V2,Auto prepayment by FICO,Auto Loan,fico_band,Subprime,Baseline,23,0.13785383745204954,0.012284789941206853,0.8392182608660229,V2,SYNTHETIC_DEMO
PP_AUTO_FICO_V2,Auto prepayment by FICO,Auto Loan,fico_band,Subprime,Baseline,24,0.1374571475780036,0.012246925710234335,0.8289404171705247,V2,SYNTHETIC_DEMO
PP_AUTO_FICO_V2,Auto prepayment by FICO,Auto Loan,fico_band,Subprime,Baseline,25,0.13698094021215995,0.012201492575676931,0.81882610682474,V2,SYNTHETIC_DEMO
PP_AUTO_FICO_V2,Auto prepayment by FICO,Auto Loan,fico_band,Subprime,Baseline,26,0.1364285204367871,0.012148817087469621,0.8088783382264814,V2,SYNTHETIC_DEMO
PP_AUTO_FICO_V2,Auto prepayment by FICO,Auto Loan,fico_band,Subprime,Baseline,27,0.1358037222807878,0.012089277234982987,0.7990995837462891,V2,SYNTHETIC_DEMO
PP_AUTO_FICO_V2,Auto prepayment by FICO,Auto Loan,fico_band,Subprime,Baseline,28,0.13511088210990288,0.012023299471235815,0.7894917701435675,V2,SYNTHETIC_DEMO
PP_AUTO_FICO_V2,Auto prepayment by FICO,Auto Loan,fico_band,Subprime,Baseline,29,0.13435480853048315,0.011951355378494677,0.7800562734301849,V2,SYNTHETIC_DEMO
PP_AUTO_FICO_V2,Auto prepayment by FICO,Auto Loan,fico_band,Subprime,Baseline,30,0.13354074901570986,0.011873958009303798,0.7707939179945809,V2,SYNTHETIC_DEMO
PP_AUTO_FICO_V2,Auto prepayment by FICO,Auto Loan,fico_band,Subprime,Baseline,31,0.13267435348589246,0.011791657939488664,0.7617049797717504,V2,SYNTHETIC_DEMO
PP_AUTO_FICO_V2,Auto prepayment by FICO,Auto Loan,fico_band,Subprime,Baseline,32,0.13176163509561123,0.01170503907157927,0.7527891932225056,V2,SYNTHETIC_DEMO
PP_AUTO_FICO_V2,Auto prepayment by FICO,Auto Loan,fico_band,Subprime,Baseline,33,0.1308089284998594,0.01161471422841831,0.7440457618689846,V2,SYNTHETIC_DEMO
PP_AUTO_FICO_V2,Auto prepayment by FICO,Auto Loan,fico_band,Subprime,Baseline,34,0.129822845888835,0.01152132057743982,0.7354733721222066,V2,SYNTHETIC_DEMO
PP_AUTO_FICO_V2,Auto prepayment by FICO,Auto Loan,fico_band,Subprime,Baseline,35,0.1288102310965203,0.01142551492627808,0.7270702101311443,V2,SYNTHETIC_DEMO
PP_AUTO_FICO_V2,Auto prepayment by FICO,Auto Loan,fico_band,Subprime,Baseline,36,0.12777811210155435,0.01132796893000132,0.7188339813808491,V2,SYNTHETIC_DEMO
PP_AUTO_FICO_V2,Auto prepayment by FICO,Auto Loan,fico_band,Subprime,Baseline,37,0.12673365225006294,0.011229364249434437,0.7107619327690523,V2,SYNTHETIC_DEMO
PP_AUTO_FICO_V2,Auto prepayment by FICO,Auto Loan,fico_band,Subprime,Baseline,38,0.12568410053898088,0.01113038769876562,0.7028508768958087,V2,SYNTHETIC_DEMO
PP_AUTO_FICO_V2,Auto prepayment by FICO,Auto Loan,fico_band,Subprime,Baseline,39,0.12463674130492065,0.011031726419005627,0.695097218308536,V2,SYNTHETIC_DEMO
PP_AUTO_FICO_V2,Auto prepayment by FICO,Auto Loan,fico_band,Subprime,Baseline,40,0.12359884366776888,0.01093406311193268,0.6874969814546216,V2,SYNTHETIC_DEMO
PP_AUTO_FICO_V2,Auto prepayment by FICO,Auto Loan,fico_band,Subprime,Baseline,41,0.12257761107989344,0.010838071366985669,0.6800458401050291,V2,SYNTHETIC_DEMO
PP_AUTO_FICO_V2,Auto prepayment by FICO,Auto Loan,fico_band,Subprime,Baseline,42,0.1215801313311108,0.010744411111218821,0.6727391480244665,V2,SYNTHETIC_DEMO
PP_AUTO_FICO_V2,Auto prepayment by FICO,Auto Loan,fico_band,Subprime,Baseline,43,0.12061332735640128,0.01065372420997135,0.6655719706761628,V2,SYNTHETIC_DEMO
PP_AUTO_FICO_V2,Auto prepayment by FICO,Auto Loan,fico_band,Subprime,Baseline,44,0.11968390918778686,0.010566630243389996,0.6585391177616634,V2,SYNTHETIC_DEMO
PP_AUTO_FICO_V2,Auto prepayment by FICO,Auto Loan,fico_band,Subprime,Baseline,45,0.11879832738384648,0.010483722481423374,0.6516351764078887,V2,SYNTHETIC_DEMO
PP_AUTO_FICO_V2,Auto prepayment by FICO,Auto Loan,fico_band,Subprime,Baseline,46,0.11796272826008768,0.010405564077434093,0.6448545448246663,V2,SYNTHETIC_DEMO
PP_AUTO_FICO_V2,Auto prepayment by FICO,Auto Loan,fico_band,Subprime,Baseline,47,0.117182911230895,0.010332684498185807,0.6381914662657718,V2,SYNTHETIC_DEMO
PP_AUTO_FICO_V2,Auto prepayment by FICO,Auto Loan,fico_band,Subprime,Baseline,48,0.1164642885591201,0.010265576205692906,0.6316400631349977,V2,SYNTHETIC_DEMO
PP_AUTO_FICO_V2,Auto prepayment by FICO,Auto Loan,fico_band,Subprime,Baseline,49,0.11581184779266876,0.01020469160429105,0.6251943710857901,V2,SYNTHETIC_DEMO
PP_AUTO_FICO_V2,Auto prepayment by FICO,Auto Loan,fico_band,Subprime,Baseline,50,0.11523011714879063,0.01015044026432188,0.6188483729684935,V2,SYNTHETIC_DEMO
PP_AUTO_FICO_V2,Auto prepayment by FICO,Auto Loan,fico_band,Subprime,Baseline,51,0.11472313408631986,0.010103186432033229,0.6125960324832324,V2,SYNTHETIC_DEMO
PP_AUTO_FICO_V2,Auto prepayment by FICO,Auto Loan,fico_band,Subprime,Baseline,52,0.1142944172839884,0.010063246833676431,0.6064313273990227,V2,SYNTHETIC_DEMO
PP_AUTO_FICO_V2,Auto prepayment by FICO,Auto Loan,fico_band,Subprime,Baseline,53,0.11394694221929455,0.01003088878033942,0.6003482822009695,V2,SYNTHETIC_DEMO
PP_AUTO_FICO_V2,Auto prepayment by FICO,Auto Loan,fico_band,Subprime,Baseline,54,0.11368312051741979,0.010006328578778478,0.5943410000275613,V2,SYNTHETIC_DEMO
PP_AUTO_FICO_V2,Auto prepayment by FICO,Auto Loan,fico_band,Subprime,Baseline,55,0.11350478321352112,0.009989730252382145,0.5884036937593549,V2,SYNTHETIC_DEMO
PP_AUTO_FICO_V2,Auto prepayment by FICO,Auto Loan,fico_band,Subprime,Baseline,56,0.1134131680445661,0.009981204575410407,0.5825307161190156,V2,SYNTHETIC_DEMO
PP_AUTO_FICO_V2,Auto prepayment by FICO,Auto Loan,fico_band,Subprime,Baseline,57,0.11340891085891025,0.009980808422773269,0.5767165886410508,V2,SYNTHETIC_DEMO
PP_AUTO_FICO_V2,Auto prepayment by FICO,Auto Loan,fico_band,Subprime,Baseline,58,0.11349204120323808,0.009988544436815405,0.5709560293679611,V2,SYNTHETIC_DEMO
PP_AUTO_FICO_V2,Auto prepayment by FICO,Auto Loan,fico_band,Subprime,Baseline,59,0.11366198211749666,0.010004361011846763,0.5652439791282734,V2,SYNTHETIC_DEMO
PP_AUTO_FICO_V2,Auto prepayment by FICO,Auto Loan,fico_band,Subprime,Baseline,60,0.11391755413924447,0.010028152596449402,0.5595756262513508,V2,SYNTHETIC_DEMO
PP_AUTO_FICO_V2,Auto prepayment by FICO,Auto Loan,fico_band,Prime,Downside,1,0.007579233082010567,0.0006338075114583619,0.9993661924885416,V2,SYNTHETIC_DEMO
PP_AUTO_FICO_V2,Auto prepayment by FICO,Auto Loan,fico_band,Prime,Downside,2,0.015282730519482432,0.0012825697262663915,0.9980844356646017,V2,SYNTHETIC_DEMO
PP_AUTO_FICO_V2,Auto prepayment by FICO,Auto Loan,fico_band,Prime,Downside,3,0.02310789592811895,0.0019463591310782125,0.9961418049096589,V2,SYNTHETIC_DEMO
PP_AUTO_FICO_V2,Auto prepayment by FICO,Auto Loan,fico_band,Prime,Downside,4,0.031050432055033765,0.0026251078549555107,0.993526825232941,V2,SYNTHETIC_DEMO
PP_AUTO_FICO_V2,Auto prepayment by FICO,Auto Loan,fico_band,Prime,Downside,5,0.039104385568050556,0.0033186060247434312,0.9902297011249788,V2,SYNTHETIC_DEMO
PP_AUTO_FICO_V2,Auto prepayment by FICO,Auto Loan,fico_band,Prime,Downside,6,0.04726220917910495,0.004026501316034992,0.9862425399302222,V2,SYNTHETIC_DEMO
PP_AUTO_FICO_V2,Auto prepayment by FICO,Auto Loan,fico_band,Prime,Downside,7,0.05551484052619194,0.004748299739783857,0.9815595647345077,V2,SYNTHETIC_DEMO
PP_AUTO_FICO_V2,Auto prepayment by FICO,Auto Loan,fico_band,Prime,Downside,8,0.06385179708245935,0.005483367704581021,0.9761773127171198,V2,SYNTHETIC_DEMO
PP_AUTO_FICO_V2,Auto prepayment by FICO,Auto Loan,fico_band,Prime,Downside,9,0.07226128621155783,0.006230935393782722,0.970094814948703,V2,SYNTHETIC_DEMO
PP_AUTO_FICO_V2,Auto prepayment by FICO,Auto Loan,fico_band,Prime,Downside,10,0.08073032934652355,0.006990101494678713,0.96331375373275,V2,SYNTHETIC_DEMO
PP_AUTO_FICO_V2,Auto prepayment by FICO,Auto Loan,fico_band,Prime,Downside,11,0.08924489913653001,0.007759839313326022,0.9558385937954669,V2,SYNTHETIC_DEMO
PP_AUTO_FICO_V2,Auto prepayment by FICO,Auto Loan,fico_band,Prime,Downside,12,0.09779006828296724,0.008539004303175668,0.947676683929906,V2,SYNTHETIC_DEMO
PP_AUTO_FICO_V2,Auto prepayment by FICO,Auto Loan,fico_band,Prime,Downside,13,0.10635016867456645,0.009326343027836081,0.9388383260960935,V2,SYNTHETIC_DEMO
PP_AUTO_FICO_V2,Auto prepayment by FICO,Auto Loan,fico_band,Prime,Downside,14,0.11490895933168033,0.010120503567948802,0.929336809467111,V2,SYNTHETIC_DEMO
PP_AUTO_FICO_V2,Auto prepayment by FICO,Auto Loan,fico_band,Prime,Downside,15,0.12344980158323425,0.010920047368959462,0.9191884074860125,V2,SYNTHETIC_DEMO
PP_AUTO_FICO_V2,Auto prepayment by FICO,Auto Loan,fico_band,Prime,Downside,16,0.13195583982706277,0.011723462510405791,0.9084123366508506,V2,SYNTHETIC_DEMO
PP_AUTO_FICO_V2,Auto prepayment by FICO,Auto Loan,fico_band,Prime,Downside,17,0.1404101861660015,0.012529178358178572,0.8970306764621824,V2,SYNTHETIC_DEMO
PP_AUTO_FICO_V2,Auto prepayment by FICO,Auto Loan,fico_band,Prime,Downside,18,0.14879610716875286,0.013335581539123509,0.8850682507331258,V2,SYNTHETIC_DEMO
PP_AUTO_FICO_V2,Auto prepayment by FICO,Auto Loan,fico_band,Prime,Downside,19,0.1488289367146817,0.013338752764972317,0.8732625441564701,V2,SYNTHETIC_DEMO
PP_AUTO_FICO_V2,Auto prepayment by FICO,Auto Loan,fico_band,Prime,Downside,20,0.1487678696683814,0.013332853979417303,0.8616194621695374,V2,SYNTHETIC_DEMO
PP_AUTO_FICO_V2,Auto prepayment by FICO,Auto Loan,fico_band,Prime,Downside,21,0.14861332986120435,0.013317927903558568,0.8501444762920606,V2,SYNTHETIC_DEMO
PP_AUTO_FICO_V2,Auto prepayment by FICO,Auto Loan,fico_band,Prime,Downside,22,0.14836638986533898,0.013294082600060486,0.8388425854022488,V2,SYNTHETIC_DEMO
PP_AUTO_FICO_V2,Auto prepayment by FICO,Auto Loan,fico_band,Prime,Downside,23,0.14802876354970082,0.01326149059469528,0.8277182823455069,V2,SYNTHETIC_DEMO
PP_AUTO_FICO_V2,Auto prepayment by FICO,Auto Loan,fico_band,Prime,Downside,24,0.14760279418495148,0.013220387477099749,0.8167755259310199,V2,SYNTHETIC_DEMO
PP_AUTO_FICO_V2,Auto prepayment by FICO,Auto Loan,fico_band,Prime,Downside,25,0.14709143818020035,0.013171069996502749,0.8060177183075521,V2,SYNTHETIC_DEMO
PP_AUTO_FICO_V2,Auto prepayment by FICO,Auto Loan,fico_band,Prime,Downside,26,0.14649824456426422,0.013113893673677435,0.7954476876505667,V2,SYNTHETIC_DEMO
PP_AUTO_FICO_V2,Auto prepayment by FICO,Auto Loan,fico_band,Prime,Downside,27,0.14582733035389356,0.013049269955465181,0.7850676760389639,V2,SYNTHETIC_DEMO
PP_AUTO_FICO_V2,Auto prepayment by FICO,Auto Loan,fico_band,Prime,Downside,28,0.1450833519799195,0.012977662942807,0.7748793323520374,V2,SYNTHETIC_DEMO
PP_AUTO_FICO_V2,Auto prepayment by FICO,Auto Loan,fico_band,Prime,Downside,29,0.14427147296963783,0.012899585727243146,0.7648837099760933,V2,SYNTHETIC_DEMO
PP_AUTO_FICO_V2,Auto prepayment by FICO,Auto Loan,fico_band,Prime,Downside,30,0.14339732810972655,0.012815596374232574,0.7550812690758142,V2,SYNTHETIC_DEMO
PP_AUTO_FICO_V2,Auto prepayment by FICO,Auto Loan,fico_band,Prime,Downside,31,0.14246698433842261,0.012726293594371607,0.7454718831579447,V2,SYNTHETIC_DEMO
PP_AUTO_FICO_V2,Auto prepayment by FICO,Auto Loan,fico_band,Prime,Downside,32,0.1414868986383825,0.012632312145631763,0.7360548496341016,V2,SYNTHETIC_DEMO
PP_AUTO_FICO_V2,Auto prepayment by FICO,Auto Loan,fico_band,Prime,Downside,33,0.14046387322246806,0.012534318011083845,0.7268289040751873,V2,SYNTHETIC_DEMO
PP_AUTO_FICO_V2,Auto prepayment by FICO,Auto Loan,fico_band,Prime,Downside,34,0.13940500832348707,0.012433003397254838,0.7177922378415975,V2,SYNTHETIC_DEMO
PP_AUTO_FICO_V2,Auto prepayment by FICO,Auto Loan,fico_band,Prime,Downside,35,0.13831765291554915,0.012329081598294489,0.7089425187706261,V2,SYNTHETIC_DEMO
PP_AUTO_FICO_V2,Auto prepayment by FICO,Auto Loan,fico_band,Prime,Downside,36,0.13720935370905,0.012223281770563643,0.7002769146045597,V2,SYNTHETIC_DEMO
PP_AUTO_FICO_V2,Auto prepayment by FICO,Auto Loan,fico_band,Prime,Downside,37,0.13608780277328186,0.012116343661147888,0.6917921188492425,V2,SYNTHETIC_DEMO
PP_AUTO_FICO_V2,Auto prepayment by FICO,Auto Loan,fico_band,Prime,Downside,38,0.13496078415019136,0.012009012332215518,0.6834843787626524,V2,SYNTHETIC_DEMO
PP_AUTO_FICO_V2,Auto prepayment by FICO,Auto Loan,fico_band,Prime,Downside,39,0.13383611982980764,0.011902032921148886,0.6753495251855284,V2,SYNTHETIC_DEMO
PP_AUTO_FICO_V2,Auto prepayment by FICO,Auto Loan,fico_band,Prime,Downside,40,0.13272161546229466,0.01179614547405694,0.6673830039406046,V2,SYNTHETIC_DEMO
PP_AUTO_FICO_V2,Auto prepayment by FICO,Auto Loan,fico_band,Prime,Downside,41,0.1316250061834094,0.011692079887703377,0.6595799085428355,V2,SYNTHETIC_DEMO
PP_AUTO_FICO_V2,Auto prepayment by FICO,Auto Loan,fico_band,Prime,Downside,42,0.13055390292935942,0.011590550992134574,0.6519350139794824,V2,SYNTHETIC_DEMO
PP_AUTO_FICO_V2,Auto prepayment by FICO,Auto Loan,fico_band,Prime,Downside,43,0.12951573961365945,0.01149225380343255,0.6444428113354859,V2,SYNTHETIC_DEMO
PP_AUTO_FICO_V2,Auto prepayment by FICO,Auto Loan,fico_band,Prime,Downside,44,0.1285177215325997,0.011397858973122621,0.6370975430556414,V2,SYNTHETIC_DEMO
PP_AUTO_FICO_V2,Auto prepayment by FICO,Auto Loan,fico_band,Prime,Downside,45,0.1275667753574161,0.01130800845789326,0.6298932386502651,V2,SYNTHETIC_DEMO
PP_AUTO_FICO_V2,Auto prepayment by FICO,Auto Loan,fico_band,Prime,Downside,46,0.126669501060237,0.011223311430486937,0.6228237506649352,V2,SYNTHETIC_DEMO
PP_AUTO_FICO_V2,Auto prepayment by FICO,Auto Loan,fico_band,Prime,Downside,47,0.12583212610746103,0.011144340449944501,0.6158827907472139,V2,SYNTHETIC_DEMO
PP_AUTO_FICO_V2,Auto prepayment by FICO,Auto Loan,fico_band,Prime,Downside,48,0.12506046223848372,0.011071627906867776,0.6090639656538174,V2,SYNTHETIC_DEMO
PP_AUTO_FICO_V2,Auto prepayment by FICO,Auto Loan,fico_band,Prime,Downside,49,0.12435986512974667,0.01100566275702819,0.6023608130503733,V2,SYNTHETIC_DEMO
PP_AUTO_FICO_V2,Auto prepayment by FICO,Auto Loan,fico_band,Prime,Downside,50,0.1237351972240585,0.010946887554523443,0.5957668369626595,V2,SYNTHETIC_DEMO
PP_AUTO_FICO_V2,Auto prepayment by FICO,Auto Loan,fico_band,Prime,Downside,51,0.12319079398316726,0.010895695793765259,0.5892755427431007,V2,SYNTHETIC_DEMO
PP_AUTO_FICO_V2,Auto prepayment by FICO,Auto Loan,fico_band,Prime,Downside,52,0.12273043379780658,0.010852429567884236,0.5828804714194045,V2,SYNTHETIC_DEMO
PP_AUTO_FICO_V2,Auto prepayment by FICO,Auto Loan,fico_band,Prime,Downside,53,0.122357311764052,0.010817377549652396,0.5765752332937414,V2,SYNTHETIC_DEMO
PP_AUTO_FICO_V2,Auto prepayment by FICO,Auto Loan,fico_band,Prime,Downside,54,0.12207401750799124,0.010790773299736323,0.5703535406610261,V2,SYNTHETIC_DEMO
PP_AUTO_FICO_V2,Auto prepayment by FICO,Auto Loan,fico_band,Prime,Downside,55,0.12188251721261434,0.01077279390599084,0.5642092395139326,V2,SYNTHETIC_DEMO
PP_AUTO_FICO_V2,Auto prepayment by FICO,Auto Loan,fico_band,Prime,Downside,56,0.12178413997166503,0.01076355895656611,0.5581363401005851,V2,SYNTHETIC_DEMO
PP_AUTO_FICO_V2,Auto prepayment by FICO,Auto Loan,fico_band,Prime,Downside,57,0.12177956856516314,0.010763129848784914,0.5521290461987569,V2,SYNTHETIC_DEMO
PP_AUTO_FICO_V2,Auto prepayment by FICO,Auto Loan,fico_band,Prime,Downside,58,0.12186883472061992,0.010771509435050453,0.5461817829682616,V2,SYNTHETIC_DEMO
PP_AUTO_FICO_V2,Auto prepayment by FICO,Auto Loan,fico_band,Prime,Downside,59,0.1220513188928357,0.010788642006407945,0.5402892232413954,V2,SYNTHETIC_DEMO
PP_AUTO_FICO_V2,Auto prepayment by FICO,Auto Loan,fico_band,Prime,Downside,60,0.12232575456380773,0.01081441361378932,0.53444631211019,V2,SYNTHETIC_DEMO
PP_AUTO_FICO_V2,Auto prepayment by FICO,Auto Loan,fico_band,Near Prime,Downside,1,0.006683505535954773,0.0005586722325469085,0.9994413277674531,V2,SYNTHETIC_DEMO
PP_AUTO_FICO_V2,Auto prepayment by FICO,Auto Loan,fico_band,Near Prime,Downside,2,0.013476589639907235,0.0011300462726244742,0.9983119128203026,V2,SYNTHETIC_DEMO
PP_AUTO_FICO_V2,Auto prepayment by FICO,Auto Loan,fico_band,Near Prime,Downside,3,0.02037696277297762,0.0017141489329386417,0.9966006575202018,V2,SYNTHETIC_DEMO
PP_AUTO_FICO_V2,Auto prepayment by FICO,Auto Loan,fico_band,Near Prime,Downside,4,0.027380835539438864,0.002310882194971109,0.9942976308052418,V2,SYNTHETIC_DEMO
PP_AUTO_FICO_V2,Auto prepayment by FICO,Auto Loan,fico_band,Near Prime,Downside,5,0.034482958182735494,0.0029200222925143127,0.9913942595578963,V2,SYNTHETIC_DEMO
PP_AUTO_FICO_V2,Auto prepayment by FICO,Auto Loan,fico_band,Near Prime,Downside,6,0.04167667536702891,0.003541219900018322,0.9878835144771859,V2,SYNTHETIC_DEMO
PP_AUTO_FICO_V2,Auto prepayment by FICO,Auto Loan,fico_band,Near Prime,Downside,7,0.0489539957367329,0.004174001455163445,0.9837600872502261,V2,SYNTHETIC_DEMO
PP_AUTO_FICO_V2,Auto prepayment by FICO,Auto Loan,fico_band,Near Prime,Downside,8,0.056305675609077795,0.0048177716431778705,0.9790205557981818,V2,SYNTHETIC_DEMO
PP_AUTO_FICO_V2,Auto prepayment by FICO,Auto Loan,fico_band,Near Prime,Downside,9,0.06372131602291918,0.0054718170677579,0.9736635344112795,V2,SYNTHETIC_DEMO
PP_AUTO_FICO_V2,Auto prepayment by FICO,Auto Loan,fico_band,Near Prime,Downside,10,0.0711894722419344,0.006135311129743415,0.9676898056919807,V2,SYNTHETIC_DEMO
PP_AUTO_FICO_V2,Auto prepayment by FICO,Auto Loan,fico_band,Near Prime,Downside,11,0.07869777469312192,0.006807320129649463,0.9611024313984371,V2,SYNTHETIC_DEMO
PP_AUTO_FICO_V2,Auto prepayment by FICO,Auto Loan,fico_band,Near Prime,Downside,12,0.08623306021316202,0.007486810603525074,0.9539068395239696,V2,SYNTHETIC_DEMO
PP_AUTO_FICO_V2,Auto prepayment by FICO,Auto Loan,fico_band,Near Prime,Downside,13,0.09378151237666314,0.008172657893154467,0.9461108852626,V2,SYNTHETIC_DEMO
PP_AUTO_FICO_V2,Auto prepayment by FICO,Auto Loan,fico_band,Near Prime,Downside,14,0.10132880959248175,0.008863655941174997,0.9377248838934318,V2,SYNTHETIC_DEMO
PP_AUTO_FICO_V2,Auto prepayment by FICO,Auto Loan,fico_band,Near Prime,Downside,15,0.10886027957794292,0.009558528289134505,0.928761614063311,V2,SYNTHETIC_DEMO
PP_AUTO_FICO_V2,Auto prepayment by FICO,Auto Loan,fico_band,Near Prime,Downside,16,0.11636105875659172,0.010255940241826078,0.9192362904505758,V2,SYNTHETIC_DEMO
PP_AUTO_FICO_V2,Auto prepayment by FICO,Auto Loan,fico_band,Near Prime,Downside,17,0.12381625507365589,0.010954512144470074,0.9091665053431973,V2,SYNTHETIC_DEMO
PP_AUTO_FICO_V2,Auto prepayment by FICO,Auto Loan,fico_band,Near Prime,Downside,18,0.13121111268517296,0.011652833700628862,0.8985721392502511,V2,SYNTHETIC_DEMO
PP_AUTO_FICO_V2,Auto prepayment by FICO,Auto Loan,fico_band,Near Prime,Downside,19,0.13124006237567384,0.011655578209103234,0.8880987614046987,V2,SYNTHETIC_DEMO
PP_AUTO_FICO_V2,Auto prepayment by FICO,Auto Loan,fico_band,Near Prime,Downside,20,0.13118621234393632,0.011650473148410723,0.8777519906318164,V2,SYNTHETIC_DEMO
PP_AUTO_FICO_V2,Auto prepayment by FICO,Auto Loan,fico_band,Near Prime,Downside,21,0.13104993633215292,0.011637555281565515,0.8675371033173345,V2,SYNTHETIC_DEMO
PP_AUTO_FICO_V2,Auto prepayment by FICO,Auto Loan,fico_band,Near Prime,Downside,22,0.13083218015398074,0.011616917606108057,0.8574589962678554,V2,SYNTHETIC_DEMO
PP_AUTO_FICO_V2,Auto prepayment by FICO,Auto Loan,fico_band,Near Prime,Downside,23,0.1305344551301907,0.011588708613074705,0.8475221538124477,V2,SYNTHETIC_DEMO
PP_AUTO_FICO_V2,Auto prepayment by FICO,Auto Loan,fico_band,Near Prime,Downside,24,0.1301588275994572,0.011553131106174619,0.837730619254065,V2,SYNTHETIC_DEMO
PP_AUTO_FICO_V2,Auto prepayment by FICO,Auto Loan,fico_band,Near Prime,Downside,25,0.12970790457708575,0.011510440593825888,0.8280879707275121,V2,SYNTHETIC_DEMO
PP_AUTO_FICO_V2,Auto prepayment by FICO,Auto Loan,fico_band,Near Prime,Downside,26,0.1291848156612148,0.011460943271136559,0.8185973014714935,V2,SYNTHETIC_DEMO
PP_AUTO_FICO_V2,Auto prepayment by FICO,Auto Loan,fico_band,Near Prime,Downside,27,0.12859319131206978,0.011404993613046921,0.8092612044765536,V2,SYNTHETIC_DEMO
PP_AUTO_FICO_V2,Auto prepayment by FICO,Auto Loan,fico_band,Near Prime,Downside,28,0.12793713765501993,0.011342991603607522,0.8000817614290507,V2,SYNTHETIC_DEMO
PP_AUTO_FICO_V2,Auto prepayment by FICO,Auto Loan,fico_band,Near Prime,Downside,29,0.127221207982317,0.011275379629685944,0.7910605358341504,V2,SYNTHETIC_DEMO
PP_AUTO_FICO_V2,Auto prepayment by FICO,Auto Loan,fico_band,Near Prime,Downside,30,0.1264503711513043,0.011202639070244103,0.7821985701684865,V2,SYNTHETIC_DEMO
PP_AUTO_FICO_V2,Auto prepayment by FICO,Auto Loan,fico_band,Near Prime,Downside,31,0.12562997709842721,0.011125286614664609,0.7734963868857813,V2,SYNTHETIC_DEMO
PP_AUTO_FICO_V2,Auto prepayment by FICO,Auto Loan,fico_band,Near Prime,Downside,32,0.12476571970839186,0.011043870345412321,0.7649539930763698,V2,SYNTHETIC_DEMO
PP_AUTO_FICO_V2,Auto prepayment by FICO,Auto Loan,fico_band,Near Prime,Downside,33,0.1238635972961764,0.010958965621595373,0.7565708885641438,V2,SYNTHETIC_DEMO
PP_AUTO_FICO_V2,Auto prepayment by FICO,Auto Loan,fico_band,Near Prime,Downside,34,0.12292987097616587,0.010871170800740404,0.748346077211695,V2,SYNTHETIC_DEMO
PP_AUTO_FICO_V2,Auto prepayment by FICO,Auto Loan,fico_band,Near Prime,Downside,35,0.12197102120734789,0.010781102836343037,0.7402780811961018,V2,SYNTHETIC_DEMO
PP_AUTO_FICO_V2,Auto prepayment by FICO,Auto Loan,fico_band,Near Prime,Downside,36,0.12099370281616227,0.010689392788523544,0.7323649580134621,V2,SYNTHETIC_DEMO
PP_AUTO_FICO_V2,Auto prepayment by FICO,Auto Loan,fico_band,Near Prime,Downside,37,0.12000469880916674,0.010596681284450571,0.7246043199694935,V2,SYNTHETIC_DEMO
PP_AUTO_FICO_V2,Auto prepayment by FICO,Auto Loan,fico_band,Near Prime,Downside,38,0.11901087329607785,0.010503613964139125,0.7169933559157864,V2,SYNTHETIC_DEMO
PP_AUTO_FICO_V2,Auto prepayment by FICO,Auto Loan,fico_band,Near Prime,Downside,39,0.11801912384992129,0.01041083694582945,0.7095288549961041,V2,SYNTHETIC_DEMO
PP_AUTO_FICO_V2,Auto prepayment by FICO,Auto Loan,fico_band,Near Prime,Downside,40,0.11703633363493257,0.010318992343473665,0.7022072321739257,V2,SYNTHETIC_DEMO
PP_AUTO_FICO_V2,Auto prepayment by FICO,Auto Loan,fico_band,Near Prime,Downside,41,0.116069323634461,0.010228713866947237,0.6950245553207176,V2,SYNTHETIC_DEMO
PP_AUTO_FICO_V2,Auto prepayment by FICO,Auto Loan,fico_band,Near Prime,Downside,42,0.11512480531043513,0.010140622533520216,0.6879765736536825,V2,SYNTHETIC_DEMO
PP_AUTO_FICO_V2,Auto prepayment by FICO,Auto Loan,fico_band,Near Prime,Downside,43,0.11420933402295425,0.010055322516928422,0.6810587473215033,V2,SYNTHETIC_DEMO
PP_AUTO_FICO_V2,Auto prepayment by FICO,Auto Loan,fico_band,Near Prime,Downside,44,0.11332926353329247,0.009973397158121733,0.6742662779464531,V2,SYNTHETIC_DEMO
PP_AUTO_FICO_V2,Auto prepayment by FICO,Auto Loan,fico_band,Near Prime,Downside,45,0.1124907019060851,0.009895405159486947,0.6675941399407938,V2,SYNTHETIC_DEMO
PP_AUTO_FICO_V2,Auto prepayment by FICO,Auto Loan,fico_band,Near Prime,Downside,46,0.11169946911675445,0.009821876982092692,0.6610371124243293,V2,SYNTHETIC_DEMO
PP_AUTO_FICO_V2,Auto prepayment by FICO,Auto Loan,fico_band,Near Prime,Downside,47,0.11096105665839746,0.00975331146330971,0.654589811578048,V2,SYNTHETIC_DEMO
PP_AUTO_FICO_V2,Auto prepayment by FICO,Auto Loan,fico_band,Near Prime,Downside,48,0.1102805894284811,0.009690172670062558,0.6482467232757929,V2,SYNTHETIC_DEMO
PP_AUTO_FICO_V2,Auto prepayment by FICO,Auto Loan,fico_band,Near Prime,Downside,49,0.10966279015986752,0.009632887000988188,0.6420022358417163,V2,SYNTHETIC_DEMO
PP_AUTO_FICO_V2,Auto prepayment by FICO,Auto Loan,fico_band,Near Prime,Downside,50,0.1091119466430334,0.009581840548926301,0.6358506727858269,V2,SYNTHETIC_DEMO
PP_AUTO_FICO_V2,Auto prepayment by FICO,Auto Loan,fico_band,Near Prime,Downside,51,0.10863188196697476,0.009537376733465441,0.629786325373241,V2,SYNTHETIC_DEMO
PP_AUTO_FICO_V2,Auto prepayment by FICO,Auto Loan,fico_band,Near Prime,Downside,52,0.10822592798533853,0.009499794211713763,0.6238034848848438,V2,SYNTHETIC_DEMO
PP_AUTO_FICO_V2,Auto prepayment by FICO,Auto Loan,fico_band,Near Prime,Downside,53,0.10789690219193676,0.009469345074058833,0.6178964744280688,V2,SYNTHETIC_DEMO
PP_AUTO_FICO_V2,Auto prepayment by FICO,Auto Loan,fico_band,Near Prime,Downside,54,0.10764708816613773,0.009446233330417164,0.6120596801565792,V2,SYNTHETIC_DEMO
PP_AUTO_FICO_V2,Auto prepayment by FICO,Auto Loan,fico_band,Near Prime,Downside,55,0.10747821972385083,0.009430613691342349,0.606287581756976,V2,SYNTHETIC_DEMO
PP_AUTO_FICO_V2,Auto prepayment by FICO,Auto Loan,fico_band,Near Prime,Downside,56,0.10739146888410461,0.00942259064734663,0.6005747820595103,V2,SYNTHETIC_DEMO
PP_AUTO_FICO_V2,Auto prepayment by FICO,Auto Loan,fico_band,Near Prime,Downside,57,0.10738743773473478,0.009422217848867431,0.5949160356284096,V2,SYNTHETIC_DEMO
PP_AUTO_FICO_V2,Auto prepayment by FICO,Auto Loan,fico_band,Near Prime,Downside,58,0.10746615425363756,0.00942949778847424,0.5893062761861236,V2,SYNTHETIC_DEMO
PP_AUTO_FICO_V2,Auto prepayment by FICO,Auto Loan,fico_band,Near Prime,Downside,59,0.10762707211459148,0.009444381786112399,0.5837406427248697,V2,SYNTHETIC_DEMO
PP_AUTO_FICO_V2,Auto prepayment by FICO,Auto Loan,fico_band,Near Prime,Downside,60,0.10786907447899409,0.009466770277424041,0.5782145041585975,V2,SYNTHETIC_DEMO
PP_AUTO_FICO_V2,Auto prepayment by FICO,Auto Loan,fico_band,Subprime,Downside,1,0.005787777989898979,0.000483599035425053,0.999516400964575,V2,SYNTHETIC_DEMO
PP_AUTO_FICO_V2,Auto prepayment by FICO,Auto Loan,fico_band,Subprime,Downside,2,0.01167044876033204,0.0009777785764216729,0.9985390952409297,V2,SYNTHETIC_DEMO
PP_AUTO_FICO_V2,Auto prepayment by FICO,Auto Loan,fico_band,Subprime,Downside,3,0.01764602961783629,0.0014825313746373858,0.9970587297034329,V2,SYNTHETIC_DEMO
PP_AUTO_FICO_V2,Auto prepayment by FICO,Auto Loan,fico_band,Subprime,Downside,4,0.023711239023843967,0.001997741408965248,0.995066864191934,V2,SYNTHETIC_DEMO
PP_AUTO_FICO_V2,Auto prepayment by FICO,Auto Loan,fico_band,Subprime,Downside,5,0.029861530797420426,0.0025231835674052183,0.9925561278317355,V2,SYNTHETIC_DEMO
PP_AUTO_FICO_V2,Auto prepayment by FICO,Auto Loan,fico_band,Subprime,Downside,6,0.036091141554952876,0.0030585243240508486,0.9895203707717765,V2,SYNTHETIC_DEMO
PP_AUTO_FICO_V2,Auto prepayment by FICO,Auto Loan,fico_band,Subprime,Downside,7,0.04239315094727385,0.0036033234305195005,0.9859548088347981,V2,SYNTHETIC_DEMO
PP_AUTO_FICO_V2,Auto prepayment by FICO,Auto Loan,fico_band,Subprime,Downside,8,0.048759554135696236,0.00415703663794742,0.9818561585711114,V2,SYNTHETIC_DEMO
PP_AUTO_FICO_V2,Auto prepayment by FICO,Auto Loan,fico_band,Subprime,Downside,9,0.055181345834280526,0.004719019461815077,0.9772227602501113,V2,SYNTHETIC_DEMO
PP_AUTO_FICO_V2,Auto prepayment by FICO,Auto Loan,fico_band,Subprime,Downside,10,0.06164861513734526,0.005288531997140633,0.9720546864141946,V2,SYNTHETIC_DEMO
PP_AUTO_FICO_V2,Auto prepayment by FICO,Auto Loan,fico_band,Subprime,Downside,11,0.06815065024971383,0.005864744785798237,0.9663538337605362,V2,SYNTHETIC_DEMO
PP_AUTO_FICO_V2,Auto prepayment by FICO,Auto Loan,fico_band,Subprime,Downside,12,0.0746760521433568,0.006446745730726566,0.9601239963083692,V2,SYNTHETIC_DEMO
PP_AUTO_FICO_V2,Auto prepayment by FICO,Auto Loan,fico_band,Subprime,Downside,13,0.08121285607875983,0.007033548043453797,0.9533709180526614,V2,SYNTHETIC_DEMO
PP_AUTO_FICO_V2,Auto prepayment by FICO,Auto Loan,fico_band,Subprime,Downside,14,0.08774865985328316,0.007624099201611667,0.9461023235974964,V2,SYNTHETIC_DEMO
PP_AUTO_FICO_V2,Auto prepayment by FICO,Auto Loan,fico_band,Subprime,Downside,15,0.0942707575726516,0.008217290881899153,0.9383279256004551,V2,SYNTHETIC_DEMO
PP_AUTO_FICO_V2,Auto prepayment by FICO,Auto Loan,fico_band,Subprime,Downside,16,0.10076627768612066,0.008811969821333032,0.9300594082375498,V2,SYNTHETIC_DEMO
PP_AUTO_FICO_V2,Auto prepayment by FICO,Auto Loan,fico_band,Subprime,Downside,17,0.10722232398131025,0.009406949545694987,0.9213103863097603,V2,SYNTHETIC_DEMO
PP_AUTO_FICO_V2,Auto prepayment by FICO,Auto Loan,fico_band,Subprime,Downside,18,0.11362611820159309,0.010001022889033151,0.9120963400483724,V2,SYNTHETIC_DEMO
PP_AUTO_FICO_V2,Auto prepayment by FICO,Auto Loan,fico_band,Subprime,Downside,19,0.11365118803666602,0.010003356313010303,0.9029723153670759,V2,SYNTHETIC_DEMO
PP_AUTO_FICO_V2,Auto prepayment by FICO,Auto Loan,fico_band,Subprime,Downside,20,0.11360455501949125,0.009999015902041997,0.8939434808266168,V2,SYNTHETIC_DEMO
PP_AUTO_FICO_V2,Auto prepayment by FICO,Auto Loan,fico_band,Subprime,Downside,21,0.11348654280310151,0.009988032741498731,0.8850147440710712,V2,SYNTHETIC_DEMO
PP_AUTO_FICO_V2,Auto prepayment by FICO,Auto Loan,fico_band,Subprime,Downside,22,0.11329797044262249,0.009970485471193613,0.8761907174235184,V2,SYNTHETIC_DEMO
PP_AUTO_FICO_V2,Auto prepayment by FICO,Auto Loan,fico_band,Subprime,Downside,23,0.11304014671068063,0.00994649967092387,0.8674756867409988,V2,SYNTHETIC_DEMO
PP_AUTO_FICO_V2,Auto prepayment by FICO,Auto Loan,fico_band,Subprime,Downside,24,0.11271486101396294,0.00991624688095516,0.858873583668049,V2,SYNTHETIC_DEMO
PP_AUTO_FICO_V2,Auto prepayment by FICO,Auto Loan,fico_band,Subprime,Downside,25,0.11232437097397117,0.00987994326741315,0.8503879613875288,V2,SYNTHETIC_DEMO
PP_AUTO_FICO_V2,Auto prepayment by FICO,Auto Loan,fico_band,Subprime,Downside,26,0.11187138675816541,0.009837847946065681,0.8420219739282335,V2,SYNTHETIC_DEMO
PP_AUTO_FICO_V2,Auto prepayment by FICO,Auto Loan,fico_band,Subprime,Downside,27,0.11135905227024599,0.009790260981267562,0.8337783590515141,V2,SYNTHETIC_DEMO
PP_AUTO_FICO_V2,Auto prepayment by FICO,Auto Loan,fico_band,Subprime,Downside,28,0.11079092333012036,0.009737521079854927,0.8256594247043231,V2,SYNTHETIC_DEMO
PP_AUTO_FICO_V2,Auto prepayment by FICO,Auto Loan,fico_band,Subprime,Downside,29,0.11017094299499616,0.00968000300246985,0.8176670389941677,V2,SYNTHETIC_DEMO
PP_AUTO_FICO_V2,Auto prepayment by FICO,Auto Loan,fico_band,Subprime,Downside,30,0.10950341419288209,0.009618114717139803,0.8098026236126977,V2,SYNTHETIC_DEMO
PP_AUTO_FICO_V2,Auto prepayment by FICO,Auto Loan,fico_band,Subprime,Downside,31,0.10879296985843182,0.009552294321897525,0.8020671506093044,V2,SYNTHETIC_DEMO
PP_AUTO_FICO_V2,Auto prepayment by FICO,Auto Loan,fico_band,Subprime,Downside,32,0.1080445407784012,0.009483006764795965,0.7944611423942558,V2,SYNTHETIC_DEMO
PP_AUTO_FICO_V2,Auto prepayment by FICO,Auto Loan,fico_band,Subprime,Downside,33,0.10726332136988471,0.009410740390837335,0.7869846748325754,V2,SYNTHETIC_DEMO
PP_AUTO_FICO_V2,Auto prepayment by FICO,Auto Loan,fico_band,Subprime,Downside,34,0.10645473362884467,0.009336003346103405,0.7796373832750064,V2,SYNTHETIC_DEMO
PP_AUTO_FICO_V2,Auto prepayment by FICO,Auto Loan,fico_band,Subprime,Downside,35,0.10562438949914663,0.009259319869750704,0.7724184713608477,V2,SYNTHETIC_DEMO
PP_AUTO_FICO_V2,Auto prepayment by FICO,Auto Loan,fico_band,Subprime,Downside,36,0.10477805192327455,0.009181226504543671,0.7653267224189905,V2,SYNTHETIC_DEMO
PP_AUTO_FICO_V2,Auto prepayment by FICO,Auto Loan,fico_band,Subprime,Downside,37,0.1039215948450516,0.009102268256265478,0.7583605132878444,V2,SYNTHETIC_DEMO
PP_AUTO_FICO_V2,Auto prepayment by FICO,Auto Loan,fico_band,Subprime,Downside,38,0.10306096244196432,0.009022994731694434,0.751517830371723,V2,SYNTHETIC_DEMO
PP_AUTO_FICO_V2,Auto prepayment by FICO,Auto Loan,fico_band,Subprime,Downside,39,0.10220212787003494,0.008943956283913423,0.7447962877502969,V2,SYNTHETIC_DEMO
PP_AUTO_FICO_V2,Auto prepayment by FICO,Auto Loan,fico_band,Subprime,Downside,40,0.10135105180757048,0.008865700192552395,0.7381931471585769,V2,SYNTHETIC_DEMO
PP_AUTO_FICO_V2,Auto prepayment by FICO,Auto Loan,fico_band,Subprime,Downside,41,0.10051364108551263,0.008788766905204914,0.7317053396571805,V2,SYNTHETIC_DEMO
PP_AUTO_FICO_V2,Auto prepayment by FICO,Auto Loan,fico_band,Subprime,Downside,42,0.09969570769151084,0.008713686364737794,0.7253294888160039,V2,SYNTHETIC_DEMO
PP_AUTO_FICO_V2,Auto prepayment by FICO,Auto Loan,fico_band,Subprime,Downside,43,0.09890292843224904,0.00864097444557721,0.7190619352385212,V2,SYNTHETIC_DEMO
PP_AUTO_FICO_V2,Auto prepayment by FICO,Auto Loan,fico_band,Subprime,Downside,44,0.09814080553398523,0.008571129520337117,0.7128987622584476,V2,SYNTHETIC_DEMO
PP_AUTO_FICO_V2,Auto prepayment by FICO,Auto Loan,fico_band,Subprime,Downside,45,0.0974146284547541,0.008504629176399159,0.7068358226451256,V2,SYNTHETIC_DEMO
PP_AUTO_FICO_V2,Auto prepayment by FICO,Auto Loan,fico_band,Subprime,Downside,46,0.0967294371732719,0.008441927100279134,0.7008687661584896,V2,SYNTHETIC_DEMO
PP_AUTO_FICO_V2,Auto prepayment by FICO,Auto Loan,fico_band,Subprime,Downside,47,0.09608998720933389,0.00838345014586972,0.6949930677986027,V2,SYNTHETIC_DEMO
PP_AUTO_FICO_V2,Auto prepayment by FICO,Auto Loan,fico_band,Subprime,Downside,48,0.09550071661847848,0.008329595600933493,0.6892040565983882,V2,SYNTHETIC_DEMO
PP_AUTO_FICO_V2,Auto prepayment by FICO,Auto Loan,fico_band,Subprime,Downside,49,0.09496571518998836,0.008280728664580073,0.6834969448111691,V2,SYNTHETIC_DEMO
PP_AUTO_FICO_V2,Auto prepayment by FICO,Auto Loan,fico_band,Subprime,Downside,50,0.09448869606200831,0.008237180146888123,0.6778668573469119,V2,SYNTHETIC_DEMO
PP_AUTO_FICO_V2,Auto prepayment by FICO,Auto Loan,fico_band,Subprime,Downside,51,0.09407296995078228,0.008199244400355687,0.6723088613126235,V2,SYNTHETIC_DEMO
PP_AUTO_FICO_V2,Auto prepayment by FICO,Auto Loan,fico_band,Subprime,Downside,52,0.09372142217287048,0.008167177491472555,0.6668179955131934,V2,SYNTHETIC_DEMO
PP_AUTO_FICO_V2,Auto prepayment by FICO,Auto Loan,fico_band,Subprime,Downside,53,0.09343649261982152,0.008141195619422503,0.6613892997691693,V2,SYNTHETIC_DEMO
PP_AUTO_FICO_V2,Auto prepayment by FICO,Auto Loan,fico_band,Subprime,Downside,54,0.09322015882428422,0.008121473787718658,0.6560178439076164,V2,SYNTHETIC_DEMO
PP_AUTO_FICO_V2,Auto prepayment by FICO,Auto Loan,fico_band,Subprime,Downside,55,0.09307392223508731,0.008108144733472544,0.6506987562814729,V2,SYNTHETIC_DEMO
PP_AUTO_FICO_V2,Auto prepayment by FICO,Auto Loan,fico_band,Subprime,Downside,56,0.0929987977965442,0.008101298117958344,0.645427251671852,V2,SYNTHETIC_DEMO
PP_AUTO_FICO_V2,Auto prepayment by FICO,Auto Loan,fico_band,Subprime,Downside,57,0.09299530690430641,0.008100979981172207,0.6401986584267553,V2,SYNTHETIC_DEMO
PP_AUTO_FICO_V2,Auto prepayment by FICO,Auto Loan,fico_band,Subprime,Downside,58,0.09306347378665522,0.008107192462165513,0.6350084446888694,V2,SYNTHETIC_DEMO
PP_AUTO_FICO_V2,Auto prepayment by FICO,Auto Loan,fico_band,Subprime,Downside,59,0.09320282533634726,0.008119893786059595,0.6298522435647449,V2,SYNTHETIC_DEMO
PP_AUTO_FICO_V2,Auto prepayment by FICO,Auto Loan,fico_band,Subprime,Downside,60,0.09341239439418046,0.00813899851777855,0.6247258770879519,V2,SYNTHETIC_DEMO
PP_AUTO_FICO_V2,Auto prepayment by FICO,Auto Loan,fico_band,Prime,Severe,1,0.005730639647373844,0.0004788122299419495,0.999521187770058,V2,SYNTHETIC_DEMO
PP_AUTO_FICO_V2,Auto prepayment by FICO,Auto Loan,fico_band,Prime,Severe,2,0.011555235270828182,0.0009680740968843748,0.9985535771988907,V2,SYNTHETIC_DEMO
PP_AUTO_FICO_V2,Auto prepayment by FICO,Auto Loan,fico_band,Prime,Severe,3,0.017471823750528966,0.0014677765552383315,0.9970879236691288,V2,SYNTHETIC_DEMO
PP_AUTO_FICO_V2,Auto prepayment by FICO,Auto Loan,fico_band,Prime,Severe,4,0.02347715594404992,0.0019778028260110103,0.9951158803559146,V2,SYNTHETIC_DEMO
PP_AUTO_FICO_V2,Auto prepayment by FICO,Auto Loan,fico_band,Prime,Severe,5,0.029566730551452862,0.0024979281121976227,0.9926301524234793,V2,SYNTHETIC_DEMO
PP_AUTO_FICO_V2,Auto prepayment by FICO,Auto Loan,fico_band,Prime,Severe,6,0.03573484108664034,0.003027820301712447,0.9896246466958796,V2,SYNTHETIC_DEMO
PP_AUTO_FICO_V2,Auto prepayment by FICO,Auto Loan,fico_band,Prime,Severe,7,0.04197463551980367,0.0035670416765635204,0.9860946143369609,V2,SYNTHETIC_DEMO
PP_AUTO_FICO_V2,Auto prepayment by FICO,Auto Loan,fico_band,Prime,Severe,8,0.048278188037957075,0.004115051643719503,0.9820367840733706,V2,SYNTHETIC_DEMO
PP_AUTO_FICO_V2,Auto prepayment by FICO,Auto Loan,fico_band,Prime,Severe,9,0.05463658225751935,0.004671210499202716,0.9774494835370038,V2,SYNTHETIC_DEMO
PP_AUTO_FICO_V2,Auto prepayment by FICO,Auto Loan,fico_band,Prime,Severe,10,0.06104000511566415,0.005234784232170719,0.9723327463928408,V2,SYNTHETIC_DEMO
PP_AUTO_FICO_V2,Auto prepayment by FICO,Auto Loan,fico_band,Prime,Severe,11,0.06747785056664464,0.0058049503699504346,0.9666884030569528,V2,SYNTHETIC_DEMO
PP_AUTO_FICO_V2,Auto prepayment by FICO,Auto Loan,fico_band,Prime,Severe,12,0.07393883211638987,0.006380804857990197,0.9605201529985642,V2,SYNTHETIC_DEMO
PP_AUTO_FICO_V2,Auto prepayment by FICO,Auto Loan,fico_band,Prime,Severe,13,0.08041110314418438,0.00696136996039276,0.9538336168591282,V2,SYNTHETIC_DEMO
PP_AUTO_FICO_V2,Auto prepayment by FICO,Auto Loan,fico_band,Prime,Severe,14,0.08688238388492903,0.00754560315699937,0.9466363669085038,V2,SYNTHETIC_DEMO
PP_AUTO_FICO_V2,Auto prepayment by FICO,Auto Loan,fico_band,Prime,Severe,15,0.09334009388000639,0.00813240700188822,0.9389379346900151,V2,SYNTHETIC_DEMO
PP_AUTO_FICO_V2,Auto prepayment by FICO,Auto Loan,fico_band,Prime,Severe,16,0.0997714886497304,0.008720639895671956,0.9307497950771975,V2,SYNTHETIC_DEMO
PP_AUTO_FICO_V2,Auto prepayment by FICO,Auto Loan,fico_band,Prime,Severe,17,0.10616379929624505,0.009309127710240173,0.922085326368544,V2,SYNTHETIC_DEMO
PP_AUTO_FICO_V2,Auto prepayment by FICO,Auto Loan,fico_band,Prime,Severe,18,0.11250437371295949,0.009896676189774634,0.9129597464741319,V2,SYNTHETIC_DEMO
PP_AUTO_FICO_V2,Auto prepayment by FICO,Auto Loan,fico_band,Prime,Severe,19,0.1125291960525642,0.009898983900302638,0.9039223726421601,V2,SYNTHETIC_DEMO
PP_AUTO_FICO_V2,Auto prepayment by FICO,Auto Loan,fico_band,Prime,Severe,20,0.11248302340780057,0.00989469131848808,0.8949783397889906,V2,SYNTHETIC_DEMO
PP_AUTO_FICO_V2,Auto prepayment by FICO,Auto Loan,fico_band,Prime,Severe,21,0.11236617623652038,0.009883829176584702,0.8861325267617728,V2,SYNTHETIC_DEMO
PP_AUTO_FICO_V2,Auto prepayment by FICO,Auto Loan,fico_band,Prime,Severe,22,0.11217946550793922,0.009866475221380955,0.8773895221436181,V2,SYNTHETIC_DEMO
PP_AUTO_FICO_V2,Auto prepayment by FICO,Auto Loan,fico_band,Prime,Severe,23,0.11192418707416404,0.009842753607472443,0.8687535932593805,V2,SYNTHETIC_DEMO
PP_AUTO_FICO_V2,Auto prepayment by FICO,Auto Loan,fico_band,Prime,Severe,24,0.11160211267642672,0.009812833930042175,0.8602286585225988,V2,SYNTHETIC_DEMO
PP_AUTO_FICO_V2,Auto prepayment by FICO,Auto Loan,fico_band,Prime,Severe,25,0.11121547764844415,0.009776929906961329,0.8518182632242639,V2,SYNTHETIC_DEMO
PP_AUTO_FICO_V2,Auto prepayment by FICO,Auto Loan,fico_band,Prime,Severe,26,0.11076696540224858,0.0097352977234757,0.8435255588254817,V2,SYNTHETIC_DEMO
PP_AUTO_FICO_V2,Auto prepayment by FICO,Auto Loan,fico_band,Prime,Severe,27,0.11025968880416342,0.009688234055992728,0.8353532857793684,V2,SYNTHETIC_DEMO
PP_AUTO_FICO_V2,Auto prepayment by FICO,Auto Loan,fico_band,Prime,Severe,28,0.10969716857018307,0.009636073794445421,0.827303759873166,V2,SYNTHETIC_DEMO
PP_AUTO_FICO_V2,Auto prepayment by FICO,Auto Loan,fico_band,Prime,Severe,29,0.10908330883070179,0.00957918748537201,0.8193788620499877,V2,SYNTHETIC_DEMO
PP_AUTO_FICO_V2,Auto prepayment by FICO,Auto Loan,fico_band,Prime,Severe,30,0.10842237003418348,0.009517978520160453,0.8115800316411224,V2,SYNTHETIC_DEMO
PP_AUTO_FICO_V2,Auto prepayment by FICO,Auto Loan,fico_band,Prime,Severe,31,0.10771893937783174,0.00945288009484524,0.8039082629146481,V2,SYNTHETIC_DEMO
PP_AUTO_FICO_V2,Auto prepayment by FICO,Auto Loan,fico_band,Prime,Severe,32,0.10697789897048435,0.009384351969396909,0.7963641048243506,V2,SYNTHETIC_DEMO
PP_AUTO_FICO_V2,Auto prepayment by FICO,Auto Loan,fico_band,Prime,Severe,33,0.10620439194869538,0.00931287705560091,0.7889476638246278,V2,SYNTHETIC_DEMO
PP_AUTO_FICO_V2,Auto prepayment by FICO,Auto Loan,fico_band,Prime,Severe,34,0.10540378678117317,0.009238957863391906,0.7816586096021305,V2,SYNTHETIC_DEMO
PP_AUTO_FICO_V2,Auto prepayment by FICO,Auto Loan,fico_band,Prime,Severe,35,0.10458164000931768,0.009163112835887888,0.7744961835632029,V2,SYNTHETIC_DEMO
PP_AUTO_FICO_V2,Auto prepayment by FICO,Auto Loan,fico_band,Prime,Severe,36,0.10374365768245244,0.009085872603394773,0.7674592099075322,V2,SYNTHETIC_DEMO
PP_AUTO_FICO_V2,Auto prepayment by FICO,Auto Loan,fico_band,Prime,Severe,37,0.10289565575540824,0.009007776186332972,0.7605461091125453,V2,SYNTHETIC_DEMO
PP_AUTO_FICO_V2,Auto prepayment by FICO,Auto Loan,fico_band,Prime,Severe,38,0.10204351972331543,0.00892936717641113,0.7537549136496885,V2,SYNTHETIC_DEMO
PP_AUTO_FICO_V2,Auto prepayment by FICO,Auto Loan,fico_band,Prime,Severe,39,0.101193163773757,0.008851189924474534,0.7470832857524692,V2,SYNTHETIC_DEMO
PP_AUTO_FICO_V2,Auto prepayment by FICO,Auto Loan,fico_band,Prime,Severe,40,0.10035048973978379,0.008773785762323238,0.7405285370566645,V2,SYNTHETIC_DEMO
PP_AUTO_FICO_V2,Auto prepayment by FICO,Auto Loan,fico_band,Prime,Severe,41,0.09952134613867539,0.008697689284459353,0.7340876499350705,V2,SYNTHETIC_DEMO
PP_AUTO_FICO_V2,Auto prepayment by FICO,Auto Loan,fico_band,Prime,Severe,42,0.0987114875807352,0.00862342471424049,0.7277573003522017,V2,SYNTHETIC_DEMO
PP_AUTO_FICO_V2,Auto prepayment by FICO,Auto Loan,fico_band,Prime,Severe,43,0.09792653482984008,0.008551502377309284,0.7215338820681356,V2,SYNTHETIC_DEMO
PP_AUTO_FICO_V2,Auto prepayment by FICO,Auto Loan,fico_band,Prime,Severe,44,0.09717193579294123,0.008482415303483481,0.715413532024899,V2,SYNTHETIC_DEMO
PP_AUTO_FICO_V2,Auto prepayment by FICO,Auto Loan,fico_band,Prime,Severe,45,0.09645292770926582,0.008416635976566833,0.7093921567531355,V2,SYNTHETIC_DEMO
PP_AUTO_FICO_V2,Auto prepayment by FICO,Auto Loan,fico_band,Prime,Severe,46,0.09577450080164261,0.008354613249794252,0.7034654596410256,V2,SYNTHETIC_DEMO
PP_AUTO_FICO_V2,Auto prepayment by FICO,Auto Loan,fico_band,Prime,Severe,47,0.09514136364222665,0.008296769442904806,0.697628968911337,V2,SYNTHETIC_DEMO
PP_AUTO_FICO_V2,Auto prepayment by FICO,Auto Loan,fico_band,Prime,Severe,48,0.09455791047299988,0.008243497635148755,0.6918780661559051,V2,SYNTHETIC_DEMO
PP_AUTO_FICO_V2,Auto prepayment by FICO,Auto Loan,fico_band,Prime,Severe,49,0.09402819070785726,0.008195159166908828,0.6862080152796644,V2,SYNTHETIC_DEMO
PP_AUTO_FICO_V2,Auto prepayment by FICO,Auto Loan,fico_band,Prime,Severe,50,0.09355588082794668,0.008152081361066155,0.6806139917084888,V2,SYNTHETIC_DEMO
PP_AUTO_FICO_V2,Auto prepayment by FICO,Auto Loan,fico_band,Prime,Severe,51,0.09314425886532159,0.00811455547377482,0.6750911117165429,V2,SYNTHETIC_DEMO
PP_AUTO_FICO_V2,Auto prepayment by FICO,Auto Loan,fico_band,Prime,Severe,52,0.09279618165200011,0.008082834882934264,0.6696344617296015,V2,SYNTHETIC_DEMO
PP_AUTO_FICO_V2,Auto prepayment by FICO,Auto Loan,fico_band,Prime,Severe,53,0.092514064992332,0.008057133521365167,0.6642391274609386,V2,SYNTHETIC_DEMO
PP_AUTO_FICO_V2,Auto prepayment by FICO,Auto Loan,fico_band,Prime,Severe,54,0.09229986689628607,0.008037624560503498,0.6589002227360111,V2,SYNTHETIC_DEMO
PP_AUTO_FICO_V2,Auto prepayment by FICO,Auto Loan,fico_band,Prime,Severe,55,0.09215507399002548,0.008024439349319956,0.6536129178614126,V2,SYNTHETIC_DEMO
PP_AUTO_FICO_V2,Auto prepayment by FICO,Auto Loan,fico_band,Prime,Severe,56,0.09208069119808819,0.008017666612139651,0.648372467392612,V2,SYNTHETIC_DEMO
PP_AUTO_FICO_V2,Auto prepayment by FICO,Auto Loan,fico_band,Prime,Severe,57,0.0920772347687819,0.008017351908069181,0.6431742371540223,V2,SYNTHETIC_DEMO
PP_AUTO_FICO_V2,Auto prepayment by FICO,Auto Loan,fico_band,Prime,Severe,58,0.09214472869120044,0.008023497353821463,0.6380137303641709,V2,SYNTHETIC_DEMO
PP_AUTO_FICO_V2,Auto prepayment by FICO,Auto Loan,fico_band,Prime,Severe,59,0.09228270452872943,0.008036061610844802,0.6328866127183994,V2,SYNTHETIC_DEMO
PP_AUTO_FICO_V2,Auto prepayment by FICO,Auto Loan,fico_band,Prime,Severe,60,0.0924902046701961,0.008054960136797518,0.6277887362818398,V2,SYNTHETIC_DEMO
PP_AUTO_FICO_V2,Auto prepayment by FICO,Auto Loan,fico_band,Near Prime,Severe,1,0.00505338223450239,0.0004220937058533325,0.9995779062941467,V2,SYNTHETIC_DEMO
PP_AUTO_FICO_V2,Auto prepayment by FICO,Auto Loan,fico_band,Near Prime,Severe,2,0.010189616557003033,0.000853126386728964,0.9987251400066959,V2,SYNTHETIC_DEMO
PP_AUTO_FICO_V2,Auto prepayment by FICO,Auto Loan,fico_band,Near Prime,Severe,3,0.015406971852739178,0.0012930709774786608,0.9974337175136749,V2,SYNTHETIC_DEMO
PP_AUTO_FICO_V2,Auto prepayment by FICO,Auto Loan,fico_band,Near Prime,Severe,4,0.02070258296884402,0.0017418051124700185,0.9956963823651597,V2,SYNTHETIC_DEMO
PP_AUTO_FICO_V2,Auto prepayment by FICO,Auto Loan,fico_band,Near Prime,Severe,5,0.02607248057719025,0.002199111194549519,0.993506735304328,V2,SYNTHETIC_DEMO
PP_AUTO_FICO_V2,Auto prepayment by FICO,Auto Loan,fico_band,Near Prime,Severe,6,0.03151163259458284,0.0026646773566746385,0.9908593604030588,V2,SYNTHETIC_DEMO
PP_AUTO_FICO_V2,Auto prepayment by FICO,Auto Loan,fico_band,Near Prime,Severe,7,0.03701399677655415,0.003138099328073296,0.9877499453099629,V2,SYNTHETIC_DEMO
PP_AUTO_FICO_V2,Auto prepayment by FICO,Auto Loan,fico_band,Near Prime,Severe,8,0.0425725839971076,0.003618883212950341,0.984175393614288,V2,SYNTHETIC_DEMO
PP_AUTO_FICO_V2,Auto prepayment by FICO,Auto Loan,fico_band,Near Prime,Severe,9,0.04817953162708524,0.004106449185371841,0.9801339273709175,V2,SYNTHETIC_DEMO
PP_AUTO_FICO_V2,Auto prepayment by FICO,Auto Loan,fico_band,Near Prime,Severe,10,0.05382618632926748,0.004600136098877106,0.9756251779098843,V2,SYNTHETIC_DEMO
PP_AUTO_FICO_V2,Auto prepayment by FICO,Auto Loan,fico_band,Near Prime,Severe,11,0.05950319549967755,0.005099207003481432,0.9706502631699134,V2,SYNTHETIC_DEMO
PP_AUTO_FICO_V2,Auto prepayment by FICO,Auto Loan,fico_band,Near Prime,Severe,12,0.0652006065026347,0.0056028555559355375,0.9652118499500416,V2,SYNTHETIC_DEMO
PP_AUTO_FICO_V2,Auto prepayment by FICO,Auto Loan,fico_band,Near Prime,Severe,13,0.07090797277259896,0.006110213301335099,0.9593141996658706,V2,SYNTHETIC_DEMO
PP_AUTO_FICO_V2,Auto prepayment by FICO,Auto Loan,fico_band,Near Prime,Severe,14,0.07661446578943742,0.006620357795402709,0.9529631964258721,V2,SYNTHETIC_DEMO
PP_AUTO_FICO_V2,Auto prepayment by FICO,Auto Loan,fico_band,Near Prime,Severe,15,0.08230899187600563,0.007132321527001939,0.9461663565055634,V2,SYNTHETIC_DEMO
PP_AUTO_FICO_V2,Auto prepayment by FICO,Auto Loan,fico_band,Near Prime,Severe,16,0.08798031271839862,0.0076451015897647245,0.9389328185892608,V2,SYNTHETIC_DEMO
PP_AUTO_FICO_V2,Auto prepayment by FICO,Auto Loan,fico_band,Near Prime,Severe,17,0.09361716847032518,0.008157670040234932,0.9312733144652618,V2,SYNTHETIC_DEMO
PP_AUTO_FICO_V2,Auto prepayment by FICO,Auto Loan,fico_band,Near Prime,Severe,18,0.09920840227415519,0.008668984867832186,0.9232001201943466,V2,SYNTHETIC_DEMO
PP_AUTO_FICO_V2,Auto prepayment by FICO,Auto Loan,fico_band,Near Prime,Severe,19,0.09923029106453389,0.008670992294643631,0.9151950590657274,V2,SYNTHETIC_DEMO
PP_AUTO_FICO_V2,Auto prepayment by FICO,Auto Loan,fico_band,Near Prime,Severe,20,0.0991895751868787,0.008667258266399802,0.9072628271246718,V2,SYNTHETIC_DEMO
PP_AUTO_FICO_V2,Auto prepayment by FICO,Auto Loan,fico_band,Near Prime,Severe,21,0.09908653722674979,0.008657809409194472,0.8994079184833794,V2,SYNTHETIC_DEMO
PP_AUTO_FICO_V2,Auto prepayment by FICO,Auto Loan,fico_band,Near Prime,Severe,22,0.09892189231154641,0.00864271308495701,0.8916345938975891,V2,SYNTHETIC_DEMO
PP_AUTO_FICO_V2,Auto prepayment by FICO,Auto Loan,fico_band,Near Prime,Severe,23,0.09869678314721737,0.008622076873368245,0.8839468518860496,V2,SYNTHETIC_DEMO
PP_AUTO_FICO_V2,Auto prepayment by FICO,Auto Loan,fico_band,Near Prime,Severe,24,0.09841277208739448,0.008596047745711766,0.8763484025425655,V2,SYNTHETIC_DEMO
PP_AUTO_FICO_V2,Auto prepayment by FICO,Auto Loan,fico_band,Near Prime,Severe,25,0.09807183028999167,0.008564810938710199,0.8688426441583478,V2,SYNTHETIC_DEMO
PP_AUTO_FICO_V2,Auto prepayment by FICO,Auto Loan,fico_band,Near Prime,Severe,26,0.09767632403652829,0.008528588539247872,0.8614326427409691,V2,SYNTHETIC_DEMO
PP_AUTO_FICO_V2,Auto prepayment by FICO,Auto Loan,fico_band,Near Prime,Severe,27,0.09722899830912593,0.008487637793561431,0.8541211144858334,V2,SYNTHETIC_DEMO
PP_AUTO_FICO_V2,Auto prepayment by FICO,Auto Loan,fico_band,Near Prime,Severe,28,0.09673295773916142,0.008442249156953685,0.8469104112271291,V2,SYNTHETIC_DEMO
PP_AUTO_FICO_V2,Auto prepayment by FICO,Auto Loan,fico_band,Near Prime,Severe,29,0.09619164505980067,0.008392744102314942,0.8398025088681135,V2,SYNTHETIC_DEMO
PP_AUTO_FICO_V2,Auto prepayment by FICO,Auto Loan,fico_band,Near Prime,Severe,30,0.0956088172119618,0.00833947270769464,0.8327989987655544,V2,SYNTHETIC_DEMO
PP_AUTO_FICO_V2,Auto prepayment by FICO,Auto Loan,fico_band,Near Prime,Severe,31,0.09498851926954253,0.008282811044838745,0.8259010820204484,V2,SYNTHETIC_DEMO
PP_AUTO_FICO_V2,Auto prepayment by FICO,Auto Loan,fico_band,Near Prime,Severe,32,0.09433505636488165,0.008223158391966967,0.8191095666068974,V2,SYNTHETIC_DEMO
PP_AUTO_FICO_V2,Auto prepayment by FICO,Auto Loan,fico_band,Near Prime,Severe,33,0.0936529638093041,0.008160934295123656,0.8124248672533113,V2,SYNTHETIC_DEMO
PP_AUTO_FICO_V2,Auto prepayment by FICO,Auto Loan,fico_band,Near Prime,Severe,34,0.09294697561612543,0.008096575503173331,0.8058470079749394,V2,SYNTHETIC_DEMO
PP_AUTO_FICO_V2,Auto prepayment by FICO,Auto Loan,fico_band,Near Prime,Severe,35,0.09222199164458013,0.008030532801947876,0.7993756271440451,V2,SYNTHETIC_DEMO
PP_AUTO_FICO_V2,Auto prepayment by FICO,Auto Loan,fico_band,Near Prime,Severe,36,0.09148304359270806,0.007963267773197225,0.7930099849737295,V2,SYNTHETIC_DEMO
PP_AUTO_FICO_V2,Auto prepayment by FICO,Auto Loan,fico_band,Near Prime,Severe,37,0.09073526007522363,0.007895249503858004,0.7867489732833113,V2,SYNTHETIC_DEMO
PP_AUTO_FICO_V2,Auto prepayment by FICO,Auto Loan,fico_band,Near Prime,Severe,38,0.08998383102874179,0.00782695127076971,0.7805911274070947,V2,SYNTHETIC_DEMO
PP_AUTO_FICO_V2,Auto prepayment by FICO,Auto Loan,fico_band,Near Prime,Severe,39,0.08923397169140392,0.007758847225343923,0.774534640104084,V2,SYNTHETIC_DEMO
PP_AUTO_FICO_V2,Auto prepayment by FICO,Auto Loan,fico_band,Near Prime,Severe,40,0.08849088640690025,0.007691409101879931,0.7685773773234662,V2,SYNTHETIC_DEMO
PP_AUTO_FICO_V2,Auto prepayment by FICO,Auto Loan,fico_band,Near Prime,Severe,41,0.08775973250410467,0.007625102972217301,0.762716895679258,V2,SYNTHETIC_DEMO
PP_AUTO_FICO_V2,Auto prepayment by FICO,Auto Loan,fico_band,Near Prime,Severe,42,0.08704558450301195,0.007560386068290015,0.7569504614871152,V2,SYNTHETIC_DEMO
PP_AUTO_FICO_V2,Auto prepayment by FICO,Auto Loan,fico_band,Near Prime,Severe,43,0.08635339889540443,0.007497703692891378,0.7512750712166875,V2,SYNTHETIC_DEMO
PP_AUTO_FICO_V2,Auto prepayment by FICO,Auto Loan,fico_band,Near Prime,Severe,44,0.08568797974468455,0.00743748623763163,0.7456874732138377,V2,SYNTHETIC_DEMO
PP_AUTO_FICO_V2,Auto prepayment by FICO,Auto Loan,fico_band,Near Prime,Severe,45,0.08505394534362531,0.007380146325681958,0.7401841905482915,V2,SYNTHETIC_DEMO
PP_AUTO_FICO_V2,Auto prepayment by FICO,Auto Loan,fico_band,Near Prime,Severe,46,0.08445569616144849,0.007326076095479195,0.7347615448436641,V2,SYNTHETIC_DEMO
PP_AUTO_FICO_V2,Auto prepayment by FICO,Auto Loan,fico_band,Near Prime,Severe,47,0.08389738430269077,0.007275644640143519,0.7294156809481387,V2,SYNTHETIC_DEMO
PP_AUTO_FICO_V2,Auto prepayment by FICO,Auto Loan,fico_band,Near Prime,Severe,48,0.08338288468982717,0.007229195615942041,0.724142592305229,V2,SYNTHETIC_DEMO
PP_AUTO_FICO_V2,Auto prepayment by FICO,Auto Loan,fico_band,Near Prime,Severe,49,0.08291576816965594,0.007187045031754047,0.7189381468849202,V2,SYNTHETIC_DEMO
PP_AUTO_FICO_V2,Auto prepayment by FICO,Auto Loan,fico_band,Near Prime,Severe,50,0.08249927673009844,0.007149479230140532,0.7137981135360107,V2,SYNTHETIC_DEMO
PP_AUTO_FICO_V2,Auto prepayment by FICO,Auto Loan,fico_band,Near Prime,Severe,51,0.08213630099941995,0.007116753069337012,0.7087181886206164,V2,SYNTHETIC_DEMO
PP_AUTO_FICO_V2,Auto prepayment by FICO,Auto Loan,fico_band,Near Prime,Severe,52,0.08182936018403646,0.007089088314245817,0.7036940227915726,V2,SYNTHETIC_DEMO
PP_AUTO_FICO_V2,Auto prepayment by FICO,Auto Loan,fico_band,Near Prime,Severe,53,0.08158058458414731,0.007066672243334682,0.6987212477729108,V2,SYNTHETIC_DEMO
PP_AUTO_FICO_V2,Auto prepayment by FICO,Auto Loan,fico_band,Near Prime,Severe,54,0.08139170080854317,0.007049656477229105,0.6937955030027709,V2,SYNTHETIC_DEMO
PP_AUTO_FICO_V2,Auto prepayment by FICO,Auto Loan,fico_band,Near Prime,Severe,55,0.08126401979120429,0.00703815603373148,0.6889124619971362,V2,SYNTHETIC_DEMO
PP_AUTO_FICO_V2,Auto prepayment by FICO,Auto Loan,fico_band,Near Prime,Severe,56,0.08119842769285959,0.007032248612991565,0.6840678582917842,V2,SYNTHETIC_DEMO
PP_AUTO_FICO_V2,Auto prepayment by FICO,Auto Loan,fico_band,Near Prime,Severe,57,0.08119537975065312,0.007031974115591089,0.6792575108189686,V2,SYNTHETIC_DEMO
PP_AUTO_FICO_V2,Auto prepayment by FICO,Auto Loan,fico_band,Near Prime,Severe,58,0.08125489711860402,0.007037334395381234,0.6744773485747612,V2,SYNTHETIC_DEMO
PP_AUTO_FICO_V2,Auto prepayment by FICO,Auto Loan,fico_band,Near Prime,Severe,59,0.08137656672078869,0.00704829324800349,0.6697234344328704,V2,SYNTHETIC_DEMO
PP_AUTO_FICO_V2,Auto prepayment by FICO,Auto Loan,fico_band,Near Prime,Severe,60,0.08155954411826383,0.007064776635139602,0.6649919879612837,V2,SYNTHETIC_DEMO
PP_AUTO_FICO_V2,Auto prepayment by FICO,Auto Loan,fico_band,Subprime,Severe,1,0.0043761248216309355,0.0003654105615268355,0.9996345894384732,V2,SYNTHETIC_DEMO
PP_AUTO_FICO_V2,Auto prepayment by FICO,Auto Loan,fico_band,Subprime,Severe,2,0.008823997843177885,0.0007383239595806224,0.9988965352702652,V2,SYNTHETIC_DEMO
PP_AUTO_FICO_V2,Auto prepayment by FICO,Auto Loan,fico_band,Subprime,Severe,3,0.013342119954949392,0.001118700931334482,0.9977790687859516,V2,SYNTHETIC_DEMO
PP_AUTO_FICO_V2,Auto prepayment by FICO,Auto Loan,fico_band,Subprime,Severe,4,0.01792800999363812,0.001506419520644675,0.9962759949194417,V2,SYNTHETIC_DEMO
PP_AUTO_FICO_V2,Auto prepayment by FICO,Auto Loan,fico_band,Subprime,Severe,5,0.02257823060292764,0.001901275417733439,0.9943817998610235,V2,SYNTHETIC_DEMO
PP_AUTO_FICO_V2,Auto prepayment by FICO,Auto Loan,fico_band,Subprime,Severe,6,0.027288424102525348,0.0023029830883128932,0.9920917553926174,V2,SYNTHETIC_DEMO
PP_AUTO_FICO_V2,Auto prepayment by FICO,Auto Loan,fico_band,Subprime,Severe,7,0.03205335803330462,0.0027111776980566216,0.9894020183509711,V2,SYNTHETIC_DEMO
PP_AUTO_FICO_V2,Auto prepayment by FICO,Auto Loan,fico_band,Subprime,Severe,8,0.03686697995625813,0.0031254178342143835,0.9863097236376093,V2,SYNTHETIC_DEMO
PP_AUTO_FICO_V2,Auto prepayment by FICO,Auto Loan,fico_band,Subprime,Severe,9,0.041722480996651136,0.0035451890216250392,0.9828130692334472,V2,SYNTHETIC_DEMO
PP_AUTO_FICO_V2,Auto prepayment by FICO,Auto Loan,fico_band,Subprime,Severe,10,0.046612367542870806,0.0039699080253235985,0.9789113917425044,V2,SYNTHETIC_DEMO
PP_AUTO_FICO_V2,Auto prepayment by FICO,Auto Loan,fico_band,Subprime,Severe,11,0.051528540432710455,0.004398927926289042,0.9746052310840059,V2,SYNTHETIC_DEMO
PP_AUTO_FICO_V2,Auto prepayment by FICO,Auto Loan,fico_band,Subprime,Severe,12,0.05646238088887953,0.004831543950581496,0.9698963830755568,V2,SYNTHETIC_DEMO
PP_AUTO_FICO_V2,Auto prepayment by FICO,Auto Loan,fico_band,Subprime,Severe,13,0.06140484240101353,0.005267000025155122,0.9647879388015,V2,SYNTHETIC_DEMO
PP_AUTO_FICO_V2,Auto prepayment by FICO,Auto Loan,fico_band,Subprime,Severe,14,0.06634654769394581,0.005704496025997541,0.9592843098386765,V2,SYNTHETIC_DEMO
PP_AUTO_FICO_V2,Auto prepayment by FICO,Auto Loan,fico_band,Subprime,Severe,15,0.07127788987200488,0.006143195675987534,0.9533912386144329,V2,SYNTHETIC_DEMO
PP_AUTO_FICO_V2,Auto prepayment by FICO,Auto Loan,fico_band,Subprime,Severe,16,0.07618913678706685,0.006582235041053153,0.9471157933957919,V2,SYNTHETIC_DEMO
PP_AUTO_FICO_V2,Auto prepayment by FICO,Auto Loan,fico_band,Subprime,Severe,17,0.0810705376444053,0.007020731563968874,0.9404663476503646,V2,SYNTHETIC_DEMO
PP_AUTO_FICO_V2,Auto prepayment by FICO,Auto Loan,fico_band,Subprime,Severe,18,0.08591243083535088,0.007457793565614712,0.9334525437741805,V2,SYNTHETIC_DEMO
PP_AUTO_FICO_V2,Auto prepayment by FICO,Auto Loan,fico_band,Subprime,Severe,19,0.08593138607650358,0.007459508760118361,0.9264894463467422,V2,SYNTHETIC_DEMO
PP_AUTO_FICO_V2,Auto prepayment by FICO,Auto Loan,fico_band,Subprime,Severe,20,0.0858961269659568,0.007456318310693932,0.9195812461232823,V2,SYNTHETIC_DEMO
PP_AUTO_FICO_V2,Auto prepayment by FICO,Auto Loan,fico_band,Subprime,Severe,21,0.0858068982169792,0.007448244878377364,0.9127319798165927,V2,SYNTHETIC_DEMO
PP_AUTO_FICO_V2,Auto prepayment by FICO,Auto Loan,fico_band,Subprime,Severe,22,0.0856643191151536,0.0074353457962522684,0.9059455019273583,V2,SYNTHETIC_DEMO
PP_AUTO_FICO_V2,Auto prepayment by FICO,Auto Loan,fico_band,Subprime,Severe,23,0.08546937922027072,0.007417712634785856,0.8992254585312843,V2,SYNTHETIC_DEMO
PP_AUTO_FICO_V2,Auto prepayment by FICO,Auto Loan,fico_band,Subprime,Severe,24,0.08522343149836223,0.007395470508506641,0.8925752631722178,V2,SYNTHETIC_DEMO
PP_AUTO_FICO_V2,Auto prepayment by FICO,Auto Loan,fico_band,Subprime,Severe,25,0.08492818293153918,0.007368777130503101,0.8859980749857016,V2,SYNTHETIC_DEMO
PP_AUTO_FICO_V2,Auto prepayment by FICO,Auto Loan,fico_band,Subprime,Severe,26,0.084585682670808,0.007337821623536134,0.8794967791526601,V2,SYNTHETIC_DEMO
PP_AUTO_FICO_V2,Auto prepayment by FICO,Auto Loan,fico_band,Subprime,Severe,27,0.08419830781408844,0.007302823098731537,0.8730739697586041,V2,SYNTHETIC_DEMO
PP_AUTO_FICO_V2,Auto prepayment by FICO,Auto Loan,fico_band,Subprime,Severe,28,0.08376874690813979,0.0072640290148412445,0.866731935110175,V2,SYNTHETIC_DEMO
PP_AUTO_FICO_V2,Auto prepayment by FICO,Auto Loan,fico_band,Subprime,Severe,29,0.08329998128889955,0.0072217133328983385,0.860472645538341,V2,SYNTHETIC_DEMO
PP_AUTO_FICO_V2,Auto prepayment by FICO,Auto Loan,fico_band,Subprime,Severe,30,0.08279526438974011,0.0071761744827212315,0.8542977436963491,V2,SYNTHETIC_DEMO
PP_AUTO_FICO_V2,Auto prepayment by FICO,Auto Loan,fico_band,Subprime,Severe,31,0.08225809916125333,0.007127733159132288,0.8482085373408328,V2,SYNTHETIC_DEMO
PP_AUTO_FICO_V2,Auto prepayment by FICO,Auto Loan,fico_band,Subprime,Severe,32,0.08169221375927896,0.007076729966931761,0.8422059945664255,V2,SYNTHETIC_DEMO
PP_AUTO_FICO_V2,Auto prepayment by FICO,Auto Loan,fico_band,Subprime,Severe,33,0.08110153566991284,0.007023522934602955,0.8362907414479281,V2,SYNTHETIC_DEMO
PP_AUTO_FICO_V2,Auto prepayment by FICO,Auto Loan,fico_band,Subprime,Severe,34,0.08049016445107769,0.006968484917417861,0.8304630620295721,V2,SYNTHETIC_DEMO
PP_AUTO_FICO_V2,Auto prepayment by FICO,Auto Loan,fico_band,Subprime,Severe,35,0.07986234327984258,0.0069120009110654745,0.8247229005882175,V2,SYNTHETIC_DEMO
PP_AUTO_FICO_V2,Auto prepayment by FICO,Auto Loan,fico_band,Subprime,Severe,36,0.07922242950296368,0.006854465297148282,0.8190698660863721,V2,SYNTHETIC_DEMO
PP_AUTO_FICO_V2,Auto prepayment by FICO,Auto Loan,fico_band,Subprime,Severe,37,0.07857486439503902,0.006796279041890396,0.8135032387216453,V2,SYNTHETIC_DEMO
PP_AUTO_FICO_V2,Auto prepayment by FICO,Auto Loan,fico_band,Subprime,Severe,38,0.07792414233416815,0.00673784686919876,0.8080219784715417,V2,SYNTHETIC_DEMO
PP_AUTO_FICO_V2,Auto prepayment by FICO,Auto Loan,fico_band,Subprime,Severe,39,0.07727477960905081,0.006679574428824386,0.802624735526215,V2,SYNTHETIC_DEMO
PP_AUTO_FICO_V2,Auto prepayment by FICO,Auto Loan,fico_band,Subprime,Severe,40,0.07663128307401672,0.00662186547980359,0.7973098624967975,V2,SYNTHETIC_DEMO
PP_AUTO_FICO_V2,Auto prepayment by FICO,Auto Loan,fico_band,Subprime,Severe,41,0.07599811886953393,0.006565119108655093,0.7920754282830006,V2,SYNTHETIC_DEMO
PP_AUTO_FICO_V2,Auto prepayment by FICO,Auto Loan,fico_band,Subprime,Severe,42,0.0753796814252887,0.00650972700096375,0.7869192334807068,V2,SYNTHETIC_DEMO
PP_AUTO_FICO_V2,Auto prepayment by FICO,Auto Loan,fico_band,Subprime,Severe,43,0.07478026296096879,0.006456070784046197,0.781838827208028,V2,SYNTHETIC_DEMO
PP_AUTO_FICO_V2,Auto prepayment by FICO,Auto Loan,fico_band,Subprime,Severe,44,0.07420402369642785,0.006404519457365532,0.7768315252266503,V2,SYNTHETIC_DEMO
PP_AUTO_FICO_V2,Auto prepayment by FICO,Auto Loan,fico_band,Subprime,Severe,45,0.07365496297798481,0.006355426926278218,0.7718944292340431,V2,SYNTHETIC_DEMO
PP_AUTO_FICO_V2,Auto prepayment by FICO,Auto Loan,fico_band,Subprime,Severe,46,0.07313689152125435,0.006309129653567669,0.7670244472011388,V2,SYNTHETIC_DEMO
PP_AUTO_FICO_V2,Auto prepayment by FICO,Auto Loan,fico_band,Subprime,Severe,47,0.0726534049631549,0.006265944442068072,0.7622183146292685,V2,SYNTHETIC_DEMO
PP_AUTO_FICO_V2,Auto prepayment by FICO,Auto Loan,fico_band,Subprime,Severe,48,0.07220785890665446,0.006226166360517316,0.7574726165993535,V2,SYNTHETIC_DEMO
PP_AUTO_FICO_V2,Auto prepayment by FICO,Auto Loan,fico_band,Subprime,Severe,49,0.07180334563145463,0.006190066823626439,0.7527838104855363,V2,SYNTHETIC_DEMO
PP_AUTO_FICO_V2,Auto prepayment by FICO,Auto Loan,fico_band,Subprime,Severe,50,0.0714426726322502,0.006157891836205298,0.7481482492045199,V2,SYNTHETIC_DEMO
PP_AUTO_FICO_V2,Auto prepayment by FICO,Auto Loan,fico_band,Subprime,Severe,51,0.0711283431335183,0.006129860410074239,0.7435622048708548,V2,SYNTHETIC_DEMO
PP_AUTO_FICO_V2,Auto prepayment by FICO,Auto Loan,fico_band,Subprime,Severe,52,0.07086253871607281,0.006106163161399447,0.7390218927272634,V2,SYNTHETIC_DEMO
PP_AUTO_FICO_V2,Auto prepayment by FICO,Auto Loan,fico_band,Subprime,Severe,53,0.07064710417596262,0.006086961095039034,0.7345234952178504,V2,SYNTHETIC_DEMO
PP_AUTO_FICO_V2,Auto prepayment by FICO,Auto Loan,fico_band,Subprime,Severe,54,0.07048353472080027,0.006072384581468748,0.730063186070763,V2,SYNTHETIC_DEMO
PP_AUTO_FICO_V2,Auto prepayment by FICO,Auto Loan,fico_band,Subprime,Severe,55,0.0703729655923831,0.006062532530872966,0.7256371542556163,V2,SYNTHETIC_DEMO
PP_AUTO_FICO_V2,Auto prepayment by FICO,Auto Loan,fico_band,Subprime,Severe,56,0.07031616418763098,0.006057471768035283,0.7212416276798754,V2,SYNTHETIC_DEMO
PP_AUTO_FICO_V2,Auto prepayment by FICO,Auto Loan,fico_band,Subprime,Severe,57,0.07031352473252435,0.006057236610737093,0.7168728964875053,V2,SYNTHETIC_DEMO
PP_AUTO_FICO_V2,Auto prepayment by FICO,Auto Loan,fico_band,Subprime,Severe,58,0.0703650655460076,0.006061828653474377,0.7125273358226781,V2,SYNTHETIC_DEMO
PP_AUTO_FICO_V2,Auto prepayment by FICO,Auto Loan,fico_band,Subprime,Severe,59,0.07047042891284794,0.006071216757412401,0.7082014279213171,V2,SYNTHETIC_DEMO
PP_AUTO_FICO_V2,Auto prepayment by FICO,Auto Loan,fico_band,Subprime,Severe,60,0.07062888356633157,0.006085337246620859,0.7038917833938775,V2,SYNTHETIC_DEMO
PP_COMM_MOODYS_V2,Commercial term prepayment by Moody's,Commercial Term Loan,moodys_band,Aaa-A,Baseline,1,0.004005285775046235,0.0003343881143846872,0.9996656118856153,V2,SYNTHETIC_DEMO
PP_COMM_MOODYS_V2,Commercial term prepayment by Moody's,Commercial Term Loan,moodys_band,Aaa-A,Baseline,2,0.008076239705417546,0.0006755241634520681,0.9989903136094145,V2,SYNTHETIC_DEMO
PP_COMM_MOODYS_V2,Commercial term prepayment by Moody's,Commercial Term Loan,moodys_band,Aaa-A,Baseline,3,0.012211489718111642,0.001023364552239503,0.997967982334436,V2,SYNTHETIC_DEMO
PP_COMM_MOODYS_V2,Commercial term prepayment by Moody's,Commercial Term Loan,moodys_band,Aaa-A,Baseline,4,0.016408764907131664,0.0013777899520441839,0.9965929920759138,V2,SYNTHETIC_DEMO
PP_COMM_MOODYS_V2,Commercial term prepayment by Moody's,Commercial Term Loan,moodys_band,Aaa-A,Baseline,5,0.02066491920262835,0.001738605752408695,0.9948603097670804,V2,SYNTHETIC_DEMO
PP_COMM_MOODYS_V2,Commercial term prepayment by Moody's,Commercial Term Loan,moodys_band,Aaa-A,Baseline,6,0.024975964200340022,0.0021055432428883636,0.9927655883642325,V2,SYNTHETIC_DEMO
PP_COMM_MOODYS_V2,Commercial term prepayment by Moody's,Commercial Term Loan,moodys_band,Aaa-A,Baseline,7,0.029337110847174604,0.0024782615276986997,0.9903052556005663,V2,SYNTHETIC_DEMO
PP_COMM_MOODYS_V2,Commercial term prepayment by Moody's,Commercial Term Loan,moodys_band,Aaa-A,Baseline,8,0.03374281959642161,0.0028563501722072004,0.9874765970131939,V2,SYNTHETIC_DEMO
PP_COMM_MOODYS_V2,Commercial term prepayment by Moody's,Commercial Term Loan,moodys_band,Aaa-A,Baseline,9,0.03818685856708342,0.0032393325757402724,0.984277831904708,V2,SYNTHETIC_DEMO
PP_COMM_MOODYS_V2,Commercial term prepayment by Moody's,Commercial Term Loan,moodys_band,Aaa-A,Baseline,10,0.042662369166862044,0.003626670060249859,0.9807081809607715,V2,SYNTHETIC_DEMO
PP_COMM_MOODYS_V2,Commercial term prepayment by Moody's,Commercial Term Loan,moodys_band,Aaa-A,Baseline,11,0.04716193856808497,0.004017766658987898,0.9767679243291106,V2,SYNTHETIC_DEMO
PP_COMM_MOODYS_V2,Commercial term prepayment by Moody's,Commercial Term Loan,moodys_band,Aaa-A,Baseline,12,0.051677678360917655,0.004411974583417244,0.9724584490730733,V2,SYNTHETIC_DEMO
PP_COMM_MOODYS_V2,Commercial term prepayment by Moody's,Commercial Term Loan,moodys_band,Aaa-A,Baseline,13,0.05620130864916114,0.0048086003401526245,0.9677822850440763,V2,SYNTHETIC_DEMO
PP_COMM_MOODYS_V2,Commercial term prepayment by Moody's,Commercial Term Loan,moodys_band,Aaa-A,Baseline,14,0.06072424680129449,0.005206911462781183,0.9627431283706037,V2,SYNTHETIC_DEMO
PP_COMM_MOODYS_V2,Commercial term prepayment by Moody's,Commercial Term Loan,moodys_band,Aaa-A,Baseline,15,0.06523770002366037,0.005606143816006659,0.9573458519350859,V2,SYNTHETIC_DEMO
PP_COMM_MOODYS_V2,Commercial term prepayment by Moody's,Commercial Term Loan,moodys_band,Aaa-A,Baseline,16,0.06973276088422016,0.006005509421769362,0.9515965024013979,V2,SYNTHETIC_DEMO
PP_COMM_MOODYS_V2,Commercial term prepayment by Moody's,Commercial Term Loan,moodys_band,Aaa-A,Baseline,17,0.07420050488447234,0.00640420474893677,0.9455022835616472,V2,SYNTHETIC_DEMO
PP_COMM_MOODYS_V2,Commercial term prepayment by Moody's,Commercial Term Loan,moodys_band,Aaa-A,Baseline,18,0.078632089154219,0.006801419399964259,0.9390715259875205,V2,SYNTHETIC_DEMO
PP_COMM_MOODYS_V2,Commercial term prepayment by Moody's,Commercial Term Loan,moodys_band,Aaa-A,Baseline,19,0.07864943810125456,0.006802977870624782,0.9326830431772936,V2,SYNTHETIC_DEMO
PP_COMM_MOODYS_V2,Commercial term prepayment by Moody's,Commercial Term Loan,moodys_band,Aaa-A,Baseline,20,0.07861716689792514,0.006800078942514887,0.9263407248553429,V2,SYNTHETIC_DEMO
PP_COMM_MOODYS_V2,Commercial term prepayment by Moody's,Commercial Term Loan,moodys_band,Aaa-A,Baseline,21,0.07853549952014865,0.006792743162778558,0.9200483302301784,V2,SYNTHETIC_DEMO
PP_COMM_MOODYS_V2,Commercial term prepayment by Moody's,Commercial Term Loan,moodys_band,Aaa-A,Baseline,22,0.07840500277436613,0.006781022517475255,0.9138094617857221,V2,SYNTHETIC_DEMO
PP_COMM_MOODYS_V2,Commercial term prepayment by Moody's,Commercial Term Loan,moodys_band,Aaa-A,Baseline,23,0.07822658236366305,0.006765000040509617,0.9076275407397236,V2,SYNTHETIC_DEMO
PP_COMM_MOODYS_V2,Commercial term prepayment by Moody's,Commercial Term Loan,moodys_band,Aaa-A,Baseline,24,0.07800147660180362,0.006744789189745082,0.9015057843146275,V2,SYNTHETIC_DEMO
PP_COMM_MOODYS_V2,Commercial term prepayment by Moody's,Commercial Term Loan,moodys_band,Aaa-A,Baseline,25,0.07773124781880505,0.006720532996002948,0.8954471849450535,V2,SYNTHETIC_DEMO
PP_COMM_MOODYS_V2,Commercial term prepayment by Moody's,Commercial Term Loan,moodys_band,Aaa-A,Baseline,26,0.07741777151770063,0.0066924029926799244,0.8894544915247404,V2,SYNTHETIC_DEMO
PP_COMM_MOODYS_V2,Commercial term prepayment by Moody's,Commercial Term Loan,moodys_band,Aaa-A,Baseline,27,0.07706322335774865,0.006660597935645107,0.8835301927746405,V2,SYNTHETIC_DEMO
PP_COMM_MOODYS_V2,Commercial term prepayment by Moody's,Commercial Term Loan,moodys_band,Aaa-A,Baseline,28,0.07667006405442901,0.006625342324866668,0.8776765027931531,V2,SYNTHETIC_DEMO
PP_COMM_MOODYS_V2,Commercial term prepayment by Moody's,Commercial Term Loan,moodys_band,Aaa-A,Baseline,29,0.07624102230102814,0.006586884740851562,0.8718953488295009,V2,SYNTHETIC_DEMO
PP_COMM_MOODYS_V2,Commercial term prepayment by Moody's,Commercial Term Loan,moodys_band,Aaa-A,Baseline,30,0.0757790758303433,0.006545496010447072,0.8661883613022101,V2,SYNTHETIC_DEMO
PP_COMM_MOODYS_V2,Commercial term prepayment by Moody's,Commercial Term Loan,moodys_band,Aaa-A,Baseline,31,0.07528743074794692,0.006501467217820522,0.8605568660667461,V2,SYNTHETIC_DEMO
PP_COMM_MOODYS_V2,Commercial term prepayment by Moody's,Commercial Term Loan,moodys_band,Aaa-A,Baseline,32,0.07476949928044606,0.006455107577506336,0.8550018789197236,V2,SYNTHETIC_DEMO
PP_COMM_MOODYS_V2,Commercial term prepayment by Moody's,Commercial Term Loan,moodys_band,Aaa-A,Baseline,33,0.07422887609317419,0.00640674218727777,0.8495241023118468,V2,SYNTHETIC_DEMO
PP_COMM_MOODYS_V2,Commercial term prepayment by Moody's,Commercial Term Loan,moodys_band,Aaa-A,Baseline,34,0.07366931334168018,0.006356709679255612,0.8441239242279202,V2,SYNTHETIC_DEMO
PP_COMM_MOODYS_V2,Commercial term prepayment by Moody's,Commercial Term Loan,moodys_band,Aaa-A,Baseline,35,0.07309469463016827,0.006305359788117637,0.8388014191799054,V2,SYNTHETIC_DEMO
PP_COMM_MOODYS_V2,Commercial term prepayment by Moody's,Commercial Term Loan,moodys_band,Aaa-A,Baseline,36,0.07250900805762807,0.006253050855523412,0.8335563512480882,V2,SYNTHETIC_DEMO
PP_COMM_MOODYS_V2,Commercial term prepayment by Moody's,Commercial Term Loan,moodys_band,Aaa-A,Baseline,37,0.0719163185387262,0.006200147289921243,0.8283881790959008,V2,SYNTHETIC_DEMO
PP_COMM_MOODYS_V2,Commercial term prepayment by Moody's,Commercial Term Loan,moodys_band,Aaa-A,Baseline,38,0.07132073959156454,0.006147017000783905,0.8232960628757499,V2,SYNTHETIC_DEMO
PP_COMM_MOODYS_V2,Commercial term prepayment by Moody's,Commercial Term Loan,moodys_band,Aaa-A,Baseline,39,0.07072640478810974,0.006094028826021725,0.8182788729362348,V2,SYNTHETIC_DEMO
PP_COMM_MOODYS_V2,Commercial term prepayment by Moody's,Commercial Term Loan,moodys_band,Aaa-A,Baseline,40,0.07013743906544029,0.006041549970881355,0.8133352002352741,V2,SYNTHETIC_DEMO
PP_COMM_MOODYS_V2,Commercial term prepayment by Moody's,Commercial Term Loan,moodys_band,Aaa-A,Baseline,41,0.06955793009692365,0.005989943476054971,0.808463368358779,V2,SYNTHETIC_DEMO
PP_COMM_MOODYS_V2,Commercial term prepayment by Moody's,Commercial Term Loan,moodys_band,Aaa-A,Baseline,42,0.06899189992201923,0.005939565732033247,0.803661447040471,V2,SYNTHETIC_DEMO
PP_COMM_MOODYS_V2,Commercial term prepayment by Moody's,Commercial Term Loan,moodys_band,Aaa-A,Baseline,43,0.06844327703160867,0.005890764055937359,0.7989272670751024,V2,SYNTHETIC_DEMO
PP_COMM_MOODYS_V2,Commercial term prepayment by Moody's,Commercial Term Loan,moodys_band,Aaa-A,Baseline,44,0.06791586910259334,0.005843874346191713,0.7942584365145692,V2,SYNTHETIC_DEMO
PP_COMM_MOODYS_V2,Commercial term prepayment by Moody's,Commercial Term Loan,moodys_band,Aaa-A,Baseline,45,0.06741333657099224,0.005799218829465658,0.789652358034072,V2,SYNTHETIC_DEMO
PP_COMM_MOODYS_V2,Commercial term prepayment by Moody's,Commercial Term Loan,moodys_band,Aaa-A,Baseline,46,0.06693916722695452,0.005757103913322514,0.7851062473534697,V2,SYNTHETIC_DEMO
PP_COMM_MOODYS_V2,Commercial term prepayment by Moody's,Commercial Term Loan,moodys_band,Aaa-A,Baseline,47,0.06649665200800788,0.005717818157008003,0.7806171525971716,V2,SYNTHETIC_DEMO
PP_COMM_MOODYS_V2,Commercial term prepayment by Moody's,Commercial Term Loan,moodys_band,Aaa-A,Baseline,48,0.06608886215854831,0.00568163037177194,0.7761819744742493,V2,SYNTHETIC_DEMO
PP_COMM_MOODYS_V2,Commercial term prepayment by Moody's,Commercial Term Loan,moodys_band,Aaa-A,Baseline,49,0.06571862791409379,0.005648787861086024,0.7717974871588453,V2,SYNTHETIC_DEMO
PP_COMM_MOODYS_V2,Commercial term prepayment by Moody's,Commercial Term Loan,moodys_band,Aaa-A,Baseline,50,0.0653885188582423,0.005619514810083603,0.7674603597493709,V2,SYNTHETIC_DEMO
PP_COMM_MOODYS_V2,Commercial term prepayment by Moody's,Commercial Term Loan,moodys_band,Aaa-A,Baseline,51,0.06510082608866563,0.005594010832530194,0.7631671781833954,V2,SYNTHETIC_DEMO
PP_COMM_MOODYS_V2,Commercial term prepayment by Moody's,Commercial Term Loan,moodys_band,Aaa-A,Baseline,52,0.06485754631591406,0.005572449682629488,0.7589144674835341,V2,SYNTHETIC_DEMO
PP_COMM_MOODYS_V2,Commercial term prepayment by Moody's,Commercial Term Loan,moodys_band,Aaa-A,Baseline,53,0.06466036800539335,0.005554978137990996,0.754698714208058,V2,SYNTHETIC_DEMO
PP_COMM_MOODYS_V2,Commercial term prepayment by Moody's,Commercial Term Loan,moodys_band,Aaa-A,Baseline,54,0.06451065965869456,0.005541715059125929,0.7505163889784282,V2,SYNTHETIC_DEMO
PP_COMM_MOODYS_V2,Commercial term prepayment by Moody's,Commercial Term Loan,moodys_band,Aaa-A,Baseline,55,0.06440946031560921,0.005532750629909544,0.7463639689545504,V2,SYNTHETIC_DEMO
PP_COMM_MOODYS_V2,Commercial term prepayment by Moody's,Commercial Term Loan,moodys_band,Aaa-A,Baseline,56,0.06435747234274983,0.005528145782533467,0.7422379601273393,V2,SYNTHETIC_DEMO
PP_COMM_MOODYS_V2,Commercial term prepayment by Moody's,Commercial Term Loan,moodys_band,Aaa-A,Baseline,57,0.06435505655882606,0.005527931809585773,0.7381349192972694,V2,SYNTHETIC_DEMO
PP_COMM_MOODYS_V2,Commercial term prepayment by Moody's,Commercial Term Loan,moodys_band,Aaa-A,Baseline,58,0.06440222973040892,0.0055321101650195326,0.7340514756070691,V2,SYNTHETIC_DEMO
PP_COMM_MOODYS_V2,Commercial term prepayment by Moody's,Commercial Term Loan,moodys_band,Aaa-A,Baseline,59,0.0644986644555636,0.005540652454907757,0.7299843514967181,V2,SYNTHETIC_DEMO
PP_COMM_MOODYS_V2,Commercial term prepayment by Moody's,Commercial Term Loan,moodys_band,Aaa-A,Baseline,60,0.06464369143615856,0.005553500618028284,0.7259303829495302,V2,SYNTHETIC_DEMO
PP_COMM_MOODYS_V2,Commercial term prepayment by Moody's,Commercial Term Loan,moodys_band,Aaa-A,Baseline,61,0.06483630412308017,0.005570567295461459,0.7218865388994897,V2,SYNTHETIC_DEMO
PP_COMM_MOODYS_V2,Commercial term prepayment by Moody's,Commercial Term Loan,moodys_band,Aaa-A,Baseline,62,0.0650751657021128,0.00559173638752497,0.717849939672261,V2,SYNTHETIC_DEMO
PP_COMM_MOODYS_V2,Commercial term prepayment by Moody's,Commercial Term Loan,moodys_band,Aaa-A,Baseline,63,0.06535861837199988,0.005616863795495086,0.7138178743355175,V2,SYNTHETIC_DEMO
PP_COMM_MOODYS_V2,Commercial term prepayment by Moody's,Commercial Term Loan,moodys_band,Aaa-A,Baseline,64,0.06568469485029181,0.005645778344675612,0.7097878168385516,V2,SYNTHETIC_DEMO
PP_COMM_MOODYS_V2,Commercial term prepayment by Moody's,Commercial Term Loan,moodys_band,Aaa-A,Baseline,65,0.0660511320271254,0.0056782828844691435,0.7057574408265925,V2,SYNTHETIC_DEMO
PP_COMM_MOODYS_V2,Commercial term prepayment by Moody's,Commercial Term Loan,moodys_band,Aaa-A,Baseline,66,0.06645538667217171,0.005714155560172851,0.7017246330219599,V2,SYNTHETIC_DEMO
PP_COMM_MOODYS_V2,Commercial term prepayment by Moody's,Commercial Term Loan,moodys_band,Aaa-A,Baseline,67,0.06689465308573954,0.005753151250268984,0.697687505072145,V2,SYNTHETIC_DEMO
PP_COMM_MOODYS_V2,Commercial term prepayment by Moody's,Commercial Term Loan,moodys_band,Aaa-A,Baseline,68,0.0673658825715282,0.005795003162000101,0.693644403774164,V2,SYNTHETIC_DEMO
PP_COMM_MOODYS_V2,Commercial term prepayment by Moody's,Commercial Term Loan,moodys_band,Aaa-A,Baseline,69,0.0678658045958803,0.005839424577020025,0.6895939195950528,V2,SYNTHETIC_DEMO
PP_COMM_MOODYS_V2,Commercial term prepayment by Moody's,Commercial Term Loan,moodys_band,Aaa-A,Baseline,70,0.06839094948668072,0.005886110737893913,0.685534893420138,V2,SYNTHETIC_DEMO
PP_COMM_MOODYS_V2,Commercial term prepayment by Moody's,Commercial Term Loan,moodys_band,Aaa-A,Baseline,71,0.06893767251436102,0.005934740865185861,0.6814664214736467,V2,SYNTHETIC_DEMO
PP_COMM_MOODYS_V2,Commercial term prepayment by Moody's,Commercial Term Loan,moodys_band,Aaa-A,Baseline,72,0.0695021791878777,0.005984980293839315,0.6773878583702136,V2,SYNTHETIC_DEMO
PP_COMM_MOODYS_V2,Commercial term prepayment by Moody's,Commercial Term Loan,moodys_band,Aaa-A,Baseline,73,0.07008055159009861,0.006036482716522018,0.67329881827078,V2,SYNTHETIC_DEMO
PP_COMM_MOODYS_V2,Commercial term prepayment by Moody's,Commercial Term Loan,moodys_band,Aaa-A,Baseline,74,0.07066877556981938,0.006088892520589306,0.6691991741320894,V2,SYNTHETIC_DEMO
PP_COMM_MOODYS_V2,Commercial term prepayment by Moody's,Commercial Term Loan,moodys_band,Aaa-A,Baseline,75,0.07126276860168498,0.006141847204336193,0.6650890550553021,V2,SYNTHETIC_DEMO
PP_COMM_MOODYS_V2,Commercial term prepayment by Moody's,Commercial Term Loan,moodys_band,Aaa-A,Baseline,76,0.07185840812065754,0.006194979857263139,0.6609688417559484,V2,SYNTHETIC_DEMO
PP_COMM_MOODYS_V2,Commercial term prepayment by Moody's,Commercial Term Loan,moodys_band,Aaa-A,Baseline,77,0.07245156013437626,0.006247921688200764,0.6568391601943164,V2,SYNTHETIC_DEMO
PP_COMM_MOODYS_V2,Commercial term prepayment by Moody's,Commercial Term Loan,moodys_band,Aaa-A,Baseline,78,0.07303810791482789,0.006300304584337502,0.6527008734221718,V2,SYNTHETIC_DEMO
PP_COMM_MOODYS_V2,Commercial term prepayment by Moody's,Commercial Term Loan,moodys_band,Aaa-A,Baseline,79,0.0736139805701955,0.006351763683483114,0.648555071718191,V2,SYNTHETIC_DEMO
PP_COMM_MOODYS_V2,Commercial term prepayment by Moody's,Commercial Term Loan,moodys_band,Aaa-A,Baseline,80,0.07417518129858423,0.006401939941316215,0.6444030611004151,V2,SYNTHETIC_DEMO
PP_COMM_MOODYS_V2,Commercial term prepayment by Moody's,Commercial Term Loan,moodys_band,Aaa-A,Baseline,81,0.07471781512753142,0.006450482674898117,0.6402463503191356,V2,SYNTHETIC_DEMO
PP_COMM_MOODYS_V2,Commercial term prepayment by Moody's,Commercial Term Loan,moodys_band,Aaa-A,Baseline,82,0.07523811594677722,0.006497052063432873,0.6360866364476893,V2,SYNTHETIC_DEMO
PP_COMM_MOODYS_V2,Commercial term prepayment by Moody's,Commercial Term Loan,moodys_band,Aaa-A,Baseline,83,0.07573247264667629,0.00654132158710885,0.6319257892014225,V2,SYNTHETIC_DEMO
PP_COMM_MOODYS_V2,Commercial term prepayment by Moody's,Commercial Term Loan,moodys_band,Aaa-A,Baseline,84,0.07619745418083934,0.006582980384892578,0.6277658341264017,V2,SYNTHETIC_DEMO
PP_COMM_MOODYS_V2,Commercial term prepayment by Moody's,Commercial Term Loan,moodys_band,Baa,Baseline,1,0.003531933819813498,0.0002948053549853835,0.9997051946450146,V2,SYNTHETIC_DEMO
PP_COMM_MOODYS_V2,Commercial term prepayment by Moody's,Commercial Term Loan,moodys_band,Baa,Baseline,2,0.00712177501295911,0.0005954273214338057,0.9991099428587437,V2,SYNTHETIC_DEMO
PP_COMM_MOODYS_V2,Commercial term prepayment by Moody's,Commercial Term Loan,moodys_band,Baa,Baseline,3,0.01076831366051663,0.0009018190798403269,0.9982089264494155,V2,SYNTHETIC_DEMO
PP_COMM_MOODYS_V2,Commercial term prepayment by Moody's,Commercial Term Loan,moodys_band,Baa,Baseline,4,0.014469547236288832,0.00121386700346382,0.9969972335710355,V2,SYNTHETIC_DEMO
PP_COMM_MOODYS_V2,Commercial term prepayment by Moody's,Commercial Term Loan,moodys_band,Baa,Baseline,5,0.018222701478681363,0.0015313912161541987,0.9954704407650148,V2,SYNTHETIC_DEMO
PP_COMM_MOODYS_V2,Commercial term prepayment by Moody's,Commercial Term Loan,moodys_band,Baa,Baseline,6,0.022024259340299838,0.0018541468009619644,0.9936246924318182,V2,SYNTHETIC_DEMO
PP_COMM_MOODYS_V2,Commercial term prepayment by Moody's,Commercial Term Loan,moodys_band,Baa,Baseline,7,0.02586999774705397,0.0021818256595687036,0.9914567765818894,V2,SYNTHETIC_DEMO
PP_COMM_MOODYS_V2,Commercial term prepayment by Moody's,Commercial Term Loan,moodys_band,Baa,Baseline,8,0.02975503182593542,0.00251405901853452,0.9889641957312365,V2,SYNTHETIC_DEMO
PP_COMM_MOODYS_V2,Commercial term prepayment by Moody's,Commercial Term Loan,moodys_band,Baa,Baseline,9,0.03367386619097356,0.0028504205740426114,0.9861452318407327,V2,SYNTHETIC_DEMO
PP_COMM_MOODYS_V2,Commercial term prepayment by Moody's,Commercial Term Loan,moodys_band,Baa,Baseline,10,0.03762045281077835,0.0031904302621885705,0.9829990042501551,V2,SYNTHETIC_DEMO
PP_COMM_MOODYS_V2,Commercial term prepayment by Moody's,Commercial Term Loan,moodys_band,Baa,Baseline,11,0.04158825491912947,0.0035335586368795413,0.979525519628643,V2,SYNTHETIC_DEMO
PP_COMM_MOODYS_V2,Commercial term prepayment by Moody's,Commercial Term Loan,moodys_band,Baa,Baseline,12,0.0455703163728092,0.0038792318320697294,0.9757257130525749,V2,SYNTHETIC_DEMO
PP_COMM_MOODYS_V2,Commercial term prepayment by Moody's,Commercial Term Loan,moodys_band,Baa,Baseline,13,0.049559335808805734,0.004226837079361667,0.9716014794293577,V2,SYNTHETIC_DEMO
PP_COMM_MOODYS_V2,Commercial term prepayment by Moody's,Commercial Term Loan,moodys_band,Baa,Baseline,14,0.05354774490659605,0.00457572874597556,0.9671556946103004,V2,SYNTHETIC_DEMO
PP_COMM_MOODYS_V2,Commercial term prepayment by Moody's,Commercial Term Loan,moodys_band,Baa,Baseline,15,0.057527790020864146,0.004925234851781757,0.9623922256761065,V2,SYNTHETIC_DEMO
PP_COMM_MOODYS_V2,Commercial term prepayment by Moody's,Commercial Term Loan,moodys_band,Baa,Baseline,16,0.061491616416085054,0.005274664017575814,0.957315930032538,V2,SYNTHETIC_DEMO
PP_COMM_MOODYS_V2,Commercial term prepayment by Moody's,Commercial Term Loan,moodys_band,Baa,Baseline,17,0.06543135430721653,0.005623312790152157,0.9519326431189696,V2,SYNTHETIC_DEMO
PP_COMM_MOODYS_V2,Commercial term prepayment by Moody's,Commercial Term Loan,moodys_band,Baa,Baseline,18,0.06933920589053857,0.005970473283116173,0.9462491547059017,V2,SYNTHETIC_DEMO
PP_COMM_MOODYS_V2,Commercial term prepayment by Moody's,Commercial Term Loan,moodys_band,Baa,Baseline,19,0.06935450450746994,0.005971834985075808,0.9405983108992305,V2,SYNTHETIC_DEMO
PP_COMM_MOODYS_V2,Commercial term prepayment by Moody's,Commercial Term Loan,moodys_band,Baa,Baseline,20,0.0693260471736249,0.005969302066164306,0.934983595458549,V2,SYNTHETIC_DEMO
PP_COMM_MOODYS_V2,Commercial term prepayment by Moody's,Commercial Term Loan,moodys_band,Baa,Baseline,21,0.06925403139504019,0.005962892431897293,0.9294083888532412,V2,SYNTHETIC_DEMO
PP_COMM_MOODYS_V2,Commercial term prepayment by Moody's,Commercial Term Loan,moodys_band,Baa,Baseline,22,0.06913895699194104,0.005952651386080143,0.9238759447190994,V2,SYNTHETIC_DEMO
PP_COMM_MOODYS_V2,Commercial term prepayment by Moody's,Commercial Term Loan,moodys_band,Baa,Baseline,23,0.0689816226297756,0.005938651293345698,0.9183893676451024,V2,SYNTHETIC_DEMO
PP_COMM_MOODYS_V2,Commercial term prepayment by Moody's,Commercial Term Loan,moodys_band,Baa,Baseline,24,0.06878312027613592,0.0059209910406849975,0.9129515924274154,V2,SYNTHETIC_DEMO
PP_COMM_MOODYS_V2,Commercial term prepayment by Moody's,Commercial Term Loan,moodys_band,Baa,Baseline,25,0.06854482762203717,0.005899795302745092,0.9075653649107785,V2,SYNTHETIC_DEMO
PP_COMM_MOODYS_V2,Commercial term prepayment by Moody's,Commercial Term Loan,moodys_band,Baa,Baseline,26,0.06826839852015419,0.005875213617379305,0.902233224520193,V2,SYNTHETIC_DEMO
PP_COMM_MOODYS_V2,Commercial term prepayment by Moody's,Commercial Term Loan,moodys_band,Baa,Baseline,27,0.06795575150637835,0.005847419279557786,0.896957488568476,V2,SYNTHETIC_DEMO
PP_COMM_MOODYS_V2,Commercial term prepayment by Moody's,Commercial Term Loan,moodys_band,Baa,Baseline,28,0.06760905648436014,0.005816608063259121,0.8917402384080679,V2,SYNTHETIC_DEMO
PP_COMM_MOODYS_V2,Commercial term prepayment by Moody's,Commercial Term Loan,moodys_band,Baa,Baseline,29,0.06723071966545209,0.005782996782360161,0.886583307478653,V2,SYNTHETIC_DEMO
PP_COMM_MOODYS_V2,Commercial term prepayment by Moody's,Commercial Term Loan,moodys_band,Baa,Baseline,30,0.06682336686857546,0.005746821702789839,0.8814882712859035,V2,SYNTHETIC_DEMO
PP_COMM_MOODYS_V2,Commercial term prepayment by Moody's,Commercial Term Loan,moodys_band,Baa,Baseline,31,0.06638982529591682,0.005708336819314708,0.876456439331128,V2,SYNTHETIC_DEMO
PP_COMM_MOODYS_V2,Commercial term prepayment by Moody's,Commercial Term Loan,moodys_band,Baa,Baseline,32,0.0659331039109388,0.0056678120112662045,0.8714888489969355,V2,SYNTHETIC_DEMO
PP_COMM_MOODYS_V2,Commercial term prepayment by Moody's,Commercial Term Loan,moodys_band,Baa,Baseline,33,0.06545637255488997,0.005625531092288805,0.8665862613803202,V2,SYNTHETIC_DEMO
PP_COMM_MOODYS_V2,Commercial term prepayment by Moody's,Commercial Term Loan,moodys_band,Baa,Baseline,34,0.06496293994675434,0.005581789769796064,0.8617491590519017,V2,SYNTHETIC_DEMO
PP_COMM_MOODYS_V2,Commercial term prepayment by Moody's,Commercial Term Loan,moodys_band,Baa,Baseline,35,0.06445623071933021,0.005536893530256548,0.8569777457084432,V2,SYNTHETIC_DEMO
PP_COMM_MOODYS_V2,Commercial term prepayment by Moody's,Commercial Term Loan,moodys_band,Baa,Baseline,36,0.06393976165081748,0.005491155466696318,0.8522719476752592,V2,SYNTHETIC_DEMO
PP_COMM_MOODYS_V2,Commercial term prepayment by Moody's,Commercial Term Loan,moodys_band,Baa,Baseline,37,0.06341711725687674,0.005444894064919881,0.8476314172056645,V2,SYNTHETIC_DEMO
PP_COMM_MOODYS_V2,Commercial term prepayment by Moody's,Commercial Term Loan,moodys_band,Baa,Baseline,38,0.06289192491256146,0.005398430964902334,0.8430555375161973,V2,SYNTHETIC_DEMO
PP_COMM_MOODYS_V2,Commercial term prepayment by Moody's,Commercial Term Loan,moodys_band,Baa,Baseline,39,0.062367829676787674,0.005352088713625802,0.8385434294888972,V2,SYNTHETIC_DEMO
PP_COMM_MOODYS_V2,Commercial term prepayment by Moody's,Commercial Term Loan,moodys_band,Baa,Baseline,40,0.06184846899407007,0.005306188525312616,0.8340939599653668,V2,SYNTHETIC_DEMO
PP_COMM_MOODYS_V2,Commercial term prepayment by Moody's,Commercial Term Loan,moodys_band,Baa,Baseline,41,0.06133744744910541,0.005261048064579277,0.8297057515516137,V2,SYNTHETIC_DEMO
PP_COMM_MOODYS_V2,Commercial term prepayment by Moody's,Commercial Term Loan,moodys_band,Baa,Baseline,42,0.06083831174941696,0.005216979267496646,0.8253771938476463,V2,SYNTHETIC_DEMO
PP_COMM_MOODYS_V2,Commercial term prepayment by Moody's,Commercial Term Loan,moodys_band,Baa,Baseline,43,0.06035452610969128,0.005174286214915447,0.8211064560114149,V2,SYNTHETIC_DEMO
PP_COMM_MOODYS_V2,Commercial term prepayment by Moody's,Commercial Term Loan,moodys_band,Baa,Baseline,44,0.0598894482086505,0.005133263071716576,0.8168915005628233,V2,SYNTHETIC_DEMO
PP_COMM_MOODYS_V2,Commercial term prepayment by Moody's,Commercial Term Loan,moodys_band,Baa,Baseline,45,0.05944630588532953,0.005094192104879602,0.812730098330113,V2,SYNTHETIC_DEMO
PP_COMM_MOODYS_V2,Commercial term prepayment by Moody's,Commercial Term Loan,moodys_band,Baa,Baseline,46,0.05902817473649626,0.005057341792452763,0.8086198444378438,V2,SYNTHETIC_DEMO
PP_COMM_MOODYS_V2,Commercial term prepayment by Moody's,Commercial Term Loan,moodys_band,Baa,Baseline,47,0.05863795677069786,0.005022965034658711,0.8045581752329014,V2,SYNTHETIC_DEMO
PP_COMM_MOODYS_V2,Commercial term prepayment by Moody's,Commercial Term Loan,moodys_band,Baa,Baseline,48,0.058278360267083516,0.004991297477495382,0.8005423860423632,V2,SYNTHETIC_DEMO
PP_COMM_MOODYS_V2,Commercial term prepayment by Moody's,Commercial Term Loan,moodys_band,Baa,Baseline,49,0.0579518809787918,0.0049625559583050816,0.7965696496546328,V2,SYNTHETIC_DEMO
PP_COMM_MOODYS_V2,Commercial term prepayment by Moody's,Commercial Term Loan,moodys_band,Baa,Baseline,50,0.057660784811359125,0.0049369370818829195,0.7926370354129504,V2,SYNTHETIC_DEMO
PP_COMM_MOODYS_V2,Commercial term prepayment by Moody's,Commercial Term Loan,moodys_band,Baa,Baseline,51,0.05740709209636878,0.004914615934806799,0.7887415288081919,V2,SYNTHETIC_DEMO
PP_COMM_MOODYS_V2,Commercial term prepayment by Moody's,Commercial Term Loan,moodys_band,Baa,Baseline,52,0.057192563569487855,0.0048957449447716295,0.7848800514557978,V2,SYNTHETIC_DEMO
PP_COMM_MOODYS_V2,Commercial term prepayment by Moody's,Commercial Term Loan,moodys_band,Baa,Baseline,53,0.057018688150210495,0.004880452890834497,0.781049481339712,V2,SYNTHETIC_DEMO
PP_COMM_MOODYS_V2,Commercial term prepayment by Moody's,Commercial Term Loan,moodys_band,Baa,Baseline,54,0.056886672608121566,0.004868844069604417,0.7772466732044235,V2,SYNTHETIC_DEMO
PP_COMM_MOODYS_V2,Commercial term prepayment by Moody's,Commercial Term Loan,moodys_band,Baa,Baseline,55,0.05679743318740085,0.004860997621550012,0.7734684789746191,V2,SYNTHETIC_DEMO
PP_COMM_MOODYS_V2,Commercial term prepayment by Moody's,Commercial Term Loan,moodys_band,Baa,Baseline,56,0.05675158924769757,0.004856967020758551,0.7697117680806431,V2,SYNTHETIC_DEMO
PP_COMM_MOODYS_V2,Commercial term prepayment by Moody's,Commercial Term Loan,moodys_band,Baa,Baseline,57,0.05674945896551025,0.004856779730639804,0.7659734475669941,V2,SYNTHETIC_DEMO
PP_COMM_MOODYS_V2,Commercial term prepayment by Moody's,Commercial Term Loan,moodys_band,Baa,Baseline,58,0.05679105712590605,0.004860437027247921,0.7622504818605508,V2,SYNTHETIC_DEMO
PP_COMM_MOODYS_V2,Commercial term prepayment by Moody's,Commercial Term Loan,moodys_band,Baa,Baseline,59,0.05687609501990608,0.004867913991075001,0.7585399120751981,V2,SYNTHETIC_DEMO
PP_COMM_MOODYS_V2,Commercial term prepayment by Moody's,Commercial Term Loan,moodys_band,Baa,Baseline,60,0.05700398244824891,0.004879159667355082,0.7548388747301217,V2,SYNTHETIC_DEMO
PP_COMM_MOODYS_V2,Commercial term prepayment by Moody's,Commercial Term Loan,moodys_band,Baa,Baseline,61,0.05717383181762524,0.004894097394104957,0.7511446197603359,V2,SYNTHETIC_DEMO
PP_COMM_MOODYS_V2,Commercial term prepayment by Moody's,Commercial Term Loan,moodys_band,Baa,Baseline,62,0.057384464300954015,0.00491262529630998,0.7474545277001141,V2,SYNTHETIC_DEMO
PP_COMM_MOODYS_V2,Commercial term prepayment by Moody's,Commercial Term Loan,moodys_band,Baa,Baseline,63,0.057634418018945345,0.004934616943839121,0.7437661259229759,V2,SYNTHETIC_DEMO
PP_COMM_MOODYS_V2,Commercial term prepayment by Moody's,Commercial Term Loan,moodys_band,Baa,Baseline,64,0.05792195818616641,0.004959922169839537,0.7400771038258348,V2,SYNTHETIC_DEMO
PP_COMM_MOODYS_V2,Commercial term prepayment by Moody's,Commercial Term Loan,moodys_band,Baa,Baseline,65,0.05824508915119239,0.004988368045520275,0.7363853268498888,V2,SYNTHETIC_DEMO
PP_COMM_MOODYS_V2,Commercial term prepayment by Moody's,Commercial Term Loan,moodys_band,Baa,Baseline,66,0.05860156824727869,0.00501976000637383,0.7326888492368872,V2,SYNTHETIC_DEMO
PP_COMM_MOODYS_V2,Commercial term prepayment by Moody's,Commercial Term Loan,moodys_band,Baa,Baseline,67,0.05898892135742487,0.005053883124016445,0.7289859254265738,V2,SYNTHETIC_DEMO
PP_COMM_MOODYS_V2,Commercial term prepayment by Moody's,Commercial Term Loan,moodys_band,Baa,Baseline,68,0.059404460085802135,0.005090503516948397,0.7252750200093839,V2,SYNTHETIC_DEMO
PP_COMM_MOODYS_V2,Commercial term prepayment by Moody's,Commercial Term Loan,moodys_band,Baa,Baseline,69,0.05984530041636718,0.005129369892641122,0.7215548161578631,V2,SYNTHETIC_DEMO
PP_COMM_MOODYS_V2,Commercial term prepayment by Moody's,Commercial Term Loan,moodys_band,Baa,Baseline,70,0.0603083827291639,0.005170215212466411,0.7178242224707353,V2,SYNTHETIC_DEMO
PP_COMM_MOODYS_V2,Commercial term prepayment by Moody's,Commercial Term Loan,moodys_band,Baa,Baseline,71,0.06079049303539108,0.005212758470081402,0.7140823781750214,V2,SYNTHETIC_DEMO
PP_COMM_MOODYS_V2,Commercial term prepayment by Moody's,Commercial Term Loan,moodys_band,Baa,Baseline,72,0.061288285283855784,0.005256706572997372,0.7103286566440071,V2,SYNTHETIC_DEMO
PP_COMM_MOODYS_V2,Commercial term prepayment by Moody's,Commercial Term Loan,moodys_band,Baa,Baseline,73,0.061798304583996044,0.005301756316179795,0.7065626672020813,V2,SYNTHETIC_DEMO
PP_COMM_MOODYS_V2,Commercial term prepayment by Moody's,Commercial Term Loan,moodys_band,Baa,Baseline,74,0.062317011184295265,0.005347596435681279,0.702784255201366,V2,SYNTHETIC_DEMO
PP_COMM_MOODYS_V2,Commercial term prepayment by Moody's,Commercial Term Loan,moodys_band,Baa,Baseline,75,0.06284080503966767,0.005393909729486168,0.6989935003695057,V2,SYNTHETIC_DEMO
PP_COMM_MOODYS_V2,Commercial term prepayment by Moody's,Commercial Term Loan,moodys_band,Baa,Baseline,76,0.0633660507973071,0.005440375231983707,0.6951907134427778,V2,SYNTHETIC_DEMO
PP_COMM_MOODYS_V2,Commercial term prepayment by Moody's,Commercial Term Loan,moodys_band,Baa,Baseline,77,0.06388910302758634,0.005486670427773732,0.6913764311136684,V2,SYNTHETIC_DEMO
PP_COMM_MOODYS_V2,Commercial term prepayment by Moody's,Commercial Term Loan,moodys_band,Baa,Baseline,78,0.06440633152489368,0.005532473489875511,0.6875514093370073,V2,SYNTHETIC_DEMO
PP_COMM_MOODYS_V2,Commercial term prepayment by Moody's,Commercial Term Loan,moodys_band,Baa,Baseline,79,0.06491414650280876,0.005577465526867442,0.683716615053481,V2,SYNTHETIC_DEMO
PP_COMM_MOODYS_V2,Commercial term prepayment by Moody's,Commercial Term Loan,moodys_band,Baa,Baseline,80,0.06540902350875155,0.005621332823037117,0.6798732164036251,V2,SYNTHETIC_DEMO
PP_COMM_MOODYS_V2,Commercial term prepayment by Moody's,Commercial Term Loan,moodys_band,Baa,Baseline,81,0.0658875278851868,0.005663769055299195,0.6760225715190314,V2,SYNTHETIC_DEMO
PP_COMM_MOODYS_V2,Commercial term prepayment by Moody's,Commercial Term Loan,moodys_band,Baa,Baseline,82,0.06634633860761265,0.005704477470435121,0.6721662159902955,V2,SYNTHETIC_DEMO
PP_COMM_MOODYS_V2,Commercial term prepayment by Moody's,Commercial Term Loan,moodys_band,Baa,Baseline,83,0.06678227133388728,0.005743173006155566,0.6683058491229703,V2,SYNTHETIC_DEMO
PP_COMM_MOODYS_V2,Commercial term prepayment by Moody's,Commercial Term Loan,moodys_band,Baa,Baseline,84,0.06719230050492198,0.0057795843395772595,0.6644433191033313,V2,SYNTHETIC_DEMO
PP_COMM_MOODYS_V2,Commercial term prepayment by Moody's,Commercial Term Loan,moodys_band,Ba,Baseline,1,0.003058581864580761,0.00025523982790665034,0.9997447601720933,V2,SYNTHETIC_DEMO
PP_COMM_MOODYS_V2,Commercial term prepayment by Moody's,Commercial Term Loan,moodys_band,Ba,Baseline,2,0.0061673103205006725,0.0005154010298146217,0.9992294906931489,V2,SYNTHETIC_DEMO
PP_COMM_MOODYS_V2,Commercial term prepayment by Moody's,Commercial Term Loan,moodys_band,Ba,Baseline,3,0.009325137602921618,0.0007804360431037383,0.9984496559832798,V2,SYNTHETIC_DEMO
PP_COMM_MOODYS_V2,Commercial term prepayment by Moody's,Commercial Term Loan,moodys_band,Ba,Baseline,4,0.012530329565445997,0.001050239458972979,0.9974010447567682,V2,SYNTHETIC_DEMO
PP_COMM_MOODYS_V2,Commercial term prepayment by Moody's,Commercial Term Loan,moodys_band,Ba,Baseline,5,0.015780483754734374,0.0013246486436532257,0.9960798388156528,V2,SYNTHETIC_DEMO
PP_COMM_MOODYS_V2,Commercial term prepayment by Moody's,Commercial Term Loan,moodys_band,Ba,Baseline,6,0.019072554480259653,0.0016034449285853292,0.9944826796496377,V2,SYNTHETIC_DEMO
PP_COMM_MOODYS_V2,Commercial term prepayment by Moody's,Commercial Term Loan,moodys_band,Ba,Baseline,7,0.022402884646933335,0.0018863553671775168,0.9926067319093155,V2,SYNTHETIC_DEMO
PP_COMM_MOODYS_V2,Commercial term prepayment by Moody's,Commercial Term Loan,moodys_band,Ba,Baseline,8,0.025767244055449227,0.0021730550519365455,0.9904497428359537,V2,SYNTHETIC_DEMO
PP_COMM_MOODYS_V2,Commercial term prepayment by Moody's,Commercial Term Loan,moodys_band,Ba,Baseline,9,0.0291608738148637,0.002463169981755664,0.9880100967609625,V2,SYNTHETIC_DEMO
PP_COMM_MOODYS_V2,Commercial term prepayment by Moody's,Commercial Term Loan,moodys_band,Ba,Baseline,10,0.032578536454694655,0.0027562804649101658,0.9852868638321263,V2,SYNTHETIC_DEMO
PP_COMM_MOODYS_V2,Commercial term prepayment by Moody's,Commercial Term Loan,moodys_band,Ba,Baseline,11,0.036014571270173976,0.0030519250388529873,0.9822798421819441,V2,SYNTHETIC_DEMO
PP_COMM_MOODYS_V2,Commercial term prepayment by Moody's,Commercial Term Loan,moodys_band,Ba,Baseline,12,0.03946295438470075,0.0033496048832127867,0.9789895928258899,V2,SYNTHETIC_DEMO
PP_COMM_MOODYS_V2,Commercial term prepayment by Moody's,Commercial Term Loan,moodys_band,Ba,Baseline,13,0.04291736296845033,0.0036487886974948536,0.9754174666646217,V2,SYNTHETIC_DEMO
PP_COMM_MOODYS_V2,Commercial term prepayment by Moody's,Commercial Term Loan,moodys_band,Ba,Baseline,14,0.04637124301189761,0.0039489180098937204,0.9715656230633448,V2,SYNTHETIC_DEMO
PP_COMM_MOODYS_V2,Commercial term prepayment by Moody's,Commercial Term Loan,moodys_band,Ba,Baseline,15,0.049817880018067924,0.004249412878402525,0.9674370395924863,V2,SYNTHETIC_DEMO
PP_COMM_MOODYS_V2,Commercial term prepayment by Moody's,Commercial Term Loan,moodys_band,Ba,Baseline,16,0.05325047194794994,0.004549677940106744,0.9630355126350102,V2,SYNTHETIC_DEMO
PP_COMM_MOODYS_V2,Commercial term prepayment by Moody's,Commercial Term Loan,moodys_band,Ba,Baseline,17,0.056662203729960704,0.004849108759262366,0.958365648695211,V2,SYNTHETIC_DEMO
PP_COMM_MOODYS_V2,Commercial term prepayment by Moody's,Commercial Term Loan,moodys_band,Ba,Baseline,18,0.06004632262685815,0.005147098419580609,0.9534328463794316,V2,SYNTHETIC_DEMO
PP_COMM_MOODYS_V2,Commercial term prepayment by Moody's,Commercial Term Loan,moodys_band,Ba,Baseline,19,0.06005957091368531,0.005148266932991863,0.9485243195835881,V2,SYNTHETIC_DEMO
PP_COMM_MOODYS_V2,Commercial term prepayment by Moody's,Commercial Term Loan,moodys_band,Ba,Baseline,20,0.06003492744932465,0.005146093364516324,0.9436431248764966,V2,SYNTHETIC_DEMO
PP_COMM_MOODYS_V2,Commercial term prepayment by Moody's,Commercial Term Loan,moodys_band,Ba,Baseline,21,0.05997256326993171,0.005140593039494545,0.9387922395969895,V2,SYNTHETIC_DEMO
PP_COMM_MOODYS_V2,Commercial term prepayment by Moody's,Commercial Term Loan,moodys_band,Ba,Baseline,22,0.059872911209515954,0.005131804734565315,0.9339745411370526,V2,SYNTHETIC_DEMO
PP_COMM_MOODYS_V2,Commercial term prepayment by Moody's,Commercial Term Loan,moodys_band,Ba,Baseline,23,0.059736662895888144,0.005119790391628687,0.9291927872553133,V2,SYNTHETIC_DEMO
PP_COMM_MOODYS_V2,Commercial term prepayment by Moody's,Commercial Term Loan,moodys_band,Ba,Baseline,24,0.059564763950468225,0.0051046346613420335,0.9244495975464208,V2,SYNTHETIC_DEMO
PP_COMM_MOODYS_V2,Commercial term prepayment by Moody's,Commercial Term Loan,moodys_band,Ba,Baseline,25,0.059358407425269315,0.005086444280077984,0.9197474361787603,V2,SYNTHETIC_DEMO
PP_COMM_MOODYS_V2,Commercial term prepayment by Moody's,Commercial Term Loan,moodys_band,Ba,Baseline,26,0.05911902552260775,0.005065347285679422,0.9150885959994016,V2,SYNTHETIC_DEMO
PP_COMM_MOODYS_V2,Commercial term prepayment by Moody's,Commercial Term Loan,moodys_band,Ba,Baseline,27,0.05884827965500806,0.005041492078692311,0.910475184091369,V2,SYNTHETIC_DEMO
PP_COMM_MOODYS_V2,Commercial term prepayment by Moody's,Commercial Term Loan,moodys_band,Ba,Baseline,28,0.05854804891429125,0.005015046337015883,0.9059091088544476,V2,SYNTHETIC_DEMO
PP_COMM_MOODYS_V2,Commercial term prepayment by Moody's,Commercial Term Loan,moodys_band,Ba,Baseline,29,0.058220417029876036,0.0049861957930720235,0.901392068666972,V2,SYNTHETIC_DEMO
PP_COMM_MOODYS_V2,Commercial term prepayment by Moody's,Commercial Term Loan,moodys_band,Ba,Baseline,30,0.05786765790680761,0.004955142883652064,0.8969255421725364,V2,SYNTHETIC_DEMO
PP_COMM_MOODYS_V2,Commercial term prepayment by Moody's,Commercial Term Loan,moodys_band,Ba,Baseline,31,0.057492219843886735,0.00492210528353243,0.8925107802224738,V2,SYNTHETIC_DEMO
PP_COMM_MOODYS_V2,Commercial term prepayment by Moody's,Commercial Term Loan,moodys_band,Ba,Baseline,32,0.05709670854143154,0.004887314334761972,0.8881487994923629,V2,SYNTHETIC_DEMO
PP_COMM_MOODYS_V2,Commercial term prepayment by Moody's,Commercial Term Loan,moodys_band,Ba,Baseline,33,0.05668386901660574,0.004851013384197467,0.8838403777788666,V2,SYNTHETIC_DEMO
PP_COMM_MOODYS_V2,Commercial term prepayment by Moody's,Commercial Term Loan,moodys_band,Ba,Baseline,34,0.05625656655182851,0.004813456042411568,0.8795860509719196,V2,SYNTHETIC_DEMO
PP_COMM_MOODYS_V2,Commercial term prepayment by Moody's,Commercial Term Loan,moodys_band,Ba,Baseline,35,0.05581776680849214,0.00477490437749728,0.8753861116867482,V2,SYNTHETIC_DEMO
PP_COMM_MOODYS_V2,Commercial term prepayment by Moody's,Commercial Term Loan,moodys_band,Ba,Baseline,36,0.055370515244006886,0.004735627057574798,0.8712406095304193,V2,SYNTHETIC_DEMO
PP_COMM_MOODYS_V2,Commercial term prepayment by Moody's,Commercial Term Loan,moodys_band,Ba,Baseline,37,0.05491791597502728,0.004695897455940901,0.867149352968613,V2,SYNTHETIC_DEMO
PP_COMM_MOODYS_V2,Commercial term prepayment by Moody's,Commercial Term Loan,moodys_band,Ba,Baseline,38,0.05446311023355838,0.004655991732827047,0.8631119127500647,V2,SYNTHETIC_DEMO
PP_COMM_MOODYS_V2,Commercial term prepayment by Moody's,Commercial Term Loan,moodys_band,Ba,Baseline,39,0.05400925456546562,0.004616186907626552,0.8591276268386113,V2,SYNTHETIC_DEMO
PP_COMM_MOODYS_V2,Commercial term prepayment by Moody's,Commercial Term Loan,moodys_band,Ba,Baseline,40,0.05355949892269986,0.004576758935247338,0.8551956067959599,V2,SYNTHETIC_DEMO
PP_COMM_MOODYS_V2,Commercial term prepayment by Moody's,Commercial Term Loan,moodys_band,Ba,Baseline,41,0.05311696480128716,0.004537980799932284,0.8513147455521334,V2,SYNTHETIC_DEMO
PP_COMM_MOODYS_V2,Commercial term prepayment by Moody's,Commercial Term Loan,moodys_band,Ba,Baseline,42,0.05268472357681469,0.004500120639494676,0.8474837264949681,V2,SYNTHETIC_DEMO
PP_COMM_MOODYS_V2,Commercial term prepayment by Moody's,Commercial Term Loan,moodys_band,Ba,Baseline,43,0.052265775187773894,0.004463439912431033,0.8437010338049946,V2,SYNTHETIC_DEMO
PP_COMM_MOODYS_V2,Commercial term prepayment by Moody's,Commercial Term Loan,moodys_band,Ba,Baseline,44,0.05186302731470765,0.004428191619830657,0.8399649639574569,V2,SYNTHETIC_DEMO
PP_COMM_MOODYS_V2,Commercial term prepayment by Moody's,Commercial Term Loan,moodys_band,Ba,Baseline,45,0.05147927519966681,0.0043946185933883,0.8362736383090548,V2,SYNTHETIC_DEMO
PP_COMM_MOODYS_V2,Commercial term prepayment by Moody's,Commercial Term Loan,moodys_band,Ba,Baseline,46,0.051117182246038,0.004362951860173436,0.8326250166831802,V2,SYNTHETIC_DEMO
PP_COMM_MOODYS_V2,Commercial term prepayment by Moody's,Commercial Term Loan,moodys_band,Ba,Baseline,47,0.05077926153338783,0.004333409094111618,0.8290169118639005,V2,SYNTHETIC_DEMO
PP_COMM_MOODYS_V2,Commercial term prepayment by Moody's,Commercial Term Loan,moodys_band,Ba,Baseline,48,0.050467858375618714,0.004306193163410632,0.8254470049056803,V2,SYNTHETIC_DEMO
PP_COMM_MOODYS_V2,Commercial term prepayment by Moody's,Commercial Term Loan,moodys_band,Ba,Baseline,49,0.05018513404348981,0.004281490782411135,0.8219128611628078,V2,SYNTHETIC_DEMO
PP_COMM_MOODYS_V2,Commercial term prepayment by Moody's,Commercial Term Loan,moodys_band,Ba,Baseline,50,0.04993305076447594,0.0042594712755827935,0.8184119469396528,V2,SYNTHETIC_DEMO
PP_COMM_MOODYS_V2,Commercial term prepayment by Moody's,Commercial Term Loan,moodys_band,Ba,Baseline,51,0.04971335810407194,0.0042402854606106155,0.8149416466602546,V2,SYNTHETIC_DEMO
PP_COMM_MOODYS_V2,Commercial term prepayment by Moody's,Commercial Term Loan,moodys_band,Ba,Baseline,52,0.04952758082306165,0.004224064656739079,0.8114992804532922,V2,SYNTHETIC_DEMO
PP_COMM_MOODYS_V2,Commercial term prepayment by Moody's,Commercial Term Loan,moodys_band,Ba,Baseline,53,0.04937700829502764,0.004210919823763759,0.8080821220462614,V2,SYNTHETIC_DEMO
PP_COMM_MOODYS_V2,Commercial term prepayment by Moody's,Commercial Term Loan,moodys_band,Ba,Baseline,54,0.04926268555754857,0.004200940836283196,0.8046874168606869,V2,SYNTHETIC_DEMO
PP_COMM_MOODYS_V2,Commercial term prepayment by Moody's,Commercial Term Loan,moodys_band,Ba,Baseline,55,0.04918540605919249,0.00419419589705039,0.8013124001984817,V2,SYNTHETIC_DEMO
PP_COMM_MOODYS_V2,Commercial term prepayment by Moody's,Commercial Term Loan,moodys_band,Ba,Baseline,56,0.04914570615264532,0.004190731092495681,0.7979543154081676,V2,SYNTHETIC_DEMO
PP_COMM_MOODYS_V2,Commercial term prepayment by Moody's,Commercial Term Loan,moodys_band,Ba,Baseline,57,0.049143861372194446,0.004190570092728607,0.7946104319186544,V2,SYNTHETIC_DEMO
PP_COMM_MOODYS_V2,Commercial term prepayment by Moody's,Commercial Term Loan,moodys_band,Ba,Baseline,58,0.04917988452140317,0.004193713997566628,0.7912780630277048,V2,SYNTHETIC_DEMO
PP_COMM_MOODYS_V2,Commercial term prepayment by Moody's,Commercial Term Loan,moodys_band,Ba,Baseline,59,0.04925352558424856,0.004200141329383289,0.7879545833321477,V2,SYNTHETIC_DEMO
PP_COMM_MOODYS_V2,Commercial term prepayment by Moody's,Commercial Term Loan,moodys_band,Ba,Baseline,60,0.04936427346033927,0.004209808172810581,0.7846374456874325,V2,SYNTHETIC_DEMO
PP_COMM_MOODYS_V2,Commercial term prepayment by Moody's,Commercial Term Loan,moodys_band,Ba,Baseline,61,0.04951135951217031,0.0042226484605796255,0.7813241975852874,V2,SYNTHETIC_DEMO
PP_COMM_MOODYS_V2,Commercial term prepayment by Moody's,Commercial Term Loan,moodys_band,Ba,Baseline,62,0.04969376289979523,0.004238574404024198,0.7780124968401576,V2,SYNTHETIC_DEMO
PP_COMM_MOODYS_V2,Commercial term prepayment by Moody's,Commercial Term Loan,moodys_band,Ba,Baseline,63,0.049910217665890814,0.0042574770660133154,0.7747001264777889,V2,SYNTHETIC_DEMO
PP_COMM_MOODYS_V2,Commercial term prepayment by Moody's,Commercial Term Loan,moodys_band,Ba,Baseline,64,0.05015922152204102,0.004279227073316072,0.7713850087228638,V2,SYNTHETIC_DEMO
PP_COMM_MOODYS_V2,Commercial term prepayment by Moody's,Commercial Term Loan,moodys_band,Ba,Baseline,65,0.05043904627525939,0.0043036754646352815,0.7680652179870356,V2,SYNTHETIC_DEMO
PP_COMM_MOODYS_V2,Commercial term prepayment by Moody's,Commercial Term Loan,moodys_band,Ba,Baseline,66,0.05074774982238567,0.004330654669770229,0.764738992764072,V2,SYNTHETIC_DEMO
PP_COMM_MOODYS_V2,Commercial term prepayment by Moody's,Commercial Term Loan,moodys_band,Ba,Baseline,67,0.051083189629110196,0.004359979614596998,0.7614047463451332,V2,SYNTHETIC_DEMO
PP_COMM_MOODYS_V2,Commercial term prepayment by Moody's,Commercial Term Loan,moodys_band,Ba,Baseline,68,0.051443037600076076,0.004391448945773702,0.7580610762744888,V2,SYNTHETIC_DEMO
PP_COMM_MOODYS_V2,Commercial term prepayment by Moody's,Commercial Term Loan,moodys_band,Ba,Baseline,69,0.05182479623685406,0.004424846368299873,0.7547067724741862,V2,SYNTHETIC_DEMO
PP_COMM_MOODYS_V2,Commercial term prepayment by Moody's,Commercial Term Loan,moodys_band,Ba,Baseline,70,0.05222581597164709,0.004459942088287705,0.7513408239753128,V2,SYNTHETIC_DEMO
PP_COMM_MOODYS_V2,Commercial term prepayment by Moody's,Commercial Term Loan,moodys_band,Ba,Baseline,71,0.05264331355642114,0.00449649435253463,0.747962424203479,V2,SYNTHETIC_DEMO
PP_COMM_MOODYS_V2,Commercial term prepayment by Moody's,Commercial Term Loan,moodys_band,Ba,Baseline,72,0.05307439137983388,0.0045342510757402366,0.7445709747769211,V2,SYNTHETIC_DEMO
PP_COMM_MOODYS_V2,Commercial term prepayment by Moody's,Commercial Term Loan,moodys_band,Ba,Baseline,73,0.05351605757789348,0.004572951545478987,0.7411660877870963,V2,SYNTHETIC_DEMO
PP_COMM_MOODYS_V2,Commercial term prepayment by Moody's,Commercial Term Loan,moodys_band,Ba,Baseline,74,0.053965246798771155,0.004612328194344317,0.737747586543704,V2,SYNTHETIC_DEMO
PP_COMM_MOODYS_V2,Commercial term prepayment by Moody's,Commercial Term Loan,moodys_band,Ba,Baseline,75,0.05441884147765035,0.004652108428014445,0.7343155047785968,V2,SYNTHETIC_DEMO
PP_COMM_MOODYS_V2,Commercial term prepayment by Moody's,Commercial Term Loan,moodys_band,Ba,Baseline,76,0.05487369347395667,0.004692016497384488,0.7308700843158904,V2,SYNTHETIC_DEMO
PP_COMM_MOODYS_V2,Commercial term prepayment by Moody's,Commercial Term Loan,moodys_band,Ba,Baseline,77,0.05532664592079642,0.004731775402345928,0.727411771228614,V2,SYNTHETIC_DEMO
PP_COMM_MOODYS_V2,Commercial term prepayment by Moody's,Commercial Term Loan,moodys_band,Ba,Baseline,78,0.05577455513495948,0.004771108814314862,0.7239412105152688,V2,SYNTHETIC_DEMO
PP_COMM_MOODYS_V2,Commercial term prepayment by Moody's,Commercial Term Loan,moodys_band,Ba,Baseline,79,0.05621431243542202,0.004809743004198452,0.7204592393425421,V2,SYNTHETIC_DEMO
PP_COMM_MOODYS_V2,Commercial term prepayment by Moody's,Commercial Term Loan,moodys_band,Ba,Baseline,80,0.05664286571891887,0.004847408762171379,0.7169668789129657,V2,SYNTHETIC_DEMO
PP_COMM_MOODYS_V2,Commercial term prepayment by Moody's,Commercial Term Loan,moodys_band,Ba,Baseline,81,0.057057240642842184,0.004883843295415247,0.7134653250283518,V2,SYNTHETIC_DEMO
PP_COMM_MOODYS_V2,Commercial term prepayment by Moody's,Commercial Term Loan,moodys_band,Ba,Baseline,82,0.05745456126844806,0.004918792089862345,0.7099559374312113,V2,SYNTHETIC_DEMO
PP_COMM_MOODYS_V2,Commercial term prepayment by Moody's,Commercial Term Loan,moodys_band,Ba,Baseline,83,0.05783207002109826,0.004952010721993805,0.7064402280169088,V2,SYNTHETIC_DEMO
PP_COMM_MOODYS_V2,Commercial term prepayment by Moody's,Commercial Term Loan,moodys_band,Ba,Baseline,84,0.058187146829004596,0.0049832666068680975,0.7029198480188839,V2,SYNTHETIC_DEMO
PP_COMM_MOODYS_V2,Commercial term prepayment by Moody's,Commercial Term Loan,moodys_band,B,Baseline,1,0.0025852299093480245,0.00021569151746980708,0.9997843084825302,V2,SYNTHETIC_DEMO
PP_COMM_MOODYS_V2,Commercial term prepayment by Moody's,Commercial Term Loan,moodys_band,B,Baseline,2,0.005212845628042235,0.00043544515878657375,0.9993489572455707,V2,SYNTHETIC_DEMO
PP_COMM_MOODYS_V2,Commercial term prepayment by Moody's,Commercial Term Loan,moodys_band,B,Baseline,3,0.007881961545326607,0.0006592149887918453,0.9986901714339209,V2,SYNTHETIC_DEMO
PP_COMM_MOODYS_V2,Commercial term prepayment by Moody's,Commercial Term Loan,moodys_band,B,Baseline,4,0.010591111894603164,0.0008869062076701795,0.997804426921337,V2,SYNTHETIC_DEMO
PP_COMM_MOODYS_V2,Commercial term prepayment by Moody's,Commercial Term Loan,moodys_band,B,Baseline,5,0.013338266030787388,0.001118375792807158,0.9966885066043123,V2,SYNTHETIC_DEMO
PP_COMM_MOODYS_V2,Commercial term prepayment by Moody's,Commercial Term Loan,moodys_band,B,Baseline,6,0.01612084962021947,0.0013534336253819834,0.9953395548654422,V2,SYNTHETIC_DEMO
PP_COMM_MOODYS_V2,Commercial term prepayment by Moody's,Commercial Term Loan,moodys_band,B,Baseline,7,0.0189357715468127,0.0015918440975712933,0.9937551294699505,V2,SYNTHETIC_DEMO
PP_COMM_MOODYS_V2,Commercial term prepayment by Moody's,Commercial Term Loan,moodys_band,B,Baseline,8,0.02177945628496304,0.0018333281927627176,0.9919332501743907,V2,SYNTHETIC_DEMO
PP_COMM_MOODYS_V2,Commercial term prepayment by Moody's,Commercial Term Loan,moodys_band,B,Baseline,9,0.024647881438753842,0.0020775660275788033,0.9898724433522026,V2,SYNTHETIC_DEMO
PP_COMM_MOODYS_V2,Commercial term prepayment by Moody's,Commercial Term Loan,moodys_band,B,Baseline,10,0.027536620098610957,0.0023241998407823594,0.9875717819769686,V2,SYNTHETIC_DEMO
PP_COMM_MOODYS_V2,Commercial term prepayment by Moody's,Commercial Term Loan,moodys_band,B,Baseline,11,0.030440887621218483,0.002572837410276252,0.9850309203509651,V2,SYNTHETIC_DEMO
PP_COMM_MOODYS_V2,Commercial term prepayment by Moody's,Commercial Term Loan,moodys_band,B,Baseline,12,0.033355592396592304,0.002823055875426972,0.982250123023791,V2,SYNTHETIC_DEMO
PP_COMM_MOODYS_V2,Commercial term prepayment by Moody's,Commercial Term Loan,moodys_band,B,Baseline,13,0.03627539012809492,0.0030744059378613464,0.9792302874131016,V2,SYNTHETIC_DEMO
PP_COMM_MOODYS_V2,Commercial term prepayment by Moody's,Commercial Term Loan,moodys_band,B,Baseline,14,0.03919474111719917,0.0033264164097291937,0.9759729597161468,V2,SYNTHETIC_DEMO
PP_COMM_MOODYS_V2,Commercial term prepayment by Moody's,Commercial Term Loan,moodys_band,B,Baseline,15,0.042107970015271695,0.0035785990742417395,0.9724803437860217,V2,SYNTHETIC_DEMO
PP_COMM_MOODYS_V2,Commercial term prepayment by Moody's,Commercial Term Loan,moodys_band,B,Baseline,16,0.045009327479814835,0.0038304538191373805,0.9687553027391305,V2,SYNTHETIC_DEMO
PP_COMM_MOODYS_V2,Commercial term prepayment by Moody's,Commercial Term Loan,moodys_band,B,Baseline,17,0.04789305315270488,0.0040814739996613,0.9648013531589666,V2,SYNTHETIC_DEMO
PP_COMM_MOODYS_V2,Commercial term prepayment by Moody's,Commercial Term Loan,moodys_band,B,Baseline,18,0.05075343936317772,0.0043311519837452295,0.9606226518643121,V2,SYNTHETIC_DEMO
PP_COMM_MOODYS_V2,Commercial term prepayment by Moody's,Commercial Term Loan,moodys_band,B,Baseline,19,0.05076463731990068,0.0043321307878319,0.956461108898682,V2,SYNTHETIC_DEMO
PP_COMM_MOODYS_V2,Commercial term prepayment by Moody's,Commercial Term Loan,moodys_band,B,Baseline,20,0.05074380772502441,0.0043303100987296395,0.9523193356997759,V2,SYNTHETIC_DEMO
PP_COMM_MOODYS_V2,Commercial term prepayment by Moody's,Commercial Term Loan,moodys_band,B,Baseline,21,0.05069109514482323,0.004325702720951785,0.9481998853581244,V2,SYNTHETIC_DEMO
PP_COMM_MOODYS_V2,Commercial term prepayment by Moody's,Commercial Term Loan,moodys_band,B,Baseline,22,0.050606865427090864,0.004318341053756503,0.9441052348660152,V2,SYNTHETIC_DEMO
PP_COMM_MOODYS_V2,Commercial term prepayment by Moody's,Commercial Term Loan,moodys_band,B,Baseline,23,0.050491703162000696,0.004308276854451232,0.9400377681344757,V2,SYNTHETIC_DEMO
PP_COMM_MOODYS_V2,Commercial term prepayment by Moody's,Commercial Term Loan,moodys_band,B,Baseline,24,0.05034640762480053,0.004295580860564141,0.9359997598894698,V2,SYNTHETIC_DEMO
PP_COMM_MOODYS_V2,Commercial term prepayment by Moody's,Commercial Term Loan,moodys_band,B,Baseline,25,0.05017198722850144,0.0042803422740328445,0.9319933605487303,V2,SYNTHETIC_DEMO
PP_COMM_MOODYS_V2,Commercial term prepayment by Moody's,Commercial Term Loan,moodys_band,B,Baseline,26,0.04996965252506131,0.004262668111695622,0.9280205821704072,V2,SYNTHETIC_DEMO
PP_COMM_MOODYS_V2,Commercial term prepayment by Moody's,Commercial Term Loan,moodys_band,B,Baseline,27,0.049740807803637765,0.004242682427455402,0.9240832855541159,V2,SYNTHETIC_DEMO
PP_COMM_MOODYS_V2,Commercial term prepayment by Moody's,Commercial Term Loan,moodys_band,B,Baseline,28,0.04948704134422237,0.004220525412506726,0.920183168564162,V2,SYNTHETIC_DEMO
PP_COMM_MOODYS_V2,Commercial term prepayment by Moody's,Commercial Term Loan,moodys_band,B,Baseline,29,0.04921011439429998,0.004196352380968271,0.9163217557338309,V2,SYNTHETIC_DEMO
PP_COMM_MOODYS_V2,Commercial term prepayment by Moody's,Commercial Term Loan,moodys_band,B,Baseline,30,0.048911948945039765,0.00417033264912392,0.9125003891987915,V2,SYNTHETIC_DEMO
PP_COMM_MOODYS_V2,Commercial term prepayment by Moody's,Commercial Term Loan,moodys_band,B,Baseline,31,0.048594614391856646,0.004142648317257747,0.9087202209969801,V2,SYNTHETIC_DEMO
PP_COMM_MOODYS_V2,Commercial term prepayment by Moody's,Commercial Term Loan,moodys_band,B,Baseline,32,0.04826031317192428,0.004113492963741083,0.9049822067618998,V2,SYNTHETIC_DEMO
PP_COMM_MOODYS_V2,Commercial term prepayment by Moody's,Commercial Term Loan,moodys_band,B,Baseline,33,0.047911365478321526,0.004083070261612143,0.9012871008261821,V2,SYNTHETIC_DEMO
PP_COMM_MOODYS_V2,Commercial term prepayment by Moody's,Commercial Term Loan,moodys_band,B,Baseline,34,0.04755019315690266,0.00405159252835785,0.8976354527425695,V2,SYNTHETIC_DEMO
PP_COMM_MOODYS_V2,Commercial term prepayment by Moody's,Commercial Term Loan,moodys_band,B,Baseline,35,0.04717930289765407,0.00401927921997991,0.894027605220244,V2,SYNTHETIC_DEMO
PP_COMM_MOODYS_V2,Commercial term prepayment by Moody's,Commercial Term Loan,moodys_band,B,Baseline,36,0.0468012688371963,0.003986355380686035,0.8904636934656924,V2,SYNTHETIC_DEMO
PP_COMM_MOODYS_V2,Commercial term prepayment by Moody's,Commercial Term Loan,moodys_band,B,Baseline,37,0.04641871469317782,0.003953050059710472,0.8869436459090678,V2,SYNTHETIC_DEMO
PP_COMM_MOODYS_V2,Commercial term prepayment by Moody's,Commercial Term Loan,moodys_band,B,Baseline,38,0.0460342955545553,0.003919594706826457,0.8834671862893093,V2,SYNTHETIC_DEMO
PP_COMM_MOODYS_V2,Commercial term prepayment by Moody's,Commercial Term Loan,moodys_band,B,Baseline,39,0.045650679454143556,0.0038862215580782733,0.880033837064097,V2,SYNTHETIC_DEMO
PP_COMM_MOODYS_V2,Commercial term prepayment by Moody's,Commercial Term Loan,moodys_band,B,Baseline,40,0.04527052885132964,0.0038531620231370134,0.8766429241040461,V2,SYNTHETIC_DEMO
PP_COMM_MOODYS_V2,Commercial term prepayment by Moody's,Commercial Term Loan,moodys_band,B,Baseline,41,0.044896482153468906,0.003820645085475083,0.8732935826243514,V2,SYNTHETIC_DEMO
PP_COMM_MOODYS_V2,Commercial term prepayment by Moody's,Commercial Term Loan,moodys_band,B,Baseline,42,0.04453113540421241,0.003788895726268393,0.8699847643013684,V2,SYNTHETIC_DEMO
PP_COMM_MOODYS_V2,Commercial term prepayment by Moody's,Commercial Term Loan,moodys_band,B,Baseline,43,0.044177024265856506,0.003758133382584905,0.8667152455163072,V2,SYNTHETIC_DEMO
PP_COMM_MOODYS_V2,Commercial term prepayment by Moody's,Commercial Term Loan,moodys_band,B,Baseline,44,0.0438366064207648,0.003728570449998081,0.8634836366633123,V2,SYNTHETIC_DEMO
PP_COMM_MOODYS_V2,Commercial term prepayment by Moody's,Commercial Term Loan,moodys_band,B,Baseline,45,0.04351224451400409,0.003700410839298729,0.8602883924546463,V2,SYNTHETIC_DEMO
PP_COMM_MOODYS_V2,Commercial term prepayment by Moody's,Commercial Term Loan,moodys_band,B,Baseline,46,0.04320618975557974,0.0036738485964594725,0.8571278231514764,V2,SYNTHETIC_DEMO
PP_COMM_MOODYS_V2,Commercial term prepayment by Moody's,Commercial Term Loan,moodys_band,B,Baseline,47,0.042920566296077815,0.0036490665944544087,0.8540001066448369,V2,SYNTHETIC_DEMO
PP_COMM_MOODYS_V2,Commercial term prepayment by Moody's,Commercial Term Loan,moodys_band,B,Baseline,48,0.04265735648415391,0.00362623530494377,0.8509033013076956,V2,SYNTHETIC_DEMO
PP_COMM_MOODYS_V2,Commercial term prepayment by Moody's,Commercial Term Loan,moodys_band,B,Baseline,49,0.042418387108187815,0.0036055116572270007,0.8478353595356578,V2,SYNTHETIC_DEMO
PP_COMM_MOODYS_V2,Commercial term prepayment by Moody's,Commercial Term Loan,moodys_band,B,Baseline,50,0.04220531671759276,0.0035870379912249506,0.8447941418906996,V2,SYNTHETIC_DEMO
PP_COMM_MOODYS_V2,Commercial term prepayment by Moody's,Commercial Term Loan,moodys_band,B,Baseline,51,0.04201962411177509,0.0035709411106080724,0.8417774317594212,V2,SYNTHETIC_DEMO
PP_COMM_MOODYS_V2,Commercial term prepayment by Moody's,Commercial Term Loan,moodys_band,B,Baseline,52,0.04186259807663544,0.0035573314415234814,0.8387829504346586,V2,SYNTHETIC_DEMO
PP_COMM_MOODYS_V2,Commercial term prepayment by Moody's,Commercial Term Loan,moodys_band,B,Baseline,53,0.041735328439844795,0.0035463023017022755,0.8358083725269035,V2,SYNTHETIC_DEMO
PP_COMM_MOODYS_V2,Commercial term prepayment by Moody's,Commercial Term Loan,moodys_band,B,Baseline,54,0.04163869850697558,0.003537929284057939,0.8328513416098798,V2,SYNTHETIC_DEMO
PP_COMM_MOODYS_V2,Commercial term prepayment by Moody's,Commercial Term Loan,moodys_band,B,Baseline,55,0.04157337893098413,0.0035322697582049756,0.8299094860028308,V2,SYNTHETIC_DEMO
PP_COMM_MOODYS_V2,Commercial term prepayment by Moody's,Commercial Term Loan,moodys_band,B,Baseline,56,0.041539823057593066,0.003529362492649013,0.8269804345906387,V2,SYNTHETIC_DEMO
PP_COMM_MOODYS_V2,Commercial term prepayment by Moody's,Commercial Term Loan,moodys_band,B,Baseline,57,0.04153826377887864,0.0035292273997213908,0.824061832581848,V2,SYNTHETIC_DEMO
PP_COMM_MOODYS_V2,Commercial term prepayment by Moody's,Commercial Term Loan,moodys_band,B,Baseline,58,0.0415687119169003,0.003531865404648671,0.8211513571040607,V2,SYNTHETIC_DEMO
PP_COMM_MOODYS_V2,Commercial term prepayment by Moody's,Commercial Term Loan,moodys_band,B,Baseline,59,0.041630956148591046,0.003537258439470725,0.8182467325360615,V2,SYNTHETIC_DEMO
PP_COMM_MOODYS_V2,Commercial term prepayment by Moody's,Commercial Term Loan,moodys_band,B,Baseline,60,0.041724564472429615,0.003545369561838263,0.8153457454764546,V2,SYNTHETIC_DEMO
PP_COMM_MOODYS_V2,Commercial term prepayment by Moody's,Commercial Term Loan,moodys_band,B,Baseline,61,0.04184888720671538,0.0035561431980472014,0.8124462592496218,V2,SYNTHETIC_DEMO
PP_COMM_MOODYS_V2,Commercial term prepayment by Moody's,Commercial Term Loan,moodys_band,B,Baseline,62,0.04200306149863644,0.003569505508980053,0.80954622785148,V2,SYNTHETIC_DEMO
PP_COMM_MOODYS_V2,Commercial term prepayment by Moody's,Commercial Term Loan,moodys_band,B,Baseline,63,0.042186017312836284,0.0035853648769518243,0.8066437092398725,V2,SYNTHETIC_DEMO
PP_COMM_MOODYS_V2,Commercial term prepayment by Moody's,Commercial Term Loan,moodys_band,B,Baseline,64,0.042396484857915626,0.0036036125107744565,0.8037368778775181,V2,SYNTHETIC_DEMO
PP_COMM_MOODYS_V2,Commercial term prepayment by Moody's,Commercial Term Loan,moodys_band,B,Baseline,65,0.042633003399326394,0.0036241231656736206,0.800824036439296,V2,SYNTHETIC_DEMO
PP_COMM_MOODYS_V2,Commercial term prepayment by Moody's,Commercial Term Loan,moodys_band,B,Baseline,66,0.04289393139749265,0.003646755974018312,0.7979036266002736,V2,SYNTHETIC_DEMO
PP_COMM_MOODYS_V2,Commercial term prepayment by Moody's,Commercial Term Loan,moodys_band,B,Baseline,67,0.043177457900795524,0.0036713553821426936,0.7949742388263235,V2,SYNTHETIC_DEMO
PP_COMM_MOODYS_V2,Commercial term prepayment by Moody's,Commercial Term Loan,moodys_band,B,Baseline,68,0.04348161511435002,0.003697752187873382,0.7920346210954005,V2,SYNTHETIC_DEMO
PP_COMM_MOODYS_V2,Commercial term prepayment by Moody's,Commercial Term Loan,moodys_band,B,Baseline,69,0.043804292057340925,0.0037257646727120175,0.7890836864845584,V2,SYNTHETIC_DEMO
PP_COMM_MOODYS_V2,Commercial term prepayment by Moody's,Commercial Term Loan,moodys_band,B,Baseline,70,0.04414324921413028,0.0037551998219703675,0.7861205195655518,V2,SYNTHETIC_DEMO
PP_COMM_MOODYS_V2,Commercial term prepayment by Moody's,Commercial Term Loan,moodys_band,B,Baseline,71,0.044496134077451205,0.0037858546255197245,0.7831443815603386,V2,SYNTHETIC_DEMO
PP_COMM_MOODYS_V2,Commercial term prepayment by Moody's,Commercial Term Loan,moodys_band,B,Baseline,72,0.044860497475811965,0.003817517451201069,0.780154714216922,V2,SYNTHETIC_DEMO
PP_COMM_MOODYS_V2,Commercial term prepayment by Moody's,Commercial Term Loan,moodys_band,B,Baseline,73,0.04523381057179092,0.0038499694823499464,0.7771511423756754,V2,SYNTHETIC_DEMO
PP_COMM_MOODYS_V2,Commercial term prepayment by Moody's,Commercial Term Loan,moodys_band,B,Baseline,74,0.04561348241324705,0.003882986210333783,0.7741334752064855,V2,SYNTHETIC_DEMO
PP_COMM_MOODYS_V2,Commercial term prepayment by Moody's,Commercial Term Loan,moodys_band,B,Baseline,75,0.04599687791563303,0.003916338972478672,0.771101706107634,V2,SYNTHETIC_DEMO
PP_COMM_MOODYS_V2,Commercial term prepayment by Moody's,Commercial Term Loan,moodys_band,B,Baseline,76,0.04638133615060623,0.003949796525286153,0.7680560112682078,V2,SYNTHETIC_DEMO
PP_COMM_MOODYS_V2,Commercial term prepayment by Moody's,Commercial Term Loan,moodys_band,B,Baseline,77,0.04676418881400649,0.003983126642423951,0.7649967469068515,V2,SYNTHETIC_DEMO
PP_COMM_MOODYS_V2,Commercial term prepayment by Moody's,Commercial Term Loan,moodys_band,B,Baseline,78,0.047142778745025274,0.004016097726610712,0.7619244452107343,V2,SYNTHETIC_DEMO
PP_COMM_MOODYS_V2,Commercial term prepayment by Moody's,Commercial Term Loan,moodys_band,B,Baseline,79,0.047514478368035275,0.004048480424223011,0.7588398090095617,V2,SYNTHETIC_DEMO
PP_COMM_MOODYS_V2,Commercial term prepayment by Moody's,Commercial Term Loan,moodys_band,B,Baseline,80,0.04787670792908619,0.004080049231240834,0.7557437052301773,V2,SYNTHETIC_DEMO
PP_COMM_MOODYS_V2,Commercial term prepayment by Moody's,Commercial Term Loan,moodys_band,B,Baseline,81,0.04822695340049756,0.004110584079009105,0.7526371571876468,V2,SYNTHETIC_DEMO
PP_COMM_MOODYS_V2,Commercial term prepayment by Moody's,Commercial Term Loan,moodys_band,B,Baseline,82,0.04856278392928348,0.004139871888252378,0.7495213357785515,V2,SYNTHETIC_DEMO
PP_COMM_MOODYS_V2,Commercial term prepayment by Moody's,Commercial Term Loan,moodys_band,B,Baseline,83,0.048881868708309247,0.00416770807983069,0.7463975496514218,V2,SYNTHETIC_DEMO
PP_COMM_MOODYS_V2,Commercial term prepayment by Moody's,Commercial Term Loan,moodys_band,B,Baseline,84,0.04918199315308722,0.004193898030871668,0.7432672344376913,V2,SYNTHETIC_DEMO
PP_COMM_MOODYS_V2,Commercial term prepayment by Moody's,Commercial Term Loan,moodys_band,Caa,Baseline,1,0.002366759776163684,0.00019744425357703932,0.999802555746423,V2,SYNTHETIC_DEMO
PP_COMM_MOODYS_V2,Commercial term prepayment by Moody's,Commercial Term Loan,moodys_band,Caa,Baseline,2,0.0047723234622921865,0.0003985661645686811,0.9994040682764531,V2,SYNTHETIC_DEMO
PP_COMM_MOODYS_V2,Commercial term prepayment by Moody's,Commercial Term Loan,moodys_band,Caa,Baseline,3,0.007215880287975061,0.0006033213180348662,0.9988011064967312,V2,SYNTHETIC_DEMO
PP_COMM_MOODYS_V2,Commercial term prepayment by Moody's,Commercial Term Loan,moodys_band,Caa,Baseline,4,0.009696088354214165,0.0008116205828837542,0.9979904589604913,V2,SYNTHETIC_DEMO
PP_COMM_MOODYS_V2,Commercial term prepayment by Moody's,Commercial Term Loan,moodys_band,Caa,Baseline,5,0.012211088619734932,0.0010233307487963472,0.9969691846368317,V2,SYNTHETIC_DEMO
PP_COMM_MOODYS_V2,Commercial term prepayment by Moody's,Commercial Term Loan,moodys_band,Caa,Baseline,6,0.014758524300200922,0.0012382756083114677,0.9957346620132578,V2,SYNTHETIC_DEMO
PP_COMM_MOODYS_V2,Commercial term prepayment by Moody's,Commercial Term Loan,moodys_band,Caa,Baseline,7,0.017335565500603174,0.0014562374793838373,0.9942846358789125,V2,SYNTHETIC_DEMO
PP_COMM_MOODYS_V2,Commercial term prepayment by Moody's,Commercial Term Loan,moodys_band,Caa,Baseline,8,0.01993893885243095,0.0016769591604552936,0.9926172611506754,V2,SYNTHETIC_DEMO
PP_COMM_MOODYS_V2,Commercial term prepayment by Moody's,Commercial Term Loan,moodys_band,Caa,Baseline,9,0.02256496188054929,0.0019001463066972146,0.990731143127936,V2,SYNTHETIC_DEMO
PP_COMM_MOODYS_V2,Commercial term prepayment by Moody's,Commercial Term Loan,moodys_band,Caa,Baseline,10,0.02520958178041848,0.002125470212618219,0.9886253735945043,V2,SYNTHETIC_DEMO
PP_COMM_MOODYS_V2,Commercial term prepayment by Moody's,Commercial Term Loan,moodys_band,Caa,Baseline,11,0.027868418244777482,0.0023525709826687224,0.9862995622278559,V2,SYNTHETIC_DEMO
PP_COMM_MOODYS_V2,Commercial term prepayment by Moody's,Commercial Term Loan,moodys_band,Caa,Baseline,12,0.030536809940542246,0.002581061067832402,0.9837538628265694,V2,SYNTHETIC_DEMO
PP_COMM_MOODYS_V2,Commercial term prepayment by Moody's,Commercial Term Loan,moodys_band,Caa,Baseline,13,0.03320986420177704,0.002810529142494911,0.9809889939260534,V2,SYNTHETIC_DEMO
PP_COMM_MOODYS_V2,Commercial term prepayment by Moody's,Commercial Term Loan,moodys_band,Caa,Baseline,14,0.0358825094734922,0.003040544292148617,0.978006253439911,V2,SYNTHETIC_DEMO
PP_COMM_MOODYS_V2,Commercial term prepayment by Moody's,Commercial Term Loan,moodys_band,Caa,Baseline,15,0.03854955001398113,0.0032706604787697824,0.9748075270387954,V2,SYNTHETIC_DEMO
PP_COMM_MOODYS_V2,Commercial term prepayment by Moody's,Commercial Term Loan,moodys_band,Caa,Baseline,16,0.04120572234067555,0.0035004212470419738,0.9713952900593723,V2,SYNTHETIC_DEMO
PP_COMM_MOODYS_V2,Commercial term prepayment by Moody's,Commercial Term Loan,moodys_band,Caa,Baseline,17,0.043845752886279114,0.0037293646310525563,0.9677726028218538,V2,SYNTHETIC_DEMO
PP_COMM_MOODYS_V2,Commercial term prepayment by Moody's,Commercial Term Loan,moodys_band,Caa,Baseline,18,0.04646441631840214,0.003957028217722813,0.9639430993241487,V2,SYNTHETIC_DEMO
PP_COMM_MOODYS_V2,Commercial term prepayment by Moody's,Commercial Term Loan,moodys_band,Caa,Baseline,19,0.04647466796892315,0.003957920610111576,0.9601278890643588,V2,SYNTHETIC_DEMO
PP_COMM_MOODYS_V2,Commercial term prepayment by Moody's,Commercial Term Loan,moodys_band,Caa,Baseline,20,0.04645559862150121,0.003956260656103439,0.9563293728720258,V2,SYNTHETIC_DEMO
PP_COMM_MOODYS_V2,Commercial term prepayment by Moody's,Commercial Term Loan,moodys_band,Caa,Baseline,21,0.04640734062554239,0.003952060016210179,0.952549901795171,V2,SYNTHETIC_DEMO
PP_COMM_MOODYS_V2,Commercial term prepayment by Moody's,Commercial Term Loan,moodys_band,Caa,Baseline,22,0.04633022891212544,0.003945348195392051,0.9487917607591025,V2,SYNTHETIC_DEMO
PP_COMM_MOODYS_V2,Commercial term prepayment by Moody's,Commercial Term Loan,moodys_band,Caa,Baseline,23,0.04622479866943725,0.003936172328459886,0.9450571528849319,V2,SYNTHETIC_DEMO
PP_COMM_MOODYS_V2,Commercial term prepayment by Moody's,Commercial Term Loan,moodys_band,Caa,Baseline,24,0.046091781628338505,0.003924596837490357,0.9413481845714721,V2,SYNTHETIC_DEMO
PP_COMM_MOODYS_V2,Commercial term prepayment by Moody's,Commercial Term Loan,moodys_band,Caa,Baseline,25,0.04593210098383935,0.003910702964068036,0.9376668514358484,V2,SYNTHETIC_DEMO
PP_COMM_MOODYS_V2,Commercial term prepayment by Moody's,Commercial Term Loan,moodys_band,Caa,Baseline,26,0.045746864987732186,0.003894588180186287,0.9340150251992938,V2,SYNTHETIC_DEMO
PP_COMM_MOODYS_V2,Commercial term prepayment by Moody's,Commercial Term Loan,moodys_band,Caa,Baseline,27,0.04553735925685147,0.0038763654826095006,0.9303944415953727,V2,SYNTHETIC_DEMO
PP_COMM_MOODYS_V2,Commercial term prepayment by Moody's,Commercial Term Loan,moodys_band,Caa,Baseline,28,0.04530503785034442,0.003856162576417299,0.926806689368386,V2,SYNTHETIC_DEMO
PP_COMM_MOODYS_V2,Commercial term prepayment by Moody's,Commercial Term Loan,moodys_band,Caa,Baseline,29,0.04505151317788026,0.0038341209543047983,0.9232532004200887,V2,SYNTHETIC_DEMO
PP_COMM_MOODYS_V2,Commercial term prepayment by Moody's,Commercial Term Loan,moodys_band,Caa,Baseline,30,0.04477854480883922,0.0038103948789970365,0.9197352411531904,V2,SYNTHETIC_DEMO
PP_COMM_MOODYS_V2,Commercial term prepayment by Moody's,Commercial Term Loan,moodys_band,Caa,Baseline,31,0.04448802726015045,0.003785150276837679,0.9162539050505221,V2,SYNTHETIC_DEMO
PP_COMM_MOODYS_V2,Commercial term prepayment by Moody's,Commercial Term Loan,moodys_band,Caa,Baseline,32,0.04418197684753631,0.003758563551233718,0.9128101065193236,V2,SYNTHETIC_DEMO
PP_COMM_MOODYS_V2,Commercial term prepayment by Moody's,Commercial Term Loan,moodys_band,Caa,Baseline,33,0.04386251769142111,0.0037308203251648075,0.9094045760209054,V2,SYNTHETIC_DEMO
PP_COMM_MOODYS_V2,Commercial term prepayment by Moody's,Commercial Term Loan,moodys_band,Caa,Baseline,34,0.0435318669746292,0.0037021141224102827,0.9060378564970338,V2,SYNTHETIC_DEMO
PP_COMM_MOODYS_V2,Commercial term prepayment by Moody's,Commercial Term Loan,moodys_band,Caa,Baseline,35,0.04319231955419034,0.003672644997487984,0.9027103010958353,V2,SYNTHETIC_DEMO
PP_COMM_MOODYS_V2,Commercial term prepayment by Moody's,Commercial Term Loan,moodys_band,Caa,Baseline,36,0.042846232034052946,0.003642618124557351,0.899422072191839,V2,SYNTHETIC_DEMO
PP_COMM_MOODYS_V2,Commercial term prepayment by Moody's,Commercial Term Loan,moodys_band,Caa,Baseline,37,0.0424960064092473,0.0036122423556990135,0.8961731416870171,V2,SYNTHETIC_DEMO
PP_COMM_MOODYS_V2,Commercial term prepayment by Moody's,Commercial Term Loan,moodys_band,Caa,Baseline,38,0.04214407339501541,0.0035817287590563796,0.8929632925723429,V2,SYNTHETIC_DEMO
PP_COMM_MOODYS_V2,Commercial term prepayment by Moody's,Commercial Term Loan,moodys_band,Caa,Baseline,39,0.04179287555661029,0.0035512891473161723,0.889792121722479,V2,SYNTHETIC_DEMO
PP_COMM_MOODYS_V2,Commercial term prepayment by Moody's,Commercial Term Loan,moodys_band,Caa,Baseline,40,0.04144485035685108,0.0035211346069063953,0.8866590438897293,V2,SYNTHETIC_DEMO
PP_COMM_MOODYS_V2,Commercial term prepayment by Moody's,Commercial Term Loan,moodys_band,Caa,Baseline,41,0.04110241323909125,0.003491474038126996,0.8835632968573178,V2,SYNTHETIC_DEMO
PP_COMM_MOODYS_V2,Commercial term prepayment by Moody's,Commercial Term Loan,moodys_band,Caa,Baseline,42,0.04076794086301136,0.003462512716185917,0.8805039477063942,V2,SYNTHETIC_DEMO
PP_COMM_MOODYS_V2,Commercial term prepayment by Moody's,Commercial Term Loan,moodys_band,Caa,Baseline,43,0.04044375460958694,0.0034344508828124676,0.8774799001458741,V2,SYNTHETIC_DEMO
PP_COMM_MOODYS_V2,Commercial term prepayment by Moody's,Commercial Term Loan,moodys_band,Caa,Baseline,44,0.04013210446971425,0.003407482377760007,0.8744899028492884,V2,SYNTHETIC_DEMO
PP_COMM_MOODYS_V2,Commercial term prepayment by Moody's,Commercial Term Loan,moodys_band,Caa,Baseline,45,0.0398351534283136,0.003381793319095272,0.8715325587382164,V2,SYNTHETIC_DEMO
PP_COMM_MOODYS_V2,Commercial term prepayment by Moody's,Commercial Term Loan,moodys_band,Caa,Baseline,46,0.03955496245229131,0.0033575608407222512,0.8686063351475826,V2,SYNTHETIC_DEMO
PP_COMM_MOODYS_V2,Commercial term prepayment by Moody's,Commercial Term Loan,moodys_band,Caa,Baseline,47,0.03929347618655011,0.0033349518950861468,0.8657095748040983,V2,SYNTHETIC_DEMO
PP_COMM_MOODYS_V2,Commercial term prepayment by Moody's,Commercial Term Loan,moodys_band,Caa,Baseline,48,0.039052509457324004,0.0033141221284830324,0.8628405075454004,V2,SYNTHETIC_DEMO
PP_COMM_MOODYS_V2,Commercial term prepayment by Moody's,Commercial Term Loan,moodys_band,Caa,Baseline,49,0.03883373467650997,0.003295214835842275,0.8599972627039711,V2,SYNTHETIC_DEMO
PP_COMM_MOODYS_V2,Commercial term prepayment by Moody's,Commercial Term Loan,moodys_band,Caa,Baseline,50,0.0386386702344159,0.0032783600012745717,0.8571778820767169,V2,SYNTHETIC_DEMO
PP_COMM_MOODYS_V2,Commercial term prepayment by Moody's,Commercial Term Loan,moodys_band,Caa,Baseline,51,0.038468669961484236,0.0032636734300843795,0.854380333398127,V2,SYNTHETIC_DEMO
PP_COMM_MOODYS_V2,Commercial term prepayment by Moody's,Commercial Term Loan,moodys_band,Caa,Baseline,52,0.03832491373213104,0.003251255977338108,0.8516025242322462,V2,SYNTHETIC_DEMO
PP_COMM_MOODYS_V2,Commercial term prepayment by Moody's,Commercial Term Loan,moodys_band,Caa,Baseline,53,0.03820839927591425,0.003241192877461385,0.8488423161962766,V2,SYNTHETIC_DEMO
PP_COMM_MOODYS_V2,Commercial term prepayment by Moody's,Commercial Term Loan,moodys_band,Caa,Baseline,54,0.038119935252864966,0.0032335531787148764,0.8460975394265124,V2,SYNTHETIC_DEMO
PP_COMM_MOODYS_V2,Commercial term prepayment by Moody's,Commercial Term Loan,moodys_band,Caa,Baseline,55,0.038060135641041805,0.0032283892857646324,0.843366007195516,V2,SYNTHETIC_DEMO
PP_COMM_MOODYS_V2,Commercial term prepayment by Moody's,Commercial Term Loan,moodys_band,Caa,Baseline,56,0.03802941547526126,0.0032257366129325726,0.8406455305880027,V2,SYNTHETIC_DEMO
PP_COMM_MOODYS_V2,Commercial term prepayment by Moody's,Commercial Term Loan,moodys_band,Caa,Baseline,57,0.03802798796657903,0.0032256133500724316,0.8379339331418594,V2,SYNTHETIC_DEMO
PP_COMM_MOODYS_V2,Commercial term prepayment by Moody's,Commercial Term Loan,moodys_band,Caa,Baseline,58,0.03805586302251436,0.0032280203423808995,0.8352290653601062,V2,SYNTHETIC_DEMO
PP_COMM_MOODYS_V2,Commercial term prepayment by Moody's,Commercial Term Loan,moodys_band,Caa,Baseline,59,0.03811284717828758,0.0032329410848142004,0.8325288189994725,V2,SYNTHETIC_DEMO
PP_COMM_MOODYS_V2,Commercial term prepayment by Moody's,Commercial Term Loan,moodys_band,Caa,Baseline,60,0.03819854493954824,0.0032403418311407473,0.8298311410416384,V2,SYNTHETIC_DEMO
PP_COMM_MOODYS_V2,Commercial term prepayment by Moody's,Commercial Term Loan,moodys_band,Caa,Baseline,61,0.038312361527274644,0.0032501718170226956,0.8271340472541371,V2,SYNTHETIC_DEMO
PP_COMM_MOODYS_V2,Commercial term prepayment by Moody's,Commercial Term Loan,moodys_band,Caa,Baseline,62,0.038453507005793926,0.0032623635958779484,0.824435635249464,V2,SYNTHETIC_DEMO
PP_COMM_MOODYS_V2,Commercial term prepayment by Moody's,Commercial Term Loan,moodys_band,Caa,Baseline,63,0.03862100176527265,0.0032768334856403403,0.8217340969531234,V2,SYNTHETIC_DEMO
PP_COMM_MOODYS_V2,Commercial term prepayment by Moody's,Commercial Term Loan,moodys_band,Caa,Baseline,64,0.03881368332062698,0.0032934821238935763,0.8190277303942144,V2,SYNTHETIC_DEMO
PP_COMM_MOODYS_V2,Commercial term prepayment by Moody's,Commercial Term Loan,moodys_band,Caa,Baseline,65,0.039030214379665,0.003312195128224227,0.8163149507357221,V2,SYNTHETIC_DEMO
PP_COMM_MOODYS_V2,Commercial term prepayment by Moody's,Commercial Term Loan,moodys_band,Caa,Baseline,66,0.039269092124465096,0.0033328438580064734,0.8135943004659637,V2,SYNTHETIC_DEMO
PP_COMM_MOODYS_V2,Commercial term prepayment by Moody's,Commercial Term Loan,moodys_band,Caa,Baseline,67,0.039528658641573365,0.00335528627320536,0.8108644586776521,V2,SYNTHETIC_DEMO
PP_COMM_MOODYS_V2,Commercial term prepayment by Moody's,Commercial Term Loan,moodys_band,Caa,Baseline,68,0.0398071124286303,0.00337936788516624,0.8081242493667742,V2,SYNTHETIC_DEMO
PP_COMM_MOODYS_V2,Commercial term prepayment by Moody's,Commercial Term Loan,moodys_band,Caa,Baseline,69,0.040102520897565636,0.003404922793752041,0.8053726486899215,V2,SYNTHETIC_DEMO
PP_COMM_MOODYS_V2,Commercial term prepayment by Moody's,Commercial Term Loan,moodys_band,Caa,Baseline,70,0.040412833787584056,0.0034317748045903373,0.8026087911258413,V2,SYNTHETIC_DEMO
PP_COMM_MOODYS_V2,Commercial term prepayment by Moody's,Commercial Term Loan,moodys_band,Caa,Baseline,71,0.040735897394849695,0.0034597386196191238,0.7998319744947374,V2,SYNTHETIC_DEMO
PP_COMM_MOODYS_V2,Commercial term prepayment by Moody's,Commercial Term Loan,moodys_band,Caa,Baseline,72,0.04106946952010954,0.0034886210935606288,0.7970416637972109,V2,SYNTHETIC_DEMO
PP_COMM_MOODYS_V2,Commercial term prepayment by Moody's,Commercial Term Loan,moodys_band,Caa,Baseline,73,0.04141123503051281,0.0035182225484234886,0.7942374938436065,V2,SYNTHETIC_DEMO
PP_COMM_MOODYS_V2,Commercial term prepayment by Moody's,Commercial Term Loan,moodys_band,Caa,Baseline,74,0.04175882192762054,0.003548338137635776,0.791419270653861,V2,SYNTHETIC_DEMO
PP_COMM_MOODYS_V2,Commercial term prepayment by Moody's,Commercial Term Loan,moodys_band,Caa,Baseline,75,0.042109817810086575,0.0035787592509516353,0.788586971617627,V2,SYNTHETIC_DEMO
PP_COMM_MOODYS_V2,Commercial term prepayment by Moody's,Commercial Term Loan,moodys_band,Caa,Baseline,76,0.04246178661675218,0.0036092749508586097,0.7857407444143941,V2,SYNTHETIC_DEMO
PP_COMM_MOODYS_V2,Commercial term prepayment by Moody's,Commercial Term Loan,moodys_band,Caa,Baseline,77,0.042812285533949605,0.0036396734308457024,0.7828809047034161,V2,SYNTHETIC_DEMO
PP_COMM_MOODYS_V2,Commercial term prepayment by Moody's,Commercial Term Loan,moodys_band,Caa,Baseline,78,0.043158881949671025,0.003669743485586796,0.7800079326033904,V2,SYNTHETIC_DEMO
PP_COMM_MOODYS_V2,Commercial term prepayment by Moody's,Commercial Term Loan,moodys_band,Caa,Baseline,79,0.0434991703369337,0.0036992759828439192,0.7771224679918829,V2,SYNTHETIC_DEMO
PP_COMM_MOODYS_V2,Commercial term prepayment by Moody's,Commercial Term Loan,moodys_band,Caa,Baseline,80,0.04383078894916341,0.003728065326725871,0.7742253046643427,V2,SYNTHETIC_DEMO
PP_COMM_MOODYS_V2,Commercial term prepayment by Moody's,Commercial Term Loan,moodys_band,Caa,Baseline,81,0.044151436211723114,0.0037559109018290293,0.771317383402082,V2,SYNTHETIC_DEMO
PP_COMM_MOODYS_V2,Commercial term prepayment by Moody's,Commercial Term Loan,moodys_band,Caa,Baseline,82,0.0444588866958229,0.003782618487775502,0.7683997840076826,V2,SYNTHETIC_DEMO
PP_COMM_MOODYS_V2,Commercial term prepayment by Moody's,Commercial Term Loan,moodys_band,Caa,Baseline,83,0.04475100656394508,0.003808001633720526,0.7654737163748309,V2,SYNTHETIC_DEMO
PP_COMM_MOODYS_V2,Commercial term prepayment by Moody's,Commercial Term Loan,moodys_band,Caa,Baseline,84,0.045025768379586883,0.003831882982563428,0.7625405106674545,V2,SYNTHETIC_DEMO
PP_COMM_MOODYS_V2,Commercial term prepayment by Moody's,Commercial Term Loan,moodys_band,Aaa-A,Downside,1,0.0032843343355379124,0.00027410739236288784,0.9997258926076371,V2,SYNTHETIC_DEMO
PP_COMM_MOODYS_V2,Commercial term prepayment by Moody's,Commercial Term Loan,moodys_band,Aaa-A,Downside,2,0.006622516558442388,0.0005535586232628953,0.999172485718885,V2,SYNTHETIC_DEMO
PP_COMM_MOODYS_V2,Commercial term prepayment by Moody's,Commercial Term Loan,moodys_band,Aaa-A,Downside,3,0.010013421568851547,0.0008383061820116389,0.9983348732472108,V2,SYNTHETIC_DEMO
PP_COMM_MOODYS_V2,Commercial term prepayment by Moody's,Commercial Term Loan,moodys_band,Aaa-A,Downside,4,0.013455187223847965,0.0011282404346059094,0.9972085114759361,V2,SYNTHETIC_DEMO
PP_COMM_MOODYS_V2,Commercial term prepayment by Moody's,Commercial Term Loan,moodys_band,Aaa-A,Downside,5,0.016945233746155246,0.0014231902200267932,0.9957892940750761,V2,SYNTHETIC_DEMO
PP_COMM_MOODYS_V2,Commercial term prepayment by Moody's,Commercial Term Loan,moodys_band,Aaa-A,Downside,6,0.020480290644278816,0.0017229240548517488,0.9940736247467503,V2,SYNTHETIC_DEMO
PP_COMM_MOODYS_V2,Commercial term prepayment by Moody's,Commercial Term Loan,moodys_band,Aaa-A,Downside,7,0.024056430894683175,0.0020271519448650244,0.9920584864650059,V2,SYNTHETIC_DEMO
PP_COMM_MOODYS_V2,Commercial term prepayment by Moody's,Commercial Term Loan,moodys_band,Aaa-A,Downside,8,0.027669112069065718,0.00233552779841395,0.9897415062922145,V2,SYNTHETIC_DEMO
PP_COMM_MOODYS_V2,Commercial term prepayment by Moody's,Commercial Term Loan,moodys_band,Aaa-A,Downside,9,0.0313132240250084,0.0026476524320860895,0.9871210147859434,V2,SYNTHETIC_DEMO
PP_COMM_MOODYS_V2,Commercial term prepayment by Moody's,Commercial Term Loan,moodys_band,Aaa-A,Downside,10,0.03498314271682688,0.00296307715484434,0.9841960990579643,V2,SYNTHETIC_DEMO
PP_COMM_MOODYS_V2,Commercial term prepayment by Moody's,Commercial Term Loan,moodys_band,Aaa-A,Downside,11,0.03867278962582967,0.0032813079120401767,0.9809666486111264,V2,SYNTHETIC_DEMO
PP_COMM_MOODYS_V2,Commercial term prepayment by Moody's,Commercial Term Loan,moodys_band,Aaa-A,Downside,12,0.042375696255952465,0.0036018099657169067,0.9774333931601229,V2,SYNTHETIC_DEMO
PP_COMM_MOODYS_V2,Commercial term prepayment by Moody's,Commercial Term Loan,moodys_band,Aaa-A,Downside,13,0.046085073092312134,0.003924013082325817,0.9735979317382605,V2,SYNTHETIC_DEMO
PP_COMM_MOODYS_V2,Commercial term prepayment by Moody's,Commercial Term Loan,moodys_band,Aaa-A,Downside,14,0.04979388237706148,0.004247317193444067,0.969462752503287,V2,SYNTHETIC_DEMO
PP_COMM_MOODYS_V2,Commercial term prepayment by Moody's,Commercial Term Loan,moodys_band,Aaa-A,Downside,15,0.0534949140194015,0.00457109848934234,0.9650312427798455,V2,SYNTHETIC_DEMO
PP_COMM_MOODYS_V2,Commercial term prepayment by Moody's,Commercial Term Loan,moodys_band,Aaa-A,Downside,16,0.057180863925060534,0.004894715899383173,0.9603076890124095,V2,SYNTHETIC_DEMO
PP_COMM_MOODYS_V2,Commercial term prepayment by Moody's,Commercial Term Loan,moodys_band,Aaa-A,Downside,17,0.06084441400526732,0.0052175179073160605,0.9552972664484539,V2,SYNTHETIC_DEMO
PP_COMM_MOODYS_V2,Commercial term prepayment by Moody's,Commercial Term Loan,moodys_band,Aaa-A,Downside,18,0.06447831310645959,0.005538849643695665,0.9500060185245625,V2,SYNTHETIC_DEMO
PP_COMM_MOODYS_V2,Commercial term prepayment by Moody's,Commercial Term Loan,moodys_band,Aaa-A,Downside,19,0.06449253924302874,0.0055401098531007165,0.9447428808208296,V2,SYNTHETIC_DEMO
PP_COMM_MOODYS_V2,Commercial term prepayment by Moody's,Commercial Term Loan,moodys_band,Aaa-A,Downside,20,0.0644660768562986,0.00553776572062592,0.9395111160806147,V2,SYNTHETIC_DEMO
PP_COMM_MOODYS_V2,Commercial term prepayment by Moody's,Commercial Term Loan,moodys_band,Aaa-A,Downside,21,0.0643991096065219,0.005531833794627072,0.9343138967382522,V2,SYNTHETIC_DEMO
PP_COMM_MOODYS_V2,Commercial term prepayment by Moody's,Commercial Term Loan,moodys_band,Aaa-A,Downside,22,0.06429210227498022,0.005522355945695945,0.9291542828354533,V2,SYNTHETIC_DEMO
PP_COMM_MOODYS_V2,Commercial term prepayment by Moody's,Commercial Term Loan,moodys_band,Aaa-A,Downside,23,0.0641457975382037,0.005509399056363495,0.9240352011063836,V2,SYNTHETIC_DEMO
PP_COMM_MOODYS_V2,Commercial term prepayment by Moody's,Commercial Term Loan,moodys_band,Aaa-A,Downside,24,0.06396121081347897,0.0054930545259248564,0.9189594253628323,V2,SYNTHETIC_DEMO
PP_COMM_MOODYS_V2,Commercial term prepayment by Moody's,Commercial Term Loan,moodys_band,Aaa-A,Downside,25,0.06373962321142014,0.005473437594708197,0.91392955829604,V2,SYNTHETIC_DEMO
PP_COMM_MOODYS_V2,Commercial term prepayment by Moody's,Commercial Term Loan,moodys_band,Aaa-A,Downside,26,0.0634825726445145,0.005450686493662094,0.9089480147964771,V2,SYNTHETIC_DEMO
PP_COMM_MOODYS_V2,Commercial term prepayment by Moody's,Commercial Term Loan,moodys_band,Aaa-A,Downside,27,0.06319184315335388,0.005424961426602093,0.9040170068774197,V2,SYNTHETIC_DEMO
PP_COMM_MOODYS_V2,Commercial term prepayment by Moody's,Commercial Term Loan,moodys_band,Aaa-A,Downside,28,0.06286945252463179,0.005396443393846373,0.8991385302727313,V2,SYNTHETIC_DEMO
PP_COMM_MOODYS_V2,Commercial term prepayment by Moody's,Commercial Term Loan,moodys_band,Aaa-A,Downside,29,0.06251763828684306,0.0053653328672325085,0.8943143527640639,V2,SYNTHETIC_DEMO
PP_COMM_MOODYS_V2,Commercial term prepayment by Moody's,Commercial Term Loan,moodys_band,Aaa-A,Downside,30,0.062138842180881504,0.0053318483276593165,0.8895460042778771,V2,SYNTHETIC_DEMO
PP_COMM_MOODYS_V2,Commercial term prepayment by Moody's,Commercial Term Loan,moodys_band,Aaa-A,Downside,31,0.06173569321331646,0.005296224677310946,0.8848347687784173,V2,SYNTHETIC_DEMO
PP_COMM_MOODYS_V2,Commercial term prepayment by Moody's,Commercial Term Loan,moodys_band,Aaa-A,Downside,32,0.061310989409965766,0.005258711539590899,0.880181677969211,V2,SYNTHETIC_DEMO
PP_COMM_MOODYS_V2,Commercial term prepayment by Moody's,Commercial Term Loan,moodys_band,Aaa-A,Downside,33,0.06086767839640283,0.005219571460517214,0.8755875068028127,V2,SYNTHETIC_DEMO
PP_COMM_MOODYS_V2,Commercial term prepayment by Moody's,Commercial Term Loan,moodys_band,Aaa-A,Downside,34,0.06040883694017775,0.00517907802590345,0.8710527707865747,V2,SYNTHETIC_DEMO
PP_COMM_MOODYS_V2,Commercial term prepayment by Moody's,Commercial Term Loan,moodys_band,Aaa-A,Downside,35,0.05993764959673798,0.005137513909072022,0.866577725061123,V2,SYNTHETIC_DEMO
PP_COMM_MOODYS_V2,Commercial term prepayment by Moody's,Commercial Term Loan,moodys_band,Aaa-A,Downside,36,0.059457386607255004,0.005095168864118649,0.8621623652180528,V2,SYNTHETIC_DEMO
PP_COMM_MOODYS_V2,Commercial term prepayment by Moody's,Commercial Term Loan,moodys_band,Aaa-A,Downside,37,0.05897138120175548,0.005052337679876784,0.8578064298140899,V2,SYNTHETIC_DEMO
PP_COMM_MOODYS_V2,Commercial term prepayment by Moody's,Commercial Term Loan,moodys_band,Aaa-A,Downside,38,0.05848300646508292,0.005009318109720828,0.8535094045305872,V2,SYNTHETIC_DEMO
PP_COMM_MOODYS_V2,Commercial term prepayment by Moody's,Commercial Term Loan,moodys_band,Aaa-A,Downside,39,0.05799565192624998,0.004966408792212218,0.8492705279196907,V2,SYNTHETIC_DEMO
PP_COMM_MOODYS_V2,Commercial term prepayment by Moody's,Commercial Term Loan,moodys_band,Aaa-A,Downside,40,0.05751270003366104,0.004923907177331155,0.8450887986717711,V2,SYNTHETIC_DEMO
PP_COMM_MOODYS_V2,Commercial term prepayment by Moody's,Commercial Term Loan,moodys_band,Aaa-A,Downside,41,0.057037502679477395,0.00488210747267559,0.8409629843327012,V2,SYNTHETIC_DEMO
PP_COMM_MOODYS_V2,Commercial term prepayment by Moody's,Commercial Term Loan,moodys_band,Aaa-A,Downside,42,0.056573357936055765,0.004841298623543211,0.8368916313942005,V2,SYNTHETIC_DEMO
PP_COMM_MOODYS_V2,Commercial term prepayment by Moody's,Commercial Term Loan,moodys_band,Aaa-A,Downside,43,0.056123487165919105,0.004801762340270077,0.8328730766756847,V2,SYNTHETIC_DEMO
PP_COMM_MOODYS_V2,Commercial term prepayment by Moody's,Commercial Term Loan,moodys_band,Aaa-A,Downside,44,0.05569101266412654,0.004763771185573806,0.8289054599117769,V2,SYNTHETIC_DEMO
PP_COMM_MOODYS_V2,Commercial term prepayment by Moody's,Commercial Term Loan,moodys_band,Aaa-A,Downside,45,0.05527893598821364,0.004727586733975664,0.824986737455778,V2,SYNTHETIC_DEMO
PP_COMM_MOODYS_V2,Commercial term prepayment by Moody's,Commercial Term Loan,moodys_band,Aaa-A,Downside,46,0.05489011712610271,0.004693457814643809,0.8211146970058887,V2,SYNTHETIC_DEMO
PP_COMM_MOODYS_V2,Commercial term prepayment by Moody's,Commercial Term Loan,moodys_band,Aaa-A,Downside,47,0.05452725464656646,0.004661618848232907,0.817286973257765,V2,SYNTHETIC_DEMO
PP_COMM_MOODYS_V2,Commercial term prepayment by Moody's,Commercial Term Loan,moodys_band,Aaa-A,Downside,48,0.05419286697000962,0.004632288287501729,0.8135010643840154,V2,SYNTHETIC_DEMO
PP_COMM_MOODYS_V2,Commercial term prepayment by Moody's,Commercial Term Loan,moodys_band,Aaa-A,Downside,49,0.0538892748895569,0.004605667170674899,0.8097543492384728,V2,SYNTHETIC_DEMO
PP_COMM_MOODYS_V2,Commercial term prepayment by Moody's,Commercial Term Loan,moodys_band,Aaa-A,Downside,50,0.05361858546375868,0.004581937795686497,0.8060441051804755,V2,SYNTHETIC_DEMO
PP_COMM_MOODYS_V2,Commercial term prepayment by Moody's,Commercial Term Loan,moodys_band,Aaa-A,Downside,51,0.05338267739270581,0.004561262522615128,0.802367526411941,V2,SYNTHETIC_DEMO
PP_COMM_MOODYS_V2,Commercial term prepayment by Moody's,Commercial Term Loan,moodys_band,Aaa-A,Downside,52,0.05318318797904953,0.004543782710784816,0.7987217427177352,V2,SYNTHETIC_DEMO
PP_COMM_MOODYS_V2,Commercial term prepayment by Moody's,Commercial Term Loan,moodys_band,Aaa-A,Downside,53,0.05302150176442254,0.004529617796177221,0.7951038384977273,V2,SYNTHETIC_DEMO
PP_COMM_MOODYS_V2,Commercial term prepayment by Moody's,Commercial Term Loan,moodys_band,Aaa-A,Downside,54,0.052898740920129535,0.004518864513980647,0.7915108719770101,V2,SYNTHETIC_DEMO
PP_COMM_MOODYS_V2,Commercial term prepayment by Moody's,Commercial Term Loan,moodys_band,Aaa-A,Downside,55,0.05281575745879955,0.004511596270284413,0.7879398944791091,V2,SYNTHETIC_DEMO
PP_COMM_MOODYS_V2,Commercial term prepayment by Moody's,Commercial Term Loan,moodys_band,Aaa-A,Downside,56,0.052773127321054845,0.00450786266612091,0.7843879696456394,V2,SYNTHETIC_DEMO
PP_COMM_MOODYS_V2,Commercial term prepayment by Moody's,Commercial Term Loan,moodys_band,Aaa-A,Downside,57,0.05277114637823737,0.004507689176259211,0.7808521924848798,V2,SYNTHETIC_DEMO
PP_COMM_MOODYS_V2,Commercial term prepayment by Moody's,Commercial Term Loan,moodys_band,Aaa-A,Downside,58,0.05280982837893531,0.00451107698436215,0.7773297081311725,V2,SYNTHETIC_DEMO
PP_COMM_MOODYS_V2,Commercial term prepayment by Moody's,Commercial Term Loan,moodys_band,Aaa-A,Downside,59,0.052888904853562145,0.004518002975328339,0.7738177301970248,V2,SYNTHETIC_DEMO
PP_COMM_MOODYS_V2,Commercial term prepayment by Moody's,Commercial Term Loan,moodys_band,Aaa-A,Downside,60,0.05300782697765002,0.004528419884860302,0.7703135586003431,V2,SYNTHETIC_DEMO
PP_COMM_MOODYS_V2,Commercial term prepayment by Moody's,Commercial Term Loan,moodys_band,Aaa-A,Downside,61,0.05316576938092574,0.00454225660550811,0.7668145967504783,V2,SYNTHETIC_DEMO
PP_COMM_MOODYS_V2,Commercial term prepayment by Moody's,Commercial Term Loan,moodys_band,Aaa-A,Downside,62,0.053361635875732484,0.0045594186476578535,0.7633183679787579,V2,SYNTHETIC_DEMO
PP_COMM_MOODYS_V2,Commercial term prepayment by Moody's,Commercial Term Loan,moodys_band,Aaa-A,Downside,63,0.05359406706503989,0.00457978875313636,0.7598225311020264,V2,SYNTHETIC_DEMO
PP_COMM_MOODYS_V2,Commercial term prepayment by Moody's,Commercial Term Loan,moodys_band,Aaa-A,Downside,64,0.05386144977723928,0.004603227658307785,0.7563248950114521,V2,SYNTHETIC_DEMO
PP_COMM_MOODYS_V2,Commercial term prepayment by Moody's,Commercial Term Loan,moodys_band,Aaa-A,Downside,65,0.05416192826224282,0.0046295750027333105,0.7528234321835622,V2,SYNTHETIC_DEMO
PP_COMM_MOODYS_V2,Commercial term prepayment by Moody's,Commercial Term Loan,moodys_band,Aaa-A,Downside,66,0.0544934170711808,0.004658650378647655,0.7493162910161654,V2,SYNTHETIC_DEMO
PP_COMM_MOODYS_V2,Commercial term prepayment by Moody's,Commercial Term Loan,moodys_band,Aaa-A,Downside,67,0.054853615530306425,0.004690254515688053,0.7458018068985481,V2,SYNTHETIC_DEMO
PP_COMM_MOODYS_V2,Commercial term prepayment by Moody's,Commercial Term Loan,moodys_band,Aaa-A,Downside,68,0.05524002370865312,0.004724170594479493,0.7422785119330884,V2,SYNTHETIC_DEMO
PP_COMM_MOODYS_V2,Commercial term prepayment by Moody's,Commercial Term Loan,moodys_band,Aaa-A,Downside,69,0.05564995976862185,0.004760165681852002,0.7387451432342083,V2,SYNTHETIC_DEMO
PP_COMM_MOODYS_V2,Commercial term prepayment by Moody's,Commercial Term Loan,moodys_band,Aaa-A,Downside,70,0.05608057857907818,0.004797992279629404,0.7352006497403568,V2,SYNTHETIC_DEMO
PP_COMM_MOODYS_V2,Commercial term prepayment by Moody's,Commercial Term Loan,moodys_band,Aaa-A,Downside,71,0.05652889146177604,0.004837389978105233,0.7316441974854063,V2,SYNTHETIC_DEMO
PP_COMM_MOODYS_V2,Commercial term prepayment by Moody's,Commercial Term Loan,moodys_band,Aaa-A,Downside,72,0.05699178693405971,0.004878087204502002,0.7280751732874047,V2,SYNTHETIC_DEMO
PP_COMM_MOODYS_V2,Commercial term prepayment by Moody's,Commercial Term Loan,moodys_band,Aaa-A,Downside,73,0.057466052303880855,0.0049198030559161054,0.7244931868249287,V2,SYNTHETIC_DEMO
PP_COMM_MOODYS_V2,Commercial term prepayment by Moody's,Commercial Term Loan,moodys_band,Aaa-A,Downside,74,0.057948395967251876,0.004962249205477054,0.7208980710842332,V2,SYNTHETIC_DEMO
PP_COMM_MOODYS_V2,Commercial term prepayment by Moody's,Commercial Term Loan,moodys_band,Aaa-A,Downside,75,0.05843547025338168,0.005005131869718293,0.7172898811738311,V2,SYNTHETIC_DEMO
PP_COMM_MOODYS_V2,Commercial term prepayment by Moody's,Commercial Term Loan,moodys_band,Aaa-A,Downside,76,0.05892389465893918,0.005048153824473656,0.7136688915169271,V2,SYNTHETIC_DEMO
PP_COMM_MOODYS_V2,Commercial term prepayment by Moody's,Commercial Term Loan,moodys_band,Aaa-A,Downside,77,0.05941027931018853,0.00509101645598331,0.7100355914460911,V2,SYNTHETIC_DEMO
PP_COMM_MOODYS_V2,Commercial term prepayment by Moody's,Commercial Term Loan,moodys_band,Aaa-A,Downside,78,0.059891248490158866,0.005133421833342866,0.7063906792385112,V2,SYNTHETIC_DEMO
PP_COMM_MOODYS_V2,Commercial term prepayment by Moody's,Commercial Term Loan,moodys_band,Aaa-A,Downside,79,0.06036346406756031,0.005175074787957867,0.7027350546439355,V2,SYNTHETIC_DEMO
PP_COMM_MOODYS_V2,Commercial term prepayment by Moody's,Commercial Term Loan,moodys_band,Aaa-A,Downside,80,0.06082364866483907,0.005215684985286129,0.6990698099707949,V2,SYNTHETIC_DEMO
PP_COMM_MOODYS_V2,Commercial term prepayment by Moody's,Commercial Term Loan,moodys_band,Aaa-A,Downside,81,0.06126860840457577,0.005254968973889884,0.6953962198088153,V2,SYNTHETIC_DEMO
PP_COMM_MOODYS_V2,Commercial term prepayment by Moody's,Commercial Term Loan,moodys_band,Aaa-A,Downside,82,0.061695255076357314,0.005292652196662195,0.6917157294784936,V2,SYNTHETIC_DEMO
PP_COMM_MOODYS_V2,Commercial term prepayment by Moody's,Commercial Term Loan,moodys_band,Aaa-A,Downside,83,0.062100627570274555,0.005328470949077402,0.6880299423089475,V2,SYNTHETIC_DEMO
PP_COMM_MOODYS_V2,Commercial term prepayment by Moody's,Commercial Term Loan,moodys_band,Aaa-A,Downside,84,0.06248191242828826,0.0053621742694242025,0.6843406058557051,V2,SYNTHETIC_DEMO
PP_COMM_MOODYS_V2,Commercial term prepayment by Moody's,Commercial Term Loan,moodys_band,Baa,Downside,1,0.0028961857322470684,0.0002416697759377584,0.9997583302240622,V2,SYNTHETIC_DEMO
PP_COMM_MOODYS_V2,Commercial term prepayment by Moody's,Commercial Term Loan,moodys_band,Baa,Downside,2,0.00583985551062647,0.00048796208661283647,0.9992704860631375,V2,SYNTHETIC_DEMO
PP_COMM_MOODYS_V2,Commercial term prepayment by Moody's,Commercial Term Loan,moodys_band,Baa,Downside,3,0.008830017201623637,0.0007388296661805516,0.9985321953834954,V2,SYNTHETIC_DEMO
PP_COMM_MOODYS_V2,Commercial term prepayment by Moody's,Commercial Term Loan,moodys_band,Baa,Downside,4,0.011865028733756841,0.0009941704823507314,0.9975394841491683,V2,SYNTHETIC_DEMO
PP_COMM_MOODYS_V2,Commercial term prepayment by Moody's,Commercial Term Loan,moodys_band,Baa,Downside,5,0.014942615212518716,0.001253828369509935,0.9962887408442357,V2,SYNTHETIC_DEMO
PP_COMM_MOODYS_V2,Commercial term prepayment by Moody's,Commercial Term Loan,moodys_band,Baa,Downside,6,0.018059892659045864,0.0015175942021624644,0.9947767788274507,V2,SYNTHETIC_DEMO
PP_COMM_MOODYS_V2,Commercial term prepayment by Moody's,Commercial Term Loan,moodys_band,Baa,Downside,7,0.021213398152584256,0.0017852076056288357,0.993000895755985,V2,SYNTHETIC_DEMO
PP_COMM_MOODYS_V2,Commercial term prepayment by Moody's,Commercial Term Loan,moodys_band,Baa,Downside,8,0.024399126097267042,0.0020563591972253548,0.9909589292311443,V2,SYNTHETIC_DEMO
PP_COMM_MOODYS_V2,Commercial term prepayment by Moody's,Commercial Term Loan,moodys_band,Baa,Downside,9,0.027612570276598317,0.0023306933472652114,0.9886493078473721,V2,SYNTHETIC_DEMO
PP_COMM_MOODYS_V2,Commercial term prepayment by Moody's,Commercial Term Loan,moodys_band,Baa,Downside,10,0.030848771304838245,0.0026078114451533185,0.9860710968671249,V2,SYNTHETIC_DEMO
PP_COMM_MOODYS_V2,Commercial term prepayment by Moody's,Commercial Term Loan,moodys_band,Baa,Downside,11,0.034102369033686165,0.0028872756515864184,0.9832240377984074,V2,SYNTHETIC_DEMO
PP_COMM_MOODYS_V2,Commercial term prepayment by Moody's,Commercial Term Loan,moodys_band,Baa,Downside,12,0.03736765942570354,0.0031686131134162077,0.9801085812188133,V2,SYNTHETIC_DEMO
PP_COMM_MOODYS_V2,Commercial term prepayment by Moody's,Commercial Term Loan,moodys_band,Baa,Downside,13,0.0406386553632207,0.003451320613112485,0.9767259122693643,V2,SYNTHETIC_DEMO
PP_COMM_MOODYS_V2,Commercial term prepayment by Moody's,Commercial Term Loan,moodys_band,Baa,Downside,14,0.04390915082340876,0.0037348696199918097,0.9730779683325707,V2,SYNTHETIC_DEMO
PP_COMM_MOODYS_V2,Commercial term prepayment by Moody's,Commercial Term Loan,moodys_band,Baa,Downside,15,0.0471727878171086,0.004018711705519817,0.9691674485108491,V2,SYNTHETIC_DEMO
PP_COMM_MOODYS_V2,Commercial term prepayment by Moody's,Commercial Term Loan,moodys_band,Baa,Downside,16,0.05042312546118974,0.004302284280094271,0.9649978146323418,V2,SYNTHETIC_DEMO
PP_COMM_MOODYS_V2,Commercial term prepayment by Moody's,Commercial Term Loan,moodys_band,Baa,Downside,17,0.053653710531917545,0.004585016603865455,0.9605732836295586,V2,SYNTHETIC_DEMO
PP_COMM_MOODYS_V2,Commercial term prepayment by Moody's,Commercial Term Loan,moodys_band,Baa,Downside,18,0.05685814883024163,0.0048663360194258765,0.9558988112601339,V2,SYNTHETIC_DEMO
PP_COMM_MOODYS_V2,Commercial term prepayment by Moody's,Commercial Term Loan,moodys_band,Baa,Downside,19,0.056870693696125345,0.004867439060857848,0.9512460320479788,V2,SYNTHETIC_DEMO
PP_COMM_MOODYS_V2,Commercial term prepayment by Moody's,Commercial Term Loan,moodys_band,Baa,Downside,20,0.05684735868237241,0.004865387277103617,0.9466178517062572,V2,SYNTHETIC_DEMO
PP_COMM_MOODYS_V2,Commercial term prepayment by Moody's,Commercial Term Loan,moodys_band,Baa,Downside,21,0.05678830574393295,0.00486019512208169,0.942017104240919,V2,SYNTHETIC_DEMO
PP_COMM_MOODYS_V2,Commercial term prepayment by Moody's,Commercial Term Loan,moodys_band,Baa,Downside,22,0.05669394473339165,0.004851899167880092,0.9374465322367237,V2,SYNTHETIC_DEMO
PP_COMM_MOODYS_V2,Commercial term prepayment by Moody's,Commercial Term Loan,moodys_band,Baa,Downside,23,0.05656493055641599,0.004840557835877224,0.9329087680793893,V2,SYNTHETIC_DEMO
PP_COMM_MOODYS_V2,Commercial term prepayment by Moody's,Commercial Term Loan,moodys_band,Baa,Downside,24,0.056402158626431456,0.004826250967592816,0.9284063162347703,V2,SYNTHETIC_DEMO
PP_COMM_MOODYS_V2,Commercial term prepayment by Moody's,Commercial Term Loan,moodys_band,Baa,Downside,25,0.056206758650070486,0.004809079238922487,0.9239415366940812,V2,SYNTHETIC_DEMO
PP_COMM_MOODYS_V2,Commercial term prepayment by Moody's,Commercial Term Loan,moodys_band,Baa,Downside,26,0.055980086786526426,0.004789163422721843,0.9195166296818125,V2,SYNTHETIC_DEMO
PP_COMM_MOODYS_V2,Commercial term prepayment by Moody's,Commercial Term Loan,moodys_band,Baa,Downside,27,0.055723716235230245,0.004766643505956236,0.9151336217103209,V2,SYNTHETIC_DEMO
PP_COMM_MOODYS_V2,Commercial term prepayment by Moody's,Commercial Term Loan,moodys_band,Baa,Downside,28,0.05543942631717531,0.004741677668811839,0.9107943530522782,V2,SYNTHETIC_DEMO
PP_COMM_MOODYS_V2,Commercial term prepayment by Moody's,Commercial Term Loan,moodys_band,Baa,Downside,29,0.055129190125670705,0.004714441134246905,0.9065004666894088,V2,SYNTHETIC_DEMO
PP_COMM_MOODYS_V2,Commercial term prepayment by Moody's,Commercial Term Loan,moodys_band,Baa,Downside,30,0.05479516083223187,0.0046851248974563164,0.9022533987833664,V2,SYNTHETIC_DEMO
PP_COMM_MOODYS_V2,Commercial term prepayment by Moody's,Commercial Term Loan,moodys_band,Baa,Downside,31,0.05443965674265179,0.004653934345598243,0.8980543707023357,V2,SYNTHETIC_DEMO
PP_COMM_MOODYS_V2,Commercial term prepayment by Moody's,Commercial Term Loan,moodys_band,Baa,Downside,32,0.05406514520696981,0.004621087778896693,0.8939043826250984,V2,SYNTHETIC_DEMO
PP_COMM_MOODYS_V2,Commercial term prepayment by Moody's,Commercial Term Loan,moodys_band,Baa,Downside,33,0.05367422549500977,0.004586814844880549,0.8898042087329698,V2,SYNTHETIC_DEMO
PP_COMM_MOODYS_V2,Commercial term prepayment by Moody's,Commercial Term Loan,moodys_band,Baa,Downside,34,0.053269610756338556,0.004551354898032489,0.8857543939892631,V2,SYNTHETIC_DEMO
PP_COMM_MOODYS_V2,Commercial term prepayment by Moody's,Commercial Term Loan,moodys_band,Baa,Downside,35,0.05285410918985076,0.004514955297524437,0.8817552524958158,V2,SYNTHETIC_DEMO
PP_COMM_MOODYS_V2,Commercial term prepayment by Moody's,Commercial Term Loan,moodys_band,Baa,Downside,36,0.052430604553670324,0.00447786965597885,0.8778068674066648,V2,SYNTHETIC_DEMO
PP_COMM_MOODYS_V2,Commercial term prepayment by Moody's,Commercial Term Loan,moodys_band,Baa,Downside,37,0.05200203615063892,0.004440356052353045,0.8739090923701786,V2,SYNTHETIC_DEMO
PP_COMM_MOODYS_V2,Commercial term prepayment by Moody's,Commercial Term Loan,moodys_band,Baa,Downside,38,0.051571378428300396,0.0044026752220747145,0.8700615544628546,V2,SYNTHETIC_DEMO
PP_COMM_MOODYS_V2,Commercial term prepayment by Moody's,Commercial Term Loan,moodys_band,Baa,Downside,39,0.051141620334965894,0.00436508873748187,0.8662636585705529,V2,SYNTHETIC_DEMO
PP_COMM_MOODYS_V2,Commercial term prepayment by Moody's,Commercial Term Loan,moodys_band,Baa,Downside,40,0.05071574457513746,0.004327857191445017,0.8625145931661209,V2,SYNTHETIC_DEMO
PP_COMM_MOODYS_V2,Commercial term prepayment by Moody's,Commercial Term Loan,moodys_band,Baa,Downside,41,0.05029670690826643,0.004291238396772923,0.8588133374261494,V2,SYNTHETIC_DEMO
PP_COMM_MOODYS_V2,Commercial term prepayment by Moody's,Commercial Term Loan,moodys_band,Baa,Downside,42,0.049887415634521905,0.0042554856136513,0.8551586696239206,V2,SYNTHETIC_DEMO
PP_COMM_MOODYS_V2,Commercial term prepayment by Moody's,Commercial Term Loan,moodys_band,Baa,Downside,43,0.04949071140994685,0.00422084581692217,0.8515491767304337,V2,SYNTHETIC_DEMO
PP_COMM_MOODYS_V2,Commercial term prepayment by Moody's,Commercial Term Loan,moodys_band,Baa,Downside,44,0.0491093475310934,0.00418755801451931,0.8479832651506589,V2,SYNTHETIC_DEMO
PP_COMM_MOODYS_V2,Commercial term prepayment by Moody's,Commercial Term Loan,moodys_band,Baa,Downside,45,0.04874597082597021,0.0041558516278080715,0.8444591725178285,V2,SYNTHETIC_DEMO
PP_COMM_MOODYS_V2,Commercial term prepayment by Moody's,Commercial Term Loan,moodys_band,Baa,Downside,46,0.04840310328392693,0.004125944943978221,0.8409749804645825,V2,SYNTHETIC_DEMO
PP_COMM_MOODYS_V2,Commercial term prepayment by Moody's,Commercial Term Loan,moodys_band,Baa,Downside,47,0.04808312455197224,0.004098043649989336,0.8375286282860898,V2,SYNTHETIC_DEMO
PP_COMM_MOODYS_V2,Commercial term prepayment by Moody's,Commercial Term Loan,moodys_band,Baa,Downside,48,0.04778825541900848,0.004072339456890672,0.8341179274068448,V2,SYNTHETIC_DEMO
PP_COMM_MOODYS_V2,Commercial term prepayment by Moody's,Commercial Term Loan,moodys_band,Baa,Downside,49,0.04752054240260927,0.004049008822637368,0.8307405765596545,V2,SYNTHETIC_DEMO
PP_COMM_MOODYS_V2,Commercial term prepayment by Moody's,Commercial Term Loan,moodys_band,Baa,Downside,50,0.04728184354531448,0.004028211780805369,0.8273941775823639,V2,SYNTHETIC_DEMO
PP_COMM_MOODYS_V2,Commercial term prepayment by Moody's,Commercial Term Loan,moodys_band,Baa,Downside,51,0.0470738155190224,0.004010090881875539,0.8240762517351239,V2,SYNTHETIC_DEMO
PP_COMM_MOODYS_V2,Commercial term prepayment by Moody's,Commercial Term Loan,moodys_band,Baa,Downside,52,0.04689790212698004,0.003994770253021196,0.8207842564384712,V2,SYNTHETIC_DEMO
PP_COMM_MOODYS_V2,Commercial term prepayment by Moody's,Commercial Term Loan,moodys_band,Baa,Downside,53,0.0467553242831726,0.00398235478159048,0.8175156023301893,V2,SYNTHETIC_DEMO
PP_COMM_MOODYS_V2,Commercial term prepayment by Moody's,Commercial Term Loan,moodys_band,Baa,Downside,54,0.04664707153865968,0.003972929426731775,0.8142676705368793,V2,SYNTHETIC_DEMO
PP_COMM_MOODYS_V2,Commercial term prepayment by Moody's,Commercial Term Loan,moodys_band,Baa,Downside,55,0.04657389521366869,0.003966558662869768,0.8110378300544164,V2,SYNTHETIC_DEMO
PP_COMM_MOODYS_V2,Commercial term prepayment by Moody's,Commercial Term Loan,moodys_band,Baa,Downside,56,0.046536303183112,0.0039632860580023355,0.8078234551300493,V2,SYNTHETIC_DEMO
PP_COMM_MOODYS_V2,Commercial term prepayment by Moody's,Commercial Term Loan,moodys_band,Baa,Downside,57,0.04653455635171841,0.0039631339890469075,0.8046219425378741,V2,SYNTHETIC_DEMO
PP_COMM_MOODYS_V2,Commercial term prepayment by Moody's,Commercial Term Loan,moodys_band,Baa,Downside,58,0.046568666843242956,0.003966103495738671,0.8014307286388266,V2,SYNTHETIC_DEMO
PP_COMM_MOODYS_V2,Commercial term prepayment by Moody's,Commercial Term Loan,moodys_band,Baa,Downside,59,0.04663839791632298,0.003972174273842333,0.7982473061162607,V2,SYNTHETIC_DEMO
PP_COMM_MOODYS_V2,Commercial term prepayment by Moody's,Commercial Term Loan,moodys_band,Baa,Downside,60,0.04674326560756411,0.003981304807717634,0.7950692402786724,V2,SYNTHETIC_DEMO
PP_COMM_MOODYS_V2,Commercial term prepayment by Moody's,Commercial Term Loan,moodys_band,Baa,Downside,61,0.04688254209045269,0.003993432641539729,0.7918941848222594,V2,SYNTHETIC_DEMO
PP_COMM_MOODYS_V2,Commercial term prepayment by Moody's,Commercial Term Loan,moodys_band,Baa,Downside,62,0.04705526072678228,0.00400847478774935,0.7887198969478341,V2,SYNTHETIC_DEMO
PP_COMM_MOODYS_V2,Commercial term prepayment by Moody's,Commercial Term Loan,moodys_band,Baa,Downside,63,0.04726022277553518,0.004026328270572144,0.7855442517291903,V2,SYNTHETIC_DEMO
PP_COMM_MOODYS_V2,Commercial term prepayment by Moody's,Commercial Term Loan,moodys_band,Baa,Downside,64,0.047496005712656456,0.0040468708017107335,0.7823652556334157,V2,SYNTHETIC_DEMO
PP_COMM_MOODYS_V2,Commercial term prepayment by Moody's,Commercial Term Loan,moodys_band,Baa,Downside,65,0.04776097310397776,0.004069961584572734,0.7791810590978833,V2,SYNTHETIC_DEMO
PP_COMM_MOODYS_V2,Commercial term prepayment by Moody's,Commercial Term Loan,moodys_band,Baa,Downside,66,0.048053285962768526,0.004095442242659786,0.7759899680737734,V2,SYNTHETIC_DEMO
PP_COMM_MOODYS_V2,Commercial term prepayment by Moody's,Commercial Term Loan,moodys_band,Baa,Downside,67,0.04837091551308839,0.004123137866997251,0.7727904544519985,V2,SYNTHETIC_DEMO
PP_COMM_MOODYS_V2,Commercial term prepayment by Moody's,Commercial Term Loan,moodys_band,Baa,Downside,68,0.04871165727035775,0.004152858176743823,0.7695811652943179,V2,SYNTHETIC_DEMO
PP_COMM_MOODYS_V2,Commercial term prepayment by Moody's,Commercial Term Loan,moodys_band,Baa,Downside,69,0.04907314634142109,0.004184398786380772,0.7663609308002388,V2,SYNTHETIC_DEMO
PP_COMM_MOODYS_V2,Commercial term prepayment by Moody's,Commercial Term Loan,moodys_band,Baa,Downside,70,0.0494528738379144,0.00421754257215079,0.7631287709489557,V2,SYNTHETIC_DEMO
PP_COMM_MOODYS_V2,Commercial term prepayment by Moody's,Commercial Term Loan,moodys_band,Baa,Downside,71,0.04984820428902069,0.0042520611296917865,0.7598839007650542,V2,SYNTHETIC_DEMO
PP_COMM_MOODYS_V2,Commercial term prepayment by Moody's,Commercial Term Loan,moodys_band,Baa,Downside,72,0.05025639393276174,0.004287716314113621,0.7566257341669116,V2,SYNTHETIC_DEMO
PP_COMM_MOODYS_V2,Commercial term prepayment by Moody's,Commercial Term Loan,moodys_band,Baa,Downside,73,0.050674609758876756,0.004324261853079214,0.7533538863675956,V2,SYNTHETIC_DEMO
PP_COMM_MOODYS_V2,Commercial term prepayment by Moody's,Commercial Term Loan,moodys_band,Baa,Downside,74,0.051099949171122115,0.004361445022808219,0.7500681748094844,V2,SYNTHETIC_DEMO
PP_COMM_MOODYS_V2,Commercial term prepayment by Moody's,Commercial Term Loan,moodys_band,Baa,Downside,75,0.05152946013252749,0.004399008376305247,0.7467686186256975,V2,SYNTHETIC_DEMO
PP_COMM_MOODYS_V2,Commercial term prepayment by Moody's,Commercial Term Loan,moodys_band,Baa,Downside,76,0.051960161653791824,0.004436691512555435,0.7434554366335981,V2,SYNTHETIC_DEMO
PP_COMM_MOODYS_V2,Commercial term prepayment by Moody's,Commercial Term Loan,moodys_band,Baa,Downside,77,0.0523890644826208,0.0044742328749214355,0.7401290438779731,V2,SYNTHETIC_DEMO
PP_COMM_MOODYS_V2,Commercial term prepayment by Moody's,Commercial Term Loan,moodys_band,Baa,Downside,78,0.05281319185041282,0.004511371566533362,0.7367900467538565,V2,SYNTHETIC_DEMO
PP_COMM_MOODYS_V2,Commercial term prepayment by Moody's,Commercial Term Loan,moodys_band,Baa,Downside,79,0.053229600132303184,0.004547849170101315,0.733439236751188,V2,SYNTHETIC_DEMO
PP_COMM_MOODYS_V2,Commercial term prepayment by Moody's,Commercial Term Loan,moodys_band,Baa,Downside,80,0.05363539927717627,0.004583411559294648,0.7300775828754225,V2,SYNTHETIC_DEMO
PP_COMM_MOODYS_V2,Commercial term prepayment by Moody's,Commercial Term Loan,moodys_band,Baa,Downside,81,0.05402777286585318,0.00461781068864886,0.7267062228096774,V2,SYNTHETIC_DEMO
PP_COMM_MOODYS_V2,Commercial term prepayment by Moody's,Commercial Term Loan,moodys_band,Baa,Downside,82,0.05440399765824236,0.00465080634887205,0.7233264528948694,V2,SYNTHETIC_DEMO
PP_COMM_MOODYS_V2,Commercial term prepayment by Moody's,Commercial Term Loan,moodys_band,Baa,Downside,83,0.05476146249378756,0.004682167874449639,0.7199397170143854,V2,SYNTHETIC_DEMO
PP_COMM_MOODYS_V2,Commercial term prepayment by Moody's,Commercial Term Loan,moodys_band,Baa,Downside,84,0.055097686414036014,0.004711675790582626,0.7165475944790498,V2,SYNTHETIC_DEMO
PP_COMM_MOODYS_V2,Commercial term prepayment by Moody's,Commercial Term Loan,moodys_band,Ba,Downside,1,0.002508037128956224,0.00020924373236885785,0.9997907562676311,V2,SYNTHETIC_DEMO
PP_COMM_MOODYS_V2,Commercial term prepayment by Moody's,Commercial Term Loan,moodys_band,Ba,Downside,2,0.00505719446281055,0.000422412870873079,0.9993684317840038,V2,SYNTHETIC_DEMO
PP_COMM_MOODYS_V2,Commercial term prepayment by Moody's,Commercial Term Loan,moodys_band,Ba,Downside,3,0.007646612834395727,0.0006394619630393228,0.9987293736848156,V2,SYNTHETIC_DEMO
PP_COMM_MOODYS_V2,Commercial term prepayment by Moody's,Commercial Term Loan,moodys_band,Ba,Downside,4,0.010274870243665718,0.0008602981574353796,0.997870168644858,V2,SYNTHETIC_DEMO
PP_COMM_MOODYS_V2,Commercial term prepayment by Moody's,Commercial Term Loan,moodys_band,Ba,Downside,5,0.012939996678882187,0.0010847818448298518,0.9967876972024148,V2,SYNTHETIC_DEMO
PP_COMM_MOODYS_V2,Commercial term prepayment by Moody's,Commercial Term Loan,moodys_band,Ba,Downside,6,0.015639494673812915,0.0013127277701487916,0.9954791863113545,V2,SYNTHETIC_DEMO
PP_COMM_MOODYS_V2,Commercial term prepayment by Moody's,Commercial Term Loan,moodys_band,Ba,Downside,7,0.018370365410485333,0.0015439066108922095,0.9939422594146028,V2,SYNTHETIC_DEMO
PP_COMM_MOODYS_V2,Commercial term prepayment by Moody's,Commercial Term Loan,moodys_band,Ba,Downside,8,0.021129140125468366,0.0017780470142578775,0.9921749833479059,V2,SYNTHETIC_DEMO
PP_COMM_MOODYS_V2,Commercial term prepayment by Moody's,Commercial Term Loan,moodys_band,Ba,Downside,9,0.023911916528188235,0.0020148380817033296,0.9901759114077432,V2,SYNTHETIC_DEMO
PP_COMM_MOODYS_V2,Commercial term prepayment by Moody's,Commercial Term Loan,moodys_band,Ba,Downside,10,0.026714399892849613,0.0022539322860335442,0.9879441219521686,V2,SYNTHETIC_DEMO
PP_COMM_MOODYS_V2,Commercial term prepayment by Moody's,Commercial Term Loan,moodys_band,Ba,Downside,11,0.02953194844154266,0.0024949488023497945,0.9854792519483155,V2,SYNTHETIC_DEMO
PP_COMM_MOODYS_V2,Commercial term prepayment by Moody's,Commercial Term Loan,moodys_band,Ba,Downside,12,0.032359622595454614,0.0027374772303316863,0.9827815249351427,V2,SYNTHETIC_DEMO
PP_COMM_MOODYS_V2,Commercial term prepayment by Moody's,Commercial Term Loan,moodys_band,Ba,Downside,13,0.035192237634129264,0.002981081681377451,0.9798517729343623,V2,SYNTHETIC_DEMO
PP_COMM_MOODYS_V2,Commercial term prepayment by Moody's,Commercial Term Loan,moodys_band,Ba,Downside,14,0.038024419269756034,0.003225305200121542,0.9766914519157688,V2,SYNTHETIC_DEMO
PP_COMM_MOODYS_V2,Commercial term prepayment by Moody's,Commercial Term Loan,moodys_band,Ba,Downside,15,0.040850661614815695,0.0034696744858330186,0.9733026505045255,V2,SYNTHETIC_DEMO
PP_COMM_MOODYS_V2,Commercial term prepayment by Moody's,Commercial Term Loan,moodys_band,Ba,Downside,16,0.04366538699731895,0.003713704875213497,0.9696880917062886,V2,SYNTHETIC_DEMO
PP_COMM_MOODYS_V2,Commercial term prepayment by Moody's,Commercial Term Loan,moodys_band,Ba,Downside,17,0.046463007058567776,0.003956905544237332,0.965851127520035,V2,SYNTHETIC_DEMO
PP_COMM_MOODYS_V2,Commercial term prepayment by Moody's,Commercial Term Loan,moodys_band,Ba,Downside,18,0.04923798455402368,0.004198784882968543,0.9617957264066057,V2,SYNTHETIC_DEMO
PP_COMM_MOODYS_V2,Commercial term prepayment by Moody's,Commercial Term Loan,moodys_band,Ba,Downside,19,0.049248848149221945,0.004199733073102507,0.9577564410848473,V2,SYNTHETIC_DEMO
PP_COMM_MOODYS_V2,Commercial term prepayment by Moody's,Commercial Term Loan,moodys_band,Ba,Downside,20,0.049228640508446206,0.004197969329244655,0.9537358089202865,V2,SYNTHETIC_DEMO
PP_COMM_MOODYS_V2,Commercial term prepayment by Moody's,Commercial Term Loan,moodys_band,Ba,Downside,21,0.049177501881343996,0.004193506050309326,0.9497363120351826,V2,SYNTHETIC_DEMO
PP_COMM_MOODYS_V2,Commercial term prepayment by Moody's,Commercial Term Loan,moodys_band,Ba,Downside,22,0.049095787191803075,0.004186374609406185,0.9457603600528475,V2,SYNTHETIC_DEMO
PP_COMM_MOODYS_V2,Commercial term prepayment by Moody's,Commercial Term Loan,moodys_band,Ba,Downside,23,0.04898406357462828,0.004176625125000721,0.941810273570821,V2,SYNTHETIC_DEMO
PP_COMM_MOODYS_V2,Commercial term prepayment by Moody's,Commercial Term Loan,moodys_band,Ba,Downside,24,0.048843106439383936,0.004164326095614346,0.9378882684714723,V2,SYNTHETIC_DEMO
PP_COMM_MOODYS_V2,Commercial term prepayment by Moody's,Commercial Term Loan,moodys_band,Ba,Downside,25,0.04867389408872083,0.004149563901093001,0.9339964411693645,V2,SYNTHETIC_DEMO
PP_COMM_MOODYS_V2,Commercial term prepayment by Moody's,Commercial Term Loan,moodys_band,Ba,Downside,26,0.04847760092853835,0.004132442174570317,0.9301367548849777,V2,SYNTHETIC_DEMO
PP_COMM_MOODYS_V2,Commercial term prepayment by Moody's,Commercial Term Loan,moodys_band,Ba,Downside,27,0.048255589317106606,0.004113081050287848,0.926311027024284,V2,SYNTHETIC_DEMO
PP_COMM_MOODYS_V2,Commercial term prepayment by Moody's,Commercial Term Loan,moodys_band,Ba,Downside,28,0.048009400109718825,0.004091616293427025,0.9225209177333303,V2,SYNTHETIC_DEMO
PP_COMM_MOODYS_V2,Commercial term prepayment by Moody's,Commercial Term Loan,moodys_band,Ba,Downside,29,0.047740741964498346,0.004068198319017391,0.9187679196865493,V2,SYNTHETIC_DEMO
PP_COMM_MOODYS_V2,Commercial term prepayment by Moody's,Commercial Term Loan,moodys_band,Ba,Downside,30,0.04745147948358224,0.0040429911078252445,0.9150533491571015,V2,SYNTHETIC_DEMO
PP_COMM_MOODYS_V2,Commercial term prepayment by Moody's,Commercial Term Loan,moodys_band,Ba,Downside,31,0.04714362027198712,0.0040161710278731055,0.9113783384072585,V2,SYNTHETIC_DEMO
PP_COMM_MOODYS_V2,Commercial term prepayment by Moody's,Commercial Term Loan,moodys_band,Ba,Downside,32,0.04681930100397386,0.003987925570903772,0.9077438294267564,V2,SYNTHETIC_DEMO
PP_COMM_MOODYS_V2,Commercial term prepayment by Moody's,Commercial Term Loan,moodys_band,Ba,Downside,33,0.04648077259361671,0.003958452013657854,0.9041505690372765,V2,SYNTHETIC_DEMO
PP_COMM_MOODYS_V2,Commercial term prepayment by Moody's,Commercial Term Loan,moodys_band,Ba,Downside,34,0.04613038457249937,0.003927956014299405,0.9005991053717943,V2,SYNTHETIC_DEMO
PP_COMM_MOODYS_V2,Commercial term prepayment by Moody's,Commercial Term Loan,moodys_band,Ba,Downside,35,0.04577056878296355,0.00389665015468299,0.8970897857285399,V2,SYNTHETIC_DEMO
PP_COMM_MOODYS_V2,Commercial term prepayment by Moody's,Commercial Term Loan,moodys_band,Ba,Downside,36,0.04540382250008564,0.003864752439416086,0.8936227557907703,V2,SYNTHETIC_DEMO
PP_COMM_MOODYS_V2,Commercial term prepayment by Moody's,Commercial Term Loan,moodys_band,Ba,Downside,37,0.04503269109952236,0.0038324847628320446,0.8901979601954823,V2,SYNTHETIC_DEMO
PP_COMM_MOODYS_V2,Commercial term prepayment by Moody's,Commercial Term Loan,moodys_band,Ba,Downside,38,0.04465975039151787,0.0038000713550542242,0.8868151444266157,V2,SYNTHETIC_DEMO
PP_COMM_MOODYS_V2,Commercial term prepayment by Moody's,Commercial Term Loan,moodys_band,Ba,Downside,39,0.044287588743681806,0.003767737218304368,0.8834738580012036,V2,SYNTHETIC_DEMO
PP_COMM_MOODYS_V2,Commercial term prepayment by Moody's,Commercial Term Loan,moodys_band,Ba,Downside,40,0.043918789116613885,0.0037357065644980647,0.8801734589103061,V2,SYNTHETIC_DEMO
PP_COMM_MOODYS_V2,Commercial term prepayment by Moody's,Commercial Term Loan,moodys_band,Ba,Downside,41,0.04355591113705547,0.0037042012649729505,0.8769131192704149,V2,SYNTHETIC_DEMO
PP_COMM_MOODYS_V2,Commercial term prepayment by Moody's,Commercial Term Loan,moodys_band,Ba,Downside,42,0.043201473332988044,0.003673439322930405,0.8736918321352934,V2,SYNTHETIC_DEMO
PP_COMM_MOODYS_V2,Commercial term prepayment by Moody's,Commercial Term Loan,moodys_band,Ba,Downside,43,0.04285793565397459,0.003643633378832223,0.8705084194129122,V2,SYNTHETIC_DEMO
PP_COMM_MOODYS_V2,Commercial term prepayment by Moody's,Commercial Term Loan,moodys_band,Ba,Downside,44,0.04252768239806026,0.003614989258604706,0.8673615408272096,V2,SYNTHETIC_DEMO
PP_COMM_MOODYS_V2,Commercial term prepayment by Moody's,Commercial Term Loan,moodys_band,Ba,Downside,45,0.04221300566372678,0.0035877045740457802,0.8642497038598325,V2,SYNTHETIC_DEMO
PP_COMM_MOODYS_V2,Commercial term prepayment by Moody's,Commercial Term Loan,moodys_band,Ba,Downside,46,0.04191608944175116,0.0035619673843445554,0.8611712746027543,V2,SYNTHETIC_DEMO
PP_COMM_MOODYS_V2,Commercial term prepayment by Moody's,Commercial Term Loan,moodys_band,Ba,Downside,47,0.04163899445737802,0.0035379549270828647,0.8581244894487113,V2,SYNTHETIC_DEMO
PP_COMM_MOODYS_V2,Commercial term prepayment by Moody's,Commercial Term Loan,moodys_band,Ba,Downside,48,0.041383643868007344,0.003515832426527865,0.8551074675427099,V2,SYNTHETIC_DEMO
PP_COMM_MOODYS_V2,Commercial term prepayment by Moody's,Commercial Term Loan,moodys_band,Ba,Downside,49,0.041151809915661634,0.0034957519864264874,0.8521182239144394,V2,SYNTHETIC_DEMO
PP_COMM_MOODYS_V2,Commercial term prepayment by Moody's,Commercial Term Loan,moodys_band,Ba,Downside,50,0.04094510162687027,0.003477851573905344,0.849154683208245,V2,SYNTHETIC_DEMO
PP_COMM_MOODYS_V2,Commercial term prepayment by Moody's,Commercial Term Loan,moodys_band,Ba,Downside,51,0.04076495364533898,0.003462254100442541,0.8462146939243973,V2,SYNTHETIC_DEMO
PP_COMM_MOODYS_V2,Commercial term prepayment by Moody's,Commercial Term Loan,moodys_band,Ba,Downside,52,0.04061261627491055,0.0034490666052416907,0.8432960430827179,V2,SYNTHETIC_DEMO
PP_COMM_MOODYS_V2,Commercial term prepayment by Moody's,Commercial Term Loan,moodys_band,Ba,Downside,53,0.040489146801922664,0.0034383795456818245,0.8403964712172278,V2,SYNTHETIC_DEMO
PP_COMM_MOODYS_V2,Commercial term prepayment by Moody's,Commercial Term Loan,moodys_band,Ba,Downside,54,0.04039540215718983,0.003430266198863774,0.837513687608367,V2,SYNTHETIC_DEMO
PP_COMM_MOODYS_V2,Commercial term prepayment by Moody's,Commercial Term Loan,moodys_band,Ba,Downside,55,0.04033203296853784,0.003424782177607999,0.8346453856575431,V2,SYNTHETIC_DEMO
PP_COMM_MOODYS_V2,Commercial term prepayment by Moody's,Commercial Term Loan,moodys_band,Ba,Downside,56,0.04029947904516916,0.003421965063599597,0.8317892583073284,V2,SYNTHETIC_DEMO
PP_COMM_MOODYS_V2,Commercial term prepayment by Moody's,Commercial Term Loan,moodys_band,Ba,Downside,57,0.04029796632519945,0.0034218341597070934,0.828943013409575,V2,SYNTHETIC_DEMO
PP_COMM_MOODYS_V2,Commercial term prepayment by Moody's,Commercial Term Loan,moodys_band,Ba,Downside,58,0.0403275053075506,0.0034243903628404793,0.8261043889431113,V2,SYNTHETIC_DEMO
PP_COMM_MOODYS_V2,Commercial term prepayment by Moody's,Commercial Term Loan,moodys_band,Ba,Downside,59,0.04038789097908382,0.0034296161580441575,0.8232711679825608,V2,SYNTHETIC_DEMO
PP_COMM_MOODYS_V2,Commercial term prepayment by Moody's,Commercial Term Loan,moodys_band,Ba,Downside,60,0.040478704237478194,0.00343747573385933,0.8204411933202348,V2,SYNTHETIC_DEMO
PP_COMM_MOODYS_V2,Commercial term prepayment by Moody's,Commercial Term Loan,moodys_band,Ba,Downside,61,0.040599314799979656,0.003447915218321107,0.8176123816440485,V2,SYNTHETIC_DEMO
PP_COMM_MOODYS_V2,Commercial term prepayment by Moody's,Commercial Term Loan,moodys_band,Ba,Downside,62,0.04074888557783208,0.00346086303429205,0.8147827371760371,V2,SYNTHETIC_DEMO
PP_COMM_MOODYS_V2,Commercial term prepayment by Moody's,Commercial Term Loan,moodys_band,Ba,Downside,63,0.040926378486030465,0.0034762303721698196,0.8119503646783461,V2,SYNTHETIC_DEMO
PP_COMM_MOODYS_V2,Commercial term prepayment by Moody's,Commercial Term Loan,moodys_band,Ba,Downside,64,0.04113056164807363,0.0034939117773369333,0.8091134817365835,V2,SYNTHETIC_DEMO
PP_COMM_MOODYS_V2,Commercial term prepayment by Moody's,Commercial Term Loan,moodys_band,Ba,Downside,65,0.0413600179457127,0.0035137858490636997,0.8062704302341708,V2,SYNTHETIC_DEMO
PP_COMM_MOODYS_V2,Commercial term prepayment by Moody's,Commercial Term Loan,moodys_band,Ba,Downside,66,0.04161315485435625,0.0035357160469062787,0.8034196869358458,V2,SYNTHETIC_DEMO
PP_COMM_MOODYS_V2,Commercial term prepayment by Moody's,Commercial Term Loan,moodys_band,Ba,Downside,67,0.041888215495870365,0.0035595515999914396,0.8005598731037487,V2,SYNTHETIC_DEMO
PP_COMM_MOODYS_V2,Commercial term prepayment by Moody's,Commercial Term Loan,moodys_band,Ba,Downside,68,0.04218329083206238,0.0035851285139201217,0.7976897630755841,V2,SYNTHETIC_DEMO
PP_COMM_MOODYS_V2,Commercial term prepayment by Moody's,Commercial Term Loan,moodys_band,Ba,Downside,69,0.04249633291422032,0.003612270669384965,0.7948082917411575,V2,SYNTHETIC_DEMO
PP_COMM_MOODYS_V2,Commercial term prepayment by Moody's,Commercial Term Loan,moodys_band,Ba,Downside,70,0.04282516909675061,0.0036407910059599313,0.791914560861124,V2,SYNTHETIC_DEMO
PP_COMM_MOODYS_V2,Commercial term prepayment by Moody's,Commercial Term Loan,moodys_band,Ba,Downside,71,0.04316751711626534,0.003670492783909185,0.7890078441800106,V2,SYNTHETIC_DEMO
PP_COMM_MOODYS_V2,Commercial term prepayment by Moody's,Commercial Term Loan,moodys_band,Ba,Downside,72,0.04352100093146378,0.003701170916263763,0.7860875912944275,V2,SYNTHETIC_DEMO
PP_COMM_MOODYS_V2,Commercial term prepayment by Moody's,Commercial Term Loan,moodys_band,Ba,Downside,73,0.043883167213872656,0.003732613362848025,0.783153430246793,V2,SYNTHETIC_DEMO
PP_COMM_MOODYS_V2,Commercial term prepayment by Moody's,Commercial Term Loan,moodys_band,Ba,Downside,74,0.04425150237499235,0.003764602577401188,0.7802051688247853,V2,SYNTHETIC_DEMO
PP_COMM_MOODYS_V2,Commercial term prepayment by Moody's,Commercial Term Loan,moodys_band,Ba,Downside,75,0.04462345001167329,0.0037969169984383155,0.7772427945570051,V2,SYNTHETIC_DEMO
PP_COMM_MOODYS_V2,Commercial term prepayment by Moody's,Commercial Term Loan,moodys_band,Ba,Downside,76,0.04499642864864446,0.0038293325740458295,0.7742664734058655,V2,SYNTHETIC_DEMO
PP_COMM_MOODYS_V2,Commercial term prepayment by Moody's,Commercial Term Loan,moodys_band,Ba,Downside,77,0.04536784965505306,0.0038616243104020453,0.7712765471694322,V2,SYNTHETIC_DEMO
PP_COMM_MOODYS_V2,Commercial term prepayment by Moody's,Commercial Term Loan,moodys_band,Ba,Downside,78,0.04573513521066677,0.003893567833473943,0.7682735296146604,V2,SYNTHETIC_DEMO
PP_COMM_MOODYS_V2,Commercial term prepayment by Moody's,Commercial Term Loan,moodys_band,Ba,Downside,79,0.04609573619704605,0.003924940953065725,0.7652581013751195,V2,SYNTHETIC_DEMO
PP_COMM_MOODYS_V2,Commercial term prepayment by Moody's,Commercial Term Loan,moodys_band,Ba,Downside,80,0.04644714988951347,0.003955525218192757,0.7622311036567039,V2,SYNTHETIC_DEMO
PP_COMM_MOODYS_V2,Commercial term prepayment by Moody's,Commercial Term Loan,moodys_band,Ba,Downside,81,0.04678693732713059,0.0039851074526358055,0.7591935308048907,V2,SYNTHETIC_DEMO
PP_COMM_MOODYS_V2,Commercial term prepayment by Moody's,Commercial Term Loan,moodys_band,Ba,Downside,82,0.047112740240127404,0.00401348125949208,0.7561465217966776,V2,SYNTHETIC_DEMO
PP_COMM_MOODYS_V2,Commercial term prepayment by Moody's,Commercial Term Loan,moodys_band,Ba,Downside,83,0.04742229741730057,0.004040448483597636,0.7530913507293067,V2,SYNTHETIC_DEMO
PP_COMM_MOODYS_V2,Commercial term prepayment by Moody's,Commercial Term Loan,moodys_band,Ba,Downside,84,0.04771346039978376,0.0040658206208484815,0.7500294163861289,V2,SYNTHETIC_DEMO
PP_COMM_MOODYS_V2,Commercial term prepayment by Moody's,Commercial Term Loan,moodys_band,B,Downside,1,0.00211988852566538,0.0001768292530264226,0.9998231707469736,V2,SYNTHETIC_DEMO
PP_COMM_MOODYS_V2,Commercial term prepayment by Moody's,Commercial Term Loan,moodys_band,B,Downside,2,0.004274533414994632,0.00035691090472234066,0.99946632295454,V2,SYNTHETIC_DEMO
PP_COMM_MOODYS_V2,Commercial term prepayment by Moody's,Commercial Term Loan,moodys_band,B,Downside,3,0.006463208467167817,0.0005402028240139023,0.9989264084243731,V2,SYNTHETIC_DEMO
PP_COMM_MOODYS_V2,Commercial term prepayment by Moody's,Commercial Term Loan,moodys_band,B,Downside,4,0.008684711753574595,0.0007266228517247564,0.9982005656688205,V2,SYNTHETIC_DEMO
PP_COMM_MOODYS_V2,Commercial term prepayment by Moody's,Commercial Term Loan,moodys_band,B,Downside,5,0.010937378145245659,0.000916049420925602,0.997286164618672,V2,SYNTHETIC_DEMO
PP_COMM_MOODYS_V2,Commercial term prepayment by Moody's,Commercial Term Loan,moodys_band,B,Downside,6,0.013219096688579964,0.0011083225772561267,0.99618084984644,V2,SYNTHETIC_DEMO
PP_COMM_MOODYS_V2,Commercial term prepayment by Moody's,Commercial Term Loan,moodys_band,B,Downside,7,0.015527332668386414,0.0013032453940978739,0.994882581742189,V2,SYNTHETIC_DEMO
PP_COMM_MOODYS_V2,Commercial term prepayment by Moody's,Commercial Term Loan,moodys_band,B,Downside,8,0.01785915415366969,0.0015005857744398998,0.9933896750927886,V2,SYNTHETIC_DEMO
PP_COMM_MOODYS_V2,Commercial term prepayment by Moody's,Commercial Term Loan,moodys_band,B,Downside,9,0.02021126277977815,0.0017000786281831104,0.9917008345367057,V2,SYNTHETIC_DEMO
PP_COMM_MOODYS_V2,Commercial term prepayment by Moody's,Commercial Term Loan,moodys_band,B,Downside,10,0.022580028480860985,0.0019014284104708068,0.9898151863952299,V2,SYNTHETIC_DEMO
PP_COMM_MOODYS_V2,Commercial term prepayment by Moody's,Commercial Term Loan,moodys_band,B,Downside,11,0.024961527849399152,0.002104312003427422,0.9877323064173237,V2,SYNTHETIC_DEMO
PP_COMM_MOODYS_V2,Commercial term prepayment by Moody's,Commercial Term Loan,moodys_band,B,Downside,12,0.027351585765205685,0.002308381920429703,0.9854522430189656,V2,SYNTHETIC_DEMO
PP_COMM_MOODYS_V2,Commercial term prepayment by Moody's,Commercial Term Loan,moodys_band,B,Downside,13,0.029745819905037833,0.0025132698087729777,0.9829755356485984,V2,SYNTHETIC_DEMO
PP_COMM_MOODYS_V2,Commercial term prepayment by Moody's,Commercial Term Loan,moodys_band,B,Downside,14,0.032139687716103316,0.0027185902233254344,0.980303227967616,V2,SYNTHETIC_DEMO
PP_COMM_MOODYS_V2,Commercial term prepayment by Moody's,Commercial Term Loan,moodys_band,B,Downside,15,0.034528535412522786,0.0029239446405529,0.9774368755980835,V2,SYNTHETIC_DEMO
PP_COMM_MOODYS_V2,Commercial term prepayment by Moody's,Commercial Term Loan,moodys_band,B,Downside,16,0.03690764853344816,0.003128925679157235,0.9743785482582694,V2,SYNTHETIC_DEMO
PP_COMM_MOODYS_V2,Commercial term prepayment by Moody's,Commercial Term Loan,moodys_band,B,Downside,17,0.039272303585218,0.0033331214905822915,0.9711308261791074,V2,SYNTHETIC_DEMO
PP_COMM_MOODYS_V2,Commercial term prepayment by Moody's,Commercial Term Loan,moodys_band,B,Downside,18,0.04161782027780573,0.0035361202798310787,0.9676967907702864,V2,SYNTHETIC_DEMO
PP_COMM_MOODYS_V2,Commercial term prepayment by Moody's,Commercial Term Loan,moodys_band,B,Downside,19,0.04162700260231855,0.0035369158823129743,0.9642741286217477,V2,SYNTHETIC_DEMO
PP_COMM_MOODYS_V2,Commercial term prepayment by Moody's,Commercial Term Loan,moodys_band,B,Downside,20,0.04160992233452001,0.0035354359681467606,0.9608649991842649,V2,SYNTHETIC_DEMO
PP_COMM_MOODYS_V2,Commercial term prepayment by Moody's,Commercial Term Loan,moodys_band,B,Downside,21,0.041566698018755045,0.0035316909195795,0.9574715209917041,V2,SYNTHETIC_DEMO
PP_COMM_MOODYS_V2,Commercial term prepayment by Moody's,Commercial Term Loan,moodys_band,B,Downside,22,0.0414976296502145,0.0035257070075054298,0.9540957569406567,V2,SYNTHETIC_DEMO
PP_COMM_MOODYS_V2,Commercial term prepayment by Moody's,Commercial Term Loan,moodys_band,B,Downside,23,0.04140319659284057,0.003517526201341381,0.9507397001170294,V2,SYNTHETIC_DEMO
PP_COMM_MOODYS_V2,Commercial term prepayment by Moody's,Commercial Term Loan,moodys_band,B,Downside,24,0.04128405425233642,0.003507205865479035,0.9474052602642351,V2,SYNTHETIC_DEMO
PP_COMM_MOODYS_V2,Commercial term prepayment by Moody's,Commercial Term Loan,moodys_band,B,Downside,25,0.041141029527371184,0.003494818344768391,0.9440942509807336,V2,SYNTHETIC_DEMO
PP_COMM_MOODYS_V2,Commercial term prepayment by Moody's,Commercial Term Loan,moodys_band,B,Downside,26,0.04097511507055027,0.003480450442370886,0.9408083777272679,V2,SYNTHETIC_DEMO
PP_COMM_MOODYS_V2,Commercial term prepayment by Moody's,Commercial Term Loan,moodys_band,B,Downside,27,0.04078746239898296,0.0034642027941742537,0.9375492267163625,V2,SYNTHETIC_DEMO
PP_COMM_MOODYS_V2,Commercial term prepayment by Moody's,Commercial Term Loan,moodys_band,B,Downside,28,0.040579373902262336,0.0034461891447600257,0.9343182547485744,V2,SYNTHETIC_DEMO
PP_COMM_MOODYS_V2,Commercial term prepayment by Moody's,Commercial Term Loan,moodys_band,B,Downside,29,0.04035229380332598,0.003426535530670516,0.9311167800517244,V2,SYNTHETIC_DEMO
PP_COMM_MOODYS_V2,Commercial term prepayment by Moody's,Commercial Term Loan,moodys_band,B,Downside,30,0.04010779813493261,0.003405379377410589,0.9279459741709752,V2,SYNTHETIC_DEMO
PP_COMM_MOODYS_V2,Commercial term prepayment by Moody's,Commercial Term Loan,moodys_band,B,Downside,31,0.039847583801322445,0.0033828685172422324,0.9248068549492505,V2,SYNTHETIC_DEMO
PP_COMM_MOODYS_V2,Commercial term prepayment by Moody's,Commercial Term Loan,moodys_band,B,Downside,32,0.03957345680097791,0.003359160135384731,0.9217002806291744,V2,SYNTHETIC_DEMO
PP_COMM_MOODYS_V2,Commercial term prepayment by Moody's,Commercial Term Loan,moodys_band,B,Downside,33,0.03928731969222365,0.0033344196527086423,0.9186269450995375,V2,SYNTHETIC_DEMO
PP_COMM_MOODYS_V2,Commercial term prepayment by Moody's,Commercial Term Loan,moodys_band,B,Downside,34,0.038991158388660185,0.0033088195534117792,0.9155873743013012,V2,SYNTHETIC_DEMO
PP_COMM_MOODYS_V2,Commercial term prepayment by Moody's,Commercial Term Loan,moodys_band,B,Downside,35,0.038687028376076335,0.0032825381664838282,0.9125819238004065,V2,SYNTHETIC_DEMO
PP_COMM_MOODYS_V2,Commercial term prepayment by Moody's,Commercial Term Loan,moodys_band,B,Downside,36,0.03837704044650096,0.003255758410008802,0.9096107775271713,V2,SYNTHETIC_DEMO
PP_COMM_MOODYS_V2,Commercial term prepayment by Moody's,Commercial Term Loan,moodys_band,B,Downside,37,0.03806334604840581,0.0032286665075130783,0.9066739476748964,V2,SYNTHETIC_DEMO
PP_COMM_MOODYS_V2,Commercial term prepayment by Moody's,Commercial Term Loan,moodys_band,B,Downside,38,0.03774812235473534,0.0032014506856522518,0.9037712757434496,V2,SYNTHETIC_DEMO
PP_COMM_MOODYS_V2,Commercial term prepayment by Moody's,Commercial Term Loan,moodys_band,B,Downside,39,0.03743355715239772,0.0031742998625381436,0.9009024347070913,V2,SYNTHETIC_DEMO
PP_COMM_MOODYS_V2,Commercial term prepayment by Moody's,Commercial Term Loan,moodys_band,B,Downside,40,0.037121833658090304,0.0031474023359469028,0.898066932279634,V2,SYNTHETIC_DEMO
PP_COMM_MOODYS_V2,Commercial term prepayment by Moody's,Commercial Term Loan,moodys_band,B,Downside,41,0.0368151153658445,0.0031209444805181397,0.8952641152442,V2,SYNTHETIC_DEMO
PP_COMM_MOODYS_V2,Commercial term prepayment by Moody's,Commercial Term Loan,moodys_band,B,Downside,42,0.036515531031454176,0.00309510946286351,0.8924931748093455,V2,SYNTHETIC_DEMO
PP_COMM_MOODYS_V2,Commercial term prepayment by Moody's,Commercial Term Loan,moodys_band,B,Downside,43,0.03622515989800233,0.0030700759832550384,0.8897531529481443,V2,SYNTHETIC_DEMO
PP_COMM_MOODYS_V2,Commercial term prepayment by Moody's,Commercial Term Loan,moodys_band,B,Downside,44,0.03594601726502713,0.003046017052256822,0.887042949671965,V2,SYNTHETIC_DEMO
PP_COMM_MOODYS_V2,Commercial term prepayment by Moody's,Commercial Term Loan,moodys_band,B,Downside,45,0.03568004050148335,0.003023098810320035,0.8843613311861088,V2,SYNTHETIC_DEMO
PP_COMM_MOODYS_V2,Commercial term prepayment by Moody's,Commercial Term Loan,moodys_band,B,Downside,46,0.03542907559957539,0.00300147939796247,0.881706938870199,V2,SYNTHETIC_DEMO
PP_COMM_MOODYS_V2,Commercial term prepayment by Moody's,Commercial Term Loan,moodys_band,B,Downside,47,0.0351948643627838,0.0029813078837301887,0.8790782990222057,V2,SYNTHETIC_DEMO
PP_COMM_MOODYS_V2,Commercial term prepayment by Moody's,Commercial Term Loan,moodys_band,B,Downside,48,0.034979032317006206,0.002962723256675126,0.8764738333012542,V2,SYNTHETIC_DEMO
PP_COMM_MOODYS_V2,Commercial term prepayment by Moody's,Commercial Term Loan,moodys_band,B,Downside,49,0.034783077428714004,0.002945853489594752,0.8738918698008852,V2,SYNTHETIC_DEMO
PP_COMM_MOODYS_V2,Commercial term prepayment by Moody's,Commercial Term Loan,moodys_band,B,Downside,50,0.03460835970842606,0.0029308146787694334,0.8713306546812155,V2,SYNTHETIC_DEMO
PP_COMM_MOODYS_V2,Commercial term prepayment by Moody's,Commercial Term Loan,moodys_band,B,Downside,51,0.03445609177165557,0.002917710265402995,0.8687883642854918,V2,SYNTHETIC_DEMO
PP_COMM_MOODYS_V2,Commercial term prepayment by Moody's,Commercial Term Loan,moodys_band,B,Downside,52,0.034327330422841064,0.0029066303434250873,0.8662631176638449,V2,SYNTHETIC_DEMO
PP_COMM_MOODYS_V2,Commercial term prepayment by Moody's,Commercial Term Loan,moodys_band,B,Downside,53,0.03422296932067273,0.002897651057757522,0.86375298942465,V2,SYNTHETIC_DEMO
PP_COMM_MOODYS_V2,Commercial term prepayment by Moody's,Commercial Term Loan,moodys_band,B,Downside,54,0.03414373277571997,0.002890834096579309,0.8612560228317989,V2,SYNTHETIC_DEMO
PP_COMM_MOODYS_V2,Commercial term prepayment by Moody's,Commercial Term Loan,moodys_band,B,Downside,55,0.03409017072340698,0.002886226280548687,0.858770243064421,V2,SYNTHETIC_DEMO
PP_COMM_MOODYS_V2,Commercial term prepayment by Moody's,Commercial Term Loan,moodys_band,B,Downside,56,0.03406265490722631,0.00288385925136192,0.8562936705541653,V2,SYNTHETIC_DEMO
PP_COMM_MOODYS_V2,Commercial term prepayment by Moody's,Commercial Term Loan,moodys_band,B,Downside,57,0.03406137629868049,0.0028837492614428584,0.8538243343141265,V2,SYNTHETIC_DEMO
PP_COMM_MOODYS_V2,Commercial term prepayment by Moody's,Commercial Term Loan,moodys_band,B,Downside,58,0.03408634377185825,0.002885897065969867,0.8513602851728758,V2,SYNTHETIC_DEMO
PP_COMM_MOODYS_V2,Commercial term prepayment by Moody's,Commercial Term Loan,moodys_band,B,Downside,59,0.03413738404184466,0.002890287917860057,0.8488996088268947,V2,SYNTHETIC_DEMO
PP_COMM_MOODYS_V2,Commercial term prepayment by Moody's,Commercial Term Loan,moodys_band,B,Downside,60,0.034214142867392286,0.002896891665738366,0.8464404386250356,V2,SYNTHETIC_DEMO
PP_COMM_MOODYS_V2,Commercial term prepayment by Moody's,Commercial Term Loan,moodys_band,B,Downside,61,0.03431608750950661,0.002905662954329813,0.8439809679994762,V2,SYNTHETIC_DEMO
PP_COMM_MOODYS_V2,Commercial term prepayment by Moody's,Commercial Term Loan,moodys_band,B,Downside,62,0.03444251042888188,0.0029165415261278582,0.8415194624590442,V2,SYNTHETIC_DEMO
PP_COMM_MOODYS_V2,Commercial term prepayment by Moody's,Commercial Term Loan,moodys_band,B,Downside,63,0.03459253419652575,0.0029294526225974726,0.8390542710627767,V2,SYNTHETIC_DEMO
PP_COMM_MOODYS_V2,Commercial term prepayment by Moody's,Commercial Term Loan,moodys_band,B,Downside,64,0.03476511758349081,0.0029443074825936666,0.8365838372941844,V2,SYNTHETIC_DEMO
PP_COMM_MOODYS_V2,Commercial term prepayment by Moody's,Commercial Term Loan,moodys_band,B,Downside,65,0.03495906278744764,0.0029610039350922435,0.8341067092599217,V2,SYNTHETIC_DEMO
PP_COMM_MOODYS_V2,Commercial term prepayment by Moody's,Commercial Term Loan,moodys_band,B,Downside,66,0.03517302374594397,0.0029794270827524505,0.8316215491404472,V2,SYNTHETIC_DEMO
PP_COMM_MOODYS_V2,Commercial term prepayment by Moody's,Commercial Term Loan,moodys_band,B,Downside,67,0.03540551547865233,0.0029994500722668738,0.8291271418247792,V2,SYNTHETIC_DEMO
PP_COMM_MOODYS_V2,Commercial term prepayment by Moody's,Commercial Term Loan,moodys_band,B,Downside,68,0.03565492439376702,0.0030209349468911517,0.8266224026666248,V2,SYNTHETIC_DEMO
PP_COMM_MOODYS_V2,Commercial term prepayment by Moody's,Commercial Term Loan,moodys_band,B,Downside,69,0.03591951948701956,0.0030437335760018502,0.8241063843049531,V2,SYNTHETIC_DEMO
PP_COMM_MOODYS_V2,Commercial term prepayment by Moody's,Commercial Term Loan,moodys_band,B,Downside,70,0.03619746435558683,0.0030676886559978245,0.8215782824984854,V2,SYNTHETIC_DEMO
PP_COMM_MOODYS_V2,Commercial term prepayment by Moody's,Commercial Term Loan,moodys_band,B,Downside,71,0.03648682994350999,0.003092634776346803,0.8190374409305393,V2,SYNTHETIC_DEMO
PP_COMM_MOODYS_V2,Commercial term prepayment by Moody's,Commercial Term Loan,moodys_band,B,Downside,72,0.03678560793016581,0.0031183995440905443,0.8164833549481484,V2,SYNTHETIC_DEMO
PP_COMM_MOODYS_V2,Commercial term prepayment by Moody's,Commercial Term Loan,moodys_band,B,Downside,73,0.03709172466886855,0.00314480475965484,0.8139156742073285,V2,SYNTHETIC_DEMO
PP_COMM_MOODYS_V2,Commercial term prepayment by Moody's,Commercial Term Loan,moodys_band,B,Downside,74,0.03740305557886258,0.0031716676363816587,0.8113342042047014,V2,SYNTHETIC_DEMO
PP_COMM_MOODYS_V2,Commercial term prepayment by Moody's,Commercial Term Loan,moodys_band,B,Downside,75,0.03771743989081909,0.0031988020558021413,0.8087389066843488,V2,SYNTHETIC_DEMO
PP_COMM_MOODYS_V2,Commercial term prepayment by Moody's,Commercial Term Loan,moodys_band,B,Downside,76,0.03803269564349711,0.003226019850316897,0.8061298989176615,V2,SYNTHETIC_DEMO
PP_COMM_MOODYS_V2,Commercial term prepayment by Moody's,Commercial Term Loan,moodys_band,B,Downside,77,0.03834663482748533,0.0032531321046423978,0.8035074518629803,V2,SYNTHETIC_DEMO
PP_COMM_MOODYS_V2,Commercial term prepayment by Moody's,Commercial Term Loan,moodys_band,B,Downside,78,0.038657078570920725,0.0032799504671249258,0.800871987220904,V2,SYNTHETIC_DEMO
PP_COMM_MOODYS_V2,Commercial term prepayment by Moody's,Commercial Term Loan,moodys_band,B,Downside,79,0.038961872261788925,0.003306288461829676,0.798224073410153,V2,SYNTHETIC_DEMO
PP_COMM_MOODYS_V2,Commercial term prepayment by Moody's,Commercial Term Loan,moodys_band,B,Downside,80,0.03925890050185067,0.003331962792172738,0.7955644204977338,V2,SYNTHETIC_DEMO
PP_COMM_MOODYS_V2,Commercial term prepayment by Moody's,Commercial Term Loan,moodys_band,B,Downside,81,0.039546101788408,0.0033567946267989424,0.7928938741257345,V2,SYNTHETIC_DEMO
PP_COMM_MOODYS_V2,Commercial term prepayment by Moody's,Commercial Term Loan,moodys_band,B,Downside,82,0.03982148282201245,0.003380610858406574,0.790213408485301,V2,SYNTHETIC_DEMO
PP_COMM_MOODYS_V2,Commercial term prepayment by Moody's,Commercial Term Loan,moodys_band,B,Downside,83,0.04008313234081358,0.0034032453263007634,0.7875241183960932,V2,SYNTHETIC_DEMO
PP_COMM_MOODYS_V2,Commercial term prepayment by Moody's,Commercial Term Loan,moodys_band,B,Downside,84,0.040329234385531515,0.003424539993606479,0.784827210556716,V2,SYNTHETIC_DEMO
PP_COMM_MOODYS_V2,Commercial term prepayment by Moody's,Commercial Term Loan,moodys_band,Caa,Downside,1,0.002,0.00016681963994558124,0.9998331803600544,V2,SYNTHETIC_DEMO
PP_COMM_MOODYS_V2,Commercial term prepayment by Moody's,Commercial Term Loan,moodys_band,Caa,Downside,2,0.003913305239079593,0.0003266951445910493,0.9995065397146298,V2,SYNTHETIC_DEMO
PP_COMM_MOODYS_V2,Commercial term prepayment by Moody's,Commercial Term Loan,moodys_band,Caa,Downside,3,0.0059170218361395506,0.0004944274614100408,0.9990123562335359,V2,SYNTHETIC_DEMO
PP_COMM_MOODYS_V2,Commercial term prepayment by Moody's,Commercial Term Loan,moodys_band,Caa,Downside,4,0.007950792450455615,0.0006649928394311111,0.9983480201701374,V2,SYNTHETIC_DEMO
PP_COMM_MOODYS_V2,Commercial term prepayment by Moody's,Commercial Term Loan,moodys_band,Caa,Downside,5,0.010013092668182644,0.0008382785196080489,0.9975111264697355,V2,SYNTHETIC_DEMO
PP_COMM_MOODYS_V2,Commercial term prepayment by Moody's,Commercial Term Loan,moodys_band,Caa,Downside,6,0.012101989926164755,0.0010141366848669398,0.9964995138428195,V2,SYNTHETIC_DEMO
PP_COMM_MOODYS_V2,Commercial term prepayment by Moody's,Commercial Term Loan,moodys_band,Caa,Downside,7,0.014215163710494602,0.0011923857896205536,0.9953113019831495,V2,SYNTHETIC_DEMO
PP_COMM_MOODYS_V2,Commercial term prepayment by Moody's,Commercial Term Loan,moodys_band,Caa,Downside,8,0.01634992985899338,0.0013728122427266731,0.9939449264424629,V2,SYNTHETIC_DEMO
PP_COMM_MOODYS_V2,Commercial term prepayment by Moody's,Commercial Term Loan,moodys_band,Caa,Downside,9,0.018503268742050417,0.0015551724328578542,0.9923991706930807,V2,SYNTHETIC_DEMO
PP_COMM_MOODYS_V2,Commercial term prepayment by Moody's,Commercial Term Loan,moodys_band,Caa,Downside,10,0.020671857059943153,0.001739195082330891,0.990673194935702,V2,SYNTHETIC_DEMO
PP_COMM_MOODYS_V2,Commercial term prepayment by Moody's,Commercial Term Loan,moodys_band,Caa,Downside,11,0.022852102960717532,0.0019245839124968356,0.988766561242187,V2,SYNTHETIC_DEMO
PP_COMM_MOODYS_V2,Commercial term prepayment by Moody's,Commercial Term Loan,moodys_band,Caa,Downside,12,0.02504018415124464,0.002111020600825797,0.986679254661997,V2,SYNTHETIC_DEMO
PP_COMM_MOODYS_V2,Commercial term prepayment by Moody's,Commercial Term Loan,moodys_band,Caa,Downside,13,0.02723208864545717,0.002298168006865775,0.9844116999658946,V2,SYNTHETIC_DEMO
PP_COMM_MOODYS_V2,Commercial term prepayment by Moody's,Commercial Term Loan,moodys_band,Caa,Downside,14,0.029423657768263597,0.0024856736413199076,0.9819647737510825,V2,SYNTHETIC_DEMO
PP_COMM_MOODYS_V2,Commercial term prepayment by Moody's,Commercial Term Loan,moodys_band,Caa,Downside,15,0.031610631011464524,0.0026731733496264676,0.9793398116876191,V2,SYNTHETIC_DEMO
PP_COMM_MOODYS_V2,Commercial term prepayment by Moody's,Commercial Term Loan,moodys_band,Caa,Downside,16,0.03378869231935395,0.0028602951786570463,0.976538610745982,V2,SYNTHETIC_DEMO
PP_COMM_MOODYS_V2,Commercial term prepayment by Moody's,Commercial Term Loan,moodys_band,Caa,Downside,17,0.03595351736674887,0.00304666339252746,0.9735634263092326,V2,SYNTHETIC_DEMO
PP_COMM_MOODYS_V2,Commercial term prepayment by Moody's,Commercial Term Loan,moodys_band,Caa,Downside,18,0.03810082138108975,0.0032319026010914076,0.9704169641394164,V2,SYNTHETIC_DEMO
PP_COMM_MOODYS_V2,Commercial term prepayment by Moody's,Commercial Term Loan,moodys_band,Caa,Downside,19,0.03810922773451698,0.0032326285276975675,0.9672799665773776,V2,SYNTHETIC_DEMO
PP_COMM_MOODYS_V2,Commercial term prepayment by Moody's,Commercial Term Loan,moodys_band,Caa,Downside,20,0.03809359086963099,0.003231278218404854,0.9641544158902767,V2,SYNTHETIC_DEMO
PP_COMM_MOODYS_V2,Commercial term prepayment by Moody's,Commercial Term Loan,moodys_band,Caa,Downside,21,0.038054019312944755,0.0032278611373265376,0.9610422593208428,V2,SYNTHETIC_DEMO
PP_COMM_MOODYS_V2,Commercial term prepayment by Moody's,Commercial Term Loan,moodys_band,Caa,Downside,22,0.037990787707942855,0.0032224012323840423,0.9579453955600341,V2,SYNTHETIC_DEMO
PP_COMM_MOODYS_V2,Commercial term prepayment by Moody's,Commercial Term Loan,moodys_band,Caa,Downside,23,0.03790433490893855,0.003214936762616749,0.9548656616912687,V2,SYNTHETIC_DEMO
PP_COMM_MOODYS_V2,Commercial term prepayment by Moody's,Commercial Term Loan,moodys_band,Caa,Downside,24,0.03779526093523757,0.0032055200224503366,0.9518048206939671,V2,SYNTHETIC_DEMO
PP_COMM_MOODYS_V2,Commercial term prepayment by Moody's,Commercial Term Loan,moodys_band,Caa,Downside,25,0.03766432280674826,0.0031942169651251184,0.9487645495882185,V2,SYNTHETIC_DEMO
PP_COMM_MOODYS_V2,Commercial term prepayment by Moody's,Commercial Term Loan,moodys_band,Caa,Downside,26,0.037512429289940384,0.0031811067282833116,0.9457464282959668,V2,SYNTHETIC_DEMO
PP_COMM_MOODYS_V2,Commercial term prepayment by Moody's,Commercial Term Loan,moodys_band,Caa,Downside,27,0.037340634590618205,0.0031662810654753404,0.9427519292873123,V2,SYNTHETIC_DEMO
PP_COMM_MOODYS_V2,Commercial term prepayment by Moody's,Commercial Term Loan,moodys_band,Caa,Downside,28,0.03715013103728242,0.0031498436880743608,0.9397824080734267,V2,SYNTHETIC_DEMO
PP_COMM_MOODYS_V2,Commercial term prepayment by Moody's,Commercial Term Loan,moodys_band,Caa,Downside,29,0.03694224080586181,0.003131909522763987,0.9368390946002555,V2,SYNTHETIC_DEMO
PP_COMM_MOODYS_V2,Commercial term prepayment by Moody's,Commercial Term Loan,moodys_band,Caa,Downside,30,0.03671840674324816,0.003112603890388921,0.9339230855897344,V2,SYNTHETIC_DEMO
PP_COMM_MOODYS_V2,Commercial term prepayment by Moody's,Commercial Term Loan,moodys_band,Caa,Downside,31,0.036480182353323364,0.003092061612527508,0.9310353378677291,V2,SYNTHETIC_DEMO
PP_COMM_MOODYS_V2,Commercial term prepayment by Moody's,Commercial Term Loan,moodys_band,Caa,Downside,32,0.03622922101497977,0.00307042605264618,0.9281766627104058,V2,SYNTHETIC_DEMO
PP_COMM_MOODYS_V2,Commercial term prepayment by Moody's,Commercial Term Loan,moodys_band,Caa,Downside,33,0.03596726450696531,0.0030478480991373846,0.9253477212333002,V2,SYNTHETIC_DEMO
PP_COMM_MOODYS_V2,Commercial term prepayment by Moody's,Commercial Term Loan,moodys_band,Caa,Downside,34,0.03569613091919594,0.0030244850979066484,0.9225490208400482,V2,SYNTHETIC_DEMO
PP_COMM_MOODYS_V2,Commercial term prepayment by Moody's,Commercial Term Loan,moodys_band,Caa,Downside,35,0.035417702034436074,0.003000499742479623,0.9197809127405928,V2,SYNTHETIC_DEMO
PP_COMM_MOODYS_V2,Commercial term prepayment by Moody's,Commercial Term Loan,moodys_band,Caa,Downside,36,0.03513391026792341,0.0029760589298211126,0.9170435905417521,V2,SYNTHETIC_DEMO
PP_COMM_MOODYS_V2,Commercial term prepayment by Moody's,Commercial Term Loan,moodys_band,Caa,Downside,37,0.03484672525558278,0.0029513325902218446,0.9143370899063322,V2,SYNTHETIC_DEMO
PP_COMM_MOODYS_V2,Commercial term prepayment by Moody's,Commercial Term Loan,moodys_band,Caa,Downside,38,0.034558140183912636,0.002926492499692235,0.9116612892705309,V2,SYNTHETIC_DEMO
PP_COMM_MOODYS_V2,Commercial term prepayment by Moody's,Commercial Term Loan,moodys_band,Caa,Downside,39,0.03427015795642044,0.0029017110833285953,0.9090159116032129,V2,SYNTHETIC_DEMO
PP_COMM_MOODYS_V2,Commercial term prepayment by Moody's,Commercial Term Loan,moodys_band,Caa,Downside,40,0.03398477729261788,0.0028771602180698297,0.9064005271847557,V2,SYNTHETIC_DEMO
PP_COMM_MOODYS_V2,Commercial term prepayment by Moody's,Commercial Term Loan,moodys_band,Caa,Downside,41,0.03370397885605483,0.002853010043161741,0.9038145573775705,V2,SYNTHETIC_DEMO
PP_COMM_MOODYS_V2,Commercial term prepayment by Moody's,Commercial Term Loan,moodys_band,Caa,Downside,42,0.03342971150766932,0.0028294277864835404,0.9012572793550981,V2,SYNTHETIC_DEMO
PP_COMM_MOODYS_V2,Commercial term prepayment by Moody's,Commercial Term Loan,moodys_band,Caa,Downside,43,0.03316387877986129,0.002806576614675871,0.8987278317510538,V2,SYNTHETIC_DEMO
PP_COMM_MOODYS_V2,Commercial term prepayment by Moody's,Commercial Term Loan,moodys_band,Caa,Downside,44,0.03290832566516568,0.0027846145147463197,0.8962252211859533,V2,SYNTHETIC_DEMO
PP_COMM_MOODYS_V2,Commercial term prepayment by Moody's,Commercial Term Loan,moodys_band,Caa,Downside,45,0.03266482581121715,0.0027636932145218562,0.8937483296234783,V2,SYNTHETIC_DEMO
PP_COMM_MOODYS_V2,Commercial term prepayment by Moody's,Commercial Term Loan,moodys_band,Caa,Downside,46,0.03243506921087887,0.0027439571489660253,0.8912959225050315,V2,SYNTHETIC_DEMO
PP_COMM_MOODYS_V2,Commercial term prepayment by Moody's,Commercial Term Loan,moodys_band,Caa,Downside,47,0.03222065047297109,0.0027255424789984772,0.888866657606886,V2,SYNTHETIC_DEMO
PP_COMM_MOODYS_V2,Commercial term prepayment by Moody's,Commercial Term Loan,moodys_band,Caa,Downside,48,0.032023057755005684,0.0027085761690394117,0.8864590945606383,V2,SYNTHETIC_DEMO
PP_COMM_MOODYS_V2,Commercial term prepayment by Moody's,Commercial Term Loan,moodys_band,Caa,Downside,49,0.03184366243473817,0.0026931751290568684,0.8840717049742414,V2,SYNTHETIC_DEMO
PP_COMM_MOODYS_V2,Commercial term prepayment by Moody's,Commercial Term Loan,moodys_band,Caa,Downside,50,0.03168370959222104,0.0026794454264342793,0.8817028830877082,V2,SYNTHETIC_DEMO
PP_COMM_MOODYS_V2,Commercial term prepayment by Moody's,Commercial Term Loan,moodys_band,Caa,Downside,51,0.03154430936841707,0.0026674815724896384,0.8793509568946607,V2,SYNTHETIC_DEMO
PP_COMM_MOODYS_V2,Commercial term prepayment by Moody's,Commercial Term Loan,moodys_band,Caa,Downside,52,0.03142642926034745,0.0026573658879753825,0.8770141996582503,V2,SYNTHETIC_DEMO
PP_COMM_MOODYS_V2,Commercial term prepayment by Moody's,Commercial Term Loan,moodys_band,Caa,Downside,53,0.03133088740624968,0.002649167951379483,0.874690841747611,V2,SYNTHETIC_DEMO
PP_COMM_MOODYS_V2,Commercial term prepayment by Moody's,Commercial Term Loan,moodys_band,Caa,Downside,54,0.03125834690734927,0.0026429441333168935,0.8723790827189482,V2,SYNTHETIC_DEMO
PP_COMM_MOODYS_V2,Commercial term prepayment by Moody's,Commercial Term Loan,moodys_band,Caa,Downside,55,0.031209311225654277,0.0026387372197748116,0.8700771035636247,V2,SYNTHETIC_DEMO
PP_COMM_MOODYS_V2,Commercial term prepayment by Moody's,Commercial Term Loan,moodys_band,Caa,Downside,56,0.031184120689714226,0.002636576126429979,0.8677830790442155,V2,SYNTHETIC_DEMO
PP_COMM_MOODYS_V2,Commercial term prepayment by Moody's,Commercial Term Loan,moodys_band,Caa,Downside,57,0.031182950132594808,0.0026364757057140142,0.8654951900384857,V2,SYNTHETIC_DEMO
PP_COMM_MOODYS_V2,Commercial term prepayment by Moody's,Commercial Term Loan,moodys_band,Caa,Downside,58,0.03120580767846177,0.002638436647757536,0.8632116358106303,V2,SYNTHETIC_DEMO
PP_COMM_MOODYS_V2,Commercial term prepayment by Moody's,Commercial Term Loan,moodys_band,Caa,Downside,59,0.031252534686195814,0.0026424454757870697,0.8609306461289358,V2,SYNTHETIC_DEMO
PP_COMM_MOODYS_V2,Commercial term prepayment by Moody's,Commercial Term Loan,moodys_band,Caa,Downside,60,0.031322806850429555,0.0026484746360053713,0.8586504931493035,V2,SYNTHETIC_DEMO
PP_COMM_MOODYS_V2,Commercial term prepayment by Moody's,Commercial Term Loan,moodys_band,Caa,Downside,61,0.031416136452365205,0.0026564826814283737,0.8563695029848525,V2,SYNTHETIC_DEMO
PP_COMM_MOODYS_V2,Commercial term prepayment by Moody's,Commercial Term Loan,moodys_band,Caa,Downside,62,0.03153187574475101,0.002666414548605056,0.854086066883112,V2,SYNTHETIC_DEMO
PP_COMM_MOODYS_V2,Commercial term prepayment by Moody's,Commercial Term Loan,moodys_band,Caa,Downside,63,0.03166922144752357,0.002678201925596868,0.8517986519341602,V2,SYNTHETIC_DEMO
PP_COMM_MOODYS_V2,Commercial term prepayment by Moody's,Commercial Term Loan,moodys_band,Caa,Downside,64,0.031827220322914115,0.002691763709049444,0.8495058112354665,V2,SYNTHETIC_DEMO
PP_COMM_MOODYS_V2,Commercial term prepayment by Moody's,Commercial Term Loan,moodys_band,Caa,Downside,65,0.0320047757913253,0.0027070065476494376,0.8472061934421858,V2,SYNTHETIC_DEMO
PP_COMM_MOODYS_V2,Commercial term prepayment by Moody's,Commercial Term Loan,moodys_band,Caa,Downside,66,0.032200655542061384,0.0027238254687227403,0.8448985516352284,V2,SYNTHETIC_DEMO
PP_COMM_MOODYS_V2,Commercial term prepayment by Moody's,Commercial Term Loan,moodys_band,Caa,Downside,67,0.03241350008609016,0.0027421045842112024,0.842581751443596,V2,SYNTHETIC_DEMO
PP_COMM_MOODYS_V2,Commercial term prepayment by Moody's,Commercial Term Loan,moodys_band,Caa,Downside,68,0.032641832191476844,0.0027617178717425084,0.8402547783622302,V2,SYNTHETIC_DEMO
PP_COMM_MOODYS_V2,Commercial term prepayment by Moody's,Commercial Term Loan,moodys_band,Caa,Downside,69,0.03288406713600382,0.0027825300260126973,0.8379167442119366,V2,SYNTHETIC_DEMO
PP_COMM_MOODYS_V2,Commercial term prepayment by Moody's,Commercial Term Loan,moodys_band,Caa,Downside,70,0.03313852370581893,0.0028043973752103213,0.8355668926938239,V2,SYNTHETIC_DEMO
PP_COMM_MOODYS_V2,Commercial term prepayment by Moody's,Commercial Term Loan,moodys_band,Caa,Downside,71,0.03340343586377675,0.002827168856747053,0.833204603997071,V2,SYNTHETIC_DEMO
PP_COMM_MOODYS_V2,Commercial term prepayment by Moody's,Commercial Term Loan,moodys_band,Caa,Downside,72,0.033676965006489826,0.002850687046115019,0.8308293984256931,V2,SYNTHETIC_DEMO
PP_COMM_MOODYS_V2,Commercial term prepayment by Moody's,Commercial Term Loan,moodys_band,Caa,Downside,73,0.0339572127250205,0.002874789232273134,0.828440939017243,V2,SYNTHETIC_DEMO
PP_COMM_MOODYS_V2,Commercial term prepayment by Moody's,Commercial Term Loan,moodys_band,Caa,Downside,74,0.03424223398064884,0.0028993085325785817,0.826039033134013,V2,SYNTHETIC_DEMO
PP_COMM_MOODYS_V2,Commercial term prepayment by Moody's,Commercial Term Loan,moodys_band,Caa,Downside,75,0.034530050604270994,0.0029240750399271986,0.8236236330152202,V2,SYNTHETIC_DEMO
PP_COMM_MOODYS_V2,Commercial term prepayment by Moody's,Commercial Term Loan,moodys_band,Caa,Downside,76,0.034818665025736786,0.0029489169944552085,0.8211948352867867,V2,SYNTHETIC_DEMO
PP_COMM_MOODYS_V2,Commercial term prepayment by Moody's,Commercial Term Loan,moodys_band,Caa,Downside,77,0.03510607413783867,0.002973661971886865,0.8187528794335845,V2,SYNTHETIC_DEMO
PP_COMM_MOODYS_V2,Commercial term prepayment by Moody's,Commercial Term Loan,moodys_band,Caa,Downside,78,0.035390283198730235,0.002998138080389512,0.8162981452473261,V2,SYNTHETIC_DEMO
PP_COMM_MOODYS_V2,Commercial term prepayment by Moody's,Commercial Term Loan,moodys_band,Caa,Downside,79,0.03566931967628564,0.0030221751576363642,0.813831149271535,V2,SYNTHETIC_DEMO
PP_COMM_MOODYS_V2,Commercial term prepayment by Moody's,Commercial Term Loan,moodys_band,Caa,Downside,80,0.03594124693831399,0.003045605959662745,0.8113525402731544,V2,SYNTHETIC_DEMO
PP_COMM_MOODYS_V2,Commercial term prepayment by Moody's,Commercial Term Loan,moodys_band,Caa,Downside,81,0.036204177693612956,0.0030682673330533206,0.8088630937782445,V2,SYNTHETIC_DEMO
PP_COMM_MOODYS_V2,Commercial term prepayment by Moody's,Commercial Term Loan,moodys_band,Caa,Downside,82,0.036456287090574774,0.0030900013620165367,0.8063637057167848,V2,SYNTHETIC_DEMO
PP_COMM_MOODYS_V2,Commercial term prepayment by Moody's,Commercial Term Loan,moodys_band,Caa,Downside,83,0.03669582538243497,0.003110656481978169,0.803855385228765,V2,SYNTHETIC_DEMO
PP_COMM_MOODYS_V2,Commercial term prepayment by Moody's,Commercial Term Loan,moodys_band,Caa,Downside,84,0.03692113007126124,0.003130088551482779,0.8013392466904127,V2,SYNTHETIC_DEMO
PP_COMM_MOODYS_V2,Commercial term prepayment by Moody's,Commercial Term Loan,moodys_band,Aaa-A,Severe,1,0.0024832771805286652,0.0002071756717680895,0.9997928243282319,V2,SYNTHETIC_DEMO
PP_COMM_MOODYS_V2,Commercial term prepayment by Moody's,Commercial Term Loan,moodys_band,Aaa-A,Severe,2,0.005007268617358879,0.00041823309891930727,0.9993746778770358,V2,SYNTHETIC_DEMO
PP_COMM_MOODYS_V2,Commercial term prepayment by Moody's,Commercial Term Loan,moodys_band,Aaa-A,Severe,3,0.007571123625229218,0.0006331269964603425,0.998741946788893,V2,SYNTHETIC_DEMO
PP_COMM_MOODYS_V2,Commercial term prepayment by Moody's,Commercial Term Loan,moodys_band,Aaa-A,Severe,4,0.010173434242421632,0.0008517651505990376,0.9978912532041768,V2,SYNTHETIC_DEMO
PP_COMM_MOODYS_V2,Commercial term prepayment by Moody's,Commercial Term Loan,moodys_band,Aaa-A,Severe,5,0.012812249905629576,0.00107400905943833,0.9968195089579013,V2,SYNTHETIC_DEMO
PP_COMM_MOODYS_V2,Commercial term prepayment by Moody's,Commercial Term Loan,moodys_band,Aaa-A,Severe,6,0.015485097804210814,0.0012996750399862922,0.9955239675227373,V2,SYNTHETIC_DEMO
PP_COMM_MOODYS_V2,Commercial term prepayment by Moody's,Commercial Term Loan,moodys_band,Aaa-A,Severe,7,0.018189008725248257,0.0015285357970787894,0.9940022735015289,V2,SYNTHETIC_DEMO
PP_COMM_MOODYS_V2,Commercial term prepayment by Moody's,Commercial Term Loan,moodys_band,Aaa-A,Severe,8,0.020920548149781396,0.00176032244642077,0.9922525089876909,V2,SYNTHETIC_DEMO
PP_COMM_MOODYS_V2,Commercial term prepayment by Moody's,Commercial Term Loan,moodys_band,Aaa-A,Severe,9,0.02367585231159172,0.001994726980458217,0.9902732361365858,V2,SYNTHETIC_DEMO
PP_COMM_MOODYS_V2,Commercial term prepayment by Moody's,Commercial Term Loan,moodys_band,Aaa-A,Severe,10,0.026450668883454466,0.0022314051621801223,0.9880635353255018,V2,SYNTHETIC_DEMO
PP_COMM_MOODYS_V2,Commercial term prepayment by Moody's,Commercial Term Loan,moodys_band,Aaa-A,Severe,11,0.029240401912212683,0.0024699798282318275,0.9856230383242365,V2,SYNTHETIC_DEMO
PP_COMM_MOODYS_V2,Commercial term prepayment by Moody's,Commercial Term Loan,moodys_band,Aaa-A,Severe,12,0.03204016058376895,0.002710044578894344,0.9829519559523925,V2,SYNTHETIC_DEMO
PP_COMM_MOODYS_V2,Commercial term prepayment by Moody's,Commercial Term Loan,moodys_band,Aaa-A,Severe,13,0.03484481136247991,0.0029511678285821796,0.9800510997629439,V2,SYNTHETIC_DEMO
PP_COMM_MOODYS_V2,Commercial term prepayment by Moody's,Commercial Term Loan,moodys_band,Aaa-A,Severe,14,0.037649033016802586,0.0031928971865544664,0.9769218973638312,V2,SYNTHETIC_DEMO
PP_COMM_MOODYS_V2,Commercial term prepayment by Moody's,Commercial Term Loan,moodys_band,Aaa-A,Severe,15,0.040447374014669434,0.003434764133570023,0.9735664010694667,V2,SYNTHETIC_DEMO
PP_COMM_MOODYS_V2,Commercial term prepayment by Moody's,Commercial Term Loan,moodys_band,Aaa-A,Severe,16,0.0432343117482165,0.003676288956288354,0.9699872896610016,V2,SYNTHETIC_DEMO
PP_COMM_MOODYS_V2,Commercial term prepayment by Moody's,Commercial Term Loan,moodys_band,Aaa-A,Severe,17,0.04600431302837285,0.003916985897403191,0.9661878631267391,V2,SYNTHETIC_DEMO
PP_COMM_MOODYS_V2,Commercial term prepayment by Moody's,Commercial Term Loan,moodys_band,Aaa-A,Severe,18,0.048751895275615784,0.004156368475846883,0.9621720303506932,V2,SYNTHETIC_DEMO
PP_COMM_MOODYS_V2,Commercial term prepayment by Moody's,Commercial Term Loan,moodys_band,Aaa-A,Severe,19,0.04876265162277783,0.004157306865393728,0.9581719859632265,V2,SYNTHETIC_DEMO
PP_COMM_MOODYS_V2,Commercial term prepayment by Moody's,Commercial Term Loan,moodys_band,Aaa-A,Severe,20,0.04874264347671358,0.004155561351685377,0.9541902434900901,V2,SYNTHETIC_DEMO
PP_COMM_MOODYS_V2,Commercial term prepayment by Moody's,Commercial Term Loan,moodys_band,Aaa-A,Severe,21,0.04869200970249217,0.00415114420385998,0.9502292621914464,V2,SYNTHETIC_DEMO
PP_COMM_MOODYS_V2,Commercial term prepayment by Moody's,Commercial Term Loan,moodys_band,Aaa-A,Severe,22,0.048611101720107,0.004144086466696839,0.9462914299657396,V2,SYNTHETIC_DEMO
PP_COMM_MOODYS_V2,Commercial term prepayment by Moody's,Commercial Term Loan,moodys_band,Aaa-A,Severe,23,0.04850048106547109,0.004134437734285679,0.942379046970058,V2,SYNTHETIC_DEMO
PP_COMM_MOODYS_V2,Commercial term prepayment by Moody's,Commercial Term Loan,moodys_band,Aaa-A,Severe,24,0.048360915493118245,0.004122265788727542,0.9384943100647197,V2,SYNTHETIC_DEMO
PP_COMM_MOODYS_V2,Commercial term prepayment by Moody's,Commercial Term Loan,moodys_band,Aaa-A,Severe,25,0.04819337364765913,0.004107656106859259,0.9346392981807297,V2,SYNTHETIC_DEMO
PP_COMM_MOODYS_V2,Commercial term prepayment by Moody's,Commercial Term Loan,moodys_band,Aaa-A,Severe,26,0.047999018340974385,0.004090711239072675,0.9308159586991828,V2,SYNTHETIC_DEMO
PP_COMM_MOODYS_V2,Commercial term prepayment by Moody's,Commercial Term Loan,moodys_band,Aaa-A,Severe,27,0.04777919848180416,0.004071550065331886,0.9270260949217292,V2,SYNTHETIC_DEMO
PP_COMM_MOODYS_V2,Commercial term prepayment by Moody's,Commercial Term Loan,moodys_band,Aaa-A,Severe,28,0.04753543971374599,0.004050306934461512,0.9232713547010409,V2,SYNTHETIC_DEMO
PP_COMM_MOODYS_V2,Commercial term prepayment by Moody's,Commercial Term Loan,moodys_band,Aaa-A,Severe,29,0.047269433826637446,0.004027130693687209,0.9195532202899223,V2,SYNTHETIC_DEMO
PP_COMM_MOODYS_V2,Commercial term prepayment by Moody's,Commercial Term Loan,moodys_band,Aaa-A,Severe,30,0.04698302701481285,0.00400218361623339,0.9158729994574233,V2,SYNTHETIC_DEMO
PP_COMM_MOODYS_V2,Commercial term prepayment by Moody's,Commercial Term Loan,moodys_band,Aaa-A,Severe,31,0.04667820706372709,0.003975640235526878,0.9122318179101476,V2,SYNTHETIC_DEMO
PP_COMM_MOODYS_V2,Commercial term prepayment by Moody's,Commercial Term Loan,moodys_band,Aaa-A,Severe,32,0.04635708955387656,0.003947686095205016,0.9086306130469801,V2,SYNTHETIC_DEMO
PP_COMM_MOODYS_V2,Commercial term prepayment by Moody's,Commercial Term Loan,moodys_band,Aaa-A,Severe,33,0.046021903177768,0.003918516424684326,0.9050701290657845,V2,SYNTHETIC_DEMO
PP_COMM_MOODYS_V2,Commercial term prepayment by Moody's,Commercial Term Loan,moodys_band,Aaa-A,Severe,34,0.04567497427184171,0.0038883347504999888,0.9015509134312986,V2,SYNTHETIC_DEMO
PP_COMM_MOODYS_V2,Commercial term prepayment by Moody's,Commercial Term Loan,moodys_band,Aaa-A,Severe,35,0.045318710670704324,0.003857351453989577,0.8980733147045287,V2,SYNTHETIC_DEMO
PP_COMM_MOODYS_V2,Commercial term prepayment by Moody's,Commercial Term Loan,moodys_band,Aaa-A,Severe,36,0.0449555849957294,0.0038257822861486046,0.8946374817254693,V2,SYNTHETIC_DEMO
PP_COMM_MOODYS_V2,Commercial term prepayment by Moody's,Commercial Term Loan,moodys_band,Aaa-A,Severe,37,0.04458811749401024,0.0037938468506509837,0.8912433641329508,V2,SYNTHETIC_DEMO
PP_COMM_MOODYS_V2,Commercial term prepayment by Moody's,Commercial Term Loan,moodys_band,Aaa-A,Severe,38,0.04421885854677002,0.003761767066091215,0.8878907141978831,V2,SYNTHETIC_DEMO
PP_COMM_MOODYS_V2,Commercial term prepayment by Moody's,Commercial Term Loan,moodys_band,Aaa-A,Severe,39,0.04385037096862804,0.0037297656184833716,0.8845790899390972,V2,SYNTHETIC_DEMO
PP_COMM_MOODYS_V2,Commercial term prepayment by Moody's,Commercial Term Loan,moodys_band,Aaa-A,Severe,40,0.04348521222057298,0.0036980644149433584,0.8813078594843904,V2,SYNTHETIC_DEMO
PP_COMM_MOODYS_V2,Commercial term prepayment by Moody's,Commercial Term Loan,moodys_band,Aaa-A,Severe,41,0.04312591666009267,0.003666883049287417,0.8780762066332433,V2,SYNTHETIC_DEMO
PP_COMM_MOODYS_V2,Commercial term prepayment by Moody's,Commercial Term Loan,moodys_band,Aaa-A,Severe,42,0.04277497795165193,0.0036364372900227204,0.8748831375719605,V2,SYNTHETIC_DEMO
PP_COMM_MOODYS_V2,Commercial term prepayment by Moody's,Commercial Term Loan,moodys_band,Aaa-A,Severe,43,0.04243483175959737,0.0036069376008731613,0.8717274886866823,V2,SYNTHETIC_DEMO
PP_COMM_MOODYS_V2,Commercial term prepayment by Moody's,Commercial Term Loan,moodys_band,Aaa-A,Severe,44,0.04210783884360787,0.0035785877035930946,0.868607935414784,V2,SYNTHETIC_DEMO
PP_COMM_MOODYS_V2,Commercial term prepayment by Moody's,Commercial Term Loan,moodys_band,Aaa-A,Severe,45,0.04179626867401519,0.0035515831923843555,0.8655230020705932,V2,SYNTHETIC_DEMO
PP_COMM_MOODYS_V2,Commercial term prepayment by Moody's,Commercial Term Loan,moodys_band,Aaa-A,Severe,46,0.04150228368071181,0.003526110208740163,0.8624710725770927,V2,SYNTHETIC_DEMO
PP_COMM_MOODYS_V2,Commercial term prepayment by Moody's,Commercial Term Loan,moodys_band,Aaa-A,Severe,47,0.04122792424496489,0.003502344185013828,0.8594504020313096,V2,SYNTHETIC_DEMO
PP_COMM_MOODYS_V2,Commercial term prepayment by Moody's,Commercial Term Loan,moodys_band,Aaa-A,Severe,48,0.04097509453829996,0.0034804486644548494,0.8564591290273945,V2,SYNTHETIC_DEMO
PP_COMM_MOODYS_V2,Commercial term prepayment by Moody's,Commercial Term Loan,moodys_band,Aaa-A,Severe,49,0.04074554930673815,0.0034605742048633426,0.8534952886579625,V2,SYNTHETIC_DEMO
PP_COMM_MOODYS_V2,Commercial term prepayment by Moody's,Commercial Term Loan,moodys_band,Aaa-A,Severe,50,0.04054088169211023,0.0034428573724106792,0.8505568261110887,V2,SYNTHETIC_DEMO
PP_COMM_MOODYS_V2,Commercial term prepayment by Moody's,Commercial Term Loan,moodys_band,Aaa-A,Severe,51,0.04036251217497269,0.0034274198315503712,0.8476416107774151,V2,SYNTHETIC_DEMO
PP_COMM_MOODYS_V2,Commercial term prepayment by Moody's,Commercial Term Loan,moodys_band,Aaa-A,Severe,52,0.04021167871586672,0.003414367536303864,0.8447474507791564,V2,SYNTHETIC_DEMO
PP_COMM_MOODYS_V2,Commercial term prepayment by Moody's,Commercial Term Loan,moodys_band,Aaa-A,Severe,53,0.040089428163343876,0.0034037900275638577,0.8418721078303842,V2,SYNTHETIC_DEMO
PP_COMM_MOODYS_V2,Commercial term prepayment by Moody's,Commercial Term Loan,moodys_band,Aaa-A,Severe,54,0.03999660898839063,0.0033957598404035227,0.839013312335858,V2,SYNTHETIC_DEMO
PP_COMM_MOODYS_V2,Commercial term prepayment by Moody's,Commercial Term Loan,moodys_band,Aaa-A,Severe,55,0.03993386539567771,0.0033903320247256064,0.8361687786338746,V2,SYNTHETIC_DEMO
PP_COMM_MOODYS_V2,Commercial term prepayment by Moody's,Commercial Term Loan,moodys_band,Aaa-A,Severe,56,0.039901632852504886,0.003387543781924962,0.8333362202871737,V2,SYNTHETIC_DEMO
PP_COMM_MOODYS_V2,Commercial term prepayment by Moody's,Commercial Term Loan,moodys_band,Aaa-A,Severe,57,0.03990013506647216,0.0033874142195799983,0.8305133653248818,V2,SYNTHETIC_DEMO
PP_COMM_MOODYS_V2,Commercial term prepayment by Moody's,Commercial Term Loan,moodys_band,Aaa-A,Severe,58,0.03992938243285352,0.003389944225527075,0.8276979713378757,V2,SYNTHETIC_DEMO
PP_COMM_MOODYS_V2,Commercial term prepayment by Moody's,Commercial Term Loan,moodys_band,Aaa-A,Severe,59,0.03998917196244942,0.0033951164620102947,0.824887840329814,V2,SYNTHETIC_DEMO
PP_COMM_MOODYS_V2,Commercial term prepayment by Moody's,Commercial Term Loan,moodys_band,Aaa-A,Severe,60,0.040079088690418305,0.0034028954799394384,0.8220808332264986,V2,SYNTHETIC_DEMO
PP_COMM_MOODYS_V2,Commercial term prepayment by Moody's,Commercial Term Loan,moodys_band,Aaa-A,Severe,61,0.04019850855630971,0.00341322795262744,0.8192748839472107,V2,SYNTHETIC_DEMO
PP_COMM_MOODYS_V2,Commercial term prepayment by Moody's,Commercial Term Loan,moodys_band,Aaa-A,Severe,62,0.04034660273530993,0.003426043027717207,0.8164680129432795,V2,SYNTHETIC_DEMO
PP_COMM_MOODYS_V2,Commercial term prepayment by Moody's,Commercial Term Loan,moodys_band,Aaa-A,Severe,63,0.04052234339063992,0.003441252795346905,0.8136583401114271,V2,SYNTHETIC_DEMO
PP_COMM_MOODYS_V2,Commercial term prepayment by Moody's,Commercial Term Loan,moodys_band,Aaa-A,Severe,64,0.04072451080718092,0.0034587528699450143,0.810844096992412,V2,SYNTHETIC_DEMO
PP_COMM_MOODYS_V2,Commercial term prepayment by Moody's,Commercial Term Loan,moodys_band,Aaa-A,Severe,65,0.04095170185681775,0.003478423082384219,0.8080236381692186,V2,SYNTHETIC_DEMO
PP_COMM_MOODYS_V2,Commercial term prepayment by Moody's,Commercial Term Loan,moodys_band,Aaa-A,Severe,66,0.04120233973674646,0.003500128278569492,0.8051954517835099,V2,SYNTHETIC_DEMO
PP_COMM_MOODYS_V2,Commercial term prepayment by Moody's,Commercial Term Loan,moodys_band,Aaa-A,Severe,67,0.04147468491315851,0.0035237192198819267,0.8023581690942989,V2,SYNTHETIC_DEMO
PP_COMM_MOODYS_V2,Commercial term prepayment by Moody's,Commercial Term Loan,moodys_band,Aaa-A,Severe,68,0.04176684719434748,0.0035490335802554895,0.7995105730087909,V2,SYNTHETIC_DEMO
PP_COMM_MOODYS_V2,Commercial term prepayment by Moody's,Commercial Term Loan,moodys_band,Aaa-A,Severe,69,0.04207679884944579,0.0035758970340230567,0.7966516055220987,V2,SYNTHETIC_DEMO
PP_COMM_MOODYS_V2,Commercial term prepayment by Moody's,Commercial Term Loan,moodys_band,Aaa-A,Severe,70,0.04240238868174204,0.0036041244280469176,0.7937803740099937,V2,SYNTHETIC_DEMO
PP_COMM_MOODYS_V2,Commercial term prepayment by Moody's,Commercial Term Loan,moodys_band,Aaa-A,Severe,71,0.04274135695890383,0.0036335210310374233,0.7908961563270036,V2,SYNTHETIC_DEMO
PP_COMM_MOODYS_V2,Commercial term prepayment by Moody's,Commercial Term Loan,moodys_band,Aaa-A,Severe,72,0.04309135109648417,0.0036638838523751494,0.7879984046709315,V2,SYNTHETIC_DEMO
PP_COMM_MOODYS_V2,Commercial term prepayment by Moody's,Commercial Term Loan,moodys_band,Aaa-A,Severe,73,0.043449941985861135,0.003695003022192611,0.7850867481841894,V2,SYNTHETIC_DEMO
PP_COMM_MOODYS_V2,Commercial term prepayment by Moody's,Commercial Term Loan,moodys_band,Aaa-A,Severe,74,0.04381464085328801,0.0037266632239384423,0.78216099427213,V2,SYNTHETIC_DEMO
PP_COMM_MOODYS_V2,Commercial term prepayment by Moody's,Commercial Term Loan,moodys_band,Aaa-A,Severe,75,0.044182916533044694,0.0037586451701576706,0.7792211286287234,V2,SYNTHETIC_DEMO
PP_COMM_MOODYS_V2,Commercial term prepayment by Moody's,Commercial Term Loan,moodys_band,Aaa-A,Severe,76,0.04455221303480767,0.0037907271117743058,0.7762673139703631,V2,SYNTHETIC_DEMO
PP_COMM_MOODYS_V2,Commercial term prepayment by Moody's,Commercial Term Loan,moodys_band,Aaa-A,Severe,77,0.04491996728331328,0.0038226863707678804,0.773299887489176,V2,SYNTHETIC_DEMO
PP_COMM_MOODYS_V2,Commercial term prepayment by Moody's,Commercial Term Loan,moodys_band,Aaa-A,Severe,78,0.04528362690719329,0.003854300885799966,0.7703193570478375,V2,SYNTHETIC_DEMO
PP_COMM_MOODYS_V2,Commercial term prepayment by Moody's,Commercial Term Loan,moodys_band,Aaa-A,Severe,79,0.04564066795352121,0.003885350760077455,0.7673263961484293,V2,SYNTHETIC_DEMO
PP_COMM_MOODYS_V2,Commercial term prepayment by Moody's,Commercial Term Loan,moodys_band,Aaa-A,Severe,80,0.045988612405122226,0.003915619800541892,0.7643218377181921,V2,SYNTHETIC_DEMO
PP_COMM_MOODYS_V2,Commercial term prepayment by Moody's,Commercial Term Loan,moodys_band,Aaa-A,Severe,81,0.046325045379069486,0.003944897037357786,0.7613066667649897,V2,SYNTHETIC_DEMO
PP_COMM_MOODYS_V2,Commercial term prepayment by Moody's,Commercial Term Loan,moodys_band,Aaa-A,Severe,82,0.04664763188700188,0.003972978212640532,0.7582820119647944,V2,SYNTHETIC_DEMO
PP_COMM_MOODYS_V2,Commercial term prepayment by Moody's,Commercial Term Loan,moodys_band,Aaa-A,Severe,83,0.0469541330409393,0.003999667227420622,0.7552491362523962,V2,SYNTHETIC_DEMO
PP_COMM_MOODYS_V2,Commercial term prepayment by Moody's,Commercial Term Loan,moodys_band,Aaa-A,Severe,84,0.047242421592120394,0.004024777535995616,0.7522094264947274,V2,SYNTHETIC_DEMO
PP_COMM_MOODYS_V2,Commercial term prepayment by Moody's,Commercial Term Loan,moodys_band,Baa,Severe,1,0.0021897989682843687,0.00018266665474742094,0.9998173333452526,V2,SYNTHETIC_DEMO
PP_COMM_MOODYS_V2,Commercial term prepayment by Moody's,Commercial Term Loan,moodys_band,Baa,Severe,2,0.004415500508034648,0.0003687051466770841,0.9994486955487112,V2,SYNTHETIC_DEMO
PP_COMM_MOODYS_V2,Commercial term prepayment by Moody's,Commercial Term Loan,moodys_band,Baa,Severe,3,0.0066763544695203104,0.0005580726378399126,0.9988909305788006,V2,SYNTHETIC_DEMO
PP_COMM_MOODYS_V2,Commercial term prepayment by Moody's,Commercial Term Loan,moodys_band,Baa,Severe,4,0.008971119286499074,0.0007506849346654576,0.9981410782058412,V2,SYNTHETIC_DEMO
PP_COMM_MOODYS_V2,Commercial term prepayment by Moody's,Commercial Term Loan,moodys_band,Baa,Severe,5,0.011298074916782443,0.0009464171141906341,0.9971964204070505,V2,SYNTHETIC_DEMO
PP_COMM_MOODYS_V2,Commercial term prepayment by Moody's,Commercial Term Loan,moodys_band,Baa,Severe,6,0.0136550407909859,0.0011451045631037937,0.9960545262357315,V2,SYNTHETIC_DEMO
PP_COMM_MOODYS_V2,Commercial term prepayment by Moody's,Commercial Term Loan,moodys_band,Baa,Severe,7,0.016039398603173462,0.001346544424585372,0.9947132945668458,V2,SYNTHETIC_DEMO
PP_COMM_MOODYS_V2,Commercial term prepayment by Moody's,Commercial Term Loan,moodys_band,Baa,Severe,8,0.018448119732079958,0.0015504974448186104,0.9931709941452928,V2,SYNTHETIC_DEMO
PP_COMM_MOODYS_V2,Commercial term prepayment by Moody's,Commercial Term Loan,moodys_band,Baa,Severe,9,0.020877797038403607,0.001756690207866618,0.9914263003851406,V2,SYNTHETIC_DEMO
PP_COMM_MOODYS_V2,Commercial term prepayment by Moody's,Commercial Term Loan,moodys_band,Baa,Severe,10,0.023324680742682576,0.001964817744363856,0.9894783283979148,V2,SYNTHETIC_DEMO
PP_COMM_MOODYS_V2,Commercial term prepayment by Moody's,Commercial Term Loan,moodys_band,Baa,Severe,11,0.025784718049860277,0.0021745464961603345,0.9873266617658706,V2,SYNTHETIC_DEMO
PP_COMM_MOODYS_V2,Commercial term prepayment by Moody's,Commercial Term Loan,moodys_band,Baa,Severe,12,0.028253596151141706,0.002385517615694832,0.9849713766217829,V2,SYNTHETIC_DEMO
PP_COMM_MOODYS_V2,Commercial term prepayment by Moody's,Commercial Term Loan,moodys_band,Baa,Severe,13,0.030726788201459555,0.0025973505754827153,0.9824130606498803,V2,SYNTHETIC_DEMO
PP_COMM_MOODYS_V2,Commercial term prepayment by Moody's,Commercial Term Loan,moodys_band,Baa,Severe,14,0.03319960184208955,0.002809647059708764,0.9796528266826059,V2,SYNTHETIC_DEMO
PP_COMM_MOODYS_V2,Commercial term prepayment by Moody's,Commercial Term Loan,moodys_band,Baa,Severe,15,0.035667229812935776,0.003021995106557984,0.9766923206342454,V2,SYNTHETIC_DEMO
PP_COMM_MOODYS_V2,Commercial term prepayment by Moody's,Commercial Term Loan,moodys_band,Baa,Severe,16,0.03812480217797273,0.003233973466638007,0.9735337235842452,V2,SYNTHETIC_DEMO
PP_COMM_MOODYS_V2,Commercial term prepayment by Moody's,Commercial Term Loan,moodys_band,Baa,Severe,17,0.04056743967047424,0.003445156139697647,0.9701797478992362,V2,SYNTHETIC_DEMO
PP_COMM_MOODYS_V2,Commercial term prepayment by Moody's,Commercial Term Loan,moodys_band,Baa,Severe,18,0.04299030765213392,0.0036551170488894336,0.9666336273622025,V2,SYNTHETIC_DEMO
PP_COMM_MOODYS_V2,Commercial term prepayment by Moody's,Commercial Term Loan,moodys_band,Baa,Severe,19,0.04299979279463136,0.0036559399695101913,0.9630996728480564,V2,SYNTHETIC_DEMO
PP_COMM_MOODYS_V2,Commercial term prepayment by Moody's,Commercial Term Loan,moodys_band,Baa,Severe,20,0.042982149247647435,0.003654409240592682,0.9595801125039887,V2,SYNTHETIC_DEMO
PP_COMM_MOODYS_V2,Commercial term prepayment by Moody's,Commercial Term Loan,moodys_band,Baa,Severe,21,0.04293749946492491,0.003650535604828087,0.956077131137608,V2,SYNTHETIC_DEMO
PP_COMM_MOODYS_V2,Commercial term prepayment by Moody's,Commercial Term Loan,moodys_band,Baa,Severe,22,0.042866153335003446,0.0036443462450598263,0.952592855034759,V2,SYNTHETIC_DEMO
PP_COMM_MOODYS_V2,Commercial term prepayment by Moody's,Commercial Term Loan,moodys_band,Baa,Severe,23,0.04276860603046087,0.0036358845872810353,0.9491293373551841,V2,SYNTHETIC_DEMO
PP_COMM_MOODYS_V2,Commercial term prepayment by Moody's,Commercial Term Loan,moodys_band,Baa,Severe,24,0.04264553457120427,0.0036252099861159293,0.9456885442032885,V2,SYNTHETIC_DEMO
PP_COMM_MOODYS_V2,Commercial term prepayment by Moody's,Commercial Term Loan,moodys_band,Baa,Severe,25,0.042497793125663055,0.0036123972953386874,0.9422723414639758,V2,SYNTHETIC_DEMO
PP_COMM_MOODYS_V2,Commercial term prepayment by Moody's,Commercial Term Loan,moodys_band,Baa,Severe,26,0.0423264070824956,0.003597536326905959,0.9388824824857204,V2,SYNTHETIC_DEMO
PP_COMM_MOODYS_V2,Commercial term prepayment by Moody's,Commercial Term Loan,moodys_band,Baa,Severe,27,0.04213256593395458,0.0035807312028649507,0.9355205966848604,V2,SYNTHETIC_DEMO
PP_COMM_MOODYS_V2,Commercial term prepayment by Moody's,Commercial Term Loan,moodys_band,Baa,Severe,28,0.04191761502030328,0.0035620996053312703,0.93218817913663,V2,SYNTHETIC_DEMO
PP_COMM_MOODYS_V2,Commercial term prepayment by Moody's,Commercial Term Loan,moodys_band,Baa,Severe,29,0.04168304619258029,0.0035417719305140816,0.9288865812098068,V2,SYNTHETIC_DEMO
PP_COMM_MOODYS_V2,Commercial term prepayment by Moody's,Commercial Term Loan,moodys_band,Baa,Severe,30,0.04143048745851678,0.003519890353480659,0.9256170022931288,V2,SYNTHETIC_DEMO
PP_COMM_MOODYS_V2,Commercial term prepayment by Moody's,Commercial Term Loan,moodys_band,Baa,Severe,31,0.041161691683468435,0.0034966078109992527,0.9223804826529169,V2,SYNTHETIC_DEMO
PP_COMM_MOODYS_V2,Commercial term prepayment by Moody's,Commercial Term Loan,moodys_band,Baa,Severe,32,0.040878524424782056,0.0034720869103698204,0.9191778974527172,V2,SYNTHETIC_DEMO
PP_COMM_MOODYS_V2,Commercial term prepayment by Moody's,Commercial Term Loan,moodys_band,Baa,Severe,33,0.04058295098403178,0.0034464987726458007,0.9160099519573033,V2,SYNTHETIC_DEMO
PP_COMM_MOODYS_V2,Commercial term prepayment by Moody's,Commercial Term Loan,moodys_band,Baa,Severe,34,0.04027702276698769,0.0034200218190592047,0.9128771779351339,V2,SYNTHETIC_DEMO
PP_COMM_MOODYS_V2,Commercial term prepayment by Moody's,Commercial Term Loan,moodys_band,Baa,Severe,35,0.039962863045984724,0.0033928405097902736,0.9097799312653726,V2,SYNTHETIC_DEMO
PP_COMM_MOODYS_V2,Commercial term prepayment by Moody's,Commercial Term Loan,moodys_band,Baa,Severe,36,0.03964265222350684,0.0033651440444671943,0.9067183907478992,V2,SYNTHETIC_DEMO
PP_COMM_MOODYS_V2,Commercial term prepayment by Moody's,Commercial Term Loan,moodys_band,Baa,Severe,37,0.03931861269926357,0.003337125033940347,0.9036925581074002,V2,SYNTHETIC_DEMO
PP_COMM_MOODYS_V2,Commercial term prepayment by Moody's,Commercial Term Loan,moodys_band,Baa,Severe,38,0.038992993445788104,0.003308978152963271,0.9007022591756274,V2,SYNTHETIC_DEMO
PP_COMM_MOODYS_V2,Commercial term prepayment by Moody's,Commercial Term Loan,moodys_band,Baa,Severe,39,0.03866805439960836,0.003280898783408759,0.8977471462292845,V2,SYNTHETIC_DEMO
PP_COMM_MOODYS_V2,Commercial term prepayment by Moody's,Commercial Term Loan,moodys_band,Baa,Severe,40,0.03834605077632345,0.0032530816575838672,0.8948267014547377,V2,SYNTHETIC_DEMO
PP_COMM_MOODYS_V2,Commercial term prepayment by Moody's,Commercial Term Loan,moodys_band,Baa,Severe,41,0.03802921741844535,0.003225719511065317,0.891940241504833,V2,SYNTHETIC_DEMO
PP_COMM_MOODYS_V2,Commercial term prepayment by Moody's,Commercial Term Loan,moodys_band,Baa,Severe,42,0.037719753284638516,0.003199001754273123,0.8890869231075522,V2,SYNTHETIC_DEMO
PP_COMM_MOODYS_V2,Commercial term prepayment by Moody's,Commercial Term Loan,moodys_band,Baa,Severe,43,0.037419806188008595,0.0031731131717338545,0.8862657496810233,V2,SYNTHETIC_DEMO
PP_COMM_MOODYS_V2,Commercial term prepayment by Moody's,Commercial Term Loan,moodys_band,Baa,Severe,44,0.037131457889363305,0.003148232657669836,0.8834755789045033,V2,SYNTHETIC_DEMO
PP_COMM_MOODYS_V2,Commercial term prepayment by Moody's,Commercial Term Loan,moodys_band,Baa,Severe,45,0.03685670964890431,0.0031245319961819007,0.8807151311903709,V2,SYNTHETIC_DEMO
PP_COMM_MOODYS_V2,Commercial term prepayment by Moody's,Commercial Term Loan,moodys_band,Baa,Severe,46,0.036597468336627685,0.003102174693882409,0.8779829989978728,V2,SYNTHETIC_DEMO
PP_COMM_MOODYS_V2,Commercial term prepayment by Moody's,Commercial Term Loan,moodys_band,Baa,Severe,47,0.03635553319783267,0.003081314872392049,0.8752776569253533,V2,SYNTHETIC_DEMO
PP_COMM_MOODYS_V2,Commercial term prepayment by Moody's,Commercial Term Loan,moodys_band,Baa,Severe,48,0.03613258336559178,0.0030620962276287633,0.8725974725139545,V2,SYNTHETIC_DEMO
PP_COMM_MOODYS_V2,Commercial term prepayment by Moody's,Commercial Term Loan,moodys_band,Baa,Severe,49,0.03593016620685091,0.0030446510623176604,0.8699407176922892,V2,SYNTHETIC_DEMO
PP_COMM_MOODYS_V2,Commercial term prepayment by Moody's,Commercial Term Loan,moodys_band,Baa,Severe,50,0.03574968658304266,0.0030290993976134217,0.8673055807883681,V2,SYNTHETIC_DEMO
PP_COMM_MOODYS_V2,Commercial term prepayment by Moody's,Commercial Term Loan,moodys_band,Baa,Severe,51,0.035592397099748645,0.003015548169186033,0.8646901790320969,V2,SYNTHETIC_DEMO
PP_COMM_MOODYS_V2,Commercial term prepayment by Moody's,Commercial Term Loan,moodys_band,Baa,Severe,52,0.03545938941308247,0.0030040905125522377,0.8620925714689694,V2,SYNTHETIC_DEMO
PP_COMM_MOODYS_V2,Commercial term prepayment by Moody's,Commercial Term Loan,moodys_band,Baa,Severe,53,0.035351586653130505,0.0029948051418623445,0.8595107722031728,V2,SYNTHETIC_DEMO
PP_COMM_MOODYS_V2,Commercial term prepayment by Moody's,Commercial Term Loan,moodys_band,Baa,Severe,54,0.03526973701703537,0.00298775582576849,0.856942763886212,V2,SYNTHETIC_DEMO
PP_COMM_MOODYS_V2,Commercial term prepayment by Moody's,Commercial Term Loan,moodys_band,Baa,Severe,55,0.03521440857618853,0.002982990963408483,0.8543865113653811,V2,SYNTHETIC_DEMO
PP_COMM_MOODYS_V2,Commercial term prepayment by Moody's,Commercial Term Loan,moodys_band,Baa,Severe,56,0.03518598533357249,0.0029805432629426143,0.851839975404982,V2,SYNTHETIC_DEMO
PP_COMM_MOODYS_V2,Commercial term prepayment by Moody's,Commercial Term Loan,moodys_band,Baa,Severe,57,0.03518466455861636,0.002980429524484407,0.8493011263921489,V2,SYNTHETIC_DEMO
PP_COMM_MOODYS_V2,Commercial term prepayment by Moody's,Commercial Term Loan,moodys_band,Baa,Severe,58,0.03521045541806175,0.002982650528659314,0.8467679579385244,V2,SYNTHETIC_DEMO
PP_COMM_MOODYS_V2,Commercial term prepayment by Moody's,Commercial Term Loan,moodys_band,Baa,Severe,59,0.035263178912341764,0.0029871910314285266,0.8442385002888695,V2,SYNTHETIC_DEMO
PP_COMM_MOODYS_V2,Commercial term prepayment by Moody's,Commercial Term Loan,moodys_band,Baa,Severe,60,0.035342469117914325,0.0029940198652034233,0.8417108334480351,V2,SYNTHETIC_DEMO
PP_COMM_MOODYS_V2,Commercial term prepayment by Moody's,Commercial Term Loan,moodys_band,Baa,Severe,61,0.03544777572692765,0.0030030901456794545,0.8391830999385956,V2,SYNTHETIC_DEMO
PP_COMM_MOODYS_V2,Commercial term prepayment by Moody's,Commercial Term Loan,moodys_band,Baa,Severe,62,0.035578367866591486,0.003014339583207848,0.8366535171028917,V2,SYNTHETIC_DEMO
PP_COMM_MOODYS_V2,Commercial term prepayment by Moody's,Commercial Term Loan,moodys_band,Baa,Severe,63,0.03573333917174611,0.0030276908969283367,0.8341203888652762,V2,SYNTHETIC_DEMO
PP_COMM_MOODYS_V2,Commercial term prepayment by Moody's,Commercial Term Loan,moodys_band,Baa,Severe,64,0.035911614075423176,0.003043052329279483,0.8315821168730402,V2,SYNTHETIC_DEMO
PP_COMM_MOODYS_V2,Commercial term prepayment by Moody's,Commercial Term Loan,moodys_band,Baa,Severe,65,0.03611195527373928,0.003060318257912087,0.8290372109378205,V2,SYNTHETIC_DEMO
PP_COMM_MOODYS_V2,Commercial term prepayment by Moody's,Commercial Term Loan,moodys_band,Baa,Severe,66,0.036332972313312784,0.003079369901436646,0.8264842987032875,V2,SYNTHETIC_DEMO
PP_COMM_MOODYS_V2,Commercial term prepayment by Moody's,Commercial Term Loan,moodys_band,Baa,Severe,67,0.03657313124160342,0.0031000761148527456,0.8239221344695766,V2,SYNTHETIC_DEMO
PP_COMM_MOODYS_V2,Commercial term prepayment by Moody's,Commercial Term Loan,moodys_band,Baa,Severe,68,0.036830765253197326,0.003122294269929826,0.821349607110254,V2,SYNTHETIC_DEMO
PP_COMM_MOODYS_V2,Commercial term prepayment by Moody's,Commercial Term Loan,moodys_band,Baa,Severe,69,0.03710408625814765,0.0031458712152488966,0.8187657470235898,V2,SYNTHETIC_DEMO
PP_COMM_MOODYS_V2,Commercial term prepayment by Moody's,Commercial Term Loan,moodys_band,Baa,Severe,70,0.03739119729208162,0.0031706443100592008,0.8161697320665181,V2,SYNTHETIC_DEMO
PP_COMM_MOODYS_V2,Commercial term prepayment by Moody's,Commercial Term Loan,moodys_band,Baa,Severe,71,0.03769010568194247,0.003196442525577048,0.8135608924268518,V2,SYNTHETIC_DEMO
PP_COMM_MOODYS_V2,Commercial term prepayment by Moody's,Commercial Term Loan,moodys_band,Baa,Severe,72,0.037998736875990584,0.0032230876068444214,0.8109387143970576,V2,SYNTHETIC_DEMO
PP_COMM_MOODYS_V2,Commercial term prepayment by Moody's,Commercial Term Loan,moodys_band,Baa,Severe,73,0.03831494884207755,0.003250395287778818,0.808302843021104,V2,SYNTHETIC_DEMO
PP_COMM_MOODYS_V2,Commercial term prepayment by Moody's,Commercial Term Loan,moodys_band,Baa,Severe,74,0.038636546934263064,0.0032781765516006756,0.80565308359452,V2,SYNTHETIC_DEMO
PP_COMM_MOODYS_V2,Commercial term prepayment by Moody's,Commercial Term Loan,moodys_band,Baa,Severe,75,0.03896129912459396,0.0033062389284079785,0.802989402006748,V2,SYNTHETIC_DEMO
PP_COMM_MOODYS_V2,Commercial term prepayment by Moody's,Commercial Term Loan,moodys_band,Baa,Severe,76,0.039286951494330404,0.0033343878212959144,0.8003119239240669,V2,SYNTHETIC_DEMO
PP_COMM_MOODYS_V2,Commercial term prepayment by Moody's,Commercial Term Loan,moodys_band,Baa,Severe,77,0.03961124387710353,0.003362427852098948,0.7976209328206978,V2,SYNTHETIC_DEMO
PP_COMM_MOODYS_V2,Commercial term prepayment by Moody's,Commercial Term Loan,moodys_band,Baa,Severe,78,0.03993192554543409,0.003390164217560443,0.7949168668750719,V2,SYNTHETIC_DEMO
PP_COMM_MOODYS_V2,Commercial term prepayment by Moody's,Commercial Term Loan,moodys_band,Baa,Severe,79,0.04024677083174143,0.0034174040465243527,0.7922003147575626,V2,SYNTHETIC_DEMO
PP_COMM_MOODYS_V2,Commercial term prepayment by Moody's,Commercial Term Loan,moodys_band,Baa,Severe,80,0.04055359457542596,0.00344395774859918,0.7894720103451106,V2,SYNTHETIC_DEMO
PP_COMM_MOODYS_V2,Commercial term prepayment by Moody's,Commercial Term Loan,moodys_band,Baa,Severe,81,0.04085026728881582,0.003469640344665126,0.7867328264070333,V2,SYNTHETIC_DEMO
PP_COMM_MOODYS_V2,Commercial term prepayment by Moody's,Commercial Term Loan,moodys_band,Baa,Severe,82,0.041134729936719835,0.0034942727695919107,0.7839837673147751,V2,SYNTHETIC_DEMO
PP_COMM_MOODYS_V2,Commercial term prepayment by Moody's,Commercial Term Loan,moodys_band,Baa,Severe,83,0.04140500822701011,0.003517683137609806,0.7812259608363321,V2,SYNTHETIC_DEMO
PP_COMM_MOODYS_V2,Commercial term prepayment by Moody's,Commercial Term Loan,moodys_band,Baa,Severe,84,0.04165922631305162,0.0035397079609286175,0.7784606490834757,V2,SYNTHETIC_DEMO
PP_COMM_MOODYS_V2,Commercial term prepayment by Moody's,Commercial Term Loan,moodys_band,Ba,Severe,1,0.002,0.00016681963994558124,0.9998331803600544,V2,SYNTHETIC_DEMO
PP_COMM_MOODYS_V2,Commercial term prepayment by Moody's,Commercial Term Loan,moodys_band,Ba,Severe,2,0.003823732398710417,0.00031920417288344716,0.9995140294366962,V2,SYNTHETIC_DEMO
PP_COMM_MOODYS_V2,Commercial term prepayment by Moody's,Commercial Term Loan,moodys_band,Ba,Severe,3,0.005781585313811403,0.0004830802273755319,0.9990311839720909,V2,SYNTHETIC_DEMO
PP_COMM_MOODYS_V2,Commercial term prepayment by Moody's,Commercial Term Loan,moodys_band,Ba,Severe,4,0.007768804330576518,0.0006497170674771846,0.9983820963609223,V2,SYNTHETIC_DEMO
PP_COMM_MOODYS_V2,Commercial term prepayment by Moody's,Commercial Term Loan,moodys_band,Ba,Severe,5,0.009783899927935312,0.0008190041639126733,0.9975644172668269,V2,SYNTHETIC_DEMO
PP_COMM_MOODYS_V2,Commercial term prepayment by Moody's,Commercial Term Loan,moodys_band,Ba,Severe,6,0.011824983777760985,0.0009907967528336448,0.9965760336814565,V2,SYNTHETIC_DEMO
PP_COMM_MOODYS_V2,Commercial term prepayment by Moody's,Commercial Term Loan,moodys_band,Ba,Severe,7,0.013889788481098668,0.0011649171430939687,0.9954151051754244,V2,SYNTHETIC_DEMO
PP_COMM_MOODYS_V2,Commercial term prepayment by Moody's,Commercial Term Loan,moodys_band,Ba,Severe,8,0.015975691314378523,0.0013411563687263373,0.994080097867592,V2,SYNTHETIC_DEMO
PP_COMM_MOODYS_V2,Commercial term prepayment by Moody's,Commercial Term Loan,moodys_band,Ba,Severe,9,0.018079741765215495,0.001519276175665274,0.9925698156581988,V2,SYNTHETIC_DEMO
PP_COMM_MOODYS_V2,Commercial term prepayment by Moody's,Commercial Term Loan,moodys_band,Ba,Severe,10,0.020198692601910685,0.0016990113289011566,0.9908834282966702,V2,SYNTHETIC_DEMO
PP_COMM_MOODYS_V2,Commercial term prepayment by Moody's,Commercial Term Loan,moodys_band,Ba,Severe,11,0.022329034187507868,0.0018800722233666134,0.9890204958865354,V2,SYNTHETIC_DEMO
PP_COMM_MOODYS_V2,Commercial term prepayment by Moody's,Commercial Term Loan,moodys_band,Ba,Severe,12,0.024467031718514467,0.0020621477789654064,0.9869809894675917,V2,SYNTHETIC_DEMO
PP_COMM_MOODYS_V2,Commercial term prepayment by Moody's,Commercial Term Loan,moodys_band,Ba,Severe,13,0.026608765040439204,0.002244908597268336,0.9847653073589955,V2,SYNTHETIC_DEMO
PP_COMM_MOODYS_V2,Commercial term prepayment by Moody's,Commercial Term Loan,moodys_band,Ba,Severe,14,0.028750170667376517,0.0024280103545571974,0.9823742869959191,V2,SYNTHETIC_DEMO
PP_COMM_MOODYS_V2,Commercial term prepayment by Moody's,Commercial Term Loan,moodys_band,Ba,Severe,15,0.03088708561120211,0.0026110974031129386,0.9798092120462591,V2,SYNTHETIC_DEMO
PP_COMM_MOODYS_V2,Commercial term prepayment by Moody's,Commercial Term Loan,moodys_band,Ba,Severe,16,0.033015292607728966,0.002793806549969302,0.977071814651924,V2,SYNTHETIC_DEMO
PP_COMM_MOODYS_V2,Commercial term prepayment by Moody's,Commercial Term Loan,moodys_band,Ba,Severe,17,0.035130566312575634,0.002975770979824821,0.9741642727006781,V2,SYNTHETIC_DEMO
PP_COMM_MOODYS_V2,Commercial term prepayment by Moody's,Commercial Term Loan,moodys_band,Ba,Severe,18,0.03722872002865205,0.0031566242864609073,0.9710892020984686,V2,SYNTHETIC_DEMO
PP_COMM_MOODYS_V2,Commercial term prepayment by Moody's,Commercial Term Loan,moodys_band,Ba,Severe,19,0.03723693396648489,0.003157333008053209,0.9680231501069191,V2,SYNTHETIC_DEMO
PP_COMM_MOODYS_V2,Commercial term prepayment by Moody's,Commercial Term Loan,moodys_band,Ba,Severe,20,0.03722165501858128,0.0031560147020121,0.9649680548132936,V2,SYNTHETIC_DEMO
PP_COMM_MOODYS_V2,Commercial term prepayment by Moody's,Commercial Term Loan,moodys_band,Ba,Severe,21,0.03718298922735765,0.0031526786060003253,0.96192582067141,V2,SYNTHETIC_DEMO
PP_COMM_MOODYS_V2,Commercial term prepayment by Moody's,Commercial Term Loan,moodys_band,Ba,Severe,22,0.03712120494989989,0.0031473480949893995,0.9588983052721987,V2,SYNTHETIC_DEMO
PP_COMM_MOODYS_V2,Commercial term prepayment by Moody's,Commercial Term Loan,moodys_band,Ba,Severe,23,0.037036730995450656,0.00314006051285054,0.9558873065679742,V2,SYNTHETIC_DEMO
PP_COMM_MOODYS_V2,Commercial term prepayment by Moody's,Commercial Term Loan,moodys_band,Ba,Severe,24,0.036930153649290295,0.0031308669034555425,0.9528945506364073,V2,SYNTHETIC_DEMO
PP_COMM_MOODYS_V2,Commercial term prepayment by Moody's,Commercial Term Loan,moodys_band,Ba,Severe,25,0.03680221260366698,0.0031198316434254414,0.9499216800644842,V2,SYNTHETIC_DEMO
PP_COMM_MOODYS_V2,Commercial term prepayment by Moody's,Commercial Term Loan,moodys_band,Ba,Severe,26,0.0366537958240168,0.003107031979444619,0.9469702430265561,V2,SYNTHETIC_DEMO
PP_COMM_MOODYS_V2,Commercial term prepayment by Moody's,Commercial Term Loan,moodys_band,Ba,Severe,27,0.03648593338610499,0.0030925574737968864,0.944041683124021,V2,SYNTHETIC_DEMO
PP_COMM_MOODYS_V2,Commercial term prepayment by Moody's,Commercial Term Loan,moodys_band,Ba,Severe,28,0.03629979032686057,0.0030765093624880446,0.941137330047311,V2,SYNTHETIC_DEMO
PP_COMM_MOODYS_V2,Commercial term prepayment by Moody's,Commercial Term Loan,moodys_band,Ba,Severe,29,0.03609665855852314,0.003058999830981235,0.9382583911137662,V2,SYNTHETIC_DEMO
PP_COMM_MOODYS_V2,Commercial term prepayment by Moody's,Commercial Term Loan,moodys_band,Ba,Severe,30,0.03587794790222072,0.0030401512131761343,0.935405943727749,V2,SYNTHETIC_DEMO
PP_COMM_MOODYS_V2,Commercial term prepayment by Moody's,Commercial Term Loan,moodys_band,Ba,Severe,31,0.03564517630320978,0.0030200951198218196,0.9325809288020445,V2,SYNTHETIC_DEMO
PP_COMM_MOODYS_V2,Commercial term prepayment by Moody's,Commercial Term Loan,moodys_band,Ba,Severe,32,0.03539995929568755,0.002998971503039405,0.9297841451722891,V2,SYNTHETIC_DEMO
PP_COMM_MOODYS_V2,Commercial term prepayment by Moody's,Commercial Term Loan,moodys_band,Ba,Severe,33,0.03514399879029556,0.0029769276640636555,0.927016245028918,V2,SYNTHETIC_DEMO
PP_COMM_MOODYS_V2,Commercial term prepayment by Moody's,Commercial Term Loan,moodys_band,Ba,Severe,34,0.034879071262133673,0.002954117211670715,0.9242777303839798,V2,SYNTHETIC_DEMO
PP_COMM_MOODYS_V2,Commercial term prepayment by Moody's,Commercial Term Loan,moodys_band,Ba,Severe,35,0.034607015421265125,0.0029306989790546245,0.9215689505831804,V2,SYNTHETIC_DEMO
PP_COMM_MOODYS_V2,Commercial term prepayment by Moody's,Commercial Term Loan,moodys_band,Ba,Severe,36,0.03432971945128427,0.002906835907138805,0.9188901008667211,V2,SYNTHETIC_DEMO
PP_COMM_MOODYS_V2,Commercial term prepayment by Moody's,Commercial Term Loan,moodys_band,Ba,Severe,37,0.034049107904516915,0.0028826939024653164,0.9162412219759168,V2,SYNTHETIC_DEMO
PP_COMM_MOODYS_V2,Commercial term prepayment by Moody's,Commercial Term Loan,moodys_band,Ba,Severe,38,0.0337671283448062,0.002858440677895646,0.9136222007962561,V2,SYNTHETIC_DEMO
PP_COMM_MOODYS_V2,Commercial term prepayment by Moody's,Commercial Term Loan,moodys_band,Ba,Severe,39,0.03348573783058868,0.0028342445843785313,0.9110327720214814,V2,SYNTHETIC_DEMO
PP_COMM_MOODYS_V2,Commercial term prepayment by Moody's,Commercial Term Loan,moodys_band,Ba,Severe,40,0.03320688933207391,0.0028102734420029085,0.9084725208174751,V2,SYNTHETIC_DEMO
PP_COMM_MOODYS_V2,Commercial term prepayment by Moody's,Commercial Term Loan,moodys_band,Ba,Severe,41,0.03293251817679804,0.002786693378455829,0.905940886459204,V2,SYNTHETIC_DEMO
PP_COMM_MOODYS_V2,Commercial term prepayment by Moody's,Commercial Term Loan,moodys_band,Ba,Severe,42,0.03266452861762511,0.0027636676828510787,0.9034371669087232,V2,SYNTHETIC_DEMO
PP_COMM_MOODYS_V2,Commercial term prepayment by Moody's,Commercial Term Loan,moodys_band,Ba,Severe,43,0.03240478061641981,0.0027413556826867413,0.9009605242972676,V2,SYNTHETIC_DEMO
PP_COMM_MOODYS_V2,Commercial term prepayment by Moody's,Commercial Term Loan,moodys_band,Ba,Severe,44,0.03215507693511874,0.0027199116514358135,0.8985099912697477,V2,SYNTHETIC_DEMO
PP_COMM_MOODYS_V2,Commercial term prepayment by Moody's,Commercial Term Loan,moodys_band,Ba,Severe,45,0.03191715062379342,0.0026994837539774386,0.8960844781455286,V2,SYNTHETIC_DEMO
PP_COMM_MOODYS_V2,Commercial term prepayment by Moody's,Commercial Term Loan,moodys_band,Ba,Severe,46,0.03169265299254356,0.0026802130367368227,0.8936827808451855,V2,SYNTHETIC_DEMO
PP_COMM_MOODYS_V2,Commercial term prepayment by Moody's,Commercial Term Loan,moodys_band,Ba,Severe,47,0.03148314215070046,0.002662232469028747,0.8913035895290076,V2,SYNTHETIC_DEMO
PP_COMM_MOODYS_V2,Commercial term prepayment by Moody's,Commercial Term Loan,moodys_band,Ba,Severe,48,0.03129007219288361,0.0026456660417003564,0.8889454978893451,V2,SYNTHETIC_DEMO
PP_COMM_MOODYS_V2,Commercial term prepayment by Moody's,Commercial Term Loan,moodys_band,Ba,Severe,49,0.031114783106963678,0.0026306279287334755,0.8866070130354755,V2,SYNTHETIC_DEMO
PP_COMM_MOODYS_V2,Commercial term prepayment by Moody's,Commercial Term Loan,moodys_band,Ba,Severe,50,0.030958491473975083,0.002617221717017282,0.8842865659064992,V2,SYNTHETIC_DEMO
PP_COMM_MOODYS_V2,Commercial term prepayment by Moody's,Commercial Term Loan,moodys_band,Ba,Severe,51,0.0308222820245246,0.002605539709027105,0.8819825221448706,V2,SYNTHETIC_DEMO
PP_COMM_MOODYS_V2,Commercial term prepayment by Moody's,Commercial Term Loan,moodys_band,Ba,Severe,52,0.030707100110298223,0.002595662302658397,0.8796931933605356,V2,SYNTHETIC_DEMO
PP_COMM_MOODYS_V2,Commercial term prepayment by Moody's,Commercial Term Loan,moodys_band,Ba,Severe,53,0.03061374514291714,0.00258765745195888,0.8774168487132987,V2,SYNTHETIC_DEMO
PP_COMM_MOODYS_V2,Commercial term prepayment by Moody's,Commercial Term Loan,moodys_band,Ba,Severe,54,0.030542865045680115,0.0025815802119915077,0.8751517267389926,V2,SYNTHETIC_DEMO
PP_COMM_MOODYS_V2,Commercial term prepayment by Moody's,Commercial Term Loan,moodys_band,Ba,Severe,55,0.030494951756699345,0.0025774723705376257,0.8728960473432945,V2,SYNTHETIC_DEMO
PP_COMM_MOODYS_V2,Commercial term prepayment by Moody's,Commercial Term Loan,moodys_band,Ba,Severe,56,0.0304703378146401,0.0025753621688185957,0.8706480238856553,V2,SYNTHETIC_DEMO
PP_COMM_MOODYS_V2,Commercial term prepayment by Moody's,Commercial Term Loan,moodys_band,Ba,Severe,57,0.03046919405076056,0.0025752641128830023,0.8684058752747901,V2,SYNTHETIC_DEMO
PP_COMM_MOODYS_V2,Commercial term prepayment by Moody's,Commercial Term Loan,moodys_band,Ba,Severe,58,0.030491528403269966,0.0025771788767672277,0.8661678379965714,V2,SYNTHETIC_DEMO
PP_COMM_MOODYS_V2,Commercial term prepayment by Moody's,Commercial Term Loan,moodys_band,Ba,Severe,59,0.030537185862234105,0.002581093297995496,0.8639321779949792,V2,SYNTHETIC_DEMO
PP_COMM_MOODYS_V2,Commercial term prepayment by Moody's,Commercial Term Loan,moodys_band,Ba,Severe,60,0.030605849545410343,0.00258698046544914,0.8616972023270333,V2,SYNTHETIC_DEMO
PP_COMM_MOODYS_V2,Commercial term prepayment by Moody's,Commercial Term Loan,moodys_band,Ba,Severe,61,0.030697042897545594,0.0025947998990855092,0.8594612705133928,V2,SYNTHETIC_DEMO
PP_COMM_MOODYS_V2,Commercial term prepayment by Moody's,Commercial Term Loan,moodys_band,Ba,Severe,62,0.030810132997873038,0.0026044978204552427,0.857222805507575,V2,SYNTHETIC_DEMO
PP_COMM_MOODYS_V2,Commercial term prepayment by Moody's,Commercial Term Loan,moodys_band,Ba,Severe,63,0.030944334952852304,0.0026160075124221915,0.8549803042085475,V2,SYNTHETIC_DEMO
PP_COMM_MOODYS_V2,Commercial term prepayment by Moody's,Commercial Term Loan,moodys_band,Ba,Severe,64,0.03109871734366543,0.0026292497659579084,0.8527323474438085,V2,SYNTHETIC_DEMO
PP_COMM_MOODYS_V2,Commercial term prepayment by Moody's,Commercial Term Loan,moodys_band,Ba,Severe,65,0.03127220869066082,0.002644133411354277,0.8504776093529898,V2,SYNTHETIC_DEMO
PP_COMM_MOODYS_V2,Commercial term prepayment by Moody's,Commercial Term Loan,moodys_band,Ba,Severe,66,0.031463604889879114,0.0026605559306716042,0.8482148661055222,V2,SYNTHETIC_DEMO
PP_COMM_MOODYS_V2,Commercial term prepayment by Moody's,Commercial Term Loan,moodys_band,Ba,Severe,67,0.03167157757004832,0.0026784041477287968,0.84594300388998,V2,SYNTHETIC_DEMO
PP_COMM_MOODYS_V2,Commercial term prepayment by Moody's,Commercial Term Loan,moodys_band,Ba,Severe,68,0.031894683312047166,0.0026975549914339814,0.8436610261173679,V2,SYNTHETIC_DEMO
PP_COMM_MOODYS_V2,Commercial term prepayment by Moody's,Commercial Term Loan,moodys_band,Ba,Severe,69,0.03213137366684951,0.0027178763277688756,0.8413680597858223,V2,SYNTHETIC_DEMO
PP_COMM_MOODYS_V2,Commercial term prepayment by Moody's,Commercial Term Loan,moodys_band,Ba,Severe,70,0.0323800059024212,0.002739227855259374,0.8390633609599314,V2,SYNTHETIC_DEMO
PP_COMM_MOODYS_V2,Commercial term prepayment by Moody's,Commercial Term Loan,moodys_band,Ba,Severe,71,0.032638854404981106,0.0027614620583151783,0.8367463193241181,V2,SYNTHETIC_DEMO
PP_COMM_MOODYS_V2,Commercial term prepayment by Moody's,Commercial Term Loan,moodys_band,Ba,Severe,72,0.032906122655497,0.002784425212385755,0.8344164617762211,V2,SYNTHETIC_DEMO
PP_COMM_MOODYS_V2,Commercial term prepayment by Moody's,Commercial Term Loan,moodys_band,Ba,Severe,73,0.033179955698293954,0.0028079584344730124,0.8320734550345135,V2,SYNTHETIC_DEMO
PP_COMM_MOODYS_V2,Commercial term prepayment by Moody's,Commercial Term Loan,moodys_band,Ba,Severe,74,0.033458453015238115,0.0028318987721688282,0.829717107238847,V2,SYNTHETIC_DEMO
PP_COMM_MOODYS_V2,Commercial term prepayment by Moody's,Commercial Term Loan,moodys_band,Ba,Severe,75,0.03373968171614322,0.002856080324041277,0.8273473685343417,V2,SYNTHETIC_DEMO
PP_COMM_MOODYS_V2,Commercial term prepayment by Moody's,Commercial Term Loan,moodys_band,Ba,Severe,76,0.03402168995385313,0.0028803353838914303,0.8249643306339828,V2,SYNTHETIC_DEMO
PP_COMM_MOODYS_V2,Commercial term prepayment by Moody's,Commercial Term Loan,moodys_band,Ba,Severe,77,0.03430252047089378,0.002904495601147139,0.8225682253645531,V2,SYNTHETIC_DEMO
PP_COMM_MOODYS_V2,Commercial term prepayment by Moody's,Commercial Term Loan,moodys_band,Ba,Severe,78,0.03458022418367488,0.0029283931494428206,0.8201594222084462,V2,SYNTHETIC_DEMO
PP_COMM_MOODYS_V2,Commercial term prepayment by Moody's,Commercial Term Loan,moodys_band,Ba,Severe,79,0.03485287370996165,0.0029518618952818487,0.8177384248619727,V2,SYNTHETIC_DEMO
PP_COMM_MOODYS_V2,Commercial term prepayment by Moody's,Commercial Term Loan,moodys_band,Ba,Severe,80,0.0351185767457297,0.002974738558568002,0.8153058668387131,V2,SYNTHETIC_DEMO
PP_COMM_MOODYS_V2,Commercial term prepayment by Moody's,Commercial Term Loan,moodys_band,Ba,Severe,81,0.035375489198562156,0.002996863856751242,0.8128625061541869,V2,SYNTHETIC_DEMO
PP_COMM_MOODYS_V2,Commercial term prepayment by Moody's,Commercial Term Loan,moodys_band,Ba,Severe,82,0.0356218279864378,0.0030180836243505205,0.8104092191355144,V2,SYNTHETIC_DEMO
PP_COMM_MOODYS_V2,Commercial term prepayment by Moody's,Commercial Term Loan,moodys_band,Ba,Severe,83,0.03585588341308092,0.003038249899698253,0.8079469934067615,V2,SYNTHETIC_DEMO
PP_COMM_MOODYS_V2,Commercial term prepayment by Moody's,Commercial Term Loan,moodys_band,Ba,Severe,84,0.036076031033982846,0.003057221970902413,0.8054769201071937,V2,SYNTHETIC_DEMO
PP_COMM_MOODYS_V2,Commercial term prepayment by Moody's,Commercial Term Loan,moodys_band,B,Severe,1,0.002,0.00016681963994558124,0.9998331803600544,V2,SYNTHETIC_DEMO
PP_COMM_MOODYS_V2,Commercial term prepayment by Moody's,Commercial Term Loan,moodys_band,B,Severe,2,0.003231964289386186,0.0002697301468296276,0.9995634952095108,V2,SYNTHETIC_DEMO
PP_COMM_MOODYS_V2,Commercial term prepayment by Moody's,Commercial Term Loan,moodys_band,B,Severe,3,0.004886816158102496,0.0004081496582538646,0.9991555237105381,V2,SYNTHETIC_DEMO
PP_COMM_MOODYS_V2,Commercial term prepayment by Moody's,Commercial Term Loan,moodys_band,B,Severe,4,0.006566489374653962,0.0005488612882513788,0.9986071259226308,V2,SYNTHETIC_DEMO
PP_COMM_MOODYS_V2,Commercial term prepayment by Moody's,Commercial Term Loan,moodys_band,B,Severe,5,0.008269724939088181,0.0006917696843651289,0.9979163197863266,V2,SYNTHETIC_DEMO
PP_COMM_MOODYS_V2,Commercial term prepayment by Moody's,Commercial Term Loan,moodys_band,B,Severe,6,0.009994926764536071,0.0008367506776086886,0.9970813126295486,V2,SYNTHETIC_DEMO
PP_COMM_MOODYS_V2,Commercial term prepayment by Moody's,Commercial Term Loan,moodys_band,B,Severe,7,0.011740178359023875,0.0009836524329054352,0.996100531170576,V2,SYNTHETIC_DEMO
PP_COMM_MOODYS_V2,Commercial term prepayment by Moody's,Commercial Term Loan,moodys_band,B,Severe,8,0.013503262896677084,0.0011322968903535457,0.994972649636652,V2,SYNTHETIC_DEMO
PP_COMM_MOODYS_V2,Commercial term prepayment by Moody's,Commercial Term Loan,moodys_band,B,Severe,9,0.015281686492027382,0.0012824814870713297,0.9936966156333507,V2,SYNTHETIC_DEMO
PP_COMM_MOODYS_V2,Commercial term prepayment by Moody's,Commercial Term Loan,moodys_band,B,Severe,10,0.01707270446113879,0.0014339811469292751,0.992271673420765,V2,SYNTHETIC_DEMO
PP_COMM_MOODYS_V2,Commercial term prepayment by Moody's,Commercial Term Loan,moodys_band,B,Severe,11,0.01887335032515546,0.0015865505230321375,0.9906973842783093,V2,SYNTHETIC_DEMO
PP_COMM_MOODYS_V2,Commercial term prepayment by Moody's,Commercial Term Loan,moodys_band,B,Severe,12,0.020680467285887228,0.0017399264753935606,0.9889736436703004,V2,SYNTHETIC_DEMO
PP_COMM_MOODYS_V2,Commercial term prepayment by Moody's,Commercial Term Loan,moodys_band,B,Severe,13,0.022490741879418852,0.0018938307638607377,0.9871006949592701,V2,SYNTHETIC_DEMO
PP_COMM_MOODYS_V2,Commercial term prepayment by Moody's,Commercial Term Loan,moodys_band,B,Severe,14,0.024300739492663485,0.0020479729340271424,0.9850791394528341,V2,SYNTHETIC_DEMO
PP_COMM_MOODYS_V2,Commercial term prepayment by Moody's,Commercial Term Loan,moodys_band,B,Severe,15,0.026106941409468454,0.002202053371631263,0.9829099426124783,V2,SYNTHETIC_DEMO
PP_COMM_MOODYS_V2,Commercial term prepayment by Moody's,Commercial Term Loan,moodys_band,B,Severe,16,0.0279057830374852,0.0023557664988230753,0.9805944362983118,V2,SYNTHETIC_DEMO
PP_COMM_MOODYS_V2,Commercial term prepayment by Moody's,Commercial Term Loan,moodys_band,B,Severe,17,0.029693692954677026,0.0025088040837054626,0.9781343169720678,V2,SYNTHETIC_DEMO
PP_COMM_MOODYS_V2,Commercial term prepayment by Moody's,Commercial Term Loan,moodys_band,B,Severe,18,0.03146713240517019,0.0026608586327719896,0.9755316398307421,V2,SYNTHETIC_DEMO
PP_COMM_MOODYS_V2,Commercial term prepayment by Moody's,Commercial Term Loan,moodys_band,B,Severe,19,0.03147407513833842,0.0026614544034919696,0.9729353068521688,V2,SYNTHETIC_DEMO
PP_COMM_MOODYS_V2,Commercial term prepayment by Moody's,Commercial Term Loan,moodys_band,B,Severe,20,0.03146116078951513,0.002660346198845809,0.9703469621068618,V2,SYNTHETIC_DEMO
PP_COMM_MOODYS_V2,Commercial term prepayment by Moody's,Commercial Term Loan,moodys_band,B,Severe,21,0.0314284789897904,0.002657541772441485,0.9677682245213011,V2,SYNTHETIC_DEMO
PP_COMM_MOODYS_V2,Commercial term prepayment by Moody's,Commercial Term Loan,moodys_band,B,Severe,22,0.03137625656479634,0.002653060744320479,0.9652006766352229,V2,SYNTHETIC_DEMO
PP_COMM_MOODYS_V2,Commercial term prepayment by Moody's,Commercial Term Loan,moodys_band,B,Severe,23,0.031304855960440435,0.0026469344604289624,0.9626458537030078,V2,SYNTHETIC_DEMO
PP_COMM_MOODYS_V2,Commercial term prepayment by Moody's,Commercial Term Loan,moodys_band,B,Severe,24,0.031214772727376324,0.0026392057682095293,0.9601052332131719,V2,SYNTHETIC_DEMO
PP_COMM_MOODYS_V2,Commercial term prepayment by Moody's,Commercial Term Loan,moodys_band,B,Severe,25,0.031106632081670894,0.002629928710060181,0.9575802248956655,V2,SYNTHETIC_DEMO
PP_COMM_MOODYS_V2,Commercial term prepayment by Moody's,Commercial Term Loan,moodys_band,B,Severe,26,0.030981184565538014,0.0026191681370492104,0.9550721612819504,V2,SYNTHETIC_DEMO
PP_COMM_MOODYS_V2,Commercial term prepayment by Moody's,Commercial Term Loan,moodys_band,B,Severe,27,0.030839300838255413,0.0026069992458798152,0.9525822888777276,V2,SYNTHETIC_DEMO
PP_COMM_MOODYS_V2,Commercial term prepayment by Moody's,Commercial Term Loan,moodys_band,B,Severe,28,0.030681965633417865,0.0025935070426807982,0.9501117600027902,V2,SYNTHETIC_DEMO
PP_COMM_MOODYS_V2,Commercial term prepayment by Moody's,Commercial Term Loan,moodys_band,B,Severe,29,0.03051027092446599,0.0025787857377485013,0.9476616253468279,V2,SYNTHETIC_DEMO
PP_COMM_MOODYS_V2,Commercial term prepayment by Moody's,Commercial Term Loan,moodys_band,B,Severe,30,0.03032540834592466,0.0025629380758661613,0.9452328272841892,V2,SYNTHETIC_DEMO
PP_COMM_MOODYS_V2,Commercial term prepayment by Moody's,Commercial Term Loan,moodys_band,B,Severe,31,0.030128660922951123,0.0025460746072922813,0.9428261939846618,V2,SYNTHETIC_DEMO
PP_COMM_MOODYS_V2,Commercial term prepayment by Moody's,Commercial Term Loan,moodys_band,B,Severe,32,0.029921394166593052,0.0025283129049211706,0.9404424343513127,V2,SYNTHETIC_DEMO
PP_COMM_MOODYS_V2,Commercial term prepayment by Moody's,Commercial Term Loan,moodys_band,B,Severe,33,0.029705046596559346,0.002509776733482294,0.9380821338103983,V2,SYNTHETIC_DEMO
PP_COMM_MOODYS_V2,Commercial term prepayment by Moody's,Commercial Term Loan,moodys_band,B,Severe,34,0.02948111975727965,0.0024905951769574886,0.9357457509723401,V2,SYNTHETIC_DEMO
PP_COMM_MOODYS_V2,Commercial term prepayment by Moody's,Commercial Term Loan,moodys_band,B,Severe,35,0.02925116779654552,0.0024709017306459025,0.933433615176818,V2,SYNTHETIC_DEMO
PP_COMM_MOODYS_V2,Commercial term prepayment by Moody's,Commercial Term Loan,moodys_band,B,Severe,36,0.029016786679061705,0.0024508333645133495,0.9311459249291844,V2,SYNTHETIC_DEMO
PP_COMM_MOODYS_V2,Commercial term prepayment by Moody's,Commercial Term Loan,moodys_band,B,Severe,37,0.028779603109770246,0.002430529564603212,0.9288827472296841,V2,SYNTHETIC_DEMO
PP_COMM_MOODYS_V2,Commercial term prepayment by Moody's,Commercial Term Loan,moodys_band,B,Severe,38,0.028541263243824284,0.0024101313593811735,0.9266440177913977,V2,SYNTHETIC_DEMO
PP_COMM_MOODYS_V2,Commercial term prepayment by Moody's,Commercial Term Loan,moodys_band,B,Severe,39,0.028303421261569008,0.002389780337919367,0.9244295421374292,V2,SYNTHETIC_DEMO
PP_COMM_MOODYS_V2,Commercial term prepayment by Moody's,Commercial Term Loan,moodys_band,B,Severe,40,0.02806772788782438,0.00236961766681576,0.9222389975626539,V2,SYNTHETIC_DEMO
PP_COMM_MOODYS_V2,Commercial term prepayment by Moody's,Commercial Term Loan,moodys_band,B,Severe,41,0.027835818935150723,0.002349783112676307,0.9200719359403297,V2,SYNTHETIC_DEMO
PP_COMM_MOODYS_V2,Commercial term prepayment by Moody's,Commercial Term Loan,moodys_band,B,Severe,42,0.0276093039506117,0.0023304140768781734,0.9179277873490738,V2,SYNTHETIC_DEMO
PP_COMM_MOODYS_V2,Commercial term prepayment by Moody's,Commercial Term Loan,moodys_band,B,Severe,43,0.027389755044831033,0.0023116446491768805,0.9158058644911176,V2,SYNTHETIC_DEMO
PP_COMM_MOODYS_V2,Commercial term prepayment by Moody's,Commercial Term Loan,moodys_band,B,Severe,44,0.027178695980874173,0.0022936046865199566,0.9137053678683783,V2,SYNTHETIC_DEMO
PP_COMM_MOODYS_V2,Commercial term prepayment by Moody's,Commercial Term Loan,moodys_band,B,Severe,45,0.026977591598682533,0.002276418923198409,0.9116253916787348,V2,SYNTHETIC_DEMO
PP_COMM_MOODYS_V2,Commercial term prepayment by Moody's,Commercial Term Loan,moodys_band,B,Severe,46,0.026787837648459437,0.0022602061181917765,0.9095649303909635,V2,SYNTHETIC_DEMO
PP_COMM_MOODYS_V2,Commercial term prepayment by Moody's,Commercial Term Loan,moodys_band,B,Severe,47,0.026610751103568246,0.002245078245262877,0.9075228859530887,V2,SYNTHETIC_DEMO
PP_COMM_MOODYS_V2,Commercial term prepayment by Moody's,Commercial Term Loan,moodys_band,B,Severe,48,0.02644756102017543,0.0022311397310286196,0.9054980755854211,V2,SYNTHETIC_DEMO
PP_COMM_MOODYS_V2,Commercial term prepayment by Moody's,Commercial Term Loan,moodys_band,B,Severe,49,0.02629940000707644,0.0022184867458712176,0.9034892401063229,V2,SYNTHETIC_DEMO
PP_COMM_MOODYS_V2,Commercial term prepayment by Moody's,Commercial Term Loan,moodys_band,B,Severe,50,0.02616729636490751,0.0022072065521836493,0.9014950527357328,V2,SYNTHETIC_DEMO
PP_COMM_MOODYS_V2,Commercial term prepayment by Moody's,Commercial Term Loan,moodys_band,B,Severe,51,0.026052166949300556,0.002197376914037763,0.8995141283187321,V2,SYNTHETIC_DEMO
PP_COMM_MOODYS_V2,Commercial term prepayment by Moody's,Commercial Term Loan,moodys_band,B,Severe,52,0.025954810807513974,0.002189065571953863,0.8975450329089435,V2,SYNTHETIC_DEMO
PP_COMM_MOODYS_V2,Commercial term prepayment by Moody's,Commercial Term Loan,moodys_band,B,Severe,53,0.025875903632703773,0.002182329786019954,0.8955862936493321,V2,SYNTHETIC_DEMO
PP_COMM_MOODYS_V2,Commercial term prepayment by Moody's,Commercial Term Loan,moodys_band,B,Severe,54,0.02581599307432486,0.0021772159501669552,0.8936364088860478,V2,SYNTHETIC_DEMO
PP_COMM_MOODYS_V2,Commercial term prepayment by Moody's,Commercial Term Loan,moodys_band,B,Severe,55,0.02577549493721016,0.002173759279960108,0.8916938584493215,V2,SYNTHETIC_DEMO
PP_COMM_MOODYS_V2,Commercial term prepayment by Moody's,Commercial Term Loan,moodys_band,B,Severe,56,0.0257546902957077,0.0021719835758036155,0.8897571140341246,V2,SYNTHETIC_DEMO
PP_COMM_MOODYS_V2,Commercial term prepayment by Moody's,Commercial Term Loan,moodys_band,B,Severe,57,0.02575372354290476,0.002171901062995807,0.8878246496123459,V2,SYNTHETIC_DEMO
PP_COMM_MOODYS_V2,Commercial term prepayment by Moody's,Commercial Term Loan,moodys_band,B,Severe,58,0.025772601388478186,0.0021735123095998343,0.8858949518076473,V2,SYNTHETIC_DEMO
PP_COMM_MOODYS_V2,Commercial term prepayment by Moody's,Commercial Term Loan,moodys_band,B,Severe,59,0.025811192812126446,0.0021768062226291685,0.8839665301639567,V2,SYNTHETIC_DEMO
PP_COMM_MOODYS_V2,Commercial term prepayment by Moody's,Commercial Term Loan,moodys_band,B,Severe,60,0.02586922997290636,0.002181760122566545,0.8820379272387614,V2,SYNTHETIC_DEMO
PP_COMM_MOODYS_V2,Commercial term prepayment by Moody's,Commercial Term Loan,moodys_band,B,Severe,61,0.025946310068163538,0.002188339895770275,0.8801077284530023,V2,SYNTHETIC_DEMO
PP_COMM_MOODYS_V2,Commercial term prepayment by Moody's,Commercial Term Loan,moodys_band,B,Severe,62,0.026041898129154594,0.002196500223844766,0.8781745716304478,V2,SYNTHETIC_DEMO
PP_COMM_MOODYS_V2,Commercial term prepayment by Moody's,Commercial Term Loan,moodys_band,B,Severe,63,0.026155330733958496,0.002206184888585039,0.8762371561609771,V2,SYNTHETIC_DEMO
PP_COMM_MOODYS_V2,Commercial term prepayment by Moody's,Commercial Term Loan,moodys_band,B,Severe,64,0.026285820611907686,0.0022173271506411574,0.8742942517242207,V2,SYNTHETIC_DEMO
PP_COMM_MOODYS_V2,Commercial term prepayment by Moody's,Commercial Term Loan,moodys_band,B,Severe,65,0.026432462107582363,0.002229850199590433,0.8723447065125127,V2,SYNTHETIC_DEMO
PP_COMM_MOODYS_V2,Commercial term prepayment by Moody's,Commercial Term Loan,moodys_band,B,Severe,66,0.02659423746644544,0.0022436676726494964,0.8703874548951037,V2,SYNTHETIC_DEMO
PP_COMM_MOODYS_V2,Commercial term prepayment by Moody's,Commercial Term Loan,moodys_band,B,Severe,67,0.026770023898493225,0.002258684238824915,0.8684215244690612,V2,SYNTHETIC_DEMO
PP_COMM_MOODYS_V2,Commercial term prepayment by Moody's,Commercial Term Loan,moodys_band,B,Severe,68,0.02695860137089701,0.002274796244862598,0.8664460424462411,V2,SYNTHETIC_DEMO
PP_COMM_MOODYS_V2,Commercial term prepayment by Moody's,Commercial Term Loan,moodys_band,B,Severe,69,0.027158661075551375,0.0022918924189457845,0.864460241330133,V2,SYNTHETIC_DEMO
PP_COMM_MOODYS_V2,Commercial term prepayment by Moody's,Commercial Term Loan,moodys_band,B,Severe,70,0.02736881451276077,0.0023098546276900667,0.8624634638412425,V2,SYNTHETIC_DEMO
PP_COMM_MOODYS_V2,Commercial term prepayment by Moody's,Commercial Term Loan,moodys_band,B,Severe,71,0.027587603128019746,0.002328558681602755,0.8604551670549498,V2,SYNTHETIC_DEMO
PP_COMM_MOODYS_V2,Commercial term prepayment by Moody's,Commercial Term Loan,moodys_band,B,Severe,72,0.02781350843500342,0.0023478751838144074,0.8584349257214366,V2,SYNTHETIC_DEMO
PP_COMM_MOODYS_V2,Commercial term prepayment by Moody's,Commercial Term Loan,moodys_band,B,Severe,73,0.028044962554510368,0.002367670416561718,0.8564024347432626,V2,SYNTHETIC_DEMO
PP_COMM_MOODYS_V2,Commercial term prepayment by Moody's,Commercial Term Loan,moodys_band,B,Severe,74,0.02828035909621317,0.0023878072595873157,0.8543575107924544,V2,SYNTHETIC_DEMO
PP_COMM_MOODYS_V2,Commercial term prepayment by Moody's,Commercial Term Loan,moodys_band,B,Severe,75,0.028518064307692482,0.002408146134355582,0.8523000930554818,V2,SYNTHETIC_DEMO
PP_COMM_MOODYS_V2,Commercial term prepayment by Moody's,Commercial Term Loan,moodys_band,B,Severe,76,0.028756428413375862,0.0024285459677412247,0.8502302431011864,V2,SYNTHETIC_DEMO
PP_COMM_MOODYS_V2,Commercial term prepayment by Moody's,Commercial Term Loan,moodys_band,B,Severe,77,0.028993797064684027,0.0024488651686436214,0.8481481438735285,V2,SYNTHETIC_DEMO
PP_COMM_MOODYS_V2,Commercial term prepayment by Moody's,Commercial Term Loan,moodys_band,B,Severe,78,0.02922852282191567,0.0024689626108257423,0.8460540978178636,V2,SYNTHETIC_DEMO
PP_COMM_MOODYS_V2,Commercial term prepayment by Moody's,Commercial Term Loan,moodys_band,B,Severe,79,0.029458976588181873,0.0024886986151542168,0.8439485241562787,V2,SYNTHETIC_DEMO
PP_COMM_MOODYS_V2,Commercial term prepayment by Moody's,Commercial Term Loan,moodys_band,B,Severe,80,0.02968355891603344,0.0025079359243533883,0.8418319553342422,V2,SYNTHETIC_DEMO
PP_COMM_MOODYS_V2,Commercial term prepayment by Moody's,Commercial Term Loan,moodys_band,B,Severe,81,0.029900711108308487,0.0025265406633631082,0.8397050326673717,V2,SYNTHETIC_DEMO
PP_COMM_MOODYS_V2,Commercial term prepayment by Moody's,Commercial Term Loan,moodys_band,B,Severe,82,0.030108926036155757,0.0025443832784248777,0.8375685012234436,V2,SYNTHETIC_DEMO
PP_COMM_MOODYS_V2,Commercial term prepayment by Moody's,Commercial Term Loan,moodys_band,B,Severe,83,0.030306758599151735,0.0025613394481056595,0.8354232039807693,V2,SYNTHETIC_DEMO
PP_COMM_MOODYS_V2,Commercial term prepayment by Moody's,Commercial Term Loan,moodys_band,B,Severe,84,0.03049283575491407,0.002577290959608569,0.8332700753097024,V2,SYNTHETIC_DEMO
PP_COMM_MOODYS_V2,Commercial term prepayment by Moody's,Commercial Term Loan,moodys_band,Caa,Severe,1,0.002,0.00016681963994558124,0.9998331803600544,V2,SYNTHETIC_DEMO
PP_COMM_MOODYS_V2,Commercial term prepayment by Moody's,Commercial Term Loan,moodys_band,Caa,Severe,2,0.002958840546621156,0.00024690506135560675,0.9995863164873122,V2,SYNTHETIC_DEMO
PP_COMM_MOODYS_V2,Commercial term prepayment by Moody's,Commercial Term Loan,moodys_band,Caa,Severe,3,0.004473845778544538,0.00037358714689772476,0.9992128838872577,V2,SYNTHETIC_DEMO
PP_COMM_MOODYS_V2,Commercial term prepayment by Moody's,Commercial Term Loan,moodys_band,Caa,Severe,4,0.006011574779612782,0.0005023501999370517,0.9987109290952573,V2,SYNTHETIC_DEMO
PP_COMM_MOODYS_V2,Commercial term prepayment by Moody's,Commercial Term Loan,moodys_band,Caa,Severe,5,0.0075708749442356576,0.0006331061281708017,0.9980786390857759,V2,SYNTHETIC_DEMO
PP_COMM_MOODYS_V2,Commercial term prepayment by Moody's,Commercial Term Loan,moodys_band,Caa,Severe,6,0.009150285066124572,0.0007657405099438241,0.9973143698397183,V2,SYNTHETIC_DEMO
PP_COMM_MOODYS_V2,Commercial term prepayment by Moody's,Commercial Term Loan,moodys_band,Caa,Severe,7,0.010748050610373969,0.0009001136665419684,0.9964166735455869,V2,SYNTHETIC_DEMO
PP_COMM_MOODYS_V2,Commercial term prepayment by Moody's,Commercial Term Loan,moodys_band,Caa,Severe,8,0.012362142088507189,0.0010360620002741738,0.9953843240936867,V2,SYNTHETIC_DEMO
PP_COMM_MOODYS_V2,Commercial term prepayment by Moody's,Commercial Term Loan,moodys_band,Caa,Severe,9,0.01399027636594056,0.0011733995885484516,0.9942163405373476,V2,SYNTHETIC_DEMO
PP_COMM_MOODYS_V2,Commercial term prepayment by Moody's,Commercial Term Loan,moodys_band,Caa,Severe,10,0.015629940703859455,0.0013119200218953964,0.9929120082141011,V2,SYNTHETIC_DEMO
PP_COMM_MOODYS_V2,Commercial term prepayment by Moody's,Commercial Term Loan,moodys_band,Caa,Severe,11,0.01727841931176204,0.0014513984716554296,0.9914708972428908,V2,SYNTHETIC_DEMO
PP_COMM_MOODYS_V2,Commercial term prepayment by Moody's,Commercial Term Loan,moodys_band,Caa,Severe,12,0.018932822163136194,0.0015915939708404103,0.9898928781405754,V2,SYNTHETIC_DEMO
PP_COMM_MOODYS_V2,Commercial term prepayment by Moody's,Commercial Term Loan,moodys_band,Caa,Severe,13,0.020590115805101762,0.0017322518895249717,0.9881781343319891,V2,SYNTHETIC_DEMO
PP_COMM_MOODYS_V2,Commercial term prepayment by Moody's,Commercial Term Loan,moodys_band,Caa,Severe,14,0.022247155873565162,0.0018731065840340566,0.9863271713623734,V2,SYNTHETIC_DEMO
PP_COMM_MOODYS_V2,Commercial term prepayment by Moody's,Commercial Term Loan,moodys_band,Caa,Severe,15,0.0239007210086683,0.0020138841971945043,0.9843408226587032,V2,SYNTHETIC_DEMO
PP_COMM_MOODYS_V2,Commercial term prepayment by Moody's,Commercial Term Loan,moodys_band,Caa,Severe,16,0.025547547851218842,0.0021543055850404835,0.9822202517268661,V2,SYNTHETIC_DEMO
PP_COMM_MOODYS_V2,Commercial term prepayment by Moody's,Commercial Term Loan,moodys_band,Caa,Severe,17,0.02718436678949305,0.002294089343630068,0.9799669507142819,V2,SYNTHETIC_DEMO
PP_COMM_MOODYS_V2,Commercial term prepayment by Moody's,Commercial Term Loan,moodys_band,Caa,Severe,18,0.028807938117409324,0.002432954908070606,0.9775827353117945,V2,SYNTHETIC_DEMO
PP_COMM_MOODYS_V2,Commercial term prepayment by Moody's,Commercial Term Loan,moodys_band,Caa,Severe,19,0.028814294140732354,0.0024334989626979553,0.9752037887394618,V2,SYNTHETIC_DEMO
PP_COMM_MOODYS_V2,Commercial term prepayment by Moody's,Commercial Term Loan,moodys_band,Caa,Severe,20,0.02880247114533075,0.002432486955907698,0.9728316182440013,V2,SYNTHETIC_DEMO
PP_COMM_MOODYS_V2,Commercial term prepayment by Moody's,Commercial Term Loan,moodys_band,Caa,Severe,21,0.028772551187836278,0.002429925963312818,0.9704677094368986,V2,SYNTHETIC_DEMO
PP_COMM_MOODYS_V2,Commercial term prepayment by Moody's,Commercial Term Loan,moodys_band,Caa,Severe,22,0.02872474192551777,0.002425833889463047,0.9681135159787171,V2,SYNTHETIC_DEMO
PP_COMM_MOODYS_V2,Commercial term prepayment by Moody's,Commercial Term Loan,moodys_band,Caa,Severe,23,0.0286593751750511,0.0024202393399490596,0.965770449561809,V2,SYNTHETIC_DEMO
PP_COMM_MOODYS_V2,Commercial term prepayment by Moody's,Commercial Term Loan,moodys_band,Caa,Severe,24,0.02857690460956987,0.00241318141715563,0.9634398702596885,V2,SYNTHETIC_DEMO
PP_COMM_MOODYS_V2,Commercial term prepayment by Moody's,Commercial Term Loan,moodys_band,Caa,Severe,25,0.028477902609980395,0.0024047094412410486,0.9611230773076069,V2,SYNTHETIC_DEMO
PP_COMM_MOODYS_V2,Commercial term prepayment by Moody's,Commercial Term Loan,moodys_band,Caa,Severe,26,0.028363056292393954,0.0023948825984934086,0.9588213003747525,V2,SYNTHETIC_DEMO
PP_COMM_MOODYS_V2,Commercial term prepayment by Moody's,Commercial Term Loan,moodys_band,Caa,Severe,27,0.028233162739247912,0.002383769519767376,0.9565356913840155,V2,SYNTHETIC_DEMO
PP_COMM_MOODYS_V2,Commercial term prepayment by Moody's,Commercial Term Loan,moodys_band,Caa,Severe,28,0.02808912346721354,0.0023714477922285315,0.954267316930495,V2,SYNTHETIC_DEMO
PP_COMM_MOODYS_V2,Commercial term prepayment by Moody's,Commercial Term Loan,moodys_band,Caa,Severe,29,0.027931938170285765,0.0023580034081290835,0.9520171513449067,V2,SYNTHETIC_DEMO
PP_COMM_MOODYS_V2,Commercial term prepayment by Moody's,Commercial Term Loan,moodys_band,Caa,Severe,30,0.027762697781480317,0.0023435301547960474,0.9497860704428469,V2,SYNTHETIC_DEMO
PP_COMM_MOODYS_V2,Commercial term prepayment by Moody's,Commercial Term Loan,moodys_band,Caa,Severe,31,0.02758257690129328,0.0023281289504345493,0.9475748459955294,V2,SYNTHETIC_DEMO
PP_COMM_MOODYS_V2,Commercial term prepayment by Moody's,Commercial Term Loan,moodys_band,Caa,Severe,32,0.02739282564547251,0.002311907130726931,0.9453841409521749,V2,SYNTHETIC_DEMO
PP_COMM_MOODYS_V2,Commercial term prepayment by Moody's,Commercial Term Loan,moodys_band,Caa,Severe,33,0.02719476096868109,0.0022949776915385245,0.9432145054387554,V2,SYNTHETIC_DEMO
PP_COMM_MOODYS_V2,Commercial term prepayment by Moody's,Commercial Term Loan,moodys_band,Caa,Severe,34,0.0269897575242701,0.0022774584933306086,0.9410663735523113,V2,SYNTHETIC_DEMO
PP_COMM_MOODYS_V2,Commercial term prepayment by Moody's,Commercial Term Loan,moodys_band,Caa,Severe,35,0.02677923812359801,0.0022594714331160004,0.9389400609646037,V2,SYNTHETIC_DEMO
PP_COMM_MOODYS_V2,Commercial term prepayment by Moody's,Commercial Term Loan,moodys_band,Caa,Severe,36,0.026564663861112826,0.0022411415899810105,0.9368357633434766,V2,SYNTHETIC_DEMO
PP_COMM_MOODYS_V2,Commercial term prepayment by Moody's,Commercial Term Loan,moodys_band,Caa,Severe,37,0.026347523973733324,0.0022225963503381685,0.9347535555950032,V2,SYNTHETIC_DEMO
PP_COMM_MOODYS_V2,Commercial term prepayment by Moody's,Commercial Term Loan,moodys_band,Caa,Severe,38,0.026129325504909554,0.002203964519160828,0.9326933919243123,V2,SYNTHETIC_DEMO
PP_COMM_MOODYS_V2,Commercial term prepayment by Moody's,Commercial Term Loan,moodys_band,Caa,Severe,39,0.025911582845098386,0.002185375423496172,0.9306551067079436,V2,SYNTHETIC_DEMO
PP_COMM_MOODYS_V2,Commercial term prepayment by Moody's,Commercial Term Loan,moodys_band,Caa,Severe,40,0.02569580722124767,0.002166958014542808,0.9286384161656877,V2,SYNTHETIC_DEMO
PP_COMM_MOODYS_V2,Commercial term prepayment by Moody's,Commercial Term Loan,moodys_band,Caa,Severe,41,0.025483496208236575,0.0021488399745323017,0.9266429208151444,V2,SYNTHETIC_DEMO
PP_COMM_MOODYS_V2,Commercial term prepayment by Moody's,Commercial Term Loan,moodys_band,Caa,Severe,42,0.025276123335067048,0.002131146834558506,0.9246681086876832,V2,SYNTHETIC_DEMO
PP_COMM_MOODYS_V2,Commercial term prepayment by Moody's,Commercial Term Loan,moodys_band,Caa,Severe,43,0.0250751278579439,0.002114001109362107,0.9227133592801257,V2,SYNTHETIC_DEMO
PP_COMM_MOODYS_V2,Commercial term prepayment by Moody's,Commercial Term Loan,moodys_band,Caa,Severe,44,0.024881904771222832,0.0020975214549066035,0.9207779482123066,V2,SYNTHETIC_DEMO
PP_COMM_MOODYS_V2,Commercial term prepayment by Moody's,Commercial Term Loan,moodys_band,Caa,Severe,45,0.02469779512555443,0.0020818218543733336,0.9188610525566933,V2,SYNTHETIC_DEMO
PP_COMM_MOODYS_V2,Commercial term prepayment by Moody's,Commercial Term Loan,moodys_band,Caa,Severe,46,0.02452407672042061,0.0020670108379564622,0.9169617568024825,V2,SYNTHETIC_DEMO
PP_COMM_MOODYS_V2,Commercial term prepayment by Moody's,Commercial Term Loan,moodys_band,Caa,Severe,47,0.024361955235661068,0.0020531907415756168,0.9150790594130367,V2,SYNTHETIC_DEMO
PP_COMM_MOODYS_V2,Commercial term prepayment by Moody's,Commercial Term Loan,moodys_band,Caa,Severe,48,0.024212555863540885,0.002040457009315544,0.9132118799321794,V2,SYNTHETIC_DEMO
PP_COMM_MOODYS_V2,Commercial term prepayment by Moody's,Commercial Term Loan,moodys_band,Caa,Severe,49,0.024076915499436177,0.0020288975440867496,0.9113590665917543,V2,SYNTHETIC_DEMO
PP_COMM_MOODYS_V2,Commercial term prepayment by Moody's,Commercial Term Loan,moodys_band,Caa,Severe,50,0.023955975545337863,0.002018592110652362,0.9095194043699606,V2,SYNTHETIC_DEMO
PP_COMM_MOODYS_V2,Commercial term prepayment by Moody's,Commercial Term Loan,moodys_band,Caa,Severe,51,0.023850575376120224,0.002009611794802746,0.9076916234473368,V2,SYNTHETIC_DEMO
PP_COMM_MOODYS_V2,Commercial term prepayment by Moody's,Commercial Term Loan,moodys_band,Caa,Severe,52,0.02376144651392124,0.0020020185220828157,0.9058744080048557,V2,SYNTHETIC_DEMO
PP_COMM_MOODYS_V2,Commercial term prepayment by Moody's,Commercial Term Loan,moodys_band,Caa,Severe,53,0.023689207551066835,0.001995864639077638,0.9040664053064734,V2,SYNTHETIC_DEMO
PP_COMM_MOODYS_V2,Commercial term prepayment by Moody's,Commercial Term Loan,moodys_band,Caa,Severe,54,0.02363435985677628,0.0019911925598616875,0.9022662350066063,V2,SYNTHETIC_DEMO
PP_COMM_MOODYS_V2,Commercial term prepayment by Moody's,Commercial Term Loan,moodys_band,Caa,Severe,55,0.02359728409744592,0.001988034479796452,0.9004724986214571,V2,SYNTHETIC_DEMO
PP_COMM_MOODYS_V2,Commercial term prepayment by Moody's,Commercial Term Loan,moodys_band,Caa,Severe,56,0.023578237594661978,0.0019864121584408645,0.8986837891018538,V2,SYNTHETIC_DEMO
PP_COMM_MOODYS_V2,Commercial term prepayment by Moody's,Commercial Term Loan,moodys_band,Caa,Severe,57,0.023577352539279003,0.0019863367729051618,0.896898700444347,V2,SYNTHETIC_DEMO
PP_COMM_MOODYS_V2,Commercial term prepayment by Moody's,Commercial Term Loan,moodys_band,Caa,Severe,58,0.0235946350739589,0.0019878088425494544,0.8951158372767327,V2,SYNTHETIC_DEMO
PP_COMM_MOODYS_V2,Commercial term prepayment by Moody's,Commercial Term Loan,moodys_band,Caa,Severe,59,0.023629965250538294,0.0019908182254847473,0.8933338243539621,V2,SYNTHETIC_DEMO
PP_COMM_MOODYS_V2,Commercial term prepayment by Moody's,Commercial Term Loan,moodys_band,Caa,Severe,60,0.023683097862519906,0.001995344186899062,0.8915513159005771,V2,SYNTHETIC_DEMO
PP_COMM_MOODYS_V2,Commercial term prepayment by Moody's,Commercial Term Loan,moodys_band,Caa,Severe,61,0.02375366414691028,0.0020013555387916604,0.8897670047363825,V2,SYNTHETIC_DEMO
PP_COMM_MOODYS_V2,Commercial term prepayment by Moody's,Commercial Term Loan,moodys_band,Caa,Severe,62,0.02384117434359223,0.00200881085025717,0.8879796311230672,V2,SYNTHETIC_DEMO
PP_COMM_MOODYS_V2,Commercial term prepayment by Moody's,Commercial Term Loan,moodys_band,Caa,Severe,63,0.023945021094469044,0.002017658727031746,0.8861879912709053,V2,SYNTHETIC_DEMO
PP_COMM_MOODYS_V2,Commercial term prepayment by Moody's,Commercial Term Loan,moodys_band,Caa,Severe,64,0.024064483658788723,0.002027838158577988,0.8843909454465326,V2,SYNTHETIC_DEMO
PP_COMM_MOODYS_V2,Commercial term prepayment by Moody's,Commercial Term Loan,moodys_band,Caa,Severe,65,0.024198732915392304,0.0020392789305635484,0.8825874256251023,V2,SYNTHETIC_DEMO
PP_COMM_MOODYS_V2,Commercial term prepayment by Moody's,Commercial Term Loan,moodys_band,Caa,Severe,66,0.02434683711716836,0.0020519021001712545,0.8807764426328774,V2,SYNTHETIC_DEMO
PP_COMM_MOODYS_V2,Commercial term prepayment by Moody's,Commercial Term Loan,moodys_band,Caa,Severe,67,0.024507768357775486,0.0020656205312704623,0.8789570927295155,V2,SYNTHETIC_DEMO
PP_COMM_MOODYS_V2,Commercial term prepayment by Moody's,Commercial Term Loan,moodys_band,Caa,Severe,68,0.02468040970575078,0.0020803394860855473,0.8771285635829353,V2,SYNTHETIC_DEMO
PP_COMM_MOODYS_V2,Commercial term prepayment by Moody's,Commercial Term Loan,moodys_band,Caa,Severe,69,0.02486356295649069,0.0020959572696148676,0.8752901395937068,V2,SYNTHETIC_DEMO
PP_COMM_MOODYS_V2,Commercial term prepayment by Moody's,Commercial Term Loan,moodys_band,Caa,Severe,70,0.02505595694830211,0.002112365922688486,0.8734412065303638,V2,SYNTHETIC_DEMO
PP_COMM_MOODYS_V2,Commercial term prepayment by Moody's,Commercial Term Loan,moodys_band,Caa,Severe,71,0.02525625638480681,0.002129451959207107,0.8715812554418655,V2,SYNTHETIC_DEMO
PP_COMM_MOODYS_V2,Commercial term prepayment by Moody's,Commercial Term Loan,moodys_band,Caa,Severe,72,0.025463071102467916,0.002147097142777721,0.8697098858186076,V2,SYNTHETIC_DEMO
PP_COMM_MOODYS_V2,Commercial term prepayment by Moody's,Commercial Term Loan,moodys_band,Caa,Severe,73,0.02567496571891794,0.002165179297661801,0.8678268079788614,V2,SYNTHETIC_DEMO
PP_COMM_MOODYS_V2,Commercial term prepayment by Moody's,Commercial Term Loan,moodys_band,Caa,Severe,74,0.02589046959512473,0.0021835731486768983,0.8659318446632568,V2,SYNTHETIC_DEMO
PP_COMM_MOODYS_V2,Commercial term prepayment by Moody's,Commercial Term Loan,moodys_band,Caa,Severe,75,0.026108087042253682,0.0022021511844461106,0.864024931825882,V2,SYNTHETIC_DEMO
PP_COMM_MOODYS_V2,Commercial term prepayment by Moody's,Commercial Term Loan,moodys_band,Caa,Severe,76,0.02632630770238635,0.0022207845381804203,0.8621061186166807,V2,SYNTHETIC_DEMO
PP_COMM_MOODYS_V2,Commercial term prepayment by Moody's,Commercial Term Loan,moodys_band,Caa,Severe,77,0.026543617031048756,0.002239343879999689,0.8601755665560462,V2,SYNTHETIC_DEMO
PP_COMM_MOODYS_V2,Commercial term prepayment by Moody's,Commercial Term Loan,moodys_band,Caa,Severe,78,0.026758506808796035,0.002257700314659661,0.85823354790877,V2,SYNTHETIC_DEMO
PP_COMM_MOODYS_V2,Commercial term prepayment by Moody's,Commercial Term Loan,moodys_band,Caa,Severe,79,0.026969485608898894,0.0022757262784551813,0.8562804432707423,V2,SYNTHETIC_DEMO
PP_COMM_MOODYS_V2,Commercial term prepayment by Moody's,Commercial Term Loan,moodys_band,Caa,Severe,80,0.027175089148481314,0.002293296429013769,0.8543167383879552,V2,SYNTHETIC_DEMO
PP_COMM_MOODYS_V2,Commercial term prepayment by Moody's,Commercial Term Loan,moodys_band,Caa,Severe,81,0.02737389045126833,0.0023102885216826907,0.852343020233376,V2,SYNTHETIC_DEMO
PP_COMM_MOODYS_V2,Commercial term prepayment by Moody's,Commercial Term Loan,moodys_band,Caa,Severe,82,0.0275645097514102,0.0023265842662530956,0.8503599723730504,V2,SYNTHETIC_DEMO
PP_COMM_MOODYS_V2,Commercial term prepayment by Moody's,Commercial Term Loan,moodys_band,Caa,Severe,83,0.027745624069645952,0.002342070157843934,0.8483683696583305,V2,SYNTHETIC_DEMO
PP_COMM_MOODYS_V2,Commercial term prepayment by Moody's,Commercial Term Loan,moodys_band,Caa,Severe,84,0.027915976395343867,0.002356638275908818,0.8463690722863233,V2,SYNTHETIC_DEMO
PP_EQUIPMENT_ALL_V2,Equipment lease prepayment,Equipment Lease,ALL,ALL,Baseline,1,0.00338908796350066,0.00028286364743090875,0.9997171363525691,V2,SYNTHETIC_DEMO
PP_EQUIPMENT_ALL_V2,Equipment lease prepayment,Equipment Lease,ALL,ALL,Baseline,2,0.006833741289199463,0.0005712699486551953,0.9991460279954152,V2,SYNTHETIC_DEMO
PP_EQUIPMENT_ALL_V2,Equipment lease prepayment,Equipment Lease,ALL,ALL,Baseline,3,0.010332798992248312,0.0008651716035723567,0.9982815952241715,V2,SYNTHETIC_DEMO
PP_EQUIPMENT_ALL_V2,Equipment lease prepayment,Equipment Lease,ALL,ALL,Baseline,4,0.013884339536803713,0.00116445720608771,0.997119139026908,V2,SYNTHETIC_DEMO
PP_EQUIPMENT_ALL_V2,Equipment lease prepayment,Equipment Lease,ALL,ALL,Baseline,5,0.017485700863762447,0.0014689518255569523,0.9956544190473366,V2,SYNTHETIC_DEMO
PP_EQUIPMENT_ALL_V2,Equipment lease prepayment,Equipment Lease,ALL,ALL,Baseline,6,0.02113350816951848,0.0017784182146003413,0.9938837290930556,V2,SYNTHETIC_DEMO
PP_EQUIPMENT_ALL_V2,Equipment lease prepayment,Equipment Lease,ALL,ALL,Baseline,7,0.024823709178378513,0.0020925586425247777,0.9918039691060772,V2,SYNTHETIC_DEMO
PP_EQUIPMENT_ALL_V2,Equipment lease prepayment,Equipment Lease,ALL,ALL,Baseline,8,0.028551616581587513,0.0024110173496039167,0.9894127125291564,V2,SYNTHETIC_DEMO
PP_EQUIPMENT_ALL_V2,Equipment lease prepayment,Equipment Lease,ALL,ALL,Baseline,9,0.032311957249070586,0.002733383613226059,0.9867082680340117,V2,SYNTHETIC_DEMO
PP_EQUIPMENT_ALL_V2,Equipment lease prepayment,Equipment Lease,ALL,ALL,Baseline,10,0.036098927756575576,0.0030591954124017384,0.9836897346270632,V2,SYNTHETIC_DEMO
PP_EQUIPMENT_ALL_V2,Equipment lease prepayment,Equipment Lease,ALL,ALL,Baseline,11,0.039906255711456506,0.003387943672285121,0.9803570492151417,V2,SYNTHETIC_DEMO
PP_EQUIPMENT_ALL_V2,Equipment lease prepayment,Equipment Lease,ALL,ALL,Baseline,12,0.04372726630539185,0.0037190770652154592,0.9767110257976833,V2,SYNTHETIC_DEMO
PP_EQUIPMENT_ALL_V2,Equipment lease prepayment,Equipment Lease,ALL,ALL,Baseline,13,0.047554953472367115,0.0040520073393215394,0.9727533855527548,V2,SYNTHETIC_DEMO
PP_EQUIPMENT_ALL_V2,Equipment lease prepayment,Equipment Lease,ALL,ALL,Baseline,14,0.051382054985710725,0.0043861151399882115,0.968486777200907,V2,SYNTHETIC_DEMO
PP_EQUIPMENT_ALL_V2,Equipment lease prepayment,Equipment Lease,ALL,ALL,Baseline,15,0.05520113078925109,0.004720756283505101,0.9639147871619442,V2,SYNTHETIC_DEMO
PP_EQUIPMENT_ALL_V2,Equipment lease prepayment,Equipment Lease,ALL,ALL,Baseline,16,0.05900464382510938,0.005055268436077731,0.9590419391633359,V2,SYNTHETIC_DEMO
PP_EQUIPMENT_ALL_V2,Equipment lease prepayment,Equipment Lease,ALL,ALL,Baseline,17,0.06278504259455353,0.005388978145170031,0.9538736831128832,V2,SYNTHETIC_DEMO
PP_EQUIPMENT_ALL_V2,Equipment lease prepayment,Equipment Lease,ALL,ALL,Baseline,18,0.06653484466895454,0.005721208163986136,0.9484163732096462,V2,SYNTHETIC_DEMO
PP_EQUIPMENT_ALL_V2,Equipment lease prepayment,Equipment Lease,ALL,ALL,Baseline,19,0.0665495245472154,0.005722511193951396,0.9429890498974273,V2,SYNTHETIC_DEMO
PP_EQUIPMENT_ALL_V2,Equipment lease prepayment,Equipment Lease,ALL,ALL,Baseline,20,0.06652221814439818,0.0057200874108727096,0.9375950701045181,V2,SYNTHETIC_DEMO
PP_EQUIPMENT_ALL_V2,Equipment lease prepayment,Equipment Lease,ALL,ALL,Baseline,21,0.06645311497858733,0.005713953935256533,0.9322376950640173,V2,SYNTHETIC_DEMO
PP_EQUIPMENT_ALL_V2,Equipment lease prepayment,Equipment Lease,ALL,ALL,Baseline,22,0.06634269465523288,0.005704154085079627,0.9269200676074527,V2,SYNTHETIC_DEMO
PP_EQUIPMENT_ALL_V2,Equipment lease prepayment,Equipment Lease,ALL,ALL,Baseline,23,0.06619172353848411,0.00569075705407085,0.9216451906941557,V2,SYNTHETIC_DEMO
PP_EQUIPMENT_ALL_V2,Equipment lease prepayment,Equipment Lease,ALL,ALL,Baseline,24,0.06600124943229538,0.0056738573983328155,0.9164159073102979,V2,SYNTHETIC_DEMO
PP_EQUIPMENT_ALL_V2,Equipment lease prepayment,Equipment Lease,ALL,ALL,Baseline,25,0.06577259430821966,0.005653574335815037,0.9112348818557957,V2,SYNTHETIC_DEMO
PP_EQUIPMENT_ALL_V2,Equipment lease prepayment,Equipment Lease,ALL,ALL,Baseline,26,0.06550734513036208,0.0056300508647657566,0.9061045831211988,V2,SYNTHETIC_DEMO
PP_EQUIPMENT_ALL_V2,Equipment lease prepayment,Equipment Lease,ALL,ALL,Baseline,27,0.06520734284117193,0.005603452708827006,0.9010272689404277,V2,SYNTHETIC_DEMO
PP_EQUIPMENT_ALL_V2,Equipment lease prepayment,Equipment Lease,ALL,ALL,Baseline,28,0.06487466958451686,0.005573967097871946,0.8960049725890684,V2,SYNTHETIC_DEMO
PP_EQUIPMENT_ALL_V2,Equipment lease prepayment,Equipment Lease,ALL,ALL,Baseline,29,0.06451163425471611,0.005541801395006485,0.8910394909820416,V2,SYNTHETIC_DEMO
PP_EQUIPMENT_ALL_V2,Equipment lease prepayment,Equipment Lease,ALL,ALL,Baseline,30,0.06412075647182894,0.005507181581348108,0.8861323747090515,V2,SYNTHETIC_DEMO
PP_EQUIPMENT_ALL_V2,Equipment lease prepayment,Equipment Lease,ALL,ALL,Baseline,31,0.06370474909441662,0.005470350611245678,0.8812849199314172,V2,SYNTHETIC_DEMO
PP_EQUIPMENT_ALL_V2,Equipment lease prepayment,Equipment Lease,ALL,ALL,Baseline,32,0.06326649939114667,0.005431566651503683,0.8764981621498447,V2,SYNTHETIC_DEMO
PP_EQUIPMENT_ALL_V2,Equipment lease prepayment,Equipment Lease,ALL,ALL,Baseline,33,0.06280904900191661,0.00539110121891917,0.8717728718394983,V2,SYNTHETIC_DEMO
PP_EQUIPMENT_ALL_V2,Equipment lease prepayment,Equipment Lease,ALL,ALL,Baseline,34,0.062335572827575535,0.005349237231027426,0.8671095519364547,V2,SYNTHETIC_DEMO
PP_EQUIPMENT_ALL_V2,Equipment lease prepayment,Equipment Lease,ALL,ALL,Baseline,35,0.06184935699475777,0.005306266985378505,0.8625084371483079,V2,SYNTHETIC_DEMO
PP_EQUIPMENT_ALL_V2,Equipment lease prepayment,Equipment Lease,ALL,ALL,Baseline,36,0.0613537760487622,0.005262490082939109,0.8579694950513637,V2,SYNTHETIC_DEMO
PP_EQUIPMENT_ALL_V2,Equipment lease prepayment,Equipment Lease,ALL,ALL,Baseline,37,0.060852269532768316,0.005218211311336041,0.8534924289275053,V2,SYNTHETIC_DEMO
PP_EQUIPMENT_ALL_V2,Equipment lease prepayment,Equipment Lease,ALL,ALL,Baseline,38,0.060348318115939235,0.00517373850363434,0.8490766822854027,V2,SYNTHETIC_DEMO
PP_EQUIPMENT_ALL_V2,Equipment lease prepayment,Equipment Lease,ALL,ALL,Baseline,39,0.059845419436092846,0.005129380388186555,0.8447214450032214,V2,SYNTHETIC_DEMO
PP_EQUIPMENT_ALL_V2,Equipment lease prepayment,Equipment Lease,ALL,ALL,Baseline,40,0.05934706382460332,0.005085444444807519,0.8404256610233201,V2,SYNTHETIC_DEMO
PP_EQUIPMENT_ALL_V2,Equipment lease prepayment,Equipment Lease,ALL,ALL,Baseline,41,0.05885671008201232,0.005042234782138277,0.8361880375235067,V2,SYNTHETIC_DEMO
PP_EQUIPMENT_ALL_V2,Equipment lease prepayment,Equipment Lease,ALL,ALL,Baseline,42,0.05837776147247781,0.005000050050568028,0.8320070554842028,V2,SYNTHETIC_DEMO
PP_EQUIPMENT_ALL_V2,Equipment lease prepayment,Equipment Lease,ALL,ALL,Baseline,43,0.05791354210366887,0.004959181404502799,0.8278809815662305,V2,SYNTHETIC_DEMO
PP_EQUIPMENT_ALL_V2,Equipment lease prepayment,Equipment Lease,ALL,ALL,Baseline,44,0.057467273856040516,0.004919910527119042,0.8238078812098211,V2,SYNTHETIC_DEMO
PP_EQUIPMENT_ALL_V2,Equipment lease prepayment,Equipment Lease,ALL,ALL,Baseline,45,0.05704205402160883,0.004882507730022523,0.8197856328617606,V2,SYNTHETIC_DEMO
PP_EQUIPMENT_ALL_V2,Equipment lease prepayment,Equipment Lease,ALL,ALL,Baseline,46,0.056640833807423054,0.004847230139470193,0.8158119432342484,V2,SYNTHETIC_DEMO
PP_EQUIPMENT_ALL_V2,Equipment lease prepayment,Equipment Lease,ALL,ALL,Baseline,47,0.056266397852929737,0.004814319980014803,0.8118843634960011,V2,SYNTHETIC_DEMO
PP_EQUIPMENT_ALL_V2,Equipment lease prepayment,Equipment Lease,ALL,ALL,Baseline,48,0.05592134490338703,0.004784002965597667,0.8080003062933139,V2,SYNTHETIC_DEMO
PP_EQUIPMENT_ALL_V2,Equipment lease prepayment,Equipment Lease,ALL,ALL,Baseline,49,0.05560806977346397,0.004756486807275362,0.8041570634961552,V2,SYNTHETIC_DEMO
PP_EQUIPMENT_ALL_V2,Equipment lease prepayment,Equipment Lease,ALL,ALL,Baseline,50,0.05532874672620502,0.004731959845906131,0.8003518245618897,V2,SYNTHETIC_DEMO
PP_EQUIPMENT_ALL_V2,Equipment lease prepayment,Equipment Lease,ALL,ALL,Baseline,51,0.05508531438271707,0.004710589817263355,0.7965816954068803,V2,SYNTHETIC_DEMO
PP_EQUIPMENT_ALL_V2,Equipment lease prepayment,Equipment Lease,ALL,ALL,Baseline,52,0.0548794622673119,0.004692522756186812,0.7928437176740216,V2,SYNTHETIC_DEMO
PP_EQUIPMENT_ALL_V2,Equipment lease prepayment,Equipment Lease,ALL,ALL,Baseline,53,0.054712619081486676,0.004677882045530324,0.7891348882822028,V2,SYNTHETIC_DEMO
PP_EQUIPMENT_ALL_V2,Equipment lease prepayment,Equipment Lease,ALL,ALL,Baseline,54,0.05458594278812616,0.004666767614820988,0.7854521791418421,V2,SYNTHETIC_DEMO
PP_EQUIPMENT_ALL_V2,Equipment lease prepayment,Equipment Lease,ALL,ALL,Baseline,55,0.05450031257474625,0.004659255292712716,0.7817925569190027,V2,SYNTHETIC_DEMO
PP_EQUIPMENT_ALL_V2,Equipment lease prepayment,Equipment Lease,ALL,ALL,Baseline,56,0.05445632275155754,0.004655396316492144,0.778153002729261,V2,SYNTHETIC_DEMO
PP_EQUIPMENT_ALL_V2,Equipment lease prepayment,Equipment Lease,ALL,ALL,Baseline,57,0.05445427862669897,0.004655217001081624,0.7745305316415131,V2,SYNTHETIC_DEMO
PP_EQUIPMENT_ALL_V2,Equipment lease prepayment,Equipment Lease,ALL,ALL,Baseline,58,0.05449419438726908,0.0046587185691773225,0.77092221187136,V2,SYNTHETIC_DEMO
PP_EQUIPMENT_ALL_V2,Equipment lease prepayment,Equipment Lease,ALL,ALL,Baseline,59,0.054575793000861496,0.004665877143358643,0.767325183543682,V2,SYNTHETIC_DEMO
PP_EQUIPMENT_ALL_V2,Equipment lease prepayment,Equipment Lease,ALL,ALL,Baseline,60,0.05469850813828801,0.004676643900208721,0.7637366769045859,V2,SYNTHETIC_DEMO
PP_EQUIPMENT_ALL_V2,Equipment lease prepayment,Equipment Lease,ALL,ALL,Downside,1,0.002779052130070541,0.0002318831829973833,0.9997681168170026,V2,SYNTHETIC_DEMO
PP_EQUIPMENT_ALL_V2,Equipment lease prepayment,Equipment Lease,ALL,ALL,Downside,2,0.005603667857143559,0.00046817598017856454,0.9993000493989606,V2,SYNTHETIC_DEMO
PP_EQUIPMENT_ALL_V2,Equipment lease prepayment,Equipment Lease,ALL,ALL,Downside,3,0.008472895173643616,0.0007088315104535337,0.9985917140355488,V2,SYNTHETIC_DEMO
PP_EQUIPMENT_ALL_V2,Equipment lease prepayment,Equipment Lease,ALL,ALL,Downside,4,0.011385158420179044,0.0009537503488296073,0.9976393068399491,V2,SYNTHETIC_DEMO
PP_EQUIPMENT_ALL_V2,Equipment lease prepayment,Equipment Lease,ALL,ALL,Downside,5,0.014338274708285205,0.0012027811649968356,0.9964393650722214,V2,SYNTHETIC_DEMO
PP_EQUIPMENT_ALL_V2,Equipment lease prepayment,Equipment Lease,ALL,ALL,Downside,6,0.017329476699005152,0.0014557218814020834,0.9949888264849954,V2,SYNTHETIC_DEMO
PP_EQUIPMENT_ALL_V2,Equipment lease prepayment,Equipment Lease,ALL,ALL,Downside,7,0.02035544152627038,0.0017123213473144716,0.9932850858770658,V2,SYNTHETIC_DEMO
PP_EQUIPMENT_ALL_V2,Equipment lease prepayment,Equipment Lease,ALL,ALL,Downside,8,0.02341232559690176,0.001972281521755548,0.991326048056355,V2,SYNTHETIC_DEMO
PP_EQUIPMENT_ALL_V2,Equipment lease prepayment,Equipment Lease,ALL,ALL,Downside,9,0.026495804944237877,0.0022352601543813577,0.9891101764411343,V2,SYNTHETIC_DEMO
PP_EQUIPMENT_ALL_V2,Equipment lease prepayment,Equipment Lease,ALL,ALL,Downside,10,0.029601120760391973,0.0025008739494633003,0.9866365365677237,V2,SYNTHETIC_DEMO
PP_EQUIPMENT_ALL_V2,Equipment lease prepayment,Equipment Lease,ALL,ALL,Downside,11,0.03272312968339433,0.0027687021939984957,0.9839048338242495,V2,SYNTHETIC_DEMO
PP_EQUIPMENT_ALL_V2,Equipment lease prepayment,Equipment Lease,ALL,ALL,Downside,12,0.035856358370421317,0.003038290826706369,0.9809154447932893,V2,SYNTHETIC_DEMO
PP_EQUIPMENT_ALL_V2,Equipment lease prepayment,Equipment Lease,ALL,ALL,Downside,13,0.038995061847341035,0.003309156920242251,0.977669441660979,V2,SYNTHETIC_DEMO
PP_EQUIPMENT_ALL_V2,Equipment lease prepayment,Equipment Lease,ALL,ALL,Downside,14,0.04213328508828279,0.0035807935444315264,0.9741686092356914,V2,SYNTHETIC_DEMO
PP_EQUIPMENT_ALL_V2,Equipment lease prepayment,Equipment Lease,ALL,ALL,Downside,15,0.04526492724718589,0.003852674973714554,0.9704154542147108,V2,SYNTHETIC_DEMO
PP_EQUIPMENT_ALL_V2,Equipment lease prepayment,Equipment Lease,ALL,ALL,Downside,16,0.04838380793658969,0.004124262197386375,0.9664132064411335,V2,SYNTHETIC_DEMO
PP_EQUIPMENT_ALL_V2,Equipment lease prepayment,Equipment Lease,ALL,ALL,Downside,17,0.051483734927533886,0.004395008686659874,0.9621658120039219,V2,SYNTHETIC_DEMO
PP_EQUIPMENT_ALL_V2,Equipment lease prepayment,Equipment Lease,ALL,ALL,Downside,18,0.05455857262854272,0.004664366368181128,0.9576779181497972,V2,SYNTHETIC_DEMO
PP_EQUIPMENT_ALL_V2,Equipment lease prepayment,Equipment Lease,ALL,ALL,Downside,19,0.05457061012871662,0.004665422437726607,0.9532099461023458,V2,SYNTHETIC_DEMO
PP_EQUIPMENT_ALL_V2,Equipment lease prepayment,Equipment Lease,ALL,ALL,Downside,20,0.05454821887840651,0.004663458026635814,0.9487646915281257,V2,SYNTHETIC_DEMO
PP_EQUIPMENT_ALL_V2,Equipment lease prepayment,Equipment Lease,ALL,ALL,Downside,21,0.05449155428244161,0.004658486964574493,0.9443448835801934,V2,SYNTHETIC_DEMO
PP_EQUIPMENT_ALL_V2,Equipment lease prepayment,Equipment Lease,ALL,ALL,Downside,22,0.054401009617290955,0.004650544244351296,0.9399531659171769,V2,SYNTHETIC_DEMO
PP_EQUIPMENT_ALL_V2,Equipment lease prepayment,Equipment Lease,ALL,ALL,Downside,23,0.054277213301556965,0.004639685765263746,0.9355920785932564,V2,SYNTHETIC_DEMO
PP_EQUIPMENT_ALL_V2,Equipment lease prepayment,Equipment Lease,ALL,ALL,Downside,24,0.054121024534482205,0.004625987923443486,0.9312640409364147,V2,SYNTHETIC_DEMO
PP_EQUIPMENT_ALL_V2,Equipment lease prepayment,Equipment Lease,ALL,ALL,Downside,25,0.05393352733274012,0.004609547052658813,0.9269713355212691,V2,SYNTHETIC_DEMO
PP_EQUIPMENT_ALL_V2,Equipment lease prepayment,Equipment Lease,ALL,ALL,Downside,26,0.053716023006896894,0.004590478720281732,0.9227160933312476,V2,SYNTHETIC_DEMO
PP_EQUIPMENT_ALL_V2,Equipment lease prepayment,Equipment Lease,ALL,ALL,Downside,27,0.05347002112976097,0.004568916884309826,0.9185002801930021,V2,SYNTHETIC_DEMO
PP_EQUIPMENT_ALL_V2,Equipment lease prepayment,Equipment Lease,ALL,ALL,Downside,28,0.053197229059303824,0.0045450129184538834,0.9143256845539214,V2,SYNTHETIC_DEMO
PP_EQUIPMENT_ALL_V2,Equipment lease prepayment,Equipment Lease,ALL,ALL,Downside,29,0.05289954008886721,0.004518934513334183,0.9101939066615627,V2,SYNTHETIC_DEMO
PP_EQUIPMENT_ALL_V2,Equipment lease prepayment,Equipment Lease,ALL,ALL,Downside,30,0.052579020306899725,0.0044908644627733585,0.9061063491919035,V2,SYNTHETIC_DEMO
PP_EQUIPMENT_ALL_V2,Equipment lease prepayment,Equipment Lease,ALL,ALL,Downside,31,0.052237894257421626,0.0044609993450123175,0.9020642093616469,V2,SYNTHETIC_DEMO
PP_EQUIPMENT_ALL_V2,Equipment lease prepayment,Equipment Lease,ALL,ALL,Downside,32,0.05187852950074026,0.004429548109406545,0.8980684725485057,V2,SYNTHETIC_DEMO
PP_EQUIPMENT_ALL_V2,Equipment lease prepayment,Equipment Lease,ALL,ALL,Downside,33,0.05150342018157162,0.004396730579782626,0.894119907432513,V2,SYNTHETIC_DEMO
PP_EQUIPMENT_ALL_V2,Equipment lease prepayment,Equipment Lease,ALL,ALL,Downside,34,0.051115169718611936,0.004362775886133097,0.8902190626610549,V2,SYNTHETIC_DEMO
PP_EQUIPMENT_ALL_V2,Equipment lease prepayment,Equipment Lease,ALL,ALL,Downside,35,0.050716472735701366,0.004327920836715959,0.8863662650305224,V2,SYNTHETIC_DEMO
PP_EQUIPMENT_ALL_V2,Equipment lease prepayment,Equipment Lease,ALL,ALL,Downside,36,0.050310096359985006,0.004292408242891899,0.8825616191682841,V2,SYNTHETIC_DEMO
PP_EQUIPMENT_ALL_V2,Equipment lease prepayment,Equipment Lease,ALL,ALL,Downside,37,0.04989886101687002,0.004256485209190419,0.8788050086900951,V2,SYNTHETIC_DEMO
PP_EQUIPMENT_ALL_V2,Equipment lease prepayment,Equipment Lease,ALL,ALL,Downside,38,0.04948562085507017,0.004220401401136553,0.8750960988000936,V2,SYNTHETIC_DEMO
PP_EQUIPMENT_ALL_V2,Equipment lease prepayment,Equipment Lease,ALL,ALL,Downside,39,0.049073243937596135,0.004184407303316817,0.8714343402931705,V2,SYNTHETIC_DEMO
PP_EQUIPMENT_ALL_V2,Equipment lease prepayment,Equipment Lease,ALL,ALL,Downside,40,0.04866459233617471,0.004148752480000573,0.8678189749127215,V2,SYNTHETIC_DEMO
PP_EQUIPMENT_ALL_V2,Equipment lease prepayment,Equipment Lease,ALL,ALL,Downside,41,0.0482625022672501,0.004113683850390237,0.8642490420105609,V2,SYNTHETIC_DEMO
PP_EQUIPMENT_ALL_V2,Equipment lease prepayment,Equipment Lease,ALL,ALL,Downside,42,0.0478697644074318,0.004079443990241849,0.8607233864500586,V2,SYNTHETIC_DEMO
PP_EQUIPMENT_ALL_V2,Equipment lease prepayment,Equipment Lease,ALL,ALL,Downside,43,0.04748910452500847,0.004046269471195796,0.8572406676883215,V2,SYNTHETIC_DEMO
PP_EQUIPMENT_ALL_V2,Equipment lease prepayment,Equipment Lease,ALL,ALL,Downside,44,0.04712316456195322,0.00401438924869002,0.8537993699684137,V2,SYNTHETIC_DEMO
PP_EQUIPMENT_ALL_V2,Equipment lease prepayment,Equipment Lease,ALL,ALL,Downside,45,0.04677448429771923,0.003984023108801971,0.8503978135481789,V2,SYNTHETIC_DEMO
PP_EQUIPMENT_ALL_V2,Equipment lease prepayment,Equipment Lease,ALL,ALL,Downside,46,0.04644548372208691,0.003955380183797597,0.8470341668881256,V2,SYNTHETIC_DEMO
PP_EQUIPMENT_ALL_V2,Equipment lease prepayment,Equipment Lease,ALL,ALL,Downside,47,0.046138446239402386,0.003928657545550385,0.8437064597170416,V2,SYNTHETIC_DEMO
PP_EQUIPMENT_ALL_V2,Equipment lease prepayment,Equipment Lease,ALL,ALL,Downside,48,0.04585550282077736,0.0039040388853540664,0.8404125968904819,V2,SYNTHETIC_DEMO
PP_EQUIPMENT_ALL_V2,Equipment lease prepayment,Equipment Lease,ALL,ALL,Downside,49,0.04559861721424045,0.0038816932879813804,0.8371503729539971,V2,SYNTHETIC_DEMO
PP_EQUIPMENT_ALL_V2,Equipment lease prepayment,Equipment Lease,ALL,ALL,Downside,50,0.04536957231548812,0.0038617741071576006,0.833917487319926,V2,SYNTHETIC_DEMO
PP_EQUIPMENT_ALL_V2,Equipment lease prepayment,Equipment Lease,ALL,ALL,Downside,51,0.04516995779382799,0.0038444179489134367,0.8307115599637604,V2,SYNTHETIC_DEMO
PP_EQUIPMENT_ALL_V2,Equipment lease prepayment,Equipment Lease,ALL,ALL,Downside,52,0.04500115905919575,0.0038297437685756996,0.8275301475435054,V2,SYNTHETIC_DEMO
PP_EQUIPMENT_ALL_V2,Equipment lease prepayment,Equipment Lease,ALL,ALL,Downside,53,0.04486434764681907,0.0038178520864374788,0.8243707598431165,V2,SYNTHETIC_DEMO
PP_EQUIPMENT_ALL_V2,Equipment lease prepayment,Equipment Lease,ALL,ALL,Downside,54,0.04476047308626345,0.0038088243264325916,0.8212308764390263,V2,SYNTHETIC_DEMO
PP_EQUIPMENT_ALL_V2,Equipment lease prepayment,Equipment Lease,ALL,ALL,Downside,55,0.04469025631129192,0.0038027222814210893,0.8181079634870007,V2,SYNTHETIC_DEMO
PP_EQUIPMENT_ALL_V2,Equipment lease prepayment,Equipment Lease,ALL,ALL,Downside,56,0.044654184656277185,0.00379958770797606,0.8149994905251381,V2,SYNTHETIC_DEMO
PP_EQUIPMENT_ALL_V2,Equipment lease prepayment,Equipment Lease,ALL,ALL,Downside,57,0.044652508473893154,0.0037994420528449924,0.8119029471877897,V2,SYNTHETIC_DEMO
PP_EQUIPMENT_ALL_V2,Equipment lease prepayment,Equipment Lease,ALL,ALL,Downside,58,0.04468523939756064,0.003802286312545977,0.8088158597245818,V2,SYNTHETIC_DEMO
PP_EQUIPMENT_ALL_V2,Equipment lease prepayment,Equipment Lease,ALL,ALL,Downside,59,0.044752150260706426,0.0038081010268452564,0.8057358072186359,V2,SYNTHETIC_DEMO
PP_EQUIPMENT_ALL_V2,Equipment lease prepayment,Equipment Lease,ALL,ALL,Downside,60,0.04485277667339617,0.0038168464061510976,0.8026604373985462,V2,SYNTHETIC_DEMO
PP_EQUIPMENT_ALL_V2,Equipment lease prepayment,Equipment Lease,ALL,ALL,Severe,1,0.002101234537370409,0.00017527174044595917,0.999824728259554,V2,SYNTHETIC_DEMO
PP_EQUIPMENT_ALL_V2,Equipment lease prepayment,Equipment Lease,ALL,ALL,Severe,2,0.004236919599303666,0.0003537641421200721,0.9994710261222909,V2,SYNTHETIC_DEMO
PP_EQUIPMENT_ALL_V2,Equipment lease prepayment,Equipment Lease,ALL,ALL,Severe,3,0.006406335375193953,0.0005354352705146947,0.9989358740830475,V2,SYNTHETIC_DEMO
PP_EQUIPMENT_ALL_V2,Equipment lease prepayment,Equipment Lease,ALL,ALL,Severe,4,0.008608290512818303,0.0007202035172199084,0.9982164369530557,V2,SYNTHETIC_DEMO
PP_EQUIPMENT_ALL_V2,Equipment lease prepayment,Equipment Lease,ALL,ALL,Severe,5,0.010841134535532716,0.0009079482185454513,0.9973101081174014,V2,SYNTHETIC_DEMO
PP_EQUIPMENT_ALL_V2,Equipment lease prepayment,Equipment Lease,ALL,ALL,Severe,6,0.013102775065101456,0.001098510670682895,0.9962145523216546,V2,SYNTHETIC_DEMO
PP_EQUIPMENT_ALL_V2,Equipment lease prepayment,Equipment Lease,ALL,ALL,Severe,7,0.01539069969059468,0.001291695536262405,0.994927746431261,V2,SYNTHETIC_DEMO
PP_EQUIPMENT_ALL_V2,Equipment lease prepayment,Equipment Lease,ALL,ALL,Severe,8,0.01770200228058426,0.0014872726341370601,0.9934480176210502,V2,SYNTHETIC_DEMO
PP_EQUIPMENT_ALL_V2,Equipment lease prepayment,Equipment Lease,ALL,ALL,Severe,9,0.020033413494423766,0.001684979101162165,0.9917740784732677,V2,SYNTHETIC_DEMO
PP_EQUIPMENT_ALL_V2,Equipment lease prepayment,Equipment Lease,ALL,ALL,Severe,10,0.022381335209076855,0.0018845219115957157,0.9899050584910322,V2,SYNTHETIC_DEMO
PP_EQUIPMENT_ALL_V2,Equipment lease prepayment,Equipment Lease,ALL,ALL,Severe,11,0.024741878541103036,0.002085580736568282,0.9878405315700117,V2,SYNTHETIC_DEMO
PP_EQUIPMENT_ALL_V2,Equipment lease prepayment,Equipment Lease,ALL,ALL,Severe,12,0.027110905109342946,0.0022878111228502584,0.9855805390142836,V2,SYNTHETIC_DEMO
PP_EQUIPMENT_ALL_V2,Equipment lease prepayment,Equipment Lease,ALL,ALL,Severe,13,0.029484071152867608,0.002490847966901466,0.9831256077324622,V2,SYNTHETIC_DEMO
PP_EQUIPMENT_ALL_V2,Equipment lease prepayment,Equipment Lease,ALL,ALL,Severe,14,0.031856874091140644,0.0026943092569688964,0.9804767633067855,V2,SYNTHETIC_DEMO
PP_EQUIPMENT_ALL_V2,Equipment lease prepayment,Equipment Lease,ALL,ALL,Severe,15,0.034224701089335674,0.0028978000528124825,0.9776355376902937,V2,SYNTHETIC_DEMO
PP_EQUIPMENT_ALL_V2,Equipment lease prepayment,Equipment Lease,ALL,ALL,Severe,16,0.036582879171567814,0.0031009166695451507,0.9746039713547301,V2,SYNTHETIC_DEMO
PP_EQUIPMENT_ALL_V2,Equipment lease prepayment,Equipment Lease,ALL,ALL,Severe,17,0.038926726408623186,0.003303251029122989,0.9713846097833653,V2,SYNTHETIC_DEMO
PP_EQUIPMENT_ALL_V2,Equipment lease prepayment,Equipment Lease,ALL,ALL,Severe,18,0.041251603694751816,0.0035043951402504714,0.9679804942775263,V2,SYNTHETIC_DEMO
PP_EQUIPMENT_ALL_V2,Equipment lease prepayment,Equipment Lease,ALL,ALL,Severe,19,0.04126070521927354,0.0035051834656583125,0.964587545053905,V2,SYNTHETIC_DEMO
PP_EQUIPMENT_ALL_V2,Equipment lease prepayment,Equipment Lease,ALL,ALL,Severe,20,0.041243775249526875,0.003503717087654734,0.9612079031897607,V2,SYNTHETIC_DEMO
PP_EQUIPMENT_ALL_V2,Equipment lease prepayment,Equipment Lease,ALL,ALL,Severe,21,0.04120093128672414,0.003500006292515123,0.9578436694801813,V2,SYNTHETIC_DEMO
PP_EQUIPMENT_ALL_V2,Equipment lease prepayment,Equipment Lease,ALL,ALL,Severe,22,0.041132470686244385,0.003494077108317728,0.9544968898413035,V2,SYNTHETIC_DEMO
PP_EQUIPMENT_ALL_V2,Equipment lease prepayment,Equipment Lease,ALL,ALL,Severe,23,0.04103886859386014,0.0034859711166469465,0.9511695412523874,V2,SYNTHETIC_DEMO
PP_EQUIPMENT_ALL_V2,Equipment lease prepayment,Equipment Lease,ALL,ALL,Severe,24,0.040920774648023135,0.0034757451519622506,0.9478635183306853,V2,SYNTHETIC_DEMO
PP_EQUIPMENT_ALL_V2,Equipment lease prepayment,Equipment Lease,ALL,ALL,Severe,25,0.04077900847109619,0.0034634708910589174,0.9445806206262503,V2,SYNTHETIC_DEMO
PP_EQUIPMENT_ALL_V2,Equipment lease prepayment,Equipment Lease,ALL,ALL,Severe,26,0.04061455398082449,0.0034492343359255884,0.9413225407165363,V2,SYNTHETIC_DEMO
PP_EQUIPMENT_ALL_V2,Equipment lease prepayment,Equipment Lease,ALL,ALL,Severe,27,0.04042855256152659,0.003433135194142234,0.938090853172963,V2,SYNTHETIC_DEMO
PP_EQUIPMENT_ALL_V2,Equipment lease prepayment,Equipment Lease,ALL,ALL,Severe,28,0.04022229514240046,0.0034152861617581243,0.9348870044636496,V2,SYNTHETIC_DEMO
PP_EQUIPMENT_ALL_V2,Equipment lease prepayment,Equipment Lease,ALL,ALL,Severe,29,0.03999721323792399,0.0033958121143352615,0.9317123038483573,V2,SYNTHETIC_DEMO
PP_EQUIPMENT_ALL_V2,Equipment lease prepayment,Equipment Lease,ALL,ALL,Severe,30,0.03975486901253394,0.00337484921252329,0.9285679153134164,V2,SYNTHETIC_DEMO
PP_EQUIPMENT_ALL_V2,Equipment lease prepayment,Equipment Lease,ALL,ALL,Severe,31,0.0394969444385383,0.003352543929151186,0.9254548505861279,V2,SYNTHETIC_DEMO
PP_EQUIPMENT_ALL_V2,Equipment lease prepayment,Equipment Lease,ALL,ALL,Severe,32,0.03922522962251093,0.0033290520053683714,0.9223739632599063,V2,SYNTHETIC_DEMO
PP_EQUIPMENT_ALL_V2,Equipment lease prepayment,Equipment Lease,ALL,ALL,Severe,33,0.0389416103811883,0.003304537343841396,0.9193259440533269,V2,SYNTHETIC_DEMO
PP_EQUIPMENT_ALL_V2,Equipment lease prepayment,Equipment Lease,ALL,ALL,Severe,34,0.03864805515309683,0.0032791708474069203,0.9163113172183224,V2,SYNTHETIC_DEMO
PP_EQUIPMENT_ALL_V2,Equipment lease prepayment,Equipment Lease,ALL,ALL,Severe,35,0.038346601336749817,0.003253129211900019,0.9133304381050849,V2,SYNTHETIC_DEMO
PP_EQUIPMENT_ALL_V2,Equipment lease prepayment,Equipment Lease,ALL,ALL,Severe,36,0.03803934115023257,0.003226593682118195,0.9103834918838087,V2,SYNTHETIC_DEMO
PP_EQUIPMENT_ALL_V2,Equipment lease prepayment,Equipment Lease,ALL,ALL,Severe,37,0.03772840711031636,0.003199748780036482,0.9074704934162882,V2,SYNTHETIC_DEMO
PP_EQUIPMENT_ALL_V2,Equipment lease prepayment,Equipment Lease,ALL,ALL,Severe,38,0.037415957231882326,0.0031727810144803748,0.9045912882635758,V2,SYNTHETIC_DEMO
PP_EQUIPMENT_ALL_V2,Equipment lease prepayment,Equipment Lease,ALL,ALL,Severe,39,0.03710416005037757,0.0031458775814693363,0.901745554809435,V2,SYNTHETIC_DEMO
PP_EQUIPMENT_ALL_V2,Equipment lease prepayment,Equipment Lease,ALL,ALL,Severe,40,0.03679517957125406,0.0031192250643852226,0.8989328074731754,V2,SYNTHETIC_DEMO
PP_EQUIPMENT_ALL_V2,Equipment lease prepayment,Equipment Lease,ALL,ALL,Severe,41,0.03649116025084764,0.00309300814299307,0.8961524009796572,V2,SYNTHETIC_DEMO
PP_EQUIPMENT_ALL_V2,Equipment lease prepayment,Equipment Lease,ALL,ALL,Severe,42,0.03619421211293624,0.0030674083201537305,0.8934035356487665,V2,SYNTHETIC_DEMO
PP_EQUIPMENT_ALL_V2,Equipment lease prepayment,Equipment Lease,ALL,ALL,Severe,43,0.0359063961042747,0.003042602674821704,0.8906852636615064,V2,SYNTHETIC_DEMO
PP_EQUIPMENT_ALL_V2,Equipment lease prepayment,Equipment Lease,ALL,ALL,Severe,44,0.035629709790745125,0.0030187626496217534,0.8879964962549965,V2,SYNTHETIC_DEMO
PP_EQUIPMENT_ALL_V2,Equipment lease prepayment,Equipment Lease,ALL,ALL,Severe,45,0.035366073493397474,0.0029960528809539477,0.8853360117941148,V2,SYNTHETIC_DEMO
PP_EQUIPMENT_ALL_V2,Equipment lease prepayment,Equipment Lease,ALL,ALL,Severe,46,0.035117316960602295,0.002974630079189633,0.8827024646632422,V2,SYNTHETIC_DEMO
PP_EQUIPMENT_ALL_V2,Equipment lease prepayment,Equipment Lease,ALL,ALL,Severe,47,0.03488516666881644,0.002954641966095073,0.8800943949175727,V2,SYNTHETIC_DEMO
PP_EQUIPMENT_ALL_V2,Equipment lease prepayment,Equipment Lease,ALL,ALL,Severe,48,0.03467123384009996,0.002936226276165299,0.8775102386297099,V2,SYNTHETIC_DEMO
PP_EQUIPMENT_ALL_V2,Equipment lease prepayment,Equipment Lease,ALL,ALL,Severe,49,0.03447700325954766,0.0029195098280662135,0.8749483388638017,V2,SYNTHETIC_DEMO
PP_EQUIPMENT_ALL_V2,Equipment lease prepayment,Equipment Lease,ALL,ALL,Severe,50,0.034303822970247116,0.0029046076718766134,0.8724069572062423,V2,SYNTHETIC_DEMO
PP_EQUIPMENT_ALL_V2,Equipment lease prepayment,Equipment Lease,ALL,ALL,Severe,51,0.034152894917284585,0.002891622317298004,0.8698842857790187,V2,SYNTHETIC_DEMO
PP_EQUIPMENT_ALL_V2,Equipment lease prepayment,Equipment Lease,ALL,ALL,Severe,52,0.03402526660573338,0.0028806430474571654,0.8673784596590971,V2,SYNTHETIC_DEMO
PP_EQUIPMENT_ALL_V2,Equipment lease prepayment,Equipment Lease,ALL,ALL,Severe,53,0.03392182383052174,0.0028717453223749967,0.8648875696248423,V2,SYNTHETIC_DEMO
PP_EQUIPMENT_ALL_V2,Equipment lease prepayment,Equipment Lease,ALL,ALL,Severe,54,0.03384328452863822,0.0028649902756102685,0.8624096751483709,V2,SYNTHETIC_DEMO
PP_EQUIPMENT_ALL_V2,Equipment lease prepayment,Equipment Lease,ALL,ALL,Severe,55,0.033790193796342675,0.002860424307017828,0.8599428175509691,V2,SYNTHETIC_DEMO
PP_EQUIPMENT_ALL_V2,Equipment lease prepayment,Equipment Lease,ALL,ALL,Severe,56,0.033762920105965676,0.0028580787739845848,0.8574850332372862,V2,SYNTHETIC_DEMO
PP_EQUIPMENT_ALL_V2,Equipment lease prepayment,Equipment Lease,ALL,ALL,Severe,57,0.03376165274855336,0.0028579697829242967,0.8550343669229842,V2,SYNTHETIC_DEMO
PP_EQUIPMENT_ALL_V2,Equipment lease prepayment,Equipment Lease,ALL,ALL,Severe,58,0.03378640052010683,0.0028600980822315325,0.8525888847699057,V2,SYNTHETIC_DEMO
PP_EQUIPMENT_ALL_V2,Equipment lease prepayment,Equipment Lease,ALL,ALL,Severe,59,0.03383699166053413,0.002864449057308094,0.8501466873426552,V2,SYNTHETIC_DEMO
PP_EQUIPMENT_ALL_V2,Equipment lease prepayment,Equipment Lease,ALL,ALL,Severe,60,0.03391307504573857,0.002870992827691876,0.8477059223008084,V2,SYNTHETIC_DEMO
