counterparty_id,counterparty_type,state,annual_income,fico_score,dti,annual_revenue,total_assets,total_liabilities,ebitda,number_employees,industry,rating_notch,sp_rating,moodys_rating,debt_to_equity,interest_coverage_ratio,current_ratio,as_of_date
CP-I-00001,INDIVIDUAL,TX,80846.7433204078,743.5407881854336,0.2018373052419189,,,,,,,,,,,,,2026-06-30
CP-I-00002,INDIVIDUAL,NY,101912.37755256222,804.890844559514,0.39720177114933297,,,,,,,,,,,,,2026-06-30
CP-I-00003,INDIVIDUAL,NC,144002.61826776605,752.3888300964292,0.22988346137125787,,,,,,,,,,,,,2026-06-30
CP-I-00004,INDIVIDUAL,VA,81408.69924115842,725.3763947130781,0.13474692372890806,,,,,,,,,,,,,2026-06-30
CP-I-00005,INDIVIDUAL,GA,106537.15489638878,688.1360950773868,0.11032164691284171,,,,,,,,,,,,,2026-06-30
CP-I-00006,INDIVIDUAL,NY,75828.95572938785,669.4276969487098,0.31360750152698247,,,,,,,,,,,,,2026-06-30
CP-I-00007,INDIVIDUAL,NY,34699.16350882755,779.7326168947005,0.14319440409882117,,,,,,,,,,,,,2026-06-30
CP-I-00008,INDIVIDUAL,FL,117916.49261714485,774.6724053755817,0.45340996652697224,,,,,,,,,,,,,2026-06-30
CP-I-00009,INDIVIDUAL,VA,121979.39606679244,737.4683461332223,0.15059278421077268,,,,,,,,,,,,,2026-06-30
CP-I-00010,INDIVIDUAL,NC,158119.09144668144,676.4781247890609,0.4450822504396686,,,,,,,,,,,,,2026-06-30
CP-I-00011,INDIVIDUAL,NC,99162.38902936397,735.2171704819038,0.20298322958966544,,,,,,,,,,,,,2026-06-30
CP-I-00012,INDIVIDUAL,NC,81676.50396854618,704.4225878049162,0.4125074358682505,,,,,,,,,,,,,2026-06-30
CP-I-00013,INDIVIDUAL,NY,68053.48283391295,709.6845030909727,0.3286247405978278,,,,,,,,,,,,,2026-06-30
CP-I-00014,INDIVIDUAL,NY,140732.81788262285,661.8570132123217,0.1950942786309901,,,,,,,,,,,,,2026-06-30
CP-I-00015,INDIVIDUAL,VA,110556.66242346939,671.6790175206348,0.19313370840151312,,,,,,,,,,,,,2026-06-30
CP-I-00016,INDIVIDUAL,VA,80196.6764324243,761.0455652223342,0.37044594702304423,,,,,,,,,,,,,2026-06-30
CP-I-00017,INDIVIDUAL,VA,122832.13122874734,622.5567987468138,0.21597942639731593,,,,,,,,,,,,,2026-06-30
CP-I-00018,INDIVIDUAL,NC,73439.86267056204,695.3732924013988,0.17039373842937977,,,,,,,,,,,,,2026-06-30
CP-I-00019,INDIVIDUAL,TX,113789.39858026546,749.6396255955165,0.3222916838601957,,,,,,,,,,,,,2026-06-30
CP-I-00020,INDIVIDUAL,CA,71592.20170653584,642.4106495959253,0.38483904052782236,,,,,,,,,,,,,2026-06-30
CP-I-00021,INDIVIDUAL,GA,101770.8583415053,809.9665035106224,0.27108648297963467,,,,,,,,,,,,,2026-06-30
CP-I-00022,INDIVIDUAL,CA,58854.46776177519,760.520865561281,0.05,,,,,,,,,,,,,2026-06-30
CP-I-00023,INDIVIDUAL,FL,43079.50364515153,710.3849148771918,0.16654281830327894,,,,,,,,,,,,,2026-06-30
CP-I-00024,INDIVIDUAL,TX,97877.59402761188,709.2163769859707,0.2269072148030188,,,,,,,,,,,,,2026-06-30
CP-I-00025,INDIVIDUAL,CA,100174.47918099043,657.2170765339139,0.36960163317023703,,,,,,,,,,,,,2026-06-30
CP-I-00026,INDIVIDUAL,GA,40118.29963519568,755.0799696248706,0.23002667961007495,,,,,,,,,,,,,2026-06-30
CP-I-00027,INDIVIDUAL,FL,85863.25134965361,695.3887320382655,0.17451618965836796,,,,,,,,,,,,,2026-06-30
CP-I-00028,INDIVIDUAL,TX,98516.34273431622,619.1625186898522,0.3292528409273162,,,,,,,,,,,,,2026-06-30
CP-I-00029,INDIVIDUAL,VA,64048.54785761853,751.7590863555864,0.0507576600856043,,,,,,,,,,,,,2026-06-30
CP-I-00030,INDIVIDUAL,GA,114470.94294517337,709.2475625357251,0.18645226120822564,,,,,,,,,,,,,2026-06-30
CP-I-00031,INDIVIDUAL,FL,162822.12338816852,585.8986154319412,0.22253392394445826,,,,,,,,,,,,,2026-06-30
CP-I-00032,INDIVIDUAL,TX,92658.15233948178,720.9901769968219,0.40368574307577254,,,,,,,,,,,,,2026-06-30
CP-I-00033,INDIVIDUAL,FL,140117.07660465298,748.1585913924889,0.13892713781318325,,,,,,,,,,,,,2026-06-30
CP-I-00034,INDIVIDUAL,GA,83173.69160222412,632.0981615427494,0.22566781409758802,,,,,,,,,,,,,2026-06-30
CP-I-00035,INDIVIDUAL,GA,97142.06745745544,675.3863144039639,0.24925902304330189,,,,,,,,,,,,,2026-06-30
CP-I-00036,INDIVIDUAL,FL,61741.430111654096,644.5821855316004,0.4262161002999848,,,,,,,,,,,,,2026-06-30
CP-I-00037,INDIVIDUAL,CA,53083.80998198374,714.2918533433773,0.3955227751132196,,,,,,,,,,,,,2026-06-30
CP-I-00038,INDIVIDUAL,CA,116200.6083340576,798.13406860528,0.3023798719447366,,,,,,,,,,,,,2026-06-30
CP-I-00039,INDIVIDUAL,VA,222943.29894576952,692.0224132925442,0.31219363343570294,,,,,,,,,,,,,2026-06-30
CP-I-00040,INDIVIDUAL,FL,71552.39530814275,615.4825966739513,0.29339770117711117,,,,,,,,,,,,,2026-06-30
CP-I-00041,INDIVIDUAL,VA,61679.49654906338,659.0395013936369,0.42973138490951773,,,,,,,,,,,,,2026-06-30
CP-I-00042,INDIVIDUAL,FL,112471.6966961864,661.3684136491661,0.37972629904955135,,,,,,,,,,,,,2026-06-30
CP-I-00043,INDIVIDUAL,NC,74262.04909436128,665.7075967773667,0.22978353324151063,,,,,,,,,,,,,2026-06-30
CP-I-00044,INDIVIDUAL,NY,169805.01973470443,725.4604193797953,0.17141994382037143,,,,,,,,,,,,,2026-06-30
CP-I-00045,INDIVIDUAL,FL,220669.45376784817,763.8115512710664,0.36750501385192724,,,,,,,,,,,,,2026-06-30
CP-I-00046,INDIVIDUAL,FL,115950.33097304197,685.9951355823672,0.4926197166337771,,,,,,,,,,,,,2026-06-30
CP-I-00047,INDIVIDUAL,GA,70579.66470800656,764.1492425005822,0.3447436755615271,,,,,,,,,,,,,2026-06-30
CP-I-00048,INDIVIDUAL,NY,84187.19755666533,587.7409253019085,0.16357738817461365,,,,,,,,,,,,,2026-06-30
CP-I-00049,INDIVIDUAL,CA,171569.52149634395,772.0789112845276,0.30487156120124814,,,,,,,,,,,,,2026-06-30
CP-I-00050,INDIVIDUAL,NY,71298.92850873232,618.1158591745819,0.12071743545826627,,,,,,,,,,,,,2026-06-30
CP-I-00051,INDIVIDUAL,GA,107120.0412475441,743.152396086276,0.4422100981861144,,,,,,,,,,,,,2026-06-30
CP-I-00052,INDIVIDUAL,NC,68932.38080219024,710.8127970538525,0.2374382331074268,,,,,,,,,,,,,2026-06-30
CP-I-00053,INDIVIDUAL,NC,88952.4333267982,626.5005237284903,0.11066072778515355,,,,,,,,,,,,,2026-06-30
CP-I-00054,INDIVIDUAL,GA,60240.96457493119,622.6357009964172,0.1489901719054762,,,,,,,,,,,,,2026-06-30
CP-I-00055,INDIVIDUAL,NC,77456.37612766212,653.7160644351201,0.34593401604000373,,,,,,,,,,,,,2026-06-30
CP-I-00056,INDIVIDUAL,NC,75329.12522552325,772.2363425018387,0.4291472615445513,,,,,,,,,,,,,2026-06-30
CP-I-00057,INDIVIDUAL,TX,34929.05073618586,736.0875412019485,0.3701430099035593,,,,,,,,,,,,,2026-06-30
CP-I-00058,INDIVIDUAL,CA,70901.9412112272,715.8381259074107,0.4184990306900416,,,,,,,,,,,,,2026-06-30
CP-I-00059,INDIVIDUAL,VA,161283.84134304017,728.2222418163348,0.1448698119077847,,,,,,,,,,,,,2026-06-30
CP-I-00060,INDIVIDUAL,NC,83188.54221645233,791.2844446155444,0.4642435164000714,,,,,,,,,,,,,2026-06-30
CP-I-00061,INDIVIDUAL,NY,105953.82018091327,715.4244702005251,0.4951942460301067,,,,,,,,,,,,,2026-06-30
CP-I-00062,INDIVIDUAL,VA,179113.63770058355,782.366770266993,0.23735020878161062,,,,,,,,,,,,,2026-06-30
CP-I-00063,INDIVIDUAL,FL,84751.78028261029,761.0720408449577,0.15218359353681377,,,,,,,,,,,,,2026-06-30
CP-I-00064,INDIVIDUAL,CA,59641.36874479509,712.2569500316378,0.27629728486622945,,,,,,,,,,,,,2026-06-30
CP-I-00065,INDIVIDUAL,FL,62839.11927360684,740.4201640181516,0.24294905327129673,,,,,,,,,,,,,2026-06-30
CP-I-00066,INDIVIDUAL,CA,58540.414071417195,787.881608544427,0.4053446378291175,,,,,,,,,,,,,2026-06-30
CP-I-00067,INDIVIDUAL,GA,29450.74553104327,685.0301917501113,0.4161942856571571,,,,,,,,,,,,,2026-06-30
CP-I-00068,INDIVIDUAL,GA,47527.00271332256,774.7748621771566,0.40853144339355885,,,,,,,,,,,,,2026-06-30
CP-I-00069,INDIVIDUAL,NY,126982.09559307549,635.3072771602193,0.10970061988986221,,,,,,,,,,,,,2026-06-30
CP-I-00070,INDIVIDUAL,VA,189884.3374940459,697.0999127842158,0.34863191616141637,,,,,,,,,,,,,2026-06-30
CP-I-00071,INDIVIDUAL,GA,130385.37701284957,709.5236713183751,0.38497353658514466,,,,,,,,,,,,,2026-06-30
CP-I-00072,INDIVIDUAL,NC,124599.38108927965,693.3026273811092,0.36237592888196635,,,,,,,,,,,,,2026-06-30
CP-I-00073,INDIVIDUAL,NY,95257.88034059366,706.5927893469238,0.3590139644952597,,,,,,,,,,,,,2026-06-30
CP-I-00074,INDIVIDUAL,GA,74770.16271112523,792.0069812505043,0.293123926079362,,,,,,,,,,,,,2026-06-30
CP-I-00075,INDIVIDUAL,FL,64713.717544113584,744.7922314688902,0.2289115622906669,,,,,,,,,,,,,2026-06-30
CP-I-00076,INDIVIDUAL,FL,60693.205305620446,650.9636637681208,0.3770728068398338,,,,,,,,,,,,,2026-06-30
CP-I-00077,INDIVIDUAL,NY,63669.83547659111,730.124508734967,0.30221886503780043,,,,,,,,,,,,,2026-06-30
CP-I-00078,INDIVIDUAL,CA,147919.57670472527,648.3102381623148,0.22200400181523922,,,,,,,,,,,,,2026-06-30
CP-I-00079,INDIVIDUAL,VA,56357.589589299794,700.5122175776324,0.31769404724537925,,,,,,,,,,,,,2026-06-30
CP-I-00080,INDIVIDUAL,TX,97150.04394248824,731.0305095206905,0.1749169490163407,,,,,,,,,,,,,2026-06-30
CP-I-00081,INDIVIDUAL,VA,107931.88746884113,762.0744234326042,0.2739366508443317,,,,,,,,,,,,,2026-06-30
CP-I-00082,INDIVIDUAL,GA,81871.43276785636,568.3085030669828,0.37425258504563025,,,,,,,,,,,,,2026-06-30
CP-I-00083,INDIVIDUAL,NY,126623.54246374195,739.5196899069592,0.2125097379760768,,,,,,,,,,,,,2026-06-30
CP-I-00084,INDIVIDUAL,NC,128028.26888866961,730.5077508683054,0.17866339173392748,,,,,,,,,,,,,2026-06-30
CP-I-00085,INDIVIDUAL,FL,85558.92012829582,655.8941717163002,0.47878280323390976,,,,,,,,,,,,,2026-06-30
CP-I-00086,INDIVIDUAL,TX,61848.73273390132,653.8804399988339,0.48320133870736137,,,,,,,,,,,,,2026-06-30
CP-I-00087,INDIVIDUAL,NC,91537.26969831875,672.9432839628187,0.3427518055066357,,,,,,,,,,,,,2026-06-30
CP-I-00088,INDIVIDUAL,GA,129983.41430794423,657.6676936690187,0.22409031345339372,,,,,,,,,,,,,2026-06-30
CP-I-00089,INDIVIDUAL,NY,152997.57853399744,792.9641778317015,0.1803349200688519,,,,,,,,,,,,,2026-06-30
CP-I-00090,INDIVIDUAL,VA,122965.2438121856,714.3711565839021,0.48727719511357587,,,,,,,,,,,,,2026-06-30
CP-I-00091,INDIVIDUAL,CA,224484.26938313327,680.5819800062853,0.20160469903094141,,,,,,,,,,,,,2026-06-30
CP-I-00092,INDIVIDUAL,CA,70800.35013336845,697.0095362125487,0.24198420574643925,,,,,,,,,,,,,2026-06-30
CP-I-00093,INDIVIDUAL,NC,46610.71795407643,660.2582463103569,0.31769998482295914,,,,,,,,,,,,,2026-06-30
CP-I-00094,INDIVIDUAL,GA,49166.992983245014,682.8607560640843,0.40650533092320573,,,,,,,,,,,,,2026-06-30
CP-I-00095,INDIVIDUAL,GA,36919.41066136855,710.9221648002105,0.1901737575931028,,,,,,,,,,,,,2026-06-30
CP-I-00096,INDIVIDUAL,VA,67812.82389325832,742.7907099433767,0.33692040030498416,,,,,,,,,,,,,2026-06-30
CP-I-00097,INDIVIDUAL,NC,47399.03149273275,763.5268777183894,0.2137504367228682,,,,,,,,,,,,,2026-06-30
CP-I-00098,INDIVIDUAL,VA,175654.18850664282,670.8173557572536,0.4383448468127621,,,,,,,,,,,,,2026-06-30
CP-I-00099,INDIVIDUAL,TX,96437.26420490534,757.9739753335041,0.14103895886826148,,,,,,,,,,,,,2026-06-30
CP-I-00100,INDIVIDUAL,NC,93441.94742415841,742.645769274368,0.37294830486648206,,,,,,,,,,,,,2026-06-30
CP-I-00101,INDIVIDUAL,NY,159460.56994899927,632.125993860184,0.4694693432952357,,,,,,,,,,,,,2026-06-30
CP-I-00102,INDIVIDUAL,FL,47649.35707548582,747.9961489508648,0.30069296018403846,,,,,,,,,,,,,2026-06-30
CP-I-00103,INDIVIDUAL,VA,170128.17315793087,761.6869218824795,0.28471211738094687,,,,,,,,,,,,,2026-06-30
CP-I-00104,INDIVIDUAL,GA,84515.53065648612,703.6812739651206,0.4045618122884469,,,,,,,,,,,,,2026-06-30
CP-I-00105,INDIVIDUAL,VA,79688.71029333201,702.3437843570218,0.39074251091547285,,,,,,,,,,,,,2026-06-30
CP-I-00106,INDIVIDUAL,VA,94078.00757903299,722.1426334683649,0.22548069694428546,,,,,,,,,,,,,2026-06-30
CP-I-00107,INDIVIDUAL,NC,99562.7061045288,707.8525647131862,0.44768356405855525,,,,,,,,,,,,,2026-06-30
CP-I-00108,INDIVIDUAL,FL,152351.9802136576,669.8011724445997,0.27330935775133525,,,,,,,,,,,,,2026-06-30
CP-I-00109,INDIVIDUAL,TX,62717.748226714386,709.0712035866311,0.5071363113276818,,,,,,,,,,,,,2026-06-30
CP-I-00110,INDIVIDUAL,NY,40231.08748709577,784.2158751737062,0.3022394486971246,,,,,,,,,,,,,2026-06-30
CP-I-00111,INDIVIDUAL,FL,122582.13561814767,662.9081249516717,0.10729854551981177,,,,,,,,,,,,,2026-06-30
CP-I-00112,INDIVIDUAL,NC,110801.36892655873,653.0690640378876,0.15174170329216025,,,,,,,,,,,,,2026-06-30
CP-I-00113,INDIVIDUAL,CA,72964.65673046191,773.3002846922952,0.26803774140712033,,,,,,,,,,,,,2026-06-30
CP-I-00114,INDIVIDUAL,CA,136833.06515969866,649.9795697871928,0.23751198744833904,,,,,,,,,,,,,2026-06-30
CP-I-00115,INDIVIDUAL,CA,130546.19484672183,708.6783873255936,0.45780749744311633,,,,,,,,,,,,,2026-06-30
CP-I-00116,INDIVIDUAL,NY,59637.96422400772,713.6707434723738,0.4653054087499398,,,,,,,,,,,,,2026-06-30
CP-I-00117,INDIVIDUAL,FL,64804.714247282216,613.3015746233315,0.29273093252134696,,,,,,,,,,,,,2026-06-30
CP-I-00118,INDIVIDUAL,CA,61448.77775860219,757.5469535424204,0.18903761189879048,,,,,,,,,,,,,2026-06-30
CP-I-00119,INDIVIDUAL,CA,54866.20932280289,741.3498723297791,0.3533358141346852,,,,,,,,,,,,,2026-06-30
CP-I-00120,INDIVIDUAL,CA,108518.3121534055,687.1910044515597,0.3702198045132854,,,,,,,,,,,,,2026-06-30
CP-I-00121,INDIVIDUAL,VA,87180.43436622049,663.8497975841511,0.2915307554592529,,,,,,,,,,,,,2026-06-30
CP-I-00122,INDIVIDUAL,NC,86455.07261887875,647.4601425214279,0.46930956810843383,,,,,,,,,,,,,2026-06-30
CP-I-00123,INDIVIDUAL,GA,83446.7787611527,613.8521025895212,0.14091489308754762,,,,,,,,,,,,,2026-06-30
CP-I-00124,INDIVIDUAL,NY,116123.20278275828,787.9031804511916,0.23021020273851928,,,,,,,,,,,,,2026-06-30
CP-I-00125,INDIVIDUAL,VA,140741.79387953816,715.6000783989413,0.2260888481386556,,,,,,,,,,,,,2026-06-30
CP-I-00126,INDIVIDUAL,CA,46090.62606068755,651.7762220018369,0.2857481171026429,,,,,,,,,,,,,2026-06-30
CP-I-00127,INDIVIDUAL,VA,109447.85401366433,669.0118499753863,0.28108532110257073,,,,,,,,,,,,,2026-06-30
CP-I-00128,INDIVIDUAL,NY,163981.9217816785,720.4952101461514,0.1370005190388997,,,,,,,,,,,,,2026-06-30
CP-I-00129,INDIVIDUAL,NY,153928.17399753732,711.072776941298,0.10074132488131836,,,,,,,,,,,,,2026-06-30
CP-I-00130,INDIVIDUAL,CA,92831.5299537361,764.4323040703442,0.24259453033301454,,,,,,,,,,,,,2026-06-30
CP-I-00131,INDIVIDUAL,GA,151788.0707964786,697.2626546254397,0.3303336658151414,,,,,,,,,,,,,2026-06-30
CP-I-00132,INDIVIDUAL,CA,53230.3675237717,739.0869715821384,0.19868209472087356,,,,,,,,,,,,,2026-06-30
CP-I-00133,INDIVIDUAL,NC,174167.4683166019,775.1561703780894,0.30466173213673586,,,,,,,,,,,,,2026-06-30
CP-I-00134,INDIVIDUAL,FL,96069.97732250045,812.3932660086427,0.10973647589768173,,,,,,,,,,,,,2026-06-30
CP-I-00135,INDIVIDUAL,GA,75777.56469659101,810.8354760479381,0.21308461608453172,,,,,,,,,,,,,2026-06-30
CP-I-00136,INDIVIDUAL,NC,85167.32206253598,707.8893279847737,0.2755213286423753,,,,,,,,,,,,,2026-06-30
CP-I-00137,INDIVIDUAL,GA,90727.97226540529,760.2934358296728,0.19651045298634262,,,,,,,,,,,,,2026-06-30
CP-I-00138,INDIVIDUAL,CA,71927.10420871111,680.9916322176156,0.3554145939064093,,,,,,,,,,,,,2026-06-30
CP-I-00139,INDIVIDUAL,NY,67450.60712034443,714.3998062351013,0.161212809826597,,,,,,,,,,,,,2026-06-30
CP-I-00140,INDIVIDUAL,NY,158197.69966891196,717.5119817351059,0.2227319285119141,,,,,,,,,,,,,2026-06-30
CP-I-00141,INDIVIDUAL,CA,96352.21731414692,640.1382700130749,0.3630016437443423,,,,,,,,,,,,,2026-06-30
CP-I-00142,INDIVIDUAL,FL,136896.6322363904,673.6220511579023,0.24482259658639888,,,,,,,,,,,,,2026-06-30
CP-I-00143,INDIVIDUAL,CA,189198.05057063114,749.2991544043666,0.19150340967335497,,,,,,,,,,,,,2026-06-30
CP-I-00144,INDIVIDUAL,CA,87747.60979861546,720.7401659185822,0.49629878534991756,,,,,,,,,,,,,2026-06-30
CP-I-00145,INDIVIDUAL,FL,102601.27257959447,752.5462080692151,0.2594283469772016,,,,,,,,,,,,,2026-06-30
CP-I-00146,INDIVIDUAL,NC,118709.0631127415,663.2452210960367,0.23123579202565003,,,,,,,,,,,,,2026-06-30
CP-I-00147,INDIVIDUAL,NY,51094.067784606355,715.3358166704853,0.5440114784576988,,,,,,,,,,,,,2026-06-30
CP-I-00148,INDIVIDUAL,TX,168358.94906674713,717.9629347713174,0.42704580550924076,,,,,,,,,,,,,2026-06-30
CP-I-00149,INDIVIDUAL,NY,125632.59119937844,684.7359742071349,0.33502654545880073,,,,,,,,,,,,,2026-06-30
CP-I-00150,INDIVIDUAL,VA,59862.07477949912,751.1103247532205,0.5505007486336227,,,,,,,,,,,,,2026-06-30
CP-I-00151,INDIVIDUAL,GA,103663.70557880022,751.2058896105835,0.20219577715008238,,,,,,,,,,,,,2026-06-30
CP-I-00152,INDIVIDUAL,NY,128990.91126343759,708.8264061725532,0.11572093724053936,,,,,,,,,,,,,2026-06-30
CP-I-00153,INDIVIDUAL,NC,82652.01087997408,569.0046158954462,0.3402200260341951,,,,,,,,,,,,,2026-06-30
CP-I-00154,INDIVIDUAL,FL,65996.08937821296,684.1889502130751,0.5639054161006936,,,,,,,,,,,,,2026-06-30
CP-I-00155,INDIVIDUAL,CA,90271.95518108713,721.0258033610387,0.18183066018044008,,,,,,,,,,,,,2026-06-30
CP-I-00156,INDIVIDUAL,NY,124407.39732657571,703.0740816361853,0.20283858047263567,,,,,,,,,,,,,2026-06-30
CP-I-00157,INDIVIDUAL,GA,42656.917894768834,695.8439209675182,0.1291447155637323,,,,,,,,,,,,,2026-06-30
CP-I-00158,INDIVIDUAL,FL,210056.47048084196,713.4652390488168,0.24002133543403475,,,,,,,,,,,,,2026-06-30
CP-I-00159,INDIVIDUAL,GA,153955.5260392455,742.5211464936211,0.5124479307449785,,,,,,,,,,,,,2026-06-30
CP-I-00160,INDIVIDUAL,TX,103514.19162110204,627.59747688547,0.4917967631396399,,,,,,,,,,,,,2026-06-30
CP-I-00161,INDIVIDUAL,NC,56911.8879711241,763.0272470707006,0.38015581807270443,,,,,,,,,,,,,2026-06-30
CP-I-00162,INDIVIDUAL,NY,31431.419038789838,742.2805795639257,0.19157911534744282,,,,,,,,,,,,,2026-06-30
CP-I-00163,INDIVIDUAL,CA,86727.11798705408,767.6498280805414,0.17406642672108466,,,,,,,,,,,,,2026-06-30
CP-I-00164,INDIVIDUAL,GA,58069.95696005055,721.7641572025519,0.4894433219091717,,,,,,,,,,,,,2026-06-30
CP-I-00165,INDIVIDUAL,TX,192618.2276302472,708.2381266143851,0.12219491146948862,,,,,,,,,,,,,2026-06-30
CP-I-00166,INDIVIDUAL,NY,121166.33657245124,715.2941119595384,0.3348299133888431,,,,,,,,,,,,,2026-06-30
CP-I-00167,INDIVIDUAL,NC,104768.75070139531,650.3591717998455,0.2285715429953789,,,,,,,,,,,,,2026-06-30
CP-I-00168,INDIVIDUAL,FL,84038.25980672894,738.9984630507786,0.2115164154271969,,,,,,,,,,,,,2026-06-30
CP-I-00169,INDIVIDUAL,FL,50733.53843178953,625.6722050712776,0.16555910650512598,,,,,,,,,,,,,2026-06-30
CP-I-00170,INDIVIDUAL,NY,104651.69399412154,711.4596161008826,0.29755110407676627,,,,,,,,,,,,,2026-06-30
CP-I-00171,INDIVIDUAL,NC,138780.3995081914,753.5325340334689,0.31841350226496073,,,,,,,,,,,,,2026-06-30
CP-I-00172,INDIVIDUAL,TX,54913.21834302516,662.2630609817796,0.316867423505579,,,,,,,,,,,,,2026-06-30
CP-I-00173,INDIVIDUAL,TX,109781.3337033959,665.0712108167369,0.1716552477765112,,,,,,,,,,,,,2026-06-30
CP-I-00174,INDIVIDUAL,TX,85319.02600574476,705.9441619129457,0.315135095689847,,,,,,,,,,,,,2026-06-30
CP-I-00175,INDIVIDUAL,TX,82401.94866064674,756.3297845805255,0.2651486146223107,,,,,,,,,,,,,2026-06-30
CP-I-00176,INDIVIDUAL,TX,55040.18951367815,652.5566264165849,0.36091643509927124,,,,,,,,,,,,,2026-06-30
CP-I-00177,INDIVIDUAL,NY,187952.6203368403,821.0435950136075,0.20875398657355917,,,,,,,,,,,,,2026-06-30
CP-I-00178,INDIVIDUAL,VA,110264.58943948091,653.5705758910836,0.35731077967107383,,,,,,,,,,,,,2026-06-30
CP-I-00179,INDIVIDUAL,VA,138284.55235308674,611.226149016663,0.18404099266617321,,,,,,,,,,,,,2026-06-30
CP-I-00180,INDIVIDUAL,GA,101217.50627145509,785.8187983084207,0.2652975504257618,,,,,,,,,,,,,2026-06-30
CP-I-00181,INDIVIDUAL,VA,133718.17847280364,608.7943393486299,0.3385367872612014,,,,,,,,,,,,,2026-06-30
CP-I-00182,INDIVIDUAL,NC,59088.34010524015,722.0959915696561,0.38998171490606015,,,,,,,,,,,,,2026-06-30
CP-I-00183,INDIVIDUAL,FL,111574.13463932817,710.990845334978,0.1002102446105356,,,,,,,,,,,,,2026-06-30
CP-I-00184,INDIVIDUAL,TX,77099.50955364818,655.4076059200675,0.24795789941626656,,,,,,,,,,,,,2026-06-30
CP-I-00185,INDIVIDUAL,TX,90789.3257221567,669.7255155407681,0.42081612673550745,,,,,,,,,,,,,2026-06-30
CP-I-00186,INDIVIDUAL,FL,194279.5663449398,715.5894721838806,0.417234312295405,,,,,,,,,,,,,2026-06-30
CP-I-00187,INDIVIDUAL,NC,101703.16642910396,705.9011097302078,0.10890284028415553,,,,,,,,,,,,,2026-06-30
CP-I-00188,INDIVIDUAL,VA,168690.922576448,794.2397363814307,0.1018766564904557,,,,,,,,,,,,,2026-06-30
CP-I-00189,INDIVIDUAL,CA,145881.8124354201,681.1012025268659,0.15729723474731838,,,,,,,,,,,,,2026-06-30
CP-I-00190,INDIVIDUAL,VA,127984.1995813615,654.2993282114417,0.2517217879093873,,,,,,,,,,,,,2026-06-30
CP-I-00191,INDIVIDUAL,GA,48126.728163461084,731.1037610251896,0.05959381238463039,,,,,,,,,,,,,2026-06-30
CP-I-00192,INDIVIDUAL,GA,88911.61242509125,683.6919255741446,0.1728271408791991,,,,,,,,,,,,,2026-06-30
CP-I-00193,INDIVIDUAL,NY,61077.82167246322,704.1162800976293,0.4572498408199608,,,,,,,,,,,,,2026-06-30
CP-I-00194,INDIVIDUAL,GA,128355.1274333743,774.5227339333679,0.34632817926378867,,,,,,,,,,,,,2026-06-30
CP-I-00195,INDIVIDUAL,TX,136469.38268102397,621.6145338582435,0.3493590662981318,,,,,,,,,,,,,2026-06-30
CP-I-00196,INDIVIDUAL,NY,68678.3685129345,747.4987504552874,0.2513927716674802,,,,,,,,,,,,,2026-06-30
CP-I-00197,INDIVIDUAL,VA,91916.34411598292,708.8820966061845,0.3237378708765269,,,,,,,,,,,,,2026-06-30
CP-I-00198,INDIVIDUAL,NY,118311.49750166312,830.1813584006511,0.47128764088278297,,,,,,,,,,,,,2026-06-30
CP-I-00199,INDIVIDUAL,NY,117741.27477785207,612.0901813127116,0.30537146327493153,,,,,,,,,,,,,2026-06-30
CP-I-00200,INDIVIDUAL,FL,116447.03730915197,660.509564839042,0.22814135585634204,,,,,,,,,,,,,2026-06-30
CP-I-00201,INDIVIDUAL,CA,63477.200206899135,645.7877927696568,0.22952456286473863,,,,,,,,,,,,,2026-06-30
CP-I-00202,INDIVIDUAL,TX,96346.97825106943,753.9202586039654,0.20986054012812208,,,,,,,,,,,,,2026-06-30
CP-I-00203,INDIVIDUAL,CA,49611.727522689725,780.2844365882611,0.295102704226419,,,,,,,,,,,,,2026-06-30
CP-I-00204,INDIVIDUAL,GA,81516.2441257124,779.2567648118604,0.14362802402425343,,,,,,,,,,,,,2026-06-30
CP-I-00205,INDIVIDUAL,NC,71745.16642153746,699.5351416894473,0.2528977615394375,,,,,,,,,,,,,2026-06-30
CP-I-00206,INDIVIDUAL,NY,67734.91236416111,749.2550177196072,0.3763385650929373,,,,,,,,,,,,,2026-06-30
CP-I-00207,INDIVIDUAL,GA,271758.11179328576,684.2024456523881,0.42081320427924096,,,,,,,,,,,,,2026-06-30
CP-I-00208,INDIVIDUAL,NC,84670.70951321168,631.4973730704254,0.2976770581029694,,,,,,,,,,,,,2026-06-30
CP-I-00209,INDIVIDUAL,FL,42552.38217634604,757.8620987460768,0.3329749024460653,,,,,,,,,,,,,2026-06-30
CP-I-00210,INDIVIDUAL,FL,30565.893908741196,765.089868389617,0.14662121182661075,,,,,,,,,,,,,2026-06-30
CP-I-00211,INDIVIDUAL,NC,150413.1466096056,637.9621907809485,0.16043668695329644,,,,,,,,,,,,,2026-06-30
CP-I-00212,INDIVIDUAL,GA,59148.612765904174,660.9216205708099,0.3822559904953132,,,,,,,,,,,,,2026-06-30
CP-I-00213,INDIVIDUAL,GA,94810.99633619474,770.3591411195059,0.469023875190427,,,,,,,,,,,,,2026-06-30
CP-I-00214,INDIVIDUAL,GA,183127.85804931517,729.3224410065963,0.3471768018495306,,,,,,,,,,,,,2026-06-30
CP-I-00215,INDIVIDUAL,VA,96308.79560523703,796.7888348369863,0.3365255523111882,,,,,,,,,,,,,2026-06-30
CP-I-00216,INDIVIDUAL,NC,69996.37624347718,701.7527700073854,0.3055626921510586,,,,,,,,,,,,,2026-06-30
CP-I-00217,INDIVIDUAL,VA,160997.8561180274,652.8922396545182,0.33031749658408294,,,,,,,,,,,,,2026-06-30
CP-I-00218,INDIVIDUAL,VA,93798.74714742428,567.4423250182011,0.386911191569002,,,,,,,,,,,,,2026-06-30
CP-I-00219,INDIVIDUAL,NC,99653.06387833263,814.521727287296,0.3113469193840376,,,,,,,,,,,,,2026-06-30
CP-I-00220,INDIVIDUAL,FL,159686.8289891862,753.805607400833,0.23002245565410062,,,,,,,,,,,,,2026-06-30
CP-I-00221,INDIVIDUAL,NC,83312.79872615357,710.6198705337355,0.5047215502583178,,,,,,,,,,,,,2026-06-30
CP-I-00222,INDIVIDUAL,FL,93362.94654144676,741.0626086027697,0.09869085971971583,,,,,,,,,,,,,2026-06-30
CP-I-00223,INDIVIDUAL,TX,158069.59601455662,708.6282261479631,0.32659031600409344,,,,,,,,,,,,,2026-06-30
CP-I-00224,INDIVIDUAL,TX,122548.52134256958,658.548959202351,0.2501050627862538,,,,,,,,,,,,,2026-06-30
CP-I-00225,INDIVIDUAL,NY,47766.780537608,759.0923579714716,0.1577369477347063,,,,,,,,,,,,,2026-06-30
CP-I-00226,INDIVIDUAL,TX,42776.838490179114,774.7159822802236,0.2298417277811728,,,,,,,,,,,,,2026-06-30
CP-I-00227,INDIVIDUAL,FL,151566.05484424008,676.6446791731483,0.19191830517169195,,,,,,,,,,,,,2026-06-30
CP-I-00228,INDIVIDUAL,GA,64676.70507918245,807.7432508267743,0.40082080931355696,,,,,,,,,,,,,2026-06-30
CP-I-00229,INDIVIDUAL,GA,90239.2108698662,687.6222072967736,0.14656996073272283,,,,,,,,,,,,,2026-06-30
CP-I-00230,INDIVIDUAL,CA,86638.98596148593,785.2393077577417,0.5292963165201378,,,,,,,,,,,,,2026-06-30
CP-I-00231,INDIVIDUAL,NC,117706.74534180062,641.0743733639913,0.0867621923761038,,,,,,,,,,,,,2026-06-30
CP-I-00232,INDIVIDUAL,NY,91311.71222588317,733.2624807928319,0.2810761416110763,,,,,,,,,,,,,2026-06-30
CP-I-00233,INDIVIDUAL,GA,80259.11983266307,789.6457805311608,0.33225809892242,,,,,,,,,,,,,2026-06-30
CP-I-00234,INDIVIDUAL,TX,57905.92199074075,678.2007128568424,0.2735690442256683,,,,,,,,,,,,,2026-06-30
CP-I-00235,INDIVIDUAL,CA,144377.97487020347,698.9079858810903,0.23584599523136404,,,,,,,,,,,,,2026-06-30
CP-I-00236,INDIVIDUAL,TX,143837.26266774547,686.0327801904983,0.3639206306422942,,,,,,,,,,,,,2026-06-30
CP-I-00237,INDIVIDUAL,GA,65082.517768489466,675.0592311497177,0.23129773022009723,,,,,,,,,,,,,2026-06-30
CP-I-00238,INDIVIDUAL,CA,76917.93358126415,713.6733140376961,0.3294251586137063,,,,,,,,,,,,,2026-06-30
CP-I-00239,INDIVIDUAL,GA,43570.459071606194,753.5180049084038,0.3303997580956506,,,,,,,,,,,,,2026-06-30
CP-I-00240,INDIVIDUAL,VA,42414.69023988275,674.3951882450392,0.20087552529792807,,,,,,,,,,,,,2026-06-30
CP-I-00241,INDIVIDUAL,GA,69155.0165434286,702.0656834887652,0.09740778101242943,,,,,,,,,,,,,2026-06-30
CP-I-00242,INDIVIDUAL,FL,112663.62838016258,705.6829640387508,0.13571612827507773,,,,,,,,,,,,,2026-06-30
CP-I-00243,INDIVIDUAL,GA,265753.9764833384,648.4588949478759,0.21840941305844364,,,,,,,,,,,,,2026-06-30
CP-I-00244,INDIVIDUAL,TX,176752.32894594816,751.4785923413989,0.2574384512350488,,,,,,,,,,,,,2026-06-30
CP-I-00245,INDIVIDUAL,GA,50424.34319954746,754.7717876853687,0.24694394082616006,,,,,,,,,,,,,2026-06-30
CP-I-00246,INDIVIDUAL,GA,116062.72119587568,735.2663498780241,0.3294398019152338,,,,,,,,,,,,,2026-06-30
CP-I-00247,INDIVIDUAL,CA,77162.50218029499,652.8533799685404,0.11987522877156769,,,,,,,,,,,,,2026-06-30
CP-I-00248,INDIVIDUAL,CA,99911.03082812128,651.4525376250638,0.2501543249932495,,,,,,,,,,,,,2026-06-30
CP-I-00249,INDIVIDUAL,TX,121387.01486996519,753.5477735107481,0.0631867154307403,,,,,,,,,,,,,2026-06-30
CP-I-00250,INDIVIDUAL,FL,161347.98458211226,661.7792886669058,0.31185990199881375,,,,,,,,,,,,,2026-06-30
CP-I-00251,INDIVIDUAL,VA,54679.089462106254,663.9659078234024,0.18683150299343243,,,,,,,,,,,,,2026-06-30
CP-I-00252,INDIVIDUAL,NC,158420.21712176994,749.3115390433956,0.1333117160184425,,,,,,,,,,,,,2026-06-30
CP-I-00253,INDIVIDUAL,TX,49267.96179554911,660.766421645862,0.25714857833098614,,,,,,,,,,,,,2026-06-30
CP-I-00254,INDIVIDUAL,TX,94422.68344301019,696.1779150525704,0.3507045023515928,,,,,,,,,,,,,2026-06-30
CP-I-00255,INDIVIDUAL,NC,84476.20565650225,686.8735445063018,0.2688804431952327,,,,,,,,,,,,,2026-06-30
CP-I-00256,INDIVIDUAL,VA,75995.38539438024,675.9399470530386,0.08731013984412826,,,,,,,,,,,,,2026-06-30
CP-I-00257,INDIVIDUAL,FL,271819.561621881,682.4123545262333,0.45973277030971266,,,,,,,,,,,,,2026-06-30
CP-I-00258,INDIVIDUAL,NC,87342.16421064187,670.885371887861,0.10631159941272614,,,,,,,,,,,,,2026-06-30
CP-I-00259,INDIVIDUAL,NY,83069.45775754342,682.4065908268311,0.40161453458273344,,,,,,,,,,,,,2026-06-30
CP-I-00260,INDIVIDUAL,VA,112377.093926143,697.0187576045528,0.171544721648479,,,,,,,,,,,,,2026-06-30
CP-I-00261,INDIVIDUAL,NY,79058.83496167477,663.302764384475,0.44719015115690686,,,,,,,,,,,,,2026-06-30
CP-I-00262,INDIVIDUAL,NY,87262.26360214759,742.9716851312141,0.4322513264498363,,,,,,,,,,,,,2026-06-30
CP-I-00263,INDIVIDUAL,VA,99497.15248532523,746.1383777252187,0.2906277366637925,,,,,,,,,,,,,2026-06-30
CP-I-00264,INDIVIDUAL,CA,49490.402172356815,711.0985772998306,0.27258906191731125,,,,,,,,,,,,,2026-06-30
CP-I-00265,INDIVIDUAL,NC,102822.32382857714,721.3037898571987,0.44910029428609133,,,,,,,,,,,,,2026-06-30
CP-I-00266,INDIVIDUAL,FL,117629.905353368,683.9022531075611,0.2596244068717235,,,,,,,,,,,,,2026-06-30
CP-I-00267,INDIVIDUAL,FL,80408.71387954854,606.0169962837696,0.16696742635808348,,,,,,,,,,,,,2026-06-30
CP-I-00268,INDIVIDUAL,CA,99582.77190763416,629.5513755576708,0.05413254625526535,,,,,,,,,,,,,2026-06-30
CP-I-00269,INDIVIDUAL,CA,51667.08395332068,747.7496069316467,0.13564381864670522,,,,,,,,,,,,,2026-06-30
CP-I-00270,INDIVIDUAL,CA,52002.5675734374,789.6396678584538,0.2754629381682301,,,,,,,,,,,,,2026-06-30
CP-I-00271,INDIVIDUAL,GA,123011.75746379377,621.3830346649764,0.32690842863216785,,,,,,,,,,,,,2026-06-30
CP-I-00272,INDIVIDUAL,CA,37039.58001264933,837.4338900644583,0.18784180185458169,,,,,,,,,,,,,2026-06-30
CP-I-00273,INDIVIDUAL,FL,86318.8297114565,721.6475471454189,0.09256812882194891,,,,,,,,,,,,,2026-06-30
CP-I-00274,INDIVIDUAL,GA,33157.77221820041,728.7729732718267,0.4240249654078338,,,,,,,,,,,,,2026-06-30
CP-I-00275,INDIVIDUAL,NY,82541.22830711385,669.8200421525687,0.27869115509547193,,,,,,,,,,,,,2026-06-30
CP-I-00276,INDIVIDUAL,NY,87493.2721709555,772.1704776198898,0.1508348361260371,,,,,,,,,,,,,2026-06-30
CP-I-00277,INDIVIDUAL,FL,146443.04336806526,744.8925185859785,0.3269814409546126,,,,,,,,,,,,,2026-06-30
CP-I-00278,INDIVIDUAL,CA,66476.56935421392,696.3890671926825,0.17228411414201447,,,,,,,,,,,,,2026-06-30
CP-I-00279,INDIVIDUAL,NC,120086.99866836253,690.8669635206335,0.40688551600579137,,,,,,,,,,,,,2026-06-30
CP-I-00280,INDIVIDUAL,FL,93587.16090224376,694.3822032505121,0.38730695684040756,,,,,,,,,,,,,2026-06-30
CP-I-00281,INDIVIDUAL,TX,186475.0428066266,707.9289102550158,0.0888266075309132,,,,,,,,,,,,,2026-06-30
CP-I-00282,INDIVIDUAL,NY,99319.6511315009,789.2135043122203,0.2829942670527501,,,,,,,,,,,,,2026-06-30
CP-I-00283,INDIVIDUAL,NY,138042.74383129837,682.3232724416238,0.41846652073849727,,,,,,,,,,,,,2026-06-30
CP-I-00284,INDIVIDUAL,CA,72590.82271173508,688.9922463871545,0.5951198219090471,,,,,,,,,,,,,2026-06-30
CP-I-00285,INDIVIDUAL,TX,107464.53538716411,673.8032702098756,0.5347434527793088,,,,,,,,,,,,,2026-06-30
CP-I-00286,INDIVIDUAL,NC,110209.75980152986,758.1591850510729,0.22241640078654618,,,,,,,,,,,,,2026-06-30
CP-I-00287,INDIVIDUAL,NY,80107.8192084911,670.4153027662044,0.1998052545049269,,,,,,,,,,,,,2026-06-30
CP-I-00288,INDIVIDUAL,VA,111380.08361662415,833.7797370474217,0.09655747815615409,,,,,,,,,,,,,2026-06-30
CP-I-00289,INDIVIDUAL,VA,42942.450004890765,828.012744459414,0.35464354799906195,,,,,,,,,,,,,2026-06-30
CP-I-00290,INDIVIDUAL,NC,33533.60110558179,754.2511289784642,0.17190600047830654,,,,,,,,,,,,,2026-06-30
CP-I-00291,INDIVIDUAL,VA,66343.59623480598,776.3076641047045,0.1521001253435577,,,,,,,,,,,,,2026-06-30
CP-I-00292,INDIVIDUAL,GA,72373.82877760458,699.3482694364711,0.18426334945817735,,,,,,,,,,,,,2026-06-30
CP-I-00293,INDIVIDUAL,VA,107252.21823005802,674.644106787897,0.29388828931900496,,,,,,,,,,,,,2026-06-30
CP-I-00294,INDIVIDUAL,FL,75416.28985136312,814.147150571584,0.23930684490185064,,,,,,,,,,,,,2026-06-30
CP-I-00295,INDIVIDUAL,NC,105139.50140813387,656.3728851939435,0.09566232821791035,,,,,,,,,,,,,2026-06-30
CP-I-00296,INDIVIDUAL,NC,123008.08066622054,682.7140689762256,0.269260603647111,,,,,,,,,,,,,2026-06-30
CP-I-00297,INDIVIDUAL,TX,62080.80476321532,638.924810792932,0.37782366626774666,,,,,,,,,,,,,2026-06-30
CP-I-00298,INDIVIDUAL,NC,89077.58629977559,714.4726071776757,0.3475830237399491,,,,,,,,,,,,,2026-06-30
CP-I-00299,INDIVIDUAL,TX,107409.87420125998,722.0040913322398,0.19224568045708168,,,,,,,,,,,,,2026-06-30
CP-I-00300,INDIVIDUAL,NY,99701.88223009414,692.4172375422219,0.68520553386422,,,,,,,,,,,,,2026-06-30
CP-I-00301,INDIVIDUAL,VA,49225.855299881485,645.6062002806796,0.38073182776874376,,,,,,,,,,,,,2026-06-30
CP-I-00302,INDIVIDUAL,FL,74780.13660240216,571.0105488210415,0.10126450695673761,,,,,,,,,,,,,2026-06-30
CP-I-00303,INDIVIDUAL,NC,147648.9895663431,761.6661860487932,0.2806988251774955,,,,,,,,,,,,,2026-06-30
CP-I-00304,INDIVIDUAL,VA,109205.1811922246,689.5564299635522,0.197644500157163,,,,,,,,,,,,,2026-06-30
CP-I-00305,INDIVIDUAL,NC,160693.17290878188,733.6133157299058,0.2407981416523578,,,,,,,,,,,,,2026-06-30
CP-I-00306,INDIVIDUAL,NC,82260.68754574683,705.8692626564676,0.28519427795585467,,,,,,,,,,,,,2026-06-30
CP-I-00307,INDIVIDUAL,VA,116901.5552059566,670.1191480184768,0.20015802692907608,,,,,,,,,,,,,2026-06-30
CP-I-00308,INDIVIDUAL,NC,328906.06569947937,730.5625998961642,0.2977908458907829,,,,,,,,,,,,,2026-06-30
CP-I-00309,INDIVIDUAL,TX,49133.75095355267,673.9690346738728,0.45592489735957525,,,,,,,,,,,,,2026-06-30
CP-I-00310,INDIVIDUAL,NC,96678.02644992796,732.6795374938023,0.21710200348951947,,,,,,,,,,,,,2026-06-30
CP-I-00311,INDIVIDUAL,NY,140227.6112515519,754.5783277903882,0.44869993689410037,,,,,,,,,,,,,2026-06-30
CP-I-00312,INDIVIDUAL,TX,171504.56488291107,749.973681051822,0.5085038596374152,,,,,,,,,,,,,2026-06-30
CP-I-00313,INDIVIDUAL,TX,88078.84418735975,784.7208422795064,0.3430566843643448,,,,,,,,,,,,,2026-06-30
CP-I-00314,INDIVIDUAL,NC,119940.50065529186,767.6807919361055,0.29847623096220766,,,,,,,,,,,,,2026-06-30
CP-I-00315,INDIVIDUAL,NC,135179.8531911807,699.2673623333596,0.1788101105218883,,,,,,,,,,,,,2026-06-30
CP-I-00316,INDIVIDUAL,VA,250080.9683579008,760.535755413816,0.2531683185011089,,,,,,,,,,,,,2026-06-30
CP-I-00317,INDIVIDUAL,NC,78244.0484545508,693.5648924046528,0.11562895264663313,,,,,,,,,,,,,2026-06-30
CP-I-00318,INDIVIDUAL,TX,62552.56726249045,683.9830558276509,0.10860160719934364,,,,,,,,,,,,,2026-06-30
CP-I-00319,INDIVIDUAL,CA,90348.6077455047,773.6592073428776,0.15303372294305323,,,,,,,,,,,,,2026-06-30
CP-I-00320,INDIVIDUAL,FL,89173.67476588915,734.9863364364626,0.4018645868759726,,,,,,,,,,,,,2026-06-30
CP-I-00321,INDIVIDUAL,GA,61159.13027846235,663.6618379793782,0.2527826216014175,,,,,,,,,,,,,2026-06-30
CP-I-00322,INDIVIDUAL,VA,79625.74587840615,713.4341398238685,0.21541912273342942,,,,,,,,,,,,,2026-06-30
CP-I-00323,INDIVIDUAL,TX,67883.80854690402,679.5326735505712,0.16300684251588976,,,,,,,,,,,,,2026-06-30
CP-I-00324,INDIVIDUAL,CA,80255.95895403058,739.3741557703514,0.27028190627141735,,,,,,,,,,,,,2026-06-30
CP-I-00325,INDIVIDUAL,TX,139700.6722914393,642.452066231055,0.11979913103983768,,,,,,,,,,,,,2026-06-30
CP-I-00326,INDIVIDUAL,FL,159894.75294130808,838.2281324508685,0.21817455294904645,,,,,,,,,,,,,2026-06-30
CP-I-00327,INDIVIDUAL,CA,37933.689853379845,763.7546553644277,0.25900759496747305,,,,,,,,,,,,,2026-06-30
CP-I-00328,INDIVIDUAL,GA,138348.86912341043,652.0456392153877,0.14031703858487865,,,,,,,,,,,,,2026-06-30
CP-I-00329,INDIVIDUAL,CA,36250.56174458865,748.372476362537,0.35054643514747685,,,,,,,,,,,,,2026-06-30
CP-I-00330,INDIVIDUAL,TX,60489.64271664763,666.8840114173286,0.44221272508285625,,,,,,,,,,,,,2026-06-30
CP-I-00331,INDIVIDUAL,NC,44366.919488175576,691.5036008672635,0.2129790786211178,,,,,,,,,,,,,2026-06-30
CP-I-00332,INDIVIDUAL,TX,71585.89028933732,687.5062099009796,0.27758972348696603,,,,,,,,,,,,,2026-06-30
CP-I-00333,INDIVIDUAL,NY,89506.28746450192,728.1909595308159,0.29437331536594535,,,,,,,,,,,,,2026-06-30
CP-I-00334,INDIVIDUAL,GA,260140.343848193,738.664066811614,0.2656445410716847,,,,,,,,,,,,,2026-06-30
CP-I-00335,INDIVIDUAL,NC,98080.27040004733,679.1746581963432,0.33871508333485534,,,,,,,,,,,,,2026-06-30
CP-I-00336,INDIVIDUAL,CA,120061.47609056911,762.6749296777645,0.15222969571296383,,,,,,,,,,,,,2026-06-30
CP-I-00337,INDIVIDUAL,FL,61164.81822424376,717.8661957408723,0.36629887889281854,,,,,,,,,,,,,2026-06-30
CP-I-00338,INDIVIDUAL,NC,187384.13192005132,610.3592209368065,0.1500600530384119,,,,,,,,,,,,,2026-06-30
CP-I-00339,INDIVIDUAL,CA,156816.70868693397,755.328901715841,0.3988280623832915,,,,,,,,,,,,,2026-06-30
CP-I-00340,INDIVIDUAL,NY,105533.64410892116,650.2289171580306,0.2507300257094892,,,,,,,,,,,,,2026-06-30
CP-I-00341,INDIVIDUAL,VA,91807.90302495565,703.7313090832993,0.35764280543702975,,,,,,,,,,,,,2026-06-30
CP-I-00342,INDIVIDUAL,GA,91831.93891214831,654.5932098199992,0.28485368085705903,,,,,,,,,,,,,2026-06-30
CP-I-00343,INDIVIDUAL,NC,53029.957128647984,649.445253020254,0.21620423255326282,,,,,,,,,,,,,2026-06-30
CP-I-00344,INDIVIDUAL,NY,316557.3657628598,724.6926647174037,0.36250844517744196,,,,,,,,,,,,,2026-06-30
CP-I-00345,INDIVIDUAL,NC,105294.57834663929,721.3077247863591,0.2781522991296734,,,,,,,,,,,,,2026-06-30
CP-I-00346,INDIVIDUAL,NC,114368.96065912805,723.2310787151172,0.12244893149346248,,,,,,,,,,,,,2026-06-30
CP-I-00347,INDIVIDUAL,NC,52886.68174276431,754.5137431948783,0.27337069458897456,,,,,,,,,,,,,2026-06-30
CP-I-00348,INDIVIDUAL,NC,56924.6296706333,629.856451371559,0.40860443376852007,,,,,,,,,,,,,2026-06-30
CP-I-00349,INDIVIDUAL,CA,111783.2583292952,640.971550140406,0.4256878683775876,,,,,,,,,,,,,2026-06-30
CP-I-00350,INDIVIDUAL,CA,124094.1875271721,708.1007665455306,0.21507390619099342,,,,,,,,,,,,,2026-06-30
CP-I-00351,INDIVIDUAL,TX,165095.6313571144,661.269340738518,0.2397683636452999,,,,,,,,,,,,,2026-06-30
CP-I-00352,INDIVIDUAL,VA,181521.4179126371,755.8381184159537,0.3607237634265557,,,,,,,,,,,,,2026-06-30
CP-I-00353,INDIVIDUAL,NY,96021.30252660532,686.45542126694,0.467626336043718,,,,,,,,,,,,,2026-06-30
CP-I-00354,INDIVIDUAL,GA,50155.05786380507,709.0021216464081,0.07922785443319488,,,,,,,,,,,,,2026-06-30
CP-I-00355,INDIVIDUAL,TX,177558.24942484318,706.8590235033956,0.48435160398350646,,,,,,,,,,,,,2026-06-30
CP-I-00356,INDIVIDUAL,CA,180485.73520680788,738.3459425086302,0.5070618018112355,,,,,,,,,,,,,2026-06-30
CP-I-00357,INDIVIDUAL,VA,79646.79309749394,671.6918230282137,0.6399249939854466,,,,,,,,,,,,,2026-06-30
CP-I-00358,INDIVIDUAL,CA,53968.98631762915,730.1694784141038,0.32405046316145025,,,,,,,,,,,,,2026-06-30
CP-I-00359,INDIVIDUAL,GA,172024.76129152862,715.3934451233423,0.3634794688983139,,,,,,,,,,,,,2026-06-30
CP-I-00360,INDIVIDUAL,FL,80932.45375506107,733.5705196145398,0.288182275960593,,,,,,,,,,,,,2026-06-30
CP-I-00361,INDIVIDUAL,VA,112010.77027240742,693.195603609015,0.36699327993470654,,,,,,,,,,,,,2026-06-30
CP-I-00362,INDIVIDUAL,NC,112302.9720586565,689.3863706509785,0.13632036330462988,,,,,,,,,,,,,2026-06-30
CP-I-00363,INDIVIDUAL,GA,100229.83622643976,669.2043646325507,0.2885993966084981,,,,,,,,,,,,,2026-06-30
CP-I-00364,INDIVIDUAL,TX,87968.54440391914,728.4378970235955,0.2565090732581083,,,,,,,,,,,,,2026-06-30
CP-I-00365,INDIVIDUAL,FL,114594.76448459738,614.1496360982263,0.25451167649326306,,,,,,,,,,,,,2026-06-30
CP-I-00366,INDIVIDUAL,GA,106906.95654497588,751.6042787282198,0.14638244987247725,,,,,,,,,,,,,2026-06-30
CP-I-00367,INDIVIDUAL,FL,71345.96624856433,690.6848965331533,0.34009288408815946,,,,,,,,,,,,,2026-06-30
CP-I-00368,INDIVIDUAL,VA,187500.6702737146,746.5133028075389,0.2663970457974186,,,,,,,,,,,,,2026-06-30
CP-I-00369,INDIVIDUAL,NC,111447.5207011301,671.4229329393836,0.48152917657767613,,,,,,,,,,,,,2026-06-30
CP-I-00370,INDIVIDUAL,GA,130591.80750192837,723.7768317946918,0.4878913435112318,,,,,,,,,,,,,2026-06-30
CP-I-00371,INDIVIDUAL,NY,80161.98201893317,631.3991568696472,0.2444518815537551,,,,,,,,,,,,,2026-06-30
CP-I-00372,INDIVIDUAL,NC,61777.28307144255,717.9369766529329,0.16935457179561522,,,,,,,,,,,,,2026-06-30
CP-I-00373,INDIVIDUAL,FL,89467.71682776001,650.973899549379,0.29967357487850926,,,,,,,,,,,,,2026-06-30
CP-I-00374,INDIVIDUAL,FL,85265.22002447427,715.6471309970041,0.13068121475340216,,,,,,,,,,,,,2026-06-30
CP-I-00375,INDIVIDUAL,GA,109138.04123702119,750.3244199046597,0.29985582529638843,,,,,,,,,,,,,2026-06-30
CP-I-00376,INDIVIDUAL,NY,76734.77519894838,678.9474564788108,0.22829380426153312,,,,,,,,,,,,,2026-06-30
CP-I-00377,INDIVIDUAL,NY,74023.91964267266,599.7429518454222,0.2954251357739868,,,,,,,,,,,,,2026-06-30
CP-I-00378,INDIVIDUAL,TX,143178.6276249251,637.3140857265648,0.16967942964878713,,,,,,,,,,,,,2026-06-30
CP-I-00379,INDIVIDUAL,NC,107819.71563779116,763.5586984454619,0.3010923918962594,,,,,,,,,,,,,2026-06-30
CP-I-00380,INDIVIDUAL,FL,67710.45422045146,708.6197226405291,0.2796178303099556,,,,,,,,,,,,,2026-06-30
CP-I-00381,INDIVIDUAL,CA,201534.59940351872,729.1266378046298,0.19082658005923936,,,,,,,,,,,,,2026-06-30
CP-I-00382,INDIVIDUAL,FL,82508.23541863417,718.0654322609768,0.4367168801234933,,,,,,,,,,,,,2026-06-30
CP-I-00383,INDIVIDUAL,GA,68470.75834778471,724.5623227630941,0.2739768183480971,,,,,,,,,,,,,2026-06-30
CP-I-00384,INDIVIDUAL,NY,85197.82593319402,708.3665087924201,0.16479038153956838,,,,,,,,,,,,,2026-06-30
CP-I-00385,INDIVIDUAL,NC,57189.369764764015,757.1732899515575,0.2579670363886134,,,,,,,,,,,,,2026-06-30
CP-I-00386,INDIVIDUAL,VA,66726.50961987382,651.4944007817832,0.2973304410655053,,,,,,,,,,,,,2026-06-30
CP-I-00387,INDIVIDUAL,TX,96829.64685832297,836.6455546010843,0.2919304475976848,,,,,,,,,,,,,2026-06-30
CP-I-00388,INDIVIDUAL,TX,65481.34342414388,713.1815672283366,0.3124433777437573,,,,,,,,,,,,,2026-06-30
CP-I-00389,INDIVIDUAL,FL,142465.24370430646,817.8493973547281,0.5514575453903472,,,,,,,,,,,,,2026-06-30
CP-I-00390,INDIVIDUAL,CA,44735.932516018045,737.5790285719929,0.17198824597935172,,,,,,,,,,,,,2026-06-30
CP-I-00391,INDIVIDUAL,CA,170416.12048592503,725.1099184801644,0.2994837217568807,,,,,,,,,,,,,2026-06-30
CP-I-00392,INDIVIDUAL,GA,154523.84307527973,769.4865441515402,0.13693973563435674,,,,,,,,,,,,,2026-06-30
CP-I-00393,INDIVIDUAL,VA,159171.84646327508,596.7708631197783,0.47672897643081474,,,,,,,,,,,,,2026-06-30
CP-I-00394,INDIVIDUAL,NY,111176.85765407028,648.2870759551431,0.44485194900849573,,,,,,,,,,,,,2026-06-30
CP-I-00395,INDIVIDUAL,FL,60358.6761125306,794.4210990568174,0.23500983968737482,,,,,,,,,,,,,2026-06-30
CP-I-00396,INDIVIDUAL,NY,40541.781743542524,701.1046197819988,0.5832046761789912,,,,,,,,,,,,,2026-06-30
CP-I-00397,INDIVIDUAL,GA,60285.815600768314,768.6774779905566,0.4464301687757096,,,,,,,,,,,,,2026-06-30
CP-I-00398,INDIVIDUAL,NC,41917.00630088971,667.024641343939,0.25425653196445275,,,,,,,,,,,,,2026-06-30
CP-I-00399,INDIVIDUAL,GA,133786.02913684526,703.6492606066616,0.2773751649438563,,,,,,,,,,,,,2026-06-30
CP-I-00400,INDIVIDUAL,CA,82193.73927338517,721.4211001272765,0.27549390353599196,,,,,,,,,,,,,2026-06-30
CP-I-00401,INDIVIDUAL,GA,117575.07446970062,681.0484703876168,0.11604509780486767,,,,,,,,,,,,,2026-06-30
CP-I-00402,INDIVIDUAL,FL,103439.249988503,726.6354800460772,0.4544557511956454,,,,,,,,,,,,,2026-06-30
CP-I-00403,INDIVIDUAL,GA,82213.44907801114,692.4364461595317,0.30262658874331255,,,,,,,,,,,,,2026-06-30
CP-I-00404,INDIVIDUAL,CA,249035.59836025885,761.5908297684537,0.0755452782481718,,,,,,,,,,,,,2026-06-30
CP-I-00405,INDIVIDUAL,FL,144938.40362474418,662.951073044837,0.5002098732795872,,,,,,,,,,,,,2026-06-30
CP-I-00406,INDIVIDUAL,NY,100742.24033488819,754.1473974789884,0.18011039605290471,,,,,,,,,,,,,2026-06-30
CP-I-00407,INDIVIDUAL,TX,82891.7406447233,707.454316911519,0.20710443705414636,,,,,,,,,,,,,2026-06-30
CP-I-00408,INDIVIDUAL,TX,48381.15736827217,724.9466272018416,0.26192053620677486,,,,,,,,,,,,,2026-06-30
CP-I-00409,INDIVIDUAL,TX,157515.02577108963,708.3739838863993,0.2012798407273098,,,,,,,,,,,,,2026-06-30
CP-I-00410,INDIVIDUAL,NC,71398.55228305739,769.1744385452796,0.3301007443952333,,,,,,,,,,,,,2026-06-30
CP-I-00411,INDIVIDUAL,NC,117540.05655505064,705.1832157694683,0.4297610162409674,,,,,,,,,,,,,2026-06-30
CP-I-00412,INDIVIDUAL,TX,59594.91094317151,694.6205812304049,0.5258861443800452,,,,,,,,,,,,,2026-06-30
CP-I-00413,INDIVIDUAL,TX,99640.61111659897,778.9864730789152,0.24311937708178177,,,,,,,,,,,,,2026-06-30
CP-I-00414,INDIVIDUAL,GA,170699.96936834,736.0568419648034,0.3183199308032419,,,,,,,,,,,,,2026-06-30
CP-I-00415,INDIVIDUAL,NY,106729.99947654616,679.9993241345404,0.1790329450975013,,,,,,,,,,,,,2026-06-30
CP-I-00416,INDIVIDUAL,FL,122826.57343631415,641.608417225975,0.119211339349683,,,,,,,,,,,,,2026-06-30
CP-I-00417,INDIVIDUAL,NC,103520.8765044775,800.6132268905212,0.42311620210875356,,,,,,,,,,,,,2026-06-30
CP-I-00418,INDIVIDUAL,GA,55744.5725101881,654.4261232909673,0.324950768498433,,,,,,,,,,,,,2026-06-30
CP-I-00419,INDIVIDUAL,NC,205930.87168804076,651.6839338225498,0.25906842372339406,,,,,,,,,,,,,2026-06-30
CP-I-00420,INDIVIDUAL,GA,76016.0812127246,696.6263394797908,0.3999655884155944,,,,,,,,,,,,,2026-06-30
CP-I-00421,INDIVIDUAL,TX,107573.15128293117,750.2611358596126,0.3180825875791826,,,,,,,,,,,,,2026-06-30
CP-I-00422,INDIVIDUAL,CA,66139.34402841883,713.5549692846342,0.29580738832646014,,,,,,,,,,,,,2026-06-30
CP-I-00423,INDIVIDUAL,TX,68900.19818083708,745.5166757932783,0.2788294620265703,,,,,,,,,,,,,2026-06-30
CP-I-00424,INDIVIDUAL,VA,87241.93417081622,614.474393240108,0.16674953213067453,,,,,,,,,,,,,2026-06-30
CP-I-00425,INDIVIDUAL,NY,140686.41698071468,718.5450227832592,0.13912126744239436,,,,,,,,,,,,,2026-06-30
CP-I-00426,INDIVIDUAL,NY,84939.72128030805,657.0802071750293,0.10551421149337875,,,,,,,,,,,,,2026-06-30
CP-I-00427,INDIVIDUAL,FL,116982.5201593126,762.5686410836254,0.4415354359764153,,,,,,,,,,,,,2026-06-30
CP-I-00428,INDIVIDUAL,TX,138424.08032653172,715.4511273591163,0.4904334273409072,,,,,,,,,,,,,2026-06-30
CP-I-00429,INDIVIDUAL,GA,52974.11663175842,665.3703012154856,0.06005711903386601,,,,,,,,,,,,,2026-06-30
CP-I-00430,INDIVIDUAL,FL,118459.12273380633,783.7303450640478,0.44821188332730927,,,,,,,,,,,,,2026-06-30
CP-I-00431,INDIVIDUAL,CA,86800.10115495216,712.1412916260865,0.4460028985653325,,,,,,,,,,,,,2026-06-30
CP-I-00432,INDIVIDUAL,GA,145285.47341144952,759.1803926811106,0.2427259540805011,,,,,,,,,,,,,2026-06-30
CP-I-00433,INDIVIDUAL,NC,76105.47173145432,631.5853771842144,0.22608872370658312,,,,,,,,,,,,,2026-06-30
CP-I-00434,INDIVIDUAL,NC,74254.33522001521,683.723443722695,0.2079027074172169,,,,,,,,,,,,,2026-06-30
CP-I-00435,INDIVIDUAL,FL,59550.49055790261,778.239679762111,0.44464669144095637,,,,,,,,,,,,,2026-06-30
CP-I-00436,INDIVIDUAL,TX,68880.78206866702,629.9587609006073,0.09784915710470427,,,,,,,,,,,,,2026-06-30
CP-I-00437,INDIVIDUAL,FL,67493.02464310071,655.6537661425211,0.16392174093063874,,,,,,,,,,,,,2026-06-30
CP-I-00438,INDIVIDUAL,FL,189759.17438279642,742.6085545349093,0.08652609351454732,,,,,,,,,,,,,2026-06-30
CP-I-00439,INDIVIDUAL,NC,118744.1978887747,615.2647539984677,0.3251000373990569,,,,,,,,,,,,,2026-06-30
CP-I-00440,INDIVIDUAL,NY,97048.820287279,687.6381384929452,0.2512441223145271,,,,,,,,,,,,,2026-06-30
CP-I-00441,INDIVIDUAL,NY,109208.9575783816,688.705259453644,0.2936998290521419,,,,,,,,,,,,,2026-06-30
CP-I-00442,INDIVIDUAL,TX,82189.74586435732,710.8557909626372,0.30309018944638016,,,,,,,,,,,,,2026-06-30
CP-I-00443,INDIVIDUAL,CA,56919.58507364418,771.0197954214417,0.3651698369217537,,,,,,,,,,,,,2026-06-30
CP-I-00444,INDIVIDUAL,GA,110511.32638161653,734.0835861243335,0.1555933748425479,,,,,,,,,,,,,2026-06-30
CP-I-00445,INDIVIDUAL,NY,76698.29882297503,627.9063755685512,0.24024126394094444,,,,,,,,,,,,,2026-06-30
CP-I-00446,INDIVIDUAL,VA,54065.063847890764,763.5380892586014,0.28930546319188694,,,,,,,,,,,,,2026-06-30
CP-I-00447,INDIVIDUAL,NY,73198.73113779542,747.9094031362517,0.13331282249173387,,,,,,,,,,,,,2026-06-30
CP-I-00448,INDIVIDUAL,TX,208815.13929304352,762.3508820477283,0.21618603847543572,,,,,,,,,,,,,2026-06-30
CP-I-00449,INDIVIDUAL,NY,101236.54097895825,724.9778336567084,0.18223993090779783,,,,,,,,,,,,,2026-06-30
CP-I-00450,INDIVIDUAL,CA,137794.03546328514,681.5248162806668,0.3501582477066618,,,,,,,,,,,,,2026-06-30
CP-I-00451,INDIVIDUAL,VA,55154.798301415154,754.2235274308567,0.21341871220988828,,,,,,,,,,,,,2026-06-30
CP-I-00452,INDIVIDUAL,GA,87981.953876942,654.0752633288103,0.3252471573761024,,,,,,,,,,,,,2026-06-30
CP-I-00453,INDIVIDUAL,VA,95144.39937386323,656.690701346068,0.24701808667573344,,,,,,,,,,,,,2026-06-30
CP-I-00454,INDIVIDUAL,FL,90105.17581980122,673.7854136869158,0.3178260462707451,,,,,,,,,,,,,2026-06-30
CP-I-00455,INDIVIDUAL,CA,105971.99257874972,555.409924437455,0.3080532187098559,,,,,,,,,,,,,2026-06-30
CP-I-00456,INDIVIDUAL,NC,85989.53245850868,827.4845177064595,0.06113932256996418,,,,,,,,,,,,,2026-06-30
CP-I-00457,INDIVIDUAL,NY,91754.77626018084,608.5845291253224,0.27434291317957465,,,,,,,,,,,,,2026-06-30
CP-I-00458,INDIVIDUAL,FL,141114.85228943464,736.1564216021023,0.22870280269603843,,,,,,,,,,,,,2026-06-30
CP-I-00459,INDIVIDUAL,NC,125258.40698186221,803.8420457772667,0.2217466013524444,,,,,,,,,,,,,2026-06-30
CP-I-00460,INDIVIDUAL,VA,153491.49066208123,758.0222567156536,0.3898615701598228,,,,,,,,,,,,,2026-06-30
CP-I-00461,INDIVIDUAL,FL,49258.397694796455,661.1405009819829,0.21750087432679577,,,,,,,,,,,,,2026-06-30
CP-I-00462,INDIVIDUAL,FL,129813.97308549056,650.8883689034825,0.5823883002174095,,,,,,,,,,,,,2026-06-30
CP-I-00463,INDIVIDUAL,NY,88347.66618775117,738.8709380775491,0.20080969546258753,,,,,,,,,,,,,2026-06-30
CP-I-00464,INDIVIDUAL,VA,74752.515631173,650.5110166874192,0.3234274698584171,,,,,,,,,,,,,2026-06-30
CP-I-00465,INDIVIDUAL,NC,95344.01629012215,732.8235031708799,0.23236786654839148,,,,,,,,,,,,,2026-06-30
CP-I-00466,INDIVIDUAL,TX,72757.72904967928,714.7322402252724,0.28661944555943364,,,,,,,,,,,,,2026-06-30
CP-I-00467,INDIVIDUAL,VA,93768.51850743868,770.2032420268465,0.2505615736153656,,,,,,,,,,,,,2026-06-30
CP-I-00468,INDIVIDUAL,VA,108186.78697537606,766.8963265693541,0.17825679156929153,,,,,,,,,,,,,2026-06-30
CP-I-00469,INDIVIDUAL,VA,125139.61930178339,779.4881192728938,0.34496094795860094,,,,,,,,,,,,,2026-06-30
CP-I-00470,INDIVIDUAL,FL,91612.83704194972,632.4574502696057,0.32153551612861236,,,,,,,,,,,,,2026-06-30
CP-I-00471,INDIVIDUAL,FL,49646.613265826316,685.5323535659008,0.22937756607028698,,,,,,,,,,,,,2026-06-30
CP-I-00472,INDIVIDUAL,NY,159261.84910268197,628.9312256118399,0.19675025637707447,,,,,,,,,,,,,2026-06-30
CP-I-00473,INDIVIDUAL,GA,204119.85994673538,698.7684504927331,0.38102912767050345,,,,,,,,,,,,,2026-06-30
CP-I-00474,INDIVIDUAL,TX,121054.52613185022,714.0974902312162,0.22039419096516913,,,,,,,,,,,,,2026-06-30
CP-I-00475,INDIVIDUAL,CA,48960.04409818591,663.1034289492557,0.3262223103231524,,,,,,,,,,,,,2026-06-30
CP-I-00476,INDIVIDUAL,NY,296884.0307057819,754.7611281603726,0.6124178852219508,,,,,,,,,,,,,2026-06-30
CP-I-00477,INDIVIDUAL,VA,90605.3556067478,709.1578502985263,0.2065585256275446,,,,,,,,,,,,,2026-06-30
CP-I-00478,INDIVIDUAL,GA,59277.55483172298,736.8680796726627,0.3110590738817187,,,,,,,,,,,,,2026-06-30
CP-I-00479,INDIVIDUAL,GA,208108.81450666033,667.5695923364508,0.2962482979238743,,,,,,,,,,,,,2026-06-30
CP-I-00480,INDIVIDUAL,GA,144641.16836358196,716.6279851649372,0.3689291326474092,,,,,,,,,,,,,2026-06-30
CP-I-00481,INDIVIDUAL,NY,134721.33389436404,780.9734338556419,0.3328906729776038,,,,,,,,,,,,,2026-06-30
CP-I-00482,INDIVIDUAL,NC,98810.29837545654,674.0063903445848,0.26728776993937853,,,,,,,,,,,,,2026-06-30
CP-I-00483,INDIVIDUAL,TX,134080.5144559184,673.3018942898404,0.1496238084755803,,,,,,,,,,,,,2026-06-30
CP-I-00484,INDIVIDUAL,VA,102960.3736321345,756.8014498266065,0.15032591386283875,,,,,,,,,,,,,2026-06-30
CP-I-00485,INDIVIDUAL,VA,50954.150585944684,783.1062520125705,0.27859509647619884,,,,,,,,,,,,,2026-06-30
CP-I-00486,INDIVIDUAL,VA,101666.5729015705,712.9771367190468,0.5124421035787698,,,,,,,,,,,,,2026-06-30
CP-I-00487,INDIVIDUAL,CA,75450.97675947618,724.9838923571581,0.1965674492683086,,,,,,,,,,,,,2026-06-30
CP-I-00488,INDIVIDUAL,FL,70905.34525330784,711.6407840417158,0.20542548538086058,,,,,,,,,,,,,2026-06-30
CP-I-00489,INDIVIDUAL,GA,93456.10902298587,680.0438998117692,0.16943112518443065,,,,,,,,,,,,,2026-06-30
CP-I-00490,INDIVIDUAL,VA,69269.99151730734,678.551321817783,0.3725986913016693,,,,,,,,,,,,,2026-06-30
CP-I-00491,INDIVIDUAL,GA,156143.1769470625,759.9799266534053,0.4244038903644468,,,,,,,,,,,,,2026-06-30
CP-I-00492,INDIVIDUAL,TX,76956.85183067582,676.0330483411458,0.13962435371996404,,,,,,,,,,,,,2026-06-30
CP-I-00493,INDIVIDUAL,TX,54601.08492303094,653.2525962343649,0.11116979804254074,,,,,,,,,,,,,2026-06-30
CP-I-00494,INDIVIDUAL,CA,231467.97224417352,773.3450723537712,0.40221703815833876,,,,,,,,,,,,,2026-06-30
CP-I-00495,INDIVIDUAL,VA,70938.29743135581,691.426574891633,0.40746426293848886,,,,,,,,,,,,,2026-06-30
CP-I-00496,INDIVIDUAL,NY,134806.99204048817,754.7423482883781,0.13844573652531333,,,,,,,,,,,,,2026-06-30
CP-I-00497,INDIVIDUAL,GA,178409.26813176333,696.7673104827708,0.17152238645614476,,,,,,,,,,,,,2026-06-30
CP-I-00498,INDIVIDUAL,NY,107401.65488158338,756.6852383314139,0.20306960888288889,,,,,,,,,,,,,2026-06-30
CP-I-00499,INDIVIDUAL,VA,211368.6340735819,767.6240465734561,0.3902500735433293,,,,,,,,,,,,,2026-06-30
CP-I-00500,INDIVIDUAL,VA,74269.13571711854,726.1588526294003,0.3173147708563196,,,,,,,,,,,,,2026-06-30
CP-I-00501,INDIVIDUAL,TX,118244.16697210011,686.9326786021501,0.4629365975640278,,,,,,,,,,,,,2026-06-30
CP-I-00502,INDIVIDUAL,CA,170141.35874491005,718.6635154317686,0.1988447037547612,,,,,,,,,,,,,2026-06-30
CP-I-00503,INDIVIDUAL,CA,36818.296251370826,797.0382144165536,0.3167096790364256,,,,,,,,,,,,,2026-06-30
CP-I-00504,INDIVIDUAL,FL,167300.03341288617,796.0088103039926,0.1290871106930009,,,,,,,,,,,,,2026-06-30
CP-I-00505,INDIVIDUAL,TX,107158.78902304493,640.5675301784798,0.24872732080932353,,,,,,,,,,,,,2026-06-30
CP-I-00506,INDIVIDUAL,TX,56547.3141987609,693.6003054631899,0.2537994059008102,,,,,,,,,,,,,2026-06-30
CP-I-00507,INDIVIDUAL,GA,49480.74787614117,701.1058374786057,0.42194334985986315,,,,,,,,,,,,,2026-06-30
CP-I-00508,INDIVIDUAL,FL,92681.28052728892,829.6941795964927,0.18394024737776915,,,,,,,,,,,,,2026-06-30
CP-I-00509,INDIVIDUAL,VA,83037.69324166734,683.593238167658,0.3952864332641236,,,,,,,,,,,,,2026-06-30
CP-I-00510,INDIVIDUAL,TX,92275.58594421591,700.3474637625104,0.255828316428479,,,,,,,,,,,,,2026-06-30
CP-I-00511,INDIVIDUAL,NY,289658.54549976427,739.7875642277513,0.2594962975562346,,,,,,,,,,,,,2026-06-30
CP-I-00512,INDIVIDUAL,NC,59329.79461114179,662.8499703642302,0.6077511260260641,,,,,,,,,,,,,2026-06-30
CP-I-00513,INDIVIDUAL,VA,71742.2818336917,730.5209466323319,0.21957077062976033,,,,,,,,,,,,,2026-06-30
CP-I-00514,INDIVIDUAL,NC,54567.720221555835,742.6740625889394,0.188217791019642,,,,,,,,,,,,,2026-06-30
CP-I-00515,INDIVIDUAL,NC,130382.71840629916,814.5470705748794,0.2830438167479429,,,,,,,,,,,,,2026-06-30
CP-I-00516,INDIVIDUAL,GA,82115.6838504896,723.1019294481483,0.44733672857512236,,,,,,,,,,,,,2026-06-30
CP-I-00517,INDIVIDUAL,VA,86658.61331004661,722.0062866947578,0.34306303193504617,,,,,,,,,,,,,2026-06-30
CP-I-00518,INDIVIDUAL,TX,99260.53095573449,703.5521350609882,0.29866724501912867,,,,,,,,,,,,,2026-06-30
CP-I-00519,INDIVIDUAL,FL,93095.6926548738,722.2998951469314,0.44615572755769317,,,,,,,,,,,,,2026-06-30
CP-I-00520,INDIVIDUAL,NY,37818.57018976226,636.1124643415176,0.39505230917481526,,,,,,,,,,,,,2026-06-30
CP-I-00521,INDIVIDUAL,GA,102267.06708606577,697.3312212065251,0.4932475524916773,,,,,,,,,,,,,2026-06-30
CP-I-00522,INDIVIDUAL,NC,40812.71446641018,721.4168745481849,0.49279003955794404,,,,,,,,,,,,,2026-06-30
CP-I-00523,INDIVIDUAL,VA,221424.39475863206,728.7451599751764,0.363237081216356,,,,,,,,,,,,,2026-06-30
CP-I-00524,INDIVIDUAL,TX,78688.09648561134,569.956907266645,0.23508984748986791,,,,,,,,,,,,,2026-06-30
CP-I-00525,INDIVIDUAL,GA,96361.34025212811,748.8526131320921,0.3972616029787652,,,,,,,,,,,,,2026-06-30
CP-I-00526,INDIVIDUAL,FL,79510.82061153182,747.2237721557516,0.42539180143927846,,,,,,,,,,,,,2026-06-30
CP-I-00527,INDIVIDUAL,GA,99473.2754824475,695.4217379525414,0.17424829143897946,,,,,,,,,,,,,2026-06-30
CP-I-00528,INDIVIDUAL,VA,142985.82339115939,608.6256627412936,0.31788410688754276,,,,,,,,,,,,,2026-06-30
CP-I-00529,INDIVIDUAL,NY,60882.27462742873,662.2241529097095,0.1611542415972523,,,,,,,,,,,,,2026-06-30
CP-I-00530,INDIVIDUAL,NY,71565.66724990692,729.0772906801768,0.3765144947102454,,,,,,,,,,,,,2026-06-30
CP-I-00531,INDIVIDUAL,VA,97260.74043502605,741.3655778038823,0.1587500562263809,,,,,,,,,,,,,2026-06-30
CP-I-00532,INDIVIDUAL,NY,211908.09321016975,713.0244460691246,0.08508083480963513,,,,,,,,,,,,,2026-06-30
CP-I-00533,INDIVIDUAL,NY,59988.29736618707,734.667293548129,0.25487321191546386,,,,,,,,,,,,,2026-06-30
CP-I-00534,INDIVIDUAL,FL,231517.5662174698,713.6885254216817,0.2192789074764958,,,,,,,,,,,,,2026-06-30
CP-I-00535,INDIVIDUAL,CA,102997.26967683995,776.948590425465,0.2705773321801018,,,,,,,,,,,,,2026-06-30
CP-I-00536,INDIVIDUAL,NC,85190.9111615491,723.1088950094627,0.23493841024422127,,,,,,,,,,,,,2026-06-30
CP-I-00537,INDIVIDUAL,VA,82200.8218376992,720.9660543776686,0.2404342248943618,,,,,,,,,,,,,2026-06-30
CP-I-00538,INDIVIDUAL,GA,150801.06298771375,729.3084432214176,0.15663338922751044,,,,,,,,,,,,,2026-06-30
CP-I-00539,INDIVIDUAL,VA,151082.3030492551,695.3485398648864,0.30321019980969766,,,,,,,,,,,,,2026-06-30
CP-I-00540,INDIVIDUAL,FL,57732.699724239756,612.3544120404729,0.23233035076015252,,,,,,,,,,,,,2026-06-30
CP-I-00541,INDIVIDUAL,CA,84913.89016879542,604.5824217653987,0.11724717876109089,,,,,,,,,,,,,2026-06-30
CP-I-00542,INDIVIDUAL,TX,85232.23382909968,771.5446419890349,0.2666299318288525,,,,,,,,,,,,,2026-06-30
CP-I-00543,INDIVIDUAL,GA,90355.61019525994,702.2712587220103,0.4511665773056664,,,,,,,,,,,,,2026-06-30
CP-I-00544,INDIVIDUAL,GA,86260.78627686156,655.4704399119378,0.10792669852799852,,,,,,,,,,,,,2026-06-30
CP-I-00545,INDIVIDUAL,TX,109709.96748869045,712.3429457409532,0.3153466369784772,,,,,,,,,,,,,2026-06-30
CP-I-00546,INDIVIDUAL,TX,70660.71698157159,655.5362807168389,0.2515636036852857,,,,,,,,,,,,,2026-06-30
CP-I-00547,INDIVIDUAL,FL,126642.09081955992,680.4234334393192,0.22911592676076656,,,,,,,,,,,,,2026-06-30
CP-I-00548,INDIVIDUAL,NC,61756.37995590293,710.4982527501609,0.321595780712826,,,,,,,,,,,,,2026-06-30
CP-I-00549,INDIVIDUAL,CA,85474.2512869508,666.1908489947491,0.29377960998457836,,,,,,,,,,,,,2026-06-30
CP-I-00550,INDIVIDUAL,CA,48975.485850019766,827.7140522829736,0.5774802513948211,,,,,,,,,,,,,2026-06-30
CP-I-00551,INDIVIDUAL,CA,92731.33839821132,711.996811598546,0.16274992588464834,,,,,,,,,,,,,2026-06-30
CP-I-00552,INDIVIDUAL,CA,119882.53291713126,664.2967505213447,0.38125669975092336,,,,,,,,,,,,,2026-06-30
CP-I-00553,INDIVIDUAL,CA,67973.74659728212,748.0595094413151,0.36325944123990545,,,,,,,,,,,,,2026-06-30
CP-I-00554,INDIVIDUAL,CA,68943.86183397225,724.2895583301222,0.19695508583668575,,,,,,,,,,,,,2026-06-30
CP-I-00555,INDIVIDUAL,FL,149023.58547976395,712.7373682763359,0.2656348045780715,,,,,,,,,,,,,2026-06-30
CP-I-00556,INDIVIDUAL,NY,85949.29910752515,823.7593106464076,0.32448247188720003,,,,,,,,,,,,,2026-06-30
CP-I-00557,INDIVIDUAL,GA,187764.45358350925,722.9285769506536,0.23928944868670665,,,,,,,,,,,,,2026-06-30
CP-I-00558,INDIVIDUAL,FL,88226.12946140819,654.2837605935215,0.124291228670428,,,,,,,,,,,,,2026-06-30
CP-I-00559,INDIVIDUAL,NC,74225.77742880695,721.7637882965254,0.30129165166819505,,,,,,,,,,,,,2026-06-30
CP-I-00560,INDIVIDUAL,VA,61762.30857920045,672.6243222401034,0.29089158698867346,,,,,,,,,,,,,2026-06-30
CP-I-00561,INDIVIDUAL,GA,56956.093042574124,807.3344050746969,0.1307956093191724,,,,,,,,,,,,,2026-06-30
CP-I-00562,INDIVIDUAL,CA,98974.74539938658,718.5714112426056,0.2791459805079066,,,,,,,,,,,,,2026-06-30
CP-I-00563,INDIVIDUAL,NC,119654.91586669884,664.8440810258999,0.6057317513525227,,,,,,,,,,,,,2026-06-30
CP-I-00564,INDIVIDUAL,FL,142400.1227011144,648.7013901887985,0.4733546794494452,,,,,,,,,,,,,2026-06-30
CP-I-00565,INDIVIDUAL,GA,85912.50505729555,840.2209484065407,0.09487755928533974,,,,,,,,,,,,,2026-06-30
CP-I-00566,INDIVIDUAL,CA,88537.29565704764,715.1779568409628,0.40224226758724957,,,,,,,,,,,,,2026-06-30
CP-I-00567,INDIVIDUAL,NY,122155.43335719775,640.4911123943031,0.1850987942478228,,,,,,,,,,,,,2026-06-30
CP-I-00568,INDIVIDUAL,FL,55536.32936619467,698.072594370233,0.1388284596481102,,,,,,,,,,,,,2026-06-30
CP-I-00569,INDIVIDUAL,NY,152910.67612814266,793.6592784103832,0.18924011640218508,,,,,,,,,,,,,2026-06-30
CP-I-00570,INDIVIDUAL,GA,59729.39718477635,769.1205784205868,0.39561938513634687,,,,,,,,,,,,,2026-06-30
CP-I-00571,INDIVIDUAL,FL,97106.32751335991,668.140682318096,0.08875139168417134,,,,,,,,,,,,,2026-06-30
CP-I-00572,INDIVIDUAL,CA,75390.10922301195,750.5146562778068,0.25250443592078736,,,,,,,,,,,,,2026-06-30
CP-I-00573,INDIVIDUAL,TX,95947.51543947996,693.728509024592,0.3673756878199532,,,,,,,,,,,,,2026-06-30
CP-I-00574,INDIVIDUAL,GA,104722.129186651,751.2999253011725,0.45236313521161836,,,,,,,,,,,,,2026-06-30
CP-I-00575,INDIVIDUAL,NC,48418.39708247308,711.6059270094985,0.19173157111511915,,,,,,,,,,,,,2026-06-30
CP-I-00576,INDIVIDUAL,GA,99801.54769332752,706.0325722135422,0.17847682681880817,,,,,,,,,,,,,2026-06-30
CP-I-00577,INDIVIDUAL,NC,171197.78806725322,698.3057083196674,0.42034097692381145,,,,,,,,,,,,,2026-06-30
CP-I-00578,INDIVIDUAL,NY,99819.33279228769,718.8166692603664,0.31946618861121645,,,,,,,,,,,,,2026-06-30
CP-I-00579,INDIVIDUAL,CA,109926.24122566583,682.9890980911088,0.3871402215023554,,,,,,,,,,,,,2026-06-30
CP-I-00580,INDIVIDUAL,NY,39561.908982270485,672.4317721931675,0.29770936668278664,,,,,,,,,,,,,2026-06-30
CP-I-00581,INDIVIDUAL,VA,93412.5196248712,722.0662806073204,0.23504575852414317,,,,,,,,,,,,,2026-06-30
CP-I-00582,INDIVIDUAL,VA,146135.19924349737,711.867849630777,0.45991100694510134,,,,,,,,,,,,,2026-06-30
CP-I-00583,INDIVIDUAL,NY,97984.12418055233,669.4871305892716,0.15176360123170757,,,,,,,,,,,,,2026-06-30
CP-I-00584,INDIVIDUAL,NC,75307.43543286639,761.5491286426069,0.12439556391539984,,,,,,,,,,,,,2026-06-30
CP-I-00585,INDIVIDUAL,NC,77676.79909267332,724.131179148928,0.27266493795606217,,,,,,,,,,,,,2026-06-30
CP-I-00586,INDIVIDUAL,VA,120571.64650039114,575.4733416661176,0.34047562497990974,,,,,,,,,,,,,2026-06-30
CP-I-00587,INDIVIDUAL,NY,199769.12545077,752.3082199093673,0.24538580307683489,,,,,,,,,,,,,2026-06-30
CP-I-00588,INDIVIDUAL,VA,66541.16186526617,760.216945409302,0.27372615913634596,,,,,,,,,,,,,2026-06-30
CP-I-00589,INDIVIDUAL,FL,108124.301312771,714.7788203393518,0.28239491739134825,,,,,,,,,,,,,2026-06-30
CP-I-00590,INDIVIDUAL,NY,232124.44199419895,689.5491067863952,0.3250517516552409,,,,,,,,,,,,,2026-06-30
CP-I-00591,INDIVIDUAL,NY,69378.87388922987,683.6876206239124,0.33133514983300294,,,,,,,,,,,,,2026-06-30
CP-I-00592,INDIVIDUAL,FL,54009.27851626625,753.0590750494634,0.23192624842103426,,,,,,,,,,,,,2026-06-30
CP-I-00593,INDIVIDUAL,NY,80417.19768646294,589.4389298761677,0.13853646353634913,,,,,,,,,,,,,2026-06-30
CP-I-00594,INDIVIDUAL,TX,44727.245894697306,772.166513001758,0.40079978529842686,,,,,,,,,,,,,2026-06-30
CP-I-00595,INDIVIDUAL,GA,43661.706839595216,619.8376324829458,0.3258804842421596,,,,,,,,,,,,,2026-06-30
CP-I-00596,INDIVIDUAL,VA,263063.2210506626,709.7589674480089,0.17610976621187718,,,,,,,,,,,,,2026-06-30
CP-I-00597,INDIVIDUAL,TX,51494.140839239655,708.5989057419187,0.1659029139480001,,,,,,,,,,,,,2026-06-30
CP-I-00598,INDIVIDUAL,VA,79669.02640010674,596.423896458227,0.2543496611704693,,,,,,,,,,,,,2026-06-30
CP-I-00599,INDIVIDUAL,NY,85413.71893991485,740.2333493976244,0.16230099987725632,,,,,,,,,,,,,2026-06-30
CP-I-00600,INDIVIDUAL,GA,64376.984423127455,766.2594415518892,0.2863072113235062,,,,,,,,,,,,,2026-06-30
CP-I-00601,INDIVIDUAL,NC,133906.85564200787,698.7614582041864,0.18614269299952468,,,,,,,,,,,,,2026-06-30
CP-I-00602,INDIVIDUAL,NY,109770.93979837417,568.2359090441356,0.2757227809888223,,,,,,,,,,,,,2026-06-30
CP-I-00603,INDIVIDUAL,FL,90444.54798497076,787.5056386347478,0.3834179839510352,,,,,,,,,,,,,2026-06-30
CP-I-00604,INDIVIDUAL,CA,63796.325348014856,701.2272386225372,0.2686655443119632,,,,,,,,,,,,,2026-06-30
CP-I-00605,INDIVIDUAL,TX,67785.44941455507,719.1741671348805,0.19245401591509478,,,,,,,,,,,,,2026-06-30
CP-I-00606,INDIVIDUAL,TX,65679.56232472368,641.6542107704838,0.4333400260813609,,,,,,,,,,,,,2026-06-30
CP-I-00607,INDIVIDUAL,FL,132048.66946332454,754.7641014867651,0.2902178085835209,,,,,,,,,,,,,2026-06-30
CP-I-00608,INDIVIDUAL,TX,39417.18088656386,607.6335914614996,0.17287536260920783,,,,,,,,,,,,,2026-06-30
CP-I-00609,INDIVIDUAL,NY,78365.68237688877,620.2331015673924,0.10697369734192286,,,,,,,,,,,,,2026-06-30
CP-I-00610,INDIVIDUAL,GA,52814.62982730018,724.255375041353,0.2285736489946391,,,,,,,,,,,,,2026-06-30
CP-I-00611,INDIVIDUAL,CA,86451.69650992133,716.7491830851991,0.3568922526906862,,,,,,,,,,,,,2026-06-30
CP-I-00612,INDIVIDUAL,VA,50089.64221315363,652.0560916377647,0.19419911937939294,,,,,,,,,,,,,2026-06-30
CP-I-00613,INDIVIDUAL,TX,105146.26000324043,663.7967145738824,0.44464803064037944,,,,,,,,,,,,,2026-06-30
CP-I-00614,INDIVIDUAL,CA,182774.960551321,737.679198706202,0.3651410789368403,,,,,,,,,,,,,2026-06-30
CP-I-00615,INDIVIDUAL,TX,114139.11960781516,622.3022532596966,0.4190171243132996,,,,,,,,,,,,,2026-06-30
CP-I-00616,INDIVIDUAL,GA,56898.28549363695,727.3521527237751,0.41699620085838457,,,,,,,,,,,,,2026-06-30
CP-I-00617,INDIVIDUAL,FL,63529.65633465515,654.1064622594897,0.22441439809879124,,,,,,,,,,,,,2026-06-30
CP-I-00618,INDIVIDUAL,TX,101089.73045338824,611.6904482809937,0.47179508337637194,,,,,,,,,,,,,2026-06-30
CP-I-00619,INDIVIDUAL,GA,94638.63943305516,648.0988585947977,0.30450689753293236,,,,,,,,,,,,,2026-06-30
CP-I-00620,INDIVIDUAL,NC,78800.65756362326,609.2110459944496,0.12594125124208827,,,,,,,,,,,,,2026-06-30
CP-I-00621,INDIVIDUAL,GA,76581.06503258875,726.4844725263761,0.22027367725828906,,,,,,,,,,,,,2026-06-30
CP-I-00622,INDIVIDUAL,CA,110908.86011361283,743.6322451968335,0.20138412477952553,,,,,,,,,,,,,2026-06-30
CP-I-00623,INDIVIDUAL,GA,74177.92049509031,816.9583380101851,0.18475781306438224,,,,,,,,,,,,,2026-06-30
CP-I-00624,INDIVIDUAL,FL,77382.91589935077,791.9131054253478,0.10844738435502527,,,,,,,,,,,,,2026-06-30
CP-I-00625,INDIVIDUAL,VA,79556.43943697192,632.8493524394576,0.32318731781190346,,,,,,,,,,,,,2026-06-30
CP-I-00626,INDIVIDUAL,NC,99192.55607855295,665.8998503599847,0.15769648108867623,,,,,,,,,,,,,2026-06-30
CP-I-00627,INDIVIDUAL,FL,65968.94662340991,684.8782185623779,0.15441625947420795,,,,,,,,,,,,,2026-06-30
CP-I-00628,INDIVIDUAL,FL,95063.92593845587,756.7013563755476,0.39582838166462464,,,,,,,,,,,,,2026-06-30
CP-I-00629,INDIVIDUAL,TX,35842.44630983669,684.0841165064154,0.1841130866978392,,,,,,,,,,,,,2026-06-30
CP-I-00630,INDIVIDUAL,FL,163233.32648651252,646.8065804918666,0.3543417943068409,,,,,,,,,,,,,2026-06-30
CP-I-00631,INDIVIDUAL,FL,99527.17881596493,665.4889437156547,0.37817148974617837,,,,,,,,,,,,,2026-06-30
CP-I-00632,INDIVIDUAL,TX,181256.6938949194,707.2949921479286,0.1678795381136603,,,,,,,,,,,,,2026-06-30
CP-I-00633,INDIVIDUAL,VA,66118.76847155872,693.7355150546173,0.4336687675016888,,,,,,,,,,,,,2026-06-30
CP-I-00634,INDIVIDUAL,GA,90857.82836920477,786.3927040988617,0.10790835349804301,,,,,,,,,,,,,2026-06-30
CP-I-00635,INDIVIDUAL,NC,119364.23064149478,754.0745029399014,0.35607938555686774,,,,,,,,,,,,,2026-06-30
CP-I-00636,INDIVIDUAL,FL,76017.31386384177,677.3354703385667,0.5266938015866948,,,,,,,,,,,,,2026-06-30
CP-I-00637,INDIVIDUAL,VA,149604.91655148548,663.9919734676821,0.1962947422919218,,,,,,,,,,,,,2026-06-30
CP-I-00638,INDIVIDUAL,CA,61380.98928362256,749.488874716699,0.48886620669088793,,,,,,,,,,,,,2026-06-30
CP-I-00639,INDIVIDUAL,GA,51498.72184911423,826.7392170231633,0.08797982329619293,,,,,,,,,,,,,2026-06-30
CP-I-00640,INDIVIDUAL,NY,103927.29541898116,666.7609544510847,0.38850586613960425,,,,,,,,,,,,,2026-06-30
CP-I-00641,INDIVIDUAL,CA,68034.34085301387,636.6491559851478,0.2375062771658305,,,,,,,,,,,,,2026-06-30
CP-I-00642,INDIVIDUAL,NY,129561.61734927652,722.4058259722813,0.31682415584368256,,,,,,,,,,,,,2026-06-30
CP-I-00643,INDIVIDUAL,CA,40251.24114679862,761.9126194424592,0.28670217022861433,,,,,,,,,,,,,2026-06-30
CP-I-00644,INDIVIDUAL,GA,75196.94197554741,777.1110679775155,0.3686949892807125,,,,,,,,,,,,,2026-06-30
CP-I-00645,INDIVIDUAL,VA,39704.10106627366,775.8542006858506,0.3164794312958743,,,,,,,,,,,,,2026-06-30
CP-I-00646,INDIVIDUAL,NY,157430.3339168385,711.1285613216919,0.3677631287608968,,,,,,,,,,,,,2026-06-30
CP-I-00647,INDIVIDUAL,TX,150394.16120096252,615.2515046583712,0.11850376783323706,,,,,,,,,,,,,2026-06-30
CP-I-00648,INDIVIDUAL,TX,125839.26993839597,694.3347419035972,0.38900688101111547,,,,,,,,,,,,,2026-06-30
CP-I-00649,INDIVIDUAL,CA,179769.9783691348,636.3686808859028,0.6044684573281396,,,,,,,,,,,,,2026-06-30
CP-I-00650,INDIVIDUAL,CA,129599.23192868476,736.678956174162,0.14201888888408673,,,,,,,,,,,,,2026-06-30
CP-I-00651,INDIVIDUAL,GA,76743.8494179137,689.8323220953212,0.13561026697635212,,,,,,,,,,,,,2026-06-30
CP-I-00652,INDIVIDUAL,TX,171302.11640007247,665.2641177476207,0.49743221365140944,,,,,,,,,,,,,2026-06-30
CP-I-00653,INDIVIDUAL,GA,163313.69520880913,752.4423774822327,0.4811034770320698,,,,,,,,,,,,,2026-06-30
CP-I-00654,INDIVIDUAL,GA,55214.957991691685,707.531796212744,0.24971750500309492,,,,,,,,,,,,,2026-06-30
CP-I-00655,INDIVIDUAL,NY,60105.93017653163,736.8293235869302,0.20212086538144028,,,,,,,,,,,,,2026-06-30
CP-I-00656,INDIVIDUAL,FL,139477.7482528561,655.083991781502,0.29129370473808286,,,,,,,,,,,,,2026-06-30
CP-I-00657,INDIVIDUAL,NC,85977.99691110512,614.2104809850744,0.25143447624759796,,,,,,,,,,,,,2026-06-30
CP-I-00658,INDIVIDUAL,FL,59670.65620289306,840.659753174353,0.20393113683636535,,,,,,,,,,,,,2026-06-30
CP-I-00659,INDIVIDUAL,GA,111472.92963655577,645.9817457590989,0.2060789300329591,,,,,,,,,,,,,2026-06-30
CP-I-00660,INDIVIDUAL,NC,65980.51269076485,703.8121591066276,0.1438389358932522,,,,,,,,,,,,,2026-06-30
CP-I-00661,INDIVIDUAL,NY,247809.78512946112,575.5049881932296,0.08637204037212264,,,,,,,,,,,,,2026-06-30
CP-I-00662,INDIVIDUAL,GA,130922.2453661695,727.918747840849,0.2606796569633233,,,,,,,,,,,,,2026-06-30
CP-I-00663,INDIVIDUAL,GA,145561.57720227336,713.7246900301783,0.0831250144303847,,,,,,,,,,,,,2026-06-30
CP-I-00664,INDIVIDUAL,VA,157374.79319320168,671.3964813625937,0.4241658098541652,,,,,,,,,,,,,2026-06-30
CP-I-00665,INDIVIDUAL,TX,193308.5702251853,723.1574717593613,0.3231811067952385,,,,,,,,,,,,,2026-06-30
CP-I-00666,INDIVIDUAL,GA,88876.39861476178,656.6887065797706,0.1399249008949102,,,,,,,,,,,,,2026-06-30
CP-I-00667,INDIVIDUAL,GA,138841.4658459074,658.400511906007,0.14566690778596936,,,,,,,,,,,,,2026-06-30
CP-I-00668,INDIVIDUAL,GA,70018.90568738687,770.4085491744038,0.18980685607425415,,,,,,,,,,,,,2026-06-30
CP-I-00669,INDIVIDUAL,CA,99994.97571997654,634.3955006782845,0.2652942929539884,,,,,,,,,,,,,2026-06-30
CP-I-00670,INDIVIDUAL,VA,140166.40480863658,750.0068891958581,0.1332243031593771,,,,,,,,,,,,,2026-06-30
CP-I-00671,INDIVIDUAL,NY,145921.1918852886,678.2195673562181,0.18020493302732202,,,,,,,,,,,,,2026-06-30
CP-I-00672,INDIVIDUAL,NY,55490.25896536607,692.3013052872088,0.2882527432431397,,,,,,,,,,,,,2026-06-30
CP-I-00673,INDIVIDUAL,GA,190941.59898922846,778.0051415957146,0.11138990056866928,,,,,,,,,,,,,2026-06-30
CP-I-00674,INDIVIDUAL,GA,109861.89210085684,743.0681762367328,0.19859745588328637,,,,,,,,,,,,,2026-06-30
CP-I-00675,INDIVIDUAL,FL,60341.21393161019,638.8365712328128,0.34788252807448655,,,,,,,,,,,,,2026-06-30
CP-I-00676,INDIVIDUAL,GA,174530.57427048488,734.5293736648943,0.3111783229857954,,,,,,,,,,,,,2026-06-30
CP-I-00677,INDIVIDUAL,VA,43693.645112662,667.2000092587363,0.06661398889827394,,,,,,,,,,,,,2026-06-30
CP-I-00678,INDIVIDUAL,FL,45903.482747796894,726.72977187488,0.2575921063253337,,,,,,,,,,,,,2026-06-30
CP-I-00679,INDIVIDUAL,NY,107022.30466351083,633.8181699568605,0.20534404630895448,,,,,,,,,,,,,2026-06-30
CP-I-00680,INDIVIDUAL,TX,45305.73118457844,804.1158007976085,0.21565918666034684,,,,,,,,,,,,,2026-06-30
CP-I-00681,INDIVIDUAL,NC,150534.22064130782,792.5465550036872,0.4084218092528259,,,,,,,,,,,,,2026-06-30
CP-I-00682,INDIVIDUAL,NC,50681.28727725664,725.0947826854369,0.45675668067623765,,,,,,,,,,,,,2026-06-30
CP-I-00683,INDIVIDUAL,GA,212248.54603045585,680.638216904007,0.5937286698512555,,,,,,,,,,,,,2026-06-30
CP-I-00684,INDIVIDUAL,GA,100938.47017446459,694.4621209522996,0.3181045990488468,,,,,,,,,,,,,2026-06-30
CP-I-00685,INDIVIDUAL,CA,82877.00545449072,619.4456462253908,0.3351436022658279,,,,,,,,,,,,,2026-06-30
CP-I-00686,INDIVIDUAL,CA,89090.94283041857,635.9199930067795,0.14161142844487323,,,,,,,,,,,,,2026-06-30
CP-I-00687,INDIVIDUAL,NY,56751.72003793497,688.070740780634,0.07167784136958451,,,,,,,,,,,,,2026-06-30
CP-I-00688,INDIVIDUAL,VA,52047.69134923419,729.3588811151332,0.24862704723233453,,,,,,,,,,,,,2026-06-30
CP-I-00689,INDIVIDUAL,NY,55767.77692475391,651.6296358454811,0.4071786676436309,,,,,,,,,,,,,2026-06-30
CP-I-00690,INDIVIDUAL,TX,61796.7089970211,717.9688996036901,0.3257417757911188,,,,,,,,,,,,,2026-06-30
CP-I-00691,INDIVIDUAL,FL,199079.86263341428,676.4901665073113,0.38608520837054683,,,,,,,,,,,,,2026-06-30
CP-I-00692,INDIVIDUAL,TX,124514.41380005059,714.8377118553918,0.34259343641757584,,,,,,,,,,,,,2026-06-30
CP-I-00693,INDIVIDUAL,NY,103919.51373048864,693.9240482547841,0.10717745287439291,,,,,,,,,,,,,2026-06-30
CP-I-00694,INDIVIDUAL,CA,57286.231552931575,665.8283403630048,0.06721841319966904,,,,,,,,,,,,,2026-06-30
CP-I-00695,INDIVIDUAL,CA,95616.67494947235,701.0086009392612,0.1598103647094237,,,,,,,,,,,,,2026-06-30
CP-I-00696,INDIVIDUAL,NY,34165.694947380834,667.1414242579259,0.14706775151099166,,,,,,,,,,,,,2026-06-30
CP-I-00697,INDIVIDUAL,TX,145227.22087121656,681.563630098701,0.38375680066262324,,,,,,,,,,,,,2026-06-30
CP-I-00698,INDIVIDUAL,NY,166959.68391537303,769.2123933820272,0.44465809579962834,,,,,,,,,,,,,2026-06-30
CP-I-00699,INDIVIDUAL,NY,117314.90671426815,649.3345397954091,0.2699169793560948,,,,,,,,,,,,,2026-06-30
CP-I-00700,INDIVIDUAL,NC,27217.638886456953,790.9387381187297,0.25689793055081667,,,,,,,,,,,,,2026-06-30
CP-I-00701,INDIVIDUAL,FL,169490.77503776073,797.4561340989976,0.20690175599287955,,,,,,,,,,,,,2026-06-30
CP-I-00702,INDIVIDUAL,NC,94893.63008025213,840.6900362209791,0.22405667251484154,,,,,,,,,,,,,2026-06-30
CP-I-00703,INDIVIDUAL,VA,154929.17532073712,646.89885980752,0.38371940126569853,,,,,,,,,,,,,2026-06-30
CP-I-00704,INDIVIDUAL,TX,65804.06151074095,768.9808761646916,0.12362339284722235,,,,,,,,,,,,,2026-06-30
CP-I-00705,INDIVIDUAL,NC,108063.95604935856,760.3461054558036,0.33943281924621155,,,,,,,,,,,,,2026-06-30
CP-I-00706,INDIVIDUAL,GA,107467.37189332485,694.2089684535018,0.319793927350252,,,,,,,,,,,,,2026-06-30
CP-I-00707,INDIVIDUAL,NC,109785.95607283321,702.0685192441347,0.23629074052622973,,,,,,,,,,,,,2026-06-30
CP-I-00708,INDIVIDUAL,NC,135099.22207479615,666.0176922893888,0.2507577308909704,,,,,,,,,,,,,2026-06-30
CP-I-00709,INDIVIDUAL,FL,70436.85289602201,802.3653788860486,0.18956434973199288,,,,,,,,,,,,,2026-06-30
CP-I-00710,INDIVIDUAL,GA,181703.33444109184,840.4848444289545,0.19627747192760525,,,,,,,,,,,,,2026-06-30
CP-I-00711,INDIVIDUAL,CA,138720.17301267132,752.859247634642,0.29710722091292197,,,,,,,,,,,,,2026-06-30
CP-I-00712,INDIVIDUAL,VA,126170.01475261539,713.4024335787361,0.3061805105708195,,,,,,,,,,,,,2026-06-30
CP-I-00713,INDIVIDUAL,NC,82200.85716563491,841.2347075431791,0.3759097563549996,,,,,,,,,,,,,2026-06-30
CP-I-00714,INDIVIDUAL,CA,106778.28523492652,760.7886461254053,0.2632800814788443,,,,,,,,,,,,,2026-06-30
CP-I-00715,INDIVIDUAL,GA,46255.53261228126,797.1825117542427,0.29691866436810627,,,,,,,,,,,,,2026-06-30
CP-I-00716,INDIVIDUAL,NY,110695.20280928454,663.3083287462372,0.22822743836907966,,,,,,,,,,,,,2026-06-30
CP-I-00717,INDIVIDUAL,NC,182832.5982925762,681.3803351467346,0.24131533717903747,,,,,,,,,,,,,2026-06-30
CP-I-00718,INDIVIDUAL,TX,105295.68062762338,740.4606556945289,0.6427882627812529,,,,,,,,,,,,,2026-06-30
CP-I-00719,INDIVIDUAL,CA,50464.52753519207,651.2297124661504,0.2272227075103836,,,,,,,,,,,,,2026-06-30
CP-I-00720,INDIVIDUAL,CA,66257.5596931169,656.9056747965842,0.2247649942067537,,,,,,,,,,,,,2026-06-30
CP-I-00721,INDIVIDUAL,CA,105322.57023585236,697.9955665945863,0.26874066945918634,,,,,,,,,,,,,2026-06-30
CP-I-00722,INDIVIDUAL,TX,121977.12141766599,767.5853972229426,0.08859391708789825,,,,,,,,,,,,,2026-06-30
CP-I-00723,INDIVIDUAL,CA,75103.11987586516,704.3761221631129,0.4741652306102382,,,,,,,,,,,,,2026-06-30
CP-I-00724,INDIVIDUAL,NY,86126.58109705981,676.073133002325,0.08090652350059761,,,,,,,,,,,,,2026-06-30
CP-I-00725,INDIVIDUAL,TX,76067.67813555604,665.0730826922719,0.31098689553893516,,,,,,,,,,,,,2026-06-30
CP-I-00726,INDIVIDUAL,NY,296808.401830456,770.2297274377636,0.4951207150105648,,,,,,,,,,,,,2026-06-30
CP-I-00727,INDIVIDUAL,CA,66141.97913577798,700.6962512036539,0.3665193189790275,,,,,,,,,,,,,2026-06-30
CP-I-00728,INDIVIDUAL,CA,93527.41646111794,687.5802410787677,0.3108666305026922,,,,,,,,,,,,,2026-06-30
CP-I-00729,INDIVIDUAL,TX,135952.0931837874,734.8944307902715,0.3912335095107419,,,,,,,,,,,,,2026-06-30
CP-I-00730,INDIVIDUAL,NY,169996.47163673668,742.7929522827709,0.3807360040517258,,,,,,,,,,,,,2026-06-30
CP-I-00731,INDIVIDUAL,CA,85356.0494227362,720.0044657694239,0.1925359422380885,,,,,,,,,,,,,2026-06-30
CP-I-00732,INDIVIDUAL,FL,84142.02430114392,669.7410330232997,0.3462059499671271,,,,,,,,,,,,,2026-06-30
CP-I-00733,INDIVIDUAL,CA,101994.34688060998,730.1000005362149,0.24685182362264624,,,,,,,,,,,,,2026-06-30
CP-I-00734,INDIVIDUAL,CA,127073.42732299147,731.3736105666416,0.3851643845237775,,,,,,,,,,,,,2026-06-30
CP-I-00735,INDIVIDUAL,TX,252920.56255792308,704.1217233304369,0.18124390521951894,,,,,,,,,,,,,2026-06-30
CP-I-00736,INDIVIDUAL,VA,89617.95633805748,680.5905883795364,0.46709023254793025,,,,,,,,,,,,,2026-06-30
CP-I-00737,INDIVIDUAL,CA,116878.78732325626,656.2350616459494,0.4711443504518035,,,,,,,,,,,,,2026-06-30
CP-I-00738,INDIVIDUAL,CA,35230.25587755975,655.9276111342012,0.41897347510652794,,,,,,,,,,,,,2026-06-30
CP-I-00739,INDIVIDUAL,NY,75339.38159790858,612.8804550382198,0.16951434908531604,,,,,,,,,,,,,2026-06-30
CP-I-00740,INDIVIDUAL,NC,88432.17674006203,773.372638246138,0.23968029105136435,,,,,,,,,,,,,2026-06-30
CP-I-00741,INDIVIDUAL,NC,57155.0209861183,672.3492219178434,0.07538995419656837,,,,,,,,,,,,,2026-06-30
CP-I-00742,INDIVIDUAL,VA,126788.51359075059,682.7775994802685,0.24536301359849938,,,,,,,,,,,,,2026-06-30
CP-I-00743,INDIVIDUAL,NY,122223.25661736919,711.5287055471924,0.21583447836231667,,,,,,,,,,,,,2026-06-30
CP-I-00744,INDIVIDUAL,FL,222807.15327074542,720.664818452558,0.4000826365046597,,,,,,,,,,,,,2026-06-30
CP-I-00745,INDIVIDUAL,VA,67962.01238272479,742.9350843067115,0.3415329542411807,,,,,,,,,,,,,2026-06-30
CP-I-00746,INDIVIDUAL,TX,158283.435586127,767.7419691983084,0.38945290755674833,,,,,,,,,,,,,2026-06-30
CP-I-00747,INDIVIDUAL,FL,55958.0433654905,617.7731740209003,0.2339231826831288,,,,,,,,,,,,,2026-06-30
CP-I-00748,INDIVIDUAL,NC,116879.67071946387,727.5882846870073,0.3215997974156838,,,,,,,,,,,,,2026-06-30
CP-I-00749,INDIVIDUAL,VA,96857.94305842785,723.4849920140421,0.31275472950452415,,,,,,,,,,,,,2026-06-30
CP-I-00750,INDIVIDUAL,TX,126011.60901932955,753.6011411238046,0.13134739697739534,,,,,,,,,,,,,2026-06-30
CP-I-00751,INDIVIDUAL,NC,112104.71664476197,680.0923536772688,0.06740677485804987,,,,,,,,,,,,,2026-06-30
CP-I-00752,INDIVIDUAL,NC,63417.90287812366,679.8205630258423,0.4221274775614393,,,,,,,,,,,,,2026-06-30
CP-I-00753,INDIVIDUAL,FL,94226.91296976942,818.0648181034989,0.16629073760770616,,,,,,,,,,,,,2026-06-30
CP-I-00754,INDIVIDUAL,NY,98410.76913343946,722.9664473373302,0.37852729848223865,,,,,,,,,,,,,2026-06-30
CP-I-00755,INDIVIDUAL,FL,80197.2471100514,742.8491579995558,0.4549960652024649,,,,,,,,,,,,,2026-06-30
CP-I-00756,INDIVIDUAL,VA,78171.05025888188,714.5803762994198,0.11664913333274984,,,,,,,,,,,,,2026-06-30
CP-I-00757,INDIVIDUAL,CA,46282.322544578616,648.3268410317053,0.39240972445770717,,,,,,,,,,,,,2026-06-30
CP-I-00758,INDIVIDUAL,TX,252909.95222613105,687.1089135164241,0.09831664305812712,,,,,,,,,,,,,2026-06-30
CP-I-00759,INDIVIDUAL,FL,30761.002083804316,590.81779073584,0.16945115442911635,,,,,,,,,,,,,2026-06-30
CP-I-00760,INDIVIDUAL,VA,62136.11975969602,780.7280982228659,0.4283875326444084,,,,,,,,,,,,,2026-06-30
CP-I-00761,INDIVIDUAL,VA,146347.47766403036,704.3504583068377,0.12129508856194925,,,,,,,,,,,,,2026-06-30
CP-I-00762,INDIVIDUAL,TX,93286.24356616203,784.4246083290512,0.28262315241749725,,,,,,,,,,,,,2026-06-30
CP-I-00763,INDIVIDUAL,GA,305833.7360387075,788.2811370356299,0.26622299976537583,,,,,,,,,,,,,2026-06-30
CP-I-00764,INDIVIDUAL,NY,103140.96466850597,590.3411873571301,0.23522050564262204,,,,,,,,,,,,,2026-06-30
CP-I-00765,INDIVIDUAL,NY,190590.61306620837,578.4970603712994,0.3128807515055393,,,,,,,,,,,,,2026-06-30
CP-I-00766,INDIVIDUAL,CA,128019.76789080916,756.7128286007415,0.16750305998480644,,,,,,,,,,,,,2026-06-30
CP-I-00767,INDIVIDUAL,VA,68698.9641428964,777.1788743143927,0.07761815585237841,,,,,,,,,,,,,2026-06-30
CP-I-00768,INDIVIDUAL,NY,76727.42020676458,758.6311668963455,0.37030067061586464,,,,,,,,,,,,,2026-06-30
CP-I-00769,INDIVIDUAL,VA,135107.56449886216,741.443250630956,0.23566511053799838,,,,,,,,,,,,,2026-06-30
CP-I-00770,INDIVIDUAL,GA,77779.18543621355,798.155727035744,0.3353793098613062,,,,,,,,,,,,,2026-06-30
CP-I-00771,INDIVIDUAL,CA,81141.3970222336,681.8567108948428,0.2212277110870411,,,,,,,,,,,,,2026-06-30
CP-I-00772,INDIVIDUAL,CA,29512.861566987183,646.974310469377,0.3420757735854935,,,,,,,,,,,,,2026-06-30
CP-I-00773,INDIVIDUAL,VA,84071.43532968462,699.481407539175,0.433996653595779,,,,,,,,,,,,,2026-06-30
CP-I-00774,INDIVIDUAL,CA,118436.57869275233,678.031250006116,0.15664315928506822,,,,,,,,,,,,,2026-06-30
CP-I-00775,INDIVIDUAL,NC,90277.75120915777,769.0869201831683,0.24312208923046225,,,,,,,,,,,,,2026-06-30
CP-I-00776,INDIVIDUAL,NY,61403.19252533265,721.4921645726632,0.24922511928488766,,,,,,,,,,,,,2026-06-30
CP-I-00777,INDIVIDUAL,CA,54962.310390446655,718.9665753751783,0.16581989395048147,,,,,,,,,,,,,2026-06-30
CP-I-00778,INDIVIDUAL,CA,156010.55533223387,666.2712337400527,0.22595784791745555,,,,,,,,,,,,,2026-06-30
CP-I-00779,INDIVIDUAL,CA,31833.37808430931,698.7080369353075,0.14678941148815794,,,,,,,,,,,,,2026-06-30
CP-I-00780,INDIVIDUAL,CA,118779.73544517784,754.8719879943858,0.21620206769228345,,,,,,,,,,,,,2026-06-30
CP-I-00781,INDIVIDUAL,VA,81897.44661912823,734.8648991798107,0.09088750845862831,,,,,,,,,,,,,2026-06-30
CP-I-00782,INDIVIDUAL,NY,74812.85802916269,683.9514167108489,0.3030735197328067,,,,,,,,,,,,,2026-06-30
CP-I-00783,INDIVIDUAL,CA,137797.45054737286,636.3728621803024,0.39810792914854587,,,,,,,,,,,,,2026-06-30
CP-I-00784,INDIVIDUAL,NC,53778.440520426295,743.2608620621187,0.31002598951192256,,,,,,,,,,,,,2026-06-30
CP-I-00785,INDIVIDUAL,VA,69697.56998855996,698.1401297580942,0.3430346107512954,,,,,,,,,,,,,2026-06-30
CP-I-00786,INDIVIDUAL,FL,78702.07628145191,640.3391483439377,0.42763096673576717,,,,,,,,,,,,,2026-06-30
CP-I-00787,INDIVIDUAL,GA,96924.05883153003,706.9457761975356,0.1651635335915771,,,,,,,,,,,,,2026-06-30
CP-I-00788,INDIVIDUAL,TX,73239.1567051747,730.6048275266297,0.27087805053742314,,,,,,,,,,,,,2026-06-30
CP-I-00789,INDIVIDUAL,GA,53620.120201357386,765.5231485952347,0.25588259484352455,,,,,,,,,,,,,2026-06-30
CP-I-00790,INDIVIDUAL,GA,207728.7118698374,816.1735066512553,0.35923090358186954,,,,,,,,,,,,,2026-06-30
CP-I-00791,INDIVIDUAL,TX,101436.96003445862,702.6498984542096,0.4553547644566409,,,,,,,,,,,,,2026-06-30
CP-I-00792,INDIVIDUAL,CA,66090.92978720464,711.1100843292747,0.13430653556043096,,,,,,,,,,,,,2026-06-30
CP-I-00793,INDIVIDUAL,FL,196098.1436869774,642.7100799265118,0.3121502663433632,,,,,,,,,,,,,2026-06-30
CP-I-00794,INDIVIDUAL,VA,201485.0785087545,728.1783091059618,0.3515505633099708,,,,,,,,,,,,,2026-06-30
CP-I-00795,INDIVIDUAL,NC,156871.41857382216,811.3720739614212,0.4467208306767717,,,,,,,,,,,,,2026-06-30
CP-I-00796,INDIVIDUAL,VA,130575.16147261151,617.477672028374,0.2977676932068464,,,,,,,,,,,,,2026-06-30
CP-I-00797,INDIVIDUAL,GA,71248.07661630314,733.1374781118756,0.31377494480313217,,,,,,,,,,,,,2026-06-30
CP-I-00798,INDIVIDUAL,NY,129876.75913965523,838.9545730891698,0.21034860602285485,,,,,,,,,,,,,2026-06-30
CP-I-00799,INDIVIDUAL,NC,129483.92723434318,713.6867590409702,0.3736905937460571,,,,,,,,,,,,,2026-06-30
CP-I-00800,INDIVIDUAL,NC,85705.80237205463,674.7148902544482,0.5761899438645235,,,,,,,,,,,,,2026-06-30
CP-I-00801,INDIVIDUAL,NC,69178.1620506073,693.3045071897427,0.45681802117060066,,,,,,,,,,,,,2026-06-30
CP-I-00802,INDIVIDUAL,NC,108177.31035954539,704.9112261737738,0.051710436065693775,,,,,,,,,,,,,2026-06-30
CP-I-00803,INDIVIDUAL,GA,158549.10640270842,696.2343224380568,0.5393288668792562,,,,,,,,,,,,,2026-06-30
CP-I-00804,INDIVIDUAL,CA,138741.5769646642,651.1417976970977,0.1375554482742059,,,,,,,,,,,,,2026-06-30
CP-I-00805,INDIVIDUAL,GA,92858.08900815368,618.2588186310786,0.36544721161567756,,,,,,,,,,,,,2026-06-30
CP-I-00806,INDIVIDUAL,NC,119420.93567492385,703.204776164687,0.2362182335717845,,,,,,,,,,,,,2026-06-30
CP-I-00807,INDIVIDUAL,TX,96924.28621420513,729.1006161256809,0.37917095119959354,,,,,,,,,,,,,2026-06-30
CP-I-00808,INDIVIDUAL,FL,181390.46096331452,650.2042471580686,0.16681700515522552,,,,,,,,,,,,,2026-06-30
CP-I-00809,INDIVIDUAL,NC,59887.02884539652,747.4653859376658,0.39354469065052844,,,,,,,,,,,,,2026-06-30
CP-I-00810,INDIVIDUAL,CA,100294.2721838912,734.3489385252971,0.3411330885723643,,,,,,,,,,,,,2026-06-30
CP-I-00811,INDIVIDUAL,FL,116894.7393268639,704.5183647173291,0.2769211846738727,,,,,,,,,,,,,2026-06-30
CP-I-00812,INDIVIDUAL,NC,71818.14631780502,637.1242277147419,0.16573715376416917,,,,,,,,,,,,,2026-06-30
CP-I-00813,INDIVIDUAL,CA,135053.01055012175,603.4891826112421,0.4641324676576528,,,,,,,,,,,,,2026-06-30
CP-I-00814,INDIVIDUAL,TX,63830.35441512804,720.4213694171398,0.2528899480203441,,,,,,,,,,,,,2026-06-30
CP-I-00815,INDIVIDUAL,TX,161475.48187120014,773.7186938711661,0.31589698640988584,,,,,,,,,,,,,2026-06-30
CP-I-00816,INDIVIDUAL,NC,57481.26975852851,668.1758216003271,0.27484741729340845,,,,,,,,,,,,,2026-06-30
CP-I-00817,INDIVIDUAL,CA,53548.54186552504,618.0769160854292,0.11398673914389762,,,,,,,,,,,,,2026-06-30
CP-I-00818,INDIVIDUAL,FL,97529.79955332498,706.6285957767691,0.2717526135307475,,,,,,,,,,,,,2026-06-30
CP-I-00819,INDIVIDUAL,NY,49589.69194786746,681.3006412900453,0.30442012217566566,,,,,,,,,,,,,2026-06-30
CP-I-00820,INDIVIDUAL,CA,74666.36836757154,647.6096141328934,0.2888477508106281,,,,,,,,,,,,,2026-06-30
CP-I-00821,INDIVIDUAL,VA,122689.96328527365,711.5516911764007,0.3016674395852833,,,,,,,,,,,,,2026-06-30
CP-I-00822,INDIVIDUAL,FL,67657.4858717129,677.6011946830012,0.47314374688897587,,,,,,,,,,,,,2026-06-30
CP-I-00823,INDIVIDUAL,CA,188123.85709003362,767.5664797003163,0.33607734380098386,,,,,,,,,,,,,2026-06-30
CP-I-00824,INDIVIDUAL,FL,134023.00371260341,752.8707563613265,0.564872322992184,,,,,,,,,,,,,2026-06-30
CP-I-00825,INDIVIDUAL,FL,61654.45469862251,567.4900383722111,0.3356687020681459,,,,,,,,,,,,,2026-06-30
CP-I-00826,INDIVIDUAL,NC,137265.99357279856,725.6755671505839,0.1624474945258916,,,,,,,,,,,,,2026-06-30
CP-I-00827,INDIVIDUAL,TX,59489.20804851479,674.8393432432802,0.2966602650807222,,,,,,,,,,,,,2026-06-30
CP-I-00828,INDIVIDUAL,TX,56112.2881856651,721.2033301876195,0.06752977617802802,,,,,,,,,,,,,2026-06-30
CP-I-00829,INDIVIDUAL,TX,183096.059613587,710.6338846635464,0.4673323933267084,,,,,,,,,,,,,2026-06-30
CP-I-00830,INDIVIDUAL,FL,45890.535573249916,787.6338477601541,0.10865409848621341,,,,,,,,,,,,,2026-06-30
CP-I-00831,INDIVIDUAL,TX,135010.02819433383,623.1725723179081,0.44684032388582934,,,,,,,,,,,,,2026-06-30
CP-I-00832,INDIVIDUAL,FL,110886.39045218454,651.8394099254658,0.35791421931117784,,,,,,,,,,,,,2026-06-30
CP-I-00833,INDIVIDUAL,FL,129041.77002960976,683.0337219065417,0.29423059983334393,,,,,,,,,,,,,2026-06-30
CP-I-00834,INDIVIDUAL,NC,108588.42854902013,738.6354008627601,0.30073239347875846,,,,,,,,,,,,,2026-06-30
CP-I-00835,INDIVIDUAL,FL,55086.29507572307,768.4751821045726,0.41379717020798773,,,,,,,,,,,,,2026-06-30
CP-I-00836,INDIVIDUAL,CA,53732.78737035324,706.3128138868653,0.3171839070204548,,,,,,,,,,,,,2026-06-30
CP-I-00837,INDIVIDUAL,TX,43978.01607587753,653.9218983672546,0.056990994381323185,,,,,,,,,,,,,2026-06-30
CP-I-00838,INDIVIDUAL,FL,106183.32407329978,714.2407983245455,0.33598198819186115,,,,,,,,,,,,,2026-06-30
CP-I-00839,INDIVIDUAL,VA,78173.07735050133,734.7578351992768,0.31817717897637066,,,,,,,,,,,,,2026-06-30
CP-I-00840,INDIVIDUAL,TX,45764.16953046735,732.1027727534673,0.23555530082115733,,,,,,,,,,,,,2026-06-30
CP-I-00841,INDIVIDUAL,GA,106577.21453046841,621.4309503922125,0.24477151377525322,,,,,,,,,,,,,2026-06-30
CP-I-00842,INDIVIDUAL,NY,92268.27035152672,624.1641204012666,0.15156982768563262,,,,,,,,,,,,,2026-06-30
CP-I-00843,INDIVIDUAL,FL,125662.91729270636,636.7618280600365,0.3380490648218217,,,,,,,,,,,,,2026-06-30
CP-I-00844,INDIVIDUAL,NY,93805.86254279489,827.4208087760309,0.1877753442723788,,,,,,,,,,,,,2026-06-30
CP-I-00845,INDIVIDUAL,NY,41874.449404185696,709.4346549421377,0.5224155648219326,,,,,,,,,,,,,2026-06-30
CP-I-00846,INDIVIDUAL,FL,91226.45170144974,755.8505446761524,0.3624150469175642,,,,,,,,,,,,,2026-06-30
CP-I-00847,INDIVIDUAL,TX,188524.34420677993,724.029267186752,0.23983119297952554,,,,,,,,,,,,,2026-06-30
CP-I-00848,INDIVIDUAL,CA,241861.17927982358,707.224285293363,0.523816376444993,,,,,,,,,,,,,2026-06-30
CP-I-00849,INDIVIDUAL,TX,135477.8859690518,667.4436810051965,0.10649767109054468,,,,,,,,,,,,,2026-06-30
CP-I-00850,INDIVIDUAL,FL,65247.74728021518,674.3724086556585,0.35078006950268814,,,,,,,,,,,,,2026-06-30
CP-I-00851,INDIVIDUAL,GA,102836.34904339793,736.30727093201,0.36114032056939277,,,,,,,,,,,,,2026-06-30
CP-I-00852,INDIVIDUAL,TX,52610.53024753059,714.1531606852835,0.30009256819514374,,,,,,,,,,,,,2026-06-30
CP-I-00853,INDIVIDUAL,TX,102222.93354628675,761.3226376119007,0.15932357391455457,,,,,,,,,,,,,2026-06-30
CP-I-00854,INDIVIDUAL,NY,89943.81215977254,766.2420448198576,0.24264231509597653,,,,,,,,,,,,,2026-06-30
CP-I-00855,INDIVIDUAL,FL,139168.7344086324,701.0267968576637,0.1681642437966496,,,,,,,,,,,,,2026-06-30
CP-I-00856,INDIVIDUAL,TX,150292.2448796796,690.7721904882056,0.22511886736752607,,,,,,,,,,,,,2026-06-30
CP-I-00857,INDIVIDUAL,GA,215659.79966696425,763.2818884803578,0.354941811015757,,,,,,,,,,,,,2026-06-30
CP-I-00858,INDIVIDUAL,NY,154019.51473446138,688.0977254612685,0.2573523631227361,,,,,,,,,,,,,2026-06-30
CP-I-00859,INDIVIDUAL,TX,69788.80472538648,697.8101049055281,0.33867022123380847,,,,,,,,,,,,,2026-06-30
CP-I-00860,INDIVIDUAL,VA,105083.22759444463,726.8017218676739,0.41849619268885574,,,,,,,,,,,,,2026-06-30
CP-I-00861,INDIVIDUAL,TX,68595.96959143778,702.2385970725351,0.45340552046449983,,,,,,,,,,,,,2026-06-30
CP-I-00862,INDIVIDUAL,NC,85392.15072141025,752.8989683142144,0.32077797288378895,,,,,,,,,,,,,2026-06-30
CP-I-00863,INDIVIDUAL,VA,79676.4797344178,693.0833152169138,0.18562548215830077,,,,,,,,,,,,,2026-06-30
CP-I-00864,INDIVIDUAL,GA,73880.27354752872,707.5844602503296,0.17898849288610497,,,,,,,,,,,,,2026-06-30
CP-I-00865,INDIVIDUAL,NY,130257.8739143038,730.033908484759,0.4241461992061804,,,,,,,,,,,,,2026-06-30
CP-I-00866,INDIVIDUAL,GA,89796.91300863816,618.0495203084506,0.5059221206427869,,,,,,,,,,,,,2026-06-30
CP-I-00867,INDIVIDUAL,NY,178091.86570136048,731.6837248792399,0.2972295946594152,,,,,,,,,,,,,2026-06-30
CP-I-00868,INDIVIDUAL,TX,99224.928298633,787.2596766415444,0.35017193751422004,,,,,,,,,,,,,2026-06-30
CP-I-00869,INDIVIDUAL,NC,112324.596936396,782.0026660298876,0.5033155317516145,,,,,,,,,,,,,2026-06-30
CP-I-00870,INDIVIDUAL,GA,73978.7550815151,698.4487986605994,0.1195044033613821,,,,,,,,,,,,,2026-06-30
CP-I-00871,INDIVIDUAL,FL,105849.80380924675,636.3949406994798,0.37006567481238606,,,,,,,,,,,,,2026-06-30
CP-I-00872,INDIVIDUAL,NC,90195.06149701048,831.3280804621976,0.33116683085879506,,,,,,,,,,,,,2026-06-30
CP-I-00873,INDIVIDUAL,FL,93600.36287981954,733.0285297093706,0.44141383081052155,,,,,,,,,,,,,2026-06-30
CP-I-00874,INDIVIDUAL,TX,22626.49637556463,726.2679530945268,0.24991247309621858,,,,,,,,,,,,,2026-06-30
CP-I-00875,INDIVIDUAL,TX,95417.68362249421,744.7956600375991,0.1837602493876964,,,,,,,,,,,,,2026-06-30
CP-I-00876,INDIVIDUAL,FL,131333.0177809519,712.2456051121851,0.31190522362611434,,,,,,,,,,,,,2026-06-30
CP-I-00877,INDIVIDUAL,NY,136212.5523000841,720.2648965345903,0.3191242592440139,,,,,,,,,,,,,2026-06-30
CP-I-00878,INDIVIDUAL,FL,127742.7077310346,702.4740234731781,0.2685652808897808,,,,,,,,,,,,,2026-06-30
CP-I-00879,INDIVIDUAL,FL,103439.99034277358,818.0872726221241,0.23210405766562434,,,,,,,,,,,,,2026-06-30
CP-I-00880,INDIVIDUAL,FL,30484.114081910917,790.5154397428105,0.20783853081032655,,,,,,,,,,,,,2026-06-30
CP-I-00881,INDIVIDUAL,TX,100209.16009238028,792.396093302015,0.24991234748346805,,,,,,,,,,,,,2026-06-30
CP-I-00882,INDIVIDUAL,VA,123203.21941410059,797.1246491831467,0.20532465304954844,,,,,,,,,,,,,2026-06-30
CP-I-00883,INDIVIDUAL,CA,90930.11434238164,777.9101395044404,0.2517975599436907,,,,,,,,,,,,,2026-06-30
CP-I-00884,INDIVIDUAL,TX,84575.44705842891,719.2582722685446,0.5508272070585665,,,,,,,,,,,,,2026-06-30
CP-I-00885,INDIVIDUAL,NY,139237.85387212064,688.4162063346038,0.21345335107924648,,,,,,,,,,,,,2026-06-30
CP-I-00886,INDIVIDUAL,NC,51086.89368057133,699.5497754539086,0.18557417485133137,,,,,,,,,,,,,2026-06-30
CP-I-00887,INDIVIDUAL,NC,115553.93501606259,618.248523485719,0.2673021719902763,,,,,,,,,,,,,2026-06-30
CP-I-00888,INDIVIDUAL,FL,108049.52773701584,602.371488335045,0.07762678998009404,,,,,,,,,,,,,2026-06-30
CP-I-00889,INDIVIDUAL,FL,69477.66504558262,698.1389107823195,0.09097426538234092,,,,,,,,,,,,,2026-06-30
CP-I-00890,INDIVIDUAL,VA,61940.147588995904,721.7281967383759,0.2459614028405953,,,,,,,,,,,,,2026-06-30
CP-I-00891,INDIVIDUAL,TX,46286.93984862259,740.8380455944668,0.33984879070023344,,,,,,,,,,,,,2026-06-30
CP-I-00892,INDIVIDUAL,TX,98823.27798201471,737.5071243424413,0.16024557428324981,,,,,,,,,,,,,2026-06-30
CP-I-00893,INDIVIDUAL,NY,88846.74909529477,679.9498726007091,0.2669056211613904,,,,,,,,,,,,,2026-06-30
CP-I-00894,INDIVIDUAL,NY,34139.123038783735,642.5850811089014,0.28674519355149397,,,,,,,,,,,,,2026-06-30
CP-I-00895,INDIVIDUAL,FL,33168.565627392534,715.4727223041859,0.35453754972935336,,,,,,,,,,,,,2026-06-30
CP-I-00896,INDIVIDUAL,VA,112722.34488513207,713.1873180825486,0.15511167153297534,,,,,,,,,,,,,2026-06-30
CP-I-00897,INDIVIDUAL,GA,100109.75408000166,685.3068671128889,0.5623896525627836,,,,,,,,,,,,,2026-06-30
CP-I-00898,INDIVIDUAL,FL,68553.1153556203,638.2695211626499,0.11185149587885354,,,,,,,,,,,,,2026-06-30
CP-I-00899,INDIVIDUAL,NC,94463.56848037711,727.8992681685625,0.5970023888172264,,,,,,,,,,,,,2026-06-30
CP-I-00900,INDIVIDUAL,TX,117761.30730837653,743.758461435068,0.2231157975949455,,,,,,,,,,,,,2026-06-30
CP-I-00901,INDIVIDUAL,NY,73212.76745189948,698.5023196633364,0.22977034603930951,,,,,,,,,,,,,2026-06-30
CP-I-00902,INDIVIDUAL,GA,50684.14020650315,632.0849604931201,0.2854998327228756,,,,,,,,,,,,,2026-06-30
CP-I-00903,INDIVIDUAL,GA,74545.24429831338,722.5324870831802,0.2091430408895746,,,,,,,,,,,,,2026-06-30
CP-I-00904,INDIVIDUAL,NY,82660.94716651364,719.8793138921156,0.05,,,,,,,,,,,,,2026-06-30
CP-I-00905,INDIVIDUAL,TX,84376.45086833343,796.7116008248455,0.09958535841483244,,,,,,,,,,,,,2026-06-30
CP-I-00906,INDIVIDUAL,VA,65025.04547899356,722.6407672867439,0.3546564749570096,,,,,,,,,,,,,2026-06-30
CP-I-00907,INDIVIDUAL,NY,169415.2477319594,736.8453115238204,0.41636516956212233,,,,,,,,,,,,,2026-06-30
CP-I-00908,INDIVIDUAL,VA,32345.57443865495,688.4715559657606,0.26365401741414546,,,,,,,,,,,,,2026-06-30
CP-I-00909,INDIVIDUAL,TX,219478.85936902955,650.8091737219014,0.29296043506302333,,,,,,,,,,,,,2026-06-30
CP-I-00910,INDIVIDUAL,NC,121617.03409273076,824.4101720045893,0.16755520317324285,,,,,,,,,,,,,2026-06-30
CP-I-00911,INDIVIDUAL,NY,202291.4790850433,678.9954797828751,0.5706969089083445,,,,,,,,,,,,,2026-06-30
CP-I-00912,INDIVIDUAL,GA,50411.31156983496,684.1280446498099,0.25546701624907353,,,,,,,,,,,,,2026-06-30
CP-I-00913,INDIVIDUAL,NC,81644.58979298554,718.2790549772456,0.22181771633902186,,,,,,,,,,,,,2026-06-30
CP-I-00914,INDIVIDUAL,TX,84799.24271833069,751.8240584227557,0.46333739621377745,,,,,,,,,,,,,2026-06-30
CP-I-00915,INDIVIDUAL,GA,115202.78941999067,786.7932387091234,0.18092116413886344,,,,,,,,,,,,,2026-06-30
CP-I-00916,INDIVIDUAL,CA,81144.3149667275,732.4775199285986,0.28329695138522804,,,,,,,,,,,,,2026-06-30
CP-I-00917,INDIVIDUAL,CA,120357.90476437489,739.6592760317861,0.11896334269100273,,,,,,,,,,,,,2026-06-30
CP-I-00918,INDIVIDUAL,CA,48194.23045751237,629.5722392529162,0.3420508659931608,,,,,,,,,,,,,2026-06-30
CP-I-00919,INDIVIDUAL,GA,94871.52035556368,722.5787360680756,0.24994308865111567,,,,,,,,,,,,,2026-06-30
CP-I-00920,INDIVIDUAL,NY,115224.9287605337,620.4610225649188,0.20175670181483646,,,,,,,,,,,,,2026-06-30
CP-I-00921,INDIVIDUAL,NY,124156.66857143123,661.9117359433702,0.28154803003721723,,,,,,,,,,,,,2026-06-30
CP-I-00922,INDIVIDUAL,TX,115216.44676710115,657.435188829275,0.156541593005863,,,,,,,,,,,,,2026-06-30
CP-I-00923,INDIVIDUAL,NC,85899.43316903563,687.0121168420504,0.4941163108750094,,,,,,,,,,,,,2026-06-30
CP-I-00924,INDIVIDUAL,NY,75875.7553245473,622.1449106573635,0.2122926379451899,,,,,,,,,,,,,2026-06-30
CP-I-00925,INDIVIDUAL,TX,123668.48207493789,811.4880291217153,0.19287189427776225,,,,,,,,,,,,,2026-06-30
CP-I-00926,INDIVIDUAL,VA,80990.48845912718,837.4407034649198,0.3446797717826499,,,,,,,,,,,,,2026-06-30
CP-I-00927,INDIVIDUAL,CA,110739.76411540816,769.5279050295574,0.17644482428563052,,,,,,,,,,,,,2026-06-30
CP-I-00928,INDIVIDUAL,VA,109467.2576051034,692.1186772271254,0.14949280055653416,,,,,,,,,,,,,2026-06-30
CP-I-00929,INDIVIDUAL,GA,86928.60660933629,788.1771098590674,0.23724984958262058,,,,,,,,,,,,,2026-06-30
CP-I-00930,INDIVIDUAL,GA,55366.84861272084,801.9804676195382,0.24055328143295318,,,,,,,,,,,,,2026-06-30
CP-I-00931,INDIVIDUAL,CA,100867.64032892874,741.9408952899328,0.20978162757123814,,,,,,,,,,,,,2026-06-30
CP-I-00932,INDIVIDUAL,NY,104698.21588408784,776.8771220300463,0.33626960238422426,,,,,,,,,,,,,2026-06-30
CP-I-00933,INDIVIDUAL,NY,164591.52223448682,638.5771163734217,0.19094389213738483,,,,,,,,,,,,,2026-06-30
CP-I-00934,INDIVIDUAL,GA,74382.62883024792,701.2121156412128,0.33344890994979104,,,,,,,,,,,,,2026-06-30
CP-I-00935,INDIVIDUAL,GA,82112.63097234555,661.5970427886649,0.18822521599946557,,,,,,,,,,,,,2026-06-30
CP-I-00936,INDIVIDUAL,FL,231164.07438235584,567.574755702032,0.20891914707096632,,,,,,,,,,,,,2026-06-30
CP-I-00937,INDIVIDUAL,NC,74461.8404015203,708.7985221728441,0.2862230863360703,,,,,,,,,,,,,2026-06-30
CP-I-00938,INDIVIDUAL,CA,35153.72032888605,600.5153459839331,0.3743796099265715,,,,,,,,,,,,,2026-06-30
CP-I-00939,INDIVIDUAL,FL,54120.514583958175,784.7489473988664,0.16338730883713307,,,,,,,,,,,,,2026-06-30
CP-I-00940,INDIVIDUAL,VA,251554.61397798924,623.6204495568802,0.26378442254667395,,,,,,,,,,,,,2026-06-30
CP-I-00941,INDIVIDUAL,VA,56779.93915778584,678.8931390644913,0.2764529615363689,,,,,,,,,,,,,2026-06-30
CP-I-00942,INDIVIDUAL,VA,70645.39954216685,756.1352881358814,0.535887832520939,,,,,,,,,,,,,2026-06-30
CP-I-00943,INDIVIDUAL,FL,121922.96466273667,696.3820595016736,0.32864852736428996,,,,,,,,,,,,,2026-06-30
CP-I-00944,INDIVIDUAL,GA,104314.2458415189,690.7723835553446,0.5207324467892801,,,,,,,,,,,,,2026-06-30
CP-I-00945,INDIVIDUAL,TX,98959.74520195741,719.1031010716736,0.2887567705721736,,,,,,,,,,,,,2026-06-30
CP-I-00946,INDIVIDUAL,TX,100073.38385282217,693.4893984939623,0.17011489290907075,,,,,,,,,,,,,2026-06-30
CP-I-00947,INDIVIDUAL,GA,206351.6694891005,763.5375843947428,0.2905525437701276,,,,,,,,,,,,,2026-06-30
CP-I-00948,INDIVIDUAL,VA,109182.60233064166,672.6204905134557,0.12968314382199383,,,,,,,,,,,,,2026-06-30
CP-I-00949,INDIVIDUAL,TX,93149.35069878899,618.932885818643,0.26799702307247547,,,,,,,,,,,,,2026-06-30
CP-I-00950,INDIVIDUAL,FL,41763.244943043304,643.5132024089788,0.2517756775912419,,,,,,,,,,,,,2026-06-30
CP-I-00951,INDIVIDUAL,GA,67703.02634162921,794.4319533515811,0.23129350130669973,,,,,,,,,,,,,2026-06-30
CP-I-00952,INDIVIDUAL,FL,77584.15680729522,727.7869661138682,0.35996704269005475,,,,,,,,,,,,,2026-06-30
CP-I-00953,INDIVIDUAL,NY,91117.06634775507,723.4334186736797,0.20301743722452398,,,,,,,,,,,,,2026-06-30
CP-I-00954,INDIVIDUAL,TX,79701.2785689925,757.8569023817344,0.10257128888898707,,,,,,,,,,,,,2026-06-30
CP-I-00955,INDIVIDUAL,VA,56320.46043268164,822.8023736098655,0.1852073733013441,,,,,,,,,,,,,2026-06-30
CP-I-00956,INDIVIDUAL,CA,150089.5894524464,751.3376768087444,0.14585861176834944,,,,,,,,,,,,,2026-06-30
CP-I-00957,INDIVIDUAL,NC,100586.77221666712,701.9329132231652,0.3761307825597433,,,,,,,,,,,,,2026-06-30
CP-I-00958,INDIVIDUAL,FL,168855.49593635846,656.9361942007224,0.09643203964320585,,,,,,,,,,,,,2026-06-30
CP-I-00959,INDIVIDUAL,GA,42048.708771817335,683.8897877238148,0.2091940902178142,,,,,,,,,,,,,2026-06-30
CP-I-00960,INDIVIDUAL,FL,95414.77590649037,629.7291534359106,0.6241038536304083,,,,,,,,,,,,,2026-06-30
CP-I-00961,INDIVIDUAL,NC,141182.47071507826,730.7628722913539,0.07144918556327334,,,,,,,,,,,,,2026-06-30
CP-I-00962,INDIVIDUAL,CA,198234.8751263578,764.0265535696956,0.22174149462771509,,,,,,,,,,,,,2026-06-30
CP-I-00963,INDIVIDUAL,FL,38096.029091953,725.2194921214578,0.3983924018714243,,,,,,,,,,,,,2026-06-30
CP-I-00964,INDIVIDUAL,NY,85555.36942605523,784.4706755160934,0.36004105382337637,,,,,,,,,,,,,2026-06-30
CP-I-00965,INDIVIDUAL,NY,114869.02345317976,717.1387475118773,0.3526692654350123,,,,,,,,,,,,,2026-06-30
CP-I-00966,INDIVIDUAL,VA,36962.687486763534,718.161066430557,0.3211738649127424,,,,,,,,,,,,,2026-06-30
CP-I-00967,INDIVIDUAL,GA,79980.58049691645,668.8120142885193,0.5333087101626288,,,,,,,,,,,,,2026-06-30
CP-I-00968,INDIVIDUAL,GA,60909.63341085153,646.8299478888522,0.222571696627106,,,,,,,,,,,,,2026-06-30
CP-I-00969,INDIVIDUAL,CA,65178.732000924436,705.3323687855196,0.18312871832556799,,,,,,,,,,,,,2026-06-30
CP-I-00970,INDIVIDUAL,NC,65318.44049627717,737.7859121107032,0.44624123269140825,,,,,,,,,,,,,2026-06-30
CP-I-00971,INDIVIDUAL,FL,93522.75121491868,732.7983846762077,0.2691069373425927,,,,,,,,,,,,,2026-06-30
CP-I-00972,INDIVIDUAL,FL,381656.74616144004,797.6229398827977,0.2056027719842404,,,,,,,,,,,,,2026-06-30
CP-I-00973,INDIVIDUAL,GA,86100.01618211842,654.5866341619457,0.3828687338867898,,,,,,,,,,,,,2026-06-30
CP-I-00974,INDIVIDUAL,CA,125402.09282686785,697.9757269280872,0.3492905525854997,,,,,,,,,,,,,2026-06-30
CP-I-00975,INDIVIDUAL,GA,75214.10745073234,740.1754172763149,0.3844283509773592,,,,,,,,,,,,,2026-06-30
CP-I-00976,INDIVIDUAL,CA,59431.83505534917,668.3123564059523,0.3272409953659491,,,,,,,,,,,,,2026-06-30
CP-I-00977,INDIVIDUAL,TX,73880.44539448089,684.2560507481112,0.27781434810001077,,,,,,,,,,,,,2026-06-30
CP-I-00978,INDIVIDUAL,TX,61461.341895062535,794.7878762377463,0.525863052821737,,,,,,,,,,,,,2026-06-30
CP-I-00979,INDIVIDUAL,VA,278057.9776600983,655.8762482270444,0.331053801646931,,,,,,,,,,,,,2026-06-30
CP-I-00980,INDIVIDUAL,NY,173641.74106193206,764.6341657756676,0.32125587011884804,,,,,,,,,,,,,2026-06-30
CP-I-00981,INDIVIDUAL,NC,121571.10953769831,703.673027180738,0.39396930453993,,,,,,,,,,,,,2026-06-30
CP-I-00982,INDIVIDUAL,GA,256072.901476086,755.6132760768025,0.1532208681049238,,,,,,,,,,,,,2026-06-30
CP-I-00983,INDIVIDUAL,VA,193283.2994132588,658.7167111335988,0.3999161713771571,,,,,,,,,,,,,2026-06-30
CP-I-00984,INDIVIDUAL,VA,100660.47002731364,758.7578507481187,0.24059299580218985,,,,,,,,,,,,,2026-06-30
CP-I-00985,INDIVIDUAL,NY,51496.83324820129,715.1584845572721,0.27767472985099384,,,,,,,,,,,,,2026-06-30
CP-I-00986,INDIVIDUAL,CA,44032.5159645836,772.7975564696287,0.1422063833988772,,,,,,,,,,,,,2026-06-30
CP-I-00987,INDIVIDUAL,GA,55297.77891124737,671.2996383296005,0.38459642438459063,,,,,,,,,,,,,2026-06-30
CP-I-00988,INDIVIDUAL,CA,109431.42515365712,784.4895823022604,0.24895134796950769,,,,,,,,,,,,,2026-06-30
CP-I-00989,INDIVIDUAL,CA,92282.42042248722,734.190819636068,0.4759476610563501,,,,,,,,,,,,,2026-06-30
CP-I-00990,INDIVIDUAL,GA,100663.4766080974,665.7162501863722,0.37336546534387494,,,,,,,,,,,,,2026-06-30
CP-I-00991,INDIVIDUAL,TX,91112.72064487064,749.8950357144251,0.2538233810749741,,,,,,,,,,,,,2026-06-30
CP-I-00992,INDIVIDUAL,NY,85292.39081791426,680.1128373350747,0.258794979664584,,,,,,,,,,,,,2026-06-30
CP-I-00993,INDIVIDUAL,FL,44270.74181586719,762.4879929007313,0.2182447442473227,,,,,,,,,,,,,2026-06-30
CP-I-00994,INDIVIDUAL,NY,39962.248415968774,719.465526653756,0.18548072636515303,,,,,,,,,,,,,2026-06-30
CP-I-00995,INDIVIDUAL,CA,58562.86385454731,709.4742908817755,0.4091352905298097,,,,,,,,,,,,,2026-06-30
CP-I-00996,INDIVIDUAL,GA,50294.10051191985,738.7441132406702,0.36375253098206467,,,,,,,,,,,,,2026-06-30
CP-I-00997,INDIVIDUAL,VA,87463.77847480756,688.4437235006587,0.28365233171879367,,,,,,,,,,,,,2026-06-30
CP-I-00998,INDIVIDUAL,TX,109589.82435662711,703.4622305045622,0.0711894608049232,,,,,,,,,,,,,2026-06-30
CP-I-00999,INDIVIDUAL,NC,149552.86795777243,661.8925645194399,0.1963802642157385,,,,,,,,,,,,,2026-06-30
CP-I-01000,INDIVIDUAL,VA,124136.28904477206,693.0469064745644,0.28173992917232876,,,,,,,,,,,,,2026-06-30
CP-I-01001,INDIVIDUAL,CA,138304.98428526623,657.9144497841221,0.3141259906386201,,,,,,,,,,,,,2026-06-30
CP-I-01002,INDIVIDUAL,GA,73403.94434947314,765.2138489495809,0.2206553326882476,,,,,,,,,,,,,2026-06-30
CP-I-01003,INDIVIDUAL,NY,113487.78420197322,695.3142719099508,0.08400983650095038,,,,,,,,,,,,,2026-06-30
CP-I-01004,INDIVIDUAL,CA,68431.02273176992,721.6334047212077,0.26046144713900254,,,,,,,,,,,,,2026-06-30
CP-I-01005,INDIVIDUAL,TX,215095.47081983805,756.4050969015849,0.14475568793634763,,,,,,,,,,,,,2026-06-30
CP-I-01006,INDIVIDUAL,NC,56263.15735400502,700.670036343665,0.155918903537145,,,,,,,,,,,,,2026-06-30
CP-I-01007,INDIVIDUAL,TX,153274.30527822673,641.3506209458441,0.3500120689083567,,,,,,,,,,,,,2026-06-30
CP-I-01008,INDIVIDUAL,FL,61889.18527769433,681.574399558178,0.27049541496696866,,,,,,,,,,,,,2026-06-30
CP-I-01009,INDIVIDUAL,TX,153252.65383103493,729.2276201482348,0.5110160473604584,,,,,,,,,,,,,2026-06-30
CP-I-01010,INDIVIDUAL,CA,60810.79402876886,694.1073109273149,0.30586549644318284,,,,,,,,,,,,,2026-06-30
CP-I-01011,INDIVIDUAL,GA,73129.79369339776,724.7645732511697,0.45684689526319233,,,,,,,,,,,,,2026-06-30
CP-I-01012,INDIVIDUAL,FL,130683.8177702508,684.236627125114,0.18666601905579613,,,,,,,,,,,,,2026-06-30
CP-I-01013,INDIVIDUAL,GA,104658.2276049577,681.2025589724594,0.18136774775661763,,,,,,,,,,,,,2026-06-30
CP-I-01014,INDIVIDUAL,TX,70402.16730182727,729.2027894253349,0.20865198091043924,,,,,,,,,,,,,2026-06-30
CP-I-01015,INDIVIDUAL,NY,52177.42670921568,683.2487080750578,0.39105783288461016,,,,,,,,,,,,,2026-06-30
CP-I-01016,INDIVIDUAL,GA,81280.56649696745,643.2690312813507,0.47382705112338963,,,,,,,,,,,,,2026-06-30
CP-I-01017,INDIVIDUAL,NC,99932.74127526942,678.5884515805287,0.1839472440436842,,,,,,,,,,,,,2026-06-30
CP-I-01018,INDIVIDUAL,CA,61222.59392962373,695.5912991919314,0.15722227115984394,,,,,,,,,,,,,2026-06-30
CP-I-01019,INDIVIDUAL,GA,166870.31679260064,708.6812017790572,0.1541868323527008,,,,,,,,,,,,,2026-06-30
CP-I-01020,INDIVIDUAL,TX,65184.48399434589,795.4768240540127,0.333658885609412,,,,,,,,,,,,,2026-06-30
CP-I-01021,INDIVIDUAL,FL,129666.58117415823,743.5855939674889,0.349286178649453,,,,,,,,,,,,,2026-06-30
CP-I-01022,INDIVIDUAL,FL,55785.13008722873,691.3304180952086,0.4206090372006934,,,,,,,,,,,,,2026-06-30
CP-I-01023,INDIVIDUAL,TX,76578.57070382917,707.132985193312,0.5104397419191428,,,,,,,,,,,,,2026-06-30
CP-I-01024,INDIVIDUAL,GA,98289.15242439094,666.714231000113,0.32138669221827443,,,,,,,,,,,,,2026-06-30
CP-I-01025,INDIVIDUAL,CA,99427.18014652164,636.0892496213547,0.3687573740603521,,,,,,,,,,,,,2026-06-30
CP-I-01026,INDIVIDUAL,NY,71633.09285932545,732.5184919219594,0.3022236399721553,,,,,,,,,,,,,2026-06-30
CP-I-01027,INDIVIDUAL,NY,74143.74311378998,778.5162267257797,0.3656263319716336,,,,,,,,,,,,,2026-06-30
CP-I-01028,INDIVIDUAL,VA,52202.605591264386,721.8470352227299,0.40801752754106313,,,,,,,,,,,,,2026-06-30
CP-I-01029,INDIVIDUAL,NC,86495.57321622103,750.5368426402836,0.6142677623209781,,,,,,,,,,,,,2026-06-30
CP-I-01030,INDIVIDUAL,GA,119303.88810687164,756.1097479034659,0.33362366817735967,,,,,,,,,,,,,2026-06-30
CP-I-01031,INDIVIDUAL,FL,49816.45208414703,722.3586020073813,0.34317141114165794,,,,,,,,,,,,,2026-06-30
CP-I-01032,INDIVIDUAL,GA,78043.5051516461,703.5575004840433,0.37232784929679075,,,,,,,,,,,,,2026-06-30
CP-I-01033,INDIVIDUAL,CA,194619.1809636687,788.195360308583,0.3073632185828512,,,,,,,,,,,,,2026-06-30
CP-I-01034,INDIVIDUAL,CA,114456.88451502066,689.8667214684111,0.4643477710813313,,,,,,,,,,,,,2026-06-30
CP-I-01035,INDIVIDUAL,NC,107134.14552009731,608.7234803365056,0.1951468756617124,,,,,,,,,,,,,2026-06-30
CP-I-01036,INDIVIDUAL,NC,149879.30668030286,714.517428416199,0.5376450240436477,,,,,,,,,,,,,2026-06-30
CP-I-01037,INDIVIDUAL,VA,100052.78473118422,609.1778027839971,0.20318748147005153,,,,,,,,,,,,,2026-06-30
CP-I-01038,INDIVIDUAL,NC,130869.64827477206,673.4920163610014,0.16642968920857332,,,,,,,,,,,,,2026-06-30
CP-I-01039,INDIVIDUAL,CA,136470.7326214106,759.8950825984155,0.18248206834629033,,,,,,,,,,,,,2026-06-30
CP-I-01040,INDIVIDUAL,NY,38851.97784559171,721.6197467556657,0.26997692825893,,,,,,,,,,,,,2026-06-30
CP-I-01041,INDIVIDUAL,VA,156072.43845739387,777.5118455683888,0.3810726300901268,,,,,,,,,,,,,2026-06-30
CP-I-01042,INDIVIDUAL,NY,135784.938826657,749.1875231596827,0.24076325077955482,,,,,,,,,,,,,2026-06-30
CP-I-01043,INDIVIDUAL,TX,135131.8872470377,590.7627787211331,0.17871486240777085,,,,,,,,,,,,,2026-06-30
CP-I-01044,INDIVIDUAL,CA,93536.37085837698,763.6119597603092,0.3144866587161934,,,,,,,,,,,,,2026-06-30
CP-I-01045,INDIVIDUAL,GA,133751.94685678056,836.6884237430977,0.37142946773638275,,,,,,,,,,,,,2026-06-30
CP-I-01046,INDIVIDUAL,NC,144777.77093886439,672.1804301679631,0.3304120902290942,,,,,,,,,,,,,2026-06-30
CP-I-01047,INDIVIDUAL,NY,77259.35739564989,685.5351922538516,0.35739590370828356,,,,,,,,,,,,,2026-06-30
CP-I-01048,INDIVIDUAL,NY,43805.80608498322,684.3416299014212,0.3518618151001942,,,,,,,,,,,,,2026-06-30
CP-I-01049,INDIVIDUAL,TX,53636.212347429086,672.5914276171818,0.19884551536651596,,,,,,,,,,,,,2026-06-30
CP-I-01050,INDIVIDUAL,FL,172828.92315987134,718.099657660401,0.2511274311024546,,,,,,,,,,,,,2026-06-30
CP-I-01051,INDIVIDUAL,GA,101777.06859629237,649.3604863484323,0.056019928691502296,,,,,,,,,,,,,2026-06-30
CP-I-01052,INDIVIDUAL,NY,110001.33406543473,760.7784654863813,0.23572664234877938,,,,,,,,,,,,,2026-06-30
CP-I-01053,INDIVIDUAL,TX,69896.51758159931,677.4661981891679,0.2955377997610133,,,,,,,,,,,,,2026-06-30
CP-I-01054,INDIVIDUAL,CA,36381.953640282365,742.7496644634886,0.29451076589130504,,,,,,,,,,,,,2026-06-30
CP-I-01055,INDIVIDUAL,TX,83117.93915170267,659.2341502190636,0.25860769761927793,,,,,,,,,,,,,2026-06-30
CP-I-01056,INDIVIDUAL,GA,66594.02216866496,630.5110777496666,0.5031029251877924,,,,,,,,,,,,,2026-06-30
CP-I-01057,INDIVIDUAL,NY,230146.2973476388,674.1721965812702,0.3401431597141154,,,,,,,,,,,,,2026-06-30
CP-I-01058,INDIVIDUAL,NC,70120.70888877074,747.5047059225074,0.3827603992871783,,,,,,,,,,,,,2026-06-30
CP-I-01059,INDIVIDUAL,CA,78299.40570709674,787.947254743109,0.3918558249734206,,,,,,,,,,,,,2026-06-30
CP-I-01060,INDIVIDUAL,VA,105027.56780095698,750.1031447614045,0.42777123079209106,,,,,,,,,,,,,2026-06-30
CP-I-01061,INDIVIDUAL,NC,97259.4482787757,663.951751994454,0.05,,,,,,,,,,,,,2026-06-30
CP-I-01062,INDIVIDUAL,CA,75618.39874705716,670.6195357652147,0.3183042464530952,,,,,,,,,,,,,2026-06-30
CP-I-01063,INDIVIDUAL,NY,100760.45517737522,778.4680728970385,0.14783734446998895,,,,,,,,,,,,,2026-06-30
CP-I-01064,INDIVIDUAL,NY,111188.85744501818,754.9469212812631,0.25125415194845147,,,,,,,,,,,,,2026-06-30
CP-I-01065,INDIVIDUAL,VA,46472.43374240046,702.1187631053022,0.4001307609337027,,,,,,,,,,,,,2026-06-30
CP-I-01066,INDIVIDUAL,VA,111922.9979563918,719.9927496617386,0.19303934644019694,,,,,,,,,,,,,2026-06-30
CP-I-01067,INDIVIDUAL,VA,80278.03778417081,638.3522457247976,0.12927259169329833,,,,,,,,,,,,,2026-06-30
CP-I-01068,INDIVIDUAL,CA,89662.29351067606,751.3522693307709,0.11045220981176553,,,,,,,,,,,,,2026-06-30
CP-I-01069,INDIVIDUAL,NY,128030.72711764622,733.2319214847643,0.47786546127443186,,,,,,,,,,,,,2026-06-30
CP-I-01070,INDIVIDUAL,VA,155275.31288441774,749.5125742983662,0.3045912579360689,,,,,,,,,,,,,2026-06-30
CP-I-01071,INDIVIDUAL,CA,104935.11584862233,629.6531419201765,0.15115087474756456,,,,,,,,,,,,,2026-06-30
CP-I-01072,INDIVIDUAL,VA,148100.29670994688,717.9021216392865,0.28967300189390277,,,,,,,,,,,,,2026-06-30
CP-I-01073,INDIVIDUAL,FL,104874.7065442997,692.0622420424146,0.1737188979845432,,,,,,,,,,,,,2026-06-30
CP-I-01074,INDIVIDUAL,VA,86680.39643909325,694.5860733456263,0.09754474879422062,,,,,,,,,,,,,2026-06-30
CP-I-01075,INDIVIDUAL,CA,80088.8620912293,669.2939946057714,0.4276623134318738,,,,,,,,,,,,,2026-06-30
CP-I-01076,INDIVIDUAL,TX,322739.1866587752,816.8081819379762,0.32599864758053604,,,,,,,,,,,,,2026-06-30
CP-I-01077,INDIVIDUAL,VA,34883.95586213633,663.2158479386945,0.5623614269270771,,,,,,,,,,,,,2026-06-30
CP-I-01078,INDIVIDUAL,GA,59832.93278385906,793.1126967029206,0.18086771215196343,,,,,,,,,,,,,2026-06-30
CP-I-01079,INDIVIDUAL,VA,194655.95430890057,624.646534771091,0.4087006904511477,,,,,,,,,,,,,2026-06-30
CP-I-01080,INDIVIDUAL,FL,142972.08751621723,747.4238841477483,0.12497293049013561,,,,,,,,,,,,,2026-06-30
CP-I-01081,INDIVIDUAL,TX,80734.30446761019,704.6909635138875,0.36827954528977436,,,,,,,,,,,,,2026-06-30
CP-I-01082,INDIVIDUAL,NC,114732.99241271995,742.1041119383096,0.16977312889823498,,,,,,,,,,,,,2026-06-30
CP-I-01083,INDIVIDUAL,FL,162198.45988010714,793.7778006766661,0.177467539372343,,,,,,,,,,,,,2026-06-30
CP-I-01084,INDIVIDUAL,NC,86747.99636358085,782.9558208928503,0.38389261329664925,,,,,,,,,,,,,2026-06-30
CP-I-01085,INDIVIDUAL,CA,57729.694184907225,560.7664142318273,0.4486593043047561,,,,,,,,,,,,,2026-06-30
CP-I-01086,INDIVIDUAL,CA,115836.64078251249,778.776668548368,0.25730376536202165,,,,,,,,,,,,,2026-06-30
CP-I-01087,INDIVIDUAL,TX,152892.7541788312,739.4276499135176,0.47426499811347705,,,,,,,,,,,,,2026-06-30
CP-I-01088,INDIVIDUAL,TX,88803.58170369921,649.7741095556069,0.5061500121413585,,,,,,,,,,,,,2026-06-30
CP-I-01089,INDIVIDUAL,NY,108531.89823740735,745.3682225720362,0.5006329111320786,,,,,,,,,,,,,2026-06-30
CP-I-01090,INDIVIDUAL,NC,82576.79643002553,700.7284815133487,0.12218817357194804,,,,,,,,,,,,,2026-06-30
CP-I-01091,INDIVIDUAL,CA,197422.22581300314,716.8410636591889,0.37181161784799677,,,,,,,,,,,,,2026-06-30
CP-I-01092,INDIVIDUAL,TX,116499.69811700462,758.8714239089583,0.15761851819663183,,,,,,,,,,,,,2026-06-30
CP-I-01093,INDIVIDUAL,NY,62019.23125889416,600.4633847945189,0.23673022317328546,,,,,,,,,,,,,2026-06-30
CP-I-01094,INDIVIDUAL,CA,134678.91530174232,787.8415112950394,0.05777270098104881,,,,,,,,,,,,,2026-06-30
CP-I-01095,INDIVIDUAL,GA,99658.54762705868,721.6308586441673,0.12455338453955227,,,,,,,,,,,,,2026-06-30
CP-I-01096,INDIVIDUAL,NY,73998.83572762115,762.5491881523232,0.07210384446216282,,,,,,,,,,,,,2026-06-30
CP-I-01097,INDIVIDUAL,TX,129372.46551000667,651.087093625661,0.31079507769181725,,,,,,,,,,,,,2026-06-30
CP-I-01098,INDIVIDUAL,GA,61781.121157232796,696.8975338980894,0.1921815029283855,,,,,,,,,,,,,2026-06-30
CP-I-01099,INDIVIDUAL,GA,55938.69960419234,773.9163142856738,0.31259792052450414,,,,,,,,,,,,,2026-06-30
CP-I-01100,INDIVIDUAL,CA,116156.25279240863,705.6582783592376,0.38921054034901925,,,,,,,,,,,,,2026-06-30
CP-I-01101,INDIVIDUAL,NC,76938.24667169388,727.9878013678181,0.38535296530822566,,,,,,,,,,,,,2026-06-30
CP-I-01102,INDIVIDUAL,GA,52248.15524764297,730.5643397375214,0.21627492503922482,,,,,,,,,,,,,2026-06-30
CP-I-01103,INDIVIDUAL,VA,40520.04087354771,621.7455649034173,0.18800307714305048,,,,,,,,,,,,,2026-06-30
CP-I-01104,INDIVIDUAL,CA,99021.16048090075,709.0642673681514,0.5135380326500127,,,,,,,,,,,,,2026-06-30
CP-I-01105,INDIVIDUAL,NC,82527.16336572781,644.6974756266385,0.2207216680190351,,,,,,,,,,,,,2026-06-30
CP-I-01106,INDIVIDUAL,TX,58519.69650644683,642.6947901384232,0.3116127634097642,,,,,,,,,,,,,2026-06-30
CP-I-01107,INDIVIDUAL,GA,34185.72441352639,707.2230274570204,0.08949061846346147,,,,,,,,,,,,,2026-06-30
CP-I-01108,INDIVIDUAL,GA,47916.47994914246,733.553814066843,0.4819420212968772,,,,,,,,,,,,,2026-06-30
CP-I-01109,INDIVIDUAL,VA,62098.04380400712,726.6978327577227,0.15148546675573238,,,,,,,,,,,,,2026-06-30
CP-I-01110,INDIVIDUAL,NY,48492.715706763716,800.7682786259702,0.28126222240802595,,,,,,,,,,,,,2026-06-30
CP-I-01111,INDIVIDUAL,FL,19834.233146228533,761.3457186017561,0.2788158448804218,,,,,,,,,,,,,2026-06-30
CP-I-01112,INDIVIDUAL,FL,109627.24681232286,746.6809721126879,0.09341395745231998,,,,,,,,,,,,,2026-06-30
CP-I-01113,INDIVIDUAL,TX,39744.24497148891,772.9003522285492,0.10850538446683407,,,,,,,,,,,,,2026-06-30
CP-I-01114,INDIVIDUAL,NC,150717.67217750434,621.594496386092,0.33506385285542634,,,,,,,,,,,,,2026-06-30
CP-I-01115,INDIVIDUAL,NY,63099.78420726276,683.7216746633646,0.16841531942874333,,,,,,,,,,,,,2026-06-30
CP-I-01116,INDIVIDUAL,FL,63381.0009851078,612.3209583020142,0.14525384483472037,,,,,,,,,,,,,2026-06-30
CP-I-01117,INDIVIDUAL,FL,84719.86351943958,742.0764929293316,0.3005302571910283,,,,,,,,,,,,,2026-06-30
CP-I-01118,INDIVIDUAL,NY,95966.95104341638,760.1666237157141,0.27263373235848487,,,,,,,,,,,,,2026-06-30
CP-I-01119,INDIVIDUAL,NC,113837.00509223678,669.619785951646,0.349611919639248,,,,,,,,,,,,,2026-06-30
CP-I-01120,INDIVIDUAL,CA,75835.64773975022,647.705119022609,0.35461924903380876,,,,,,,,,,,,,2026-06-30
CP-I-01121,INDIVIDUAL,NY,91007.6854384408,759.016584226503,0.17888099476170571,,,,,,,,,,,,,2026-06-30
CP-I-01122,INDIVIDUAL,NC,53843.833663647565,756.6758533675111,0.14202972518904777,,,,,,,,,,,,,2026-06-30
CP-I-01123,INDIVIDUAL,TX,184895.64603489003,738.9698342021844,0.17715001821439505,,,,,,,,,,,,,2026-06-30
CP-I-01124,INDIVIDUAL,GA,55237.949690016336,747.0836081482678,0.30184456301060214,,,,,,,,,,,,,2026-06-30
CP-I-01125,INDIVIDUAL,VA,68199.55064973228,756.2518383922851,0.13684845045077737,,,,,,,,,,,,,2026-06-30
CP-I-01126,INDIVIDUAL,VA,65204.85834592466,735.2969727460853,0.3732426728093031,,,,,,,,,,,,,2026-06-30
CP-I-01127,INDIVIDUAL,GA,62655.917522133,762.401940258748,0.3587535887044089,,,,,,,,,,,,,2026-06-30
CP-I-01128,INDIVIDUAL,CA,79906.18272009997,612.5614574591243,0.3413333772558663,,,,,,,,,,,,,2026-06-30
CP-I-01129,INDIVIDUAL,VA,44584.72288314841,652.3035250796114,0.3224264981310729,,,,,,,,,,,,,2026-06-30
CP-I-01130,INDIVIDUAL,VA,76729.84516364835,658.7738805204034,0.47580387870855556,,,,,,,,,,,,,2026-06-30
CP-I-01131,INDIVIDUAL,TX,28638.329269190883,704.897191021556,0.22690655593305087,,,,,,,,,,,,,2026-06-30
CP-I-01132,INDIVIDUAL,NC,76857.89090644049,708.7165458146552,0.25832207795738205,,,,,,,,,,,,,2026-06-30
CP-I-01133,INDIVIDUAL,NC,103650.40729539635,793.5966696144565,0.10617079353650344,,,,,,,,,,,,,2026-06-30
CP-I-01134,INDIVIDUAL,TX,83972.23660125429,733.110090924791,0.05,,,,,,,,,,,,,2026-06-30
CP-I-01135,INDIVIDUAL,TX,75905.87946040768,737.5714394489331,0.5856854661389623,,,,,,,,,,,,,2026-06-30
CP-I-01136,INDIVIDUAL,TX,86508.31377308941,760.708383747195,0.23273365292336473,,,,,,,,,,,,,2026-06-30
CP-I-01137,INDIVIDUAL,NC,103186.69404897222,764.1235764825249,0.29164835990119414,,,,,,,,,,,,,2026-06-30
CP-I-01138,INDIVIDUAL,NY,61284.39515692978,703.6080474899227,0.2702673825026109,,,,,,,,,,,,,2026-06-30
CP-I-01139,INDIVIDUAL,FL,71815.94903656587,740.9862473343493,0.36669668456200644,,,,,,,,,,,,,2026-06-30
CP-I-01140,INDIVIDUAL,FL,146635.32498801994,729.1372986705995,0.20315984191622102,,,,,,,,,,,,,2026-06-30
CP-I-01141,INDIVIDUAL,TX,122249.70392316695,736.9209824233337,0.4248335808705386,,,,,,,,,,,,,2026-06-30
CP-I-01142,INDIVIDUAL,NY,83396.84292115149,749.0165163453046,0.3130845771224288,,,,,,,,,,,,,2026-06-30
CP-I-01143,INDIVIDUAL,NY,66734.24494781242,710.3306212156352,0.2522924882861929,,,,,,,,,,,,,2026-06-30
CP-I-01144,INDIVIDUAL,CA,105214.89721716545,657.0948000793265,0.22328917793257097,,,,,,,,,,,,,2026-06-30
CP-I-01145,INDIVIDUAL,GA,58804.2489715249,707.9793222563877,0.15068601294991407,,,,,,,,,,,,,2026-06-30
CP-I-01146,INDIVIDUAL,NC,153147.33174580164,719.5762514241306,0.362267089999852,,,,,,,,,,,,,2026-06-30
CP-I-01147,INDIVIDUAL,FL,46460.08235457116,687.4875919228894,0.30438158788650393,,,,,,,,,,,,,2026-06-30
CP-I-01148,INDIVIDUAL,NC,135985.65155588833,762.3477889304353,0.3493940973525371,,,,,,,,,,,,,2026-06-30
CP-I-01149,INDIVIDUAL,FL,187119.21665253662,685.6010911326707,0.2355913905821993,,,,,,,,,,,,,2026-06-30
CP-I-01150,INDIVIDUAL,GA,133409.98271742862,653.530370151163,0.3350915615557469,,,,,,,,,,,,,2026-06-30
CP-I-01151,INDIVIDUAL,VA,85043.30603835221,735.6514404893811,0.39741485282633215,,,,,,,,,,,,,2026-06-30
CP-I-01152,INDIVIDUAL,CA,98133.98137575157,621.1003305216826,0.17790410975265467,,,,,,,,,,,,,2026-06-30
CP-I-01153,INDIVIDUAL,CA,86977.70217986037,705.9702852280498,0.09861558589611077,,,,,,,,,,,,,2026-06-30
CP-I-01154,INDIVIDUAL,VA,45036.8045200072,634.2458045148728,0.11551846864012995,,,,,,,,,,,,,2026-06-30
CP-I-01155,INDIVIDUAL,TX,151039.01727306616,768.5052481413944,0.2904412070510783,,,,,,,,,,,,,2026-06-30
CP-I-01156,INDIVIDUAL,NC,71967.61611748666,578.4436082513578,0.43787015811783925,,,,,,,,,,,,,2026-06-30
CP-I-01157,INDIVIDUAL,FL,79256.21738189133,636.146893048576,0.3934781901936304,,,,,,,,,,,,,2026-06-30
CP-I-01158,INDIVIDUAL,FL,159413.21224600944,796.118359292447,0.34351397096775443,,,,,,,,,,,,,2026-06-30
CP-I-01159,INDIVIDUAL,NC,58182.36461409049,754.5585303732977,0.16416998436109623,,,,,,,,,,,,,2026-06-30
CP-I-01160,INDIVIDUAL,TX,88715.09114705649,668.8149597026096,0.1324905827080482,,,,,,,,,,,,,2026-06-30
CP-I-01161,INDIVIDUAL,FL,113025.1116829222,673.777139374836,0.14149202720503257,,,,,,,,,,,,,2026-06-30
CP-I-01162,INDIVIDUAL,VA,73547.91002950944,717.3302951459032,0.3294342644772426,,,,,,,,,,,,,2026-06-30
CP-I-01163,INDIVIDUAL,FL,70560.05623451088,656.1555810730429,0.3076229969364928,,,,,,,,,,,,,2026-06-30
CP-I-01164,INDIVIDUAL,CA,258518.11641253356,704.4775408664718,0.21224433607642074,,,,,,,,,,,,,2026-06-30
CP-I-01165,INDIVIDUAL,NC,44949.27621376091,641.4734780279952,0.26876546616557784,,,,,,,,,,,,,2026-06-30
CP-I-01166,INDIVIDUAL,TX,91505.1285867113,840.4074439907032,0.09665937061480999,,,,,,,,,,,,,2026-06-30
CP-I-01167,INDIVIDUAL,FL,68812.9153160077,656.9965785457196,0.5265009190390856,,,,,,,,,,,,,2026-06-30
CP-I-01168,INDIVIDUAL,NC,63340.072656528886,722.5316183686782,0.5110064197707495,,,,,,,,,,,,,2026-06-30
CP-I-01169,INDIVIDUAL,NY,47337.20217402615,754.4496576372024,0.2881996895795439,,,,,,,,,,,,,2026-06-30
CP-I-01170,INDIVIDUAL,NY,68622.71560276685,572.0361026150679,0.5388028935221014,,,,,,,,,,,,,2026-06-30
CP-I-01171,INDIVIDUAL,TX,55508.24334357342,623.7799036145182,0.47151788851915355,,,,,,,,,,,,,2026-06-30
CP-I-01172,INDIVIDUAL,CA,146346.30755018082,657.7198791529495,0.3828373825749475,,,,,,,,,,,,,2026-06-30
CP-I-01173,INDIVIDUAL,NC,205737.3127934881,736.6869119033826,0.27276195132162007,,,,,,,,,,,,,2026-06-30
CP-I-01174,INDIVIDUAL,VA,76841.9591471662,615.779814450863,0.20941329658873306,,,,,,,,,,,,,2026-06-30
CP-I-01175,INDIVIDUAL,TX,75481.87773261288,712.855649841752,0.09976469160067832,,,,,,,,,,,,,2026-06-30
CP-I-01176,INDIVIDUAL,NC,76999.22420325299,629.8354530491465,0.21531285276538759,,,,,,,,,,,,,2026-06-30
CP-I-01177,INDIVIDUAL,CA,248023.7332874995,782.9596786531675,0.19039091744173048,,,,,,,,,,,,,2026-06-30
CP-I-01178,INDIVIDUAL,NY,67944.1082161361,681.1162235937821,0.2608595644549803,,,,,,,,,,,,,2026-06-30
CP-I-01179,INDIVIDUAL,CA,135586.91643765586,668.3361814687436,0.25119427256104704,,,,,,,,,,,,,2026-06-30
CP-I-01180,INDIVIDUAL,GA,79015.34178621274,704.7121798071271,0.10913917275555901,,,,,,,,,,,,,2026-06-30
CP-I-01181,INDIVIDUAL,TX,91736.72152397138,705.0362886163978,0.14196158552117288,,,,,,,,,,,,,2026-06-30
CP-I-01182,INDIVIDUAL,VA,94477.99674238006,729.4755196383568,0.32458624590431423,,,,,,,,,,,,,2026-06-30
CP-I-01183,INDIVIDUAL,FL,83200.92135555264,778.5575886785809,0.3244027286345247,,,,,,,,,,,,,2026-06-30
CP-I-01184,INDIVIDUAL,GA,140583.2435670732,655.4076227628104,0.22334902330157497,,,,,,,,,,,,,2026-06-30
CP-I-01185,INDIVIDUAL,VA,43217.641103040725,752.3881451609474,0.2760338949820268,,,,,,,,,,,,,2026-06-30
CP-I-01186,INDIVIDUAL,VA,56438.83974950703,796.8555262641827,0.3440097214815642,,,,,,,,,,,,,2026-06-30
CP-I-01187,INDIVIDUAL,NY,28575.31307225439,653.4392374223659,0.12168535316019613,,,,,,,,,,,,,2026-06-30
CP-I-01188,INDIVIDUAL,FL,124420.64569743707,602.4373950143131,0.2526259478004766,,,,,,,,,,,,,2026-06-30
CP-I-01189,INDIVIDUAL,NY,80364.78362681728,704.9389757936831,0.23772712693922898,,,,,,,,,,,,,2026-06-30
CP-I-01190,INDIVIDUAL,TX,67981.48497816411,755.2441370116683,0.22781152783869446,,,,,,,,,,,,,2026-06-30
CP-I-01191,INDIVIDUAL,NY,122283.21518847064,606.1854969846478,0.46574830429623126,,,,,,,,,,,,,2026-06-30
CP-I-01192,INDIVIDUAL,GA,126524.13093023536,624.0126024775685,0.4258314924796609,,,,,,,,,,,,,2026-06-30
CP-I-01193,INDIVIDUAL,GA,124783.95354019312,604.1261179763138,0.22714975265842252,,,,,,,,,,,,,2026-06-30
CP-I-01194,INDIVIDUAL,NY,43657.145505691566,718.0495463903007,0.0990202278878789,,,,,,,,,,,,,2026-06-30
CP-I-01195,INDIVIDUAL,CA,116683.07703781713,641.4166954374907,0.33877956760428435,,,,,,,,,,,,,2026-06-30
CP-I-01196,INDIVIDUAL,TX,103913.80444593115,690.6227556251173,0.07311418059643746,,,,,,,,,,,,,2026-06-30
CP-I-01197,INDIVIDUAL,FL,36189.45738676669,692.0154956963779,0.05,,,,,,,,,,,,,2026-06-30
CP-I-01198,INDIVIDUAL,GA,86374.18145952851,690.8053481100386,0.42178668085043347,,,,,,,,,,,,,2026-06-30
CP-I-01199,INDIVIDUAL,FL,37211.351550909196,769.3188595109584,0.17759678009211463,,,,,,,,,,,,,2026-06-30
CP-I-01200,INDIVIDUAL,VA,92332.29246223824,678.5867111728932,0.2762746465461115,,,,,,,,,,,,,2026-06-30
CP-I-01201,INDIVIDUAL,CA,138594.66072662055,760.3441511637905,0.13906797992372416,,,,,,,,,,,,,2026-06-30
CP-I-01202,INDIVIDUAL,FL,132157.69672445697,714.31066062029,0.32910981725827215,,,,,,,,,,,,,2026-06-30
CP-I-01203,INDIVIDUAL,FL,94751.85585984953,745.0483340797349,0.17330877325643756,,,,,,,,,,,,,2026-06-30
CP-I-01204,INDIVIDUAL,FL,120084.99752113994,638.3655050072599,0.39932280891028676,,,,,,,,,,,,,2026-06-30
CP-I-01205,INDIVIDUAL,TX,90388.2493804901,730.7053844581926,0.4758869630464947,,,,,,,,,,,,,2026-06-30
CP-I-01206,INDIVIDUAL,FL,113104.86043544934,639.7871639544412,0.35151570532098925,,,,,,,,,,,,,2026-06-30
CP-I-01207,INDIVIDUAL,VA,89948.77934844494,643.5083371330662,0.2064284479434286,,,,,,,,,,,,,2026-06-30
CP-I-01208,INDIVIDUAL,NY,61803.19464103116,644.1784204270853,0.059937932552210166,,,,,,,,,,,,,2026-06-30
CP-I-01209,INDIVIDUAL,TX,67029.74238355723,788.5716423179215,0.18083085705893392,,,,,,,,,,,,,2026-06-30
CP-I-01210,INDIVIDUAL,NY,105784.51800345743,694.6560798601485,0.38534406170507307,,,,,,,,,,,,,2026-06-30
CP-I-01211,INDIVIDUAL,GA,141952.81500347477,717.2562784093709,0.14833190807442756,,,,,,,,,,,,,2026-06-30
CP-I-01212,INDIVIDUAL,NY,112417.44540614005,628.720760213175,0.23353550122960381,,,,,,,,,,,,,2026-06-30
CP-I-01213,INDIVIDUAL,GA,173926.90919782952,771.2142996835225,0.24255814656425162,,,,,,,,,,,,,2026-06-30
CP-I-01214,INDIVIDUAL,NC,151157.0902444345,761.2434066720999,0.1534934971124673,,,,,,,,,,,,,2026-06-30
CP-I-01215,INDIVIDUAL,TX,78892.99399855686,728.5477274770984,0.26489793939811135,,,,,,,,,,,,,2026-06-30
CP-I-01216,INDIVIDUAL,TX,93942.23132834861,619.8312456543529,0.17868036976008325,,,,,,,,,,,,,2026-06-30
CP-I-01217,INDIVIDUAL,FL,27333.387041132493,721.3970786682214,0.2784187427970154,,,,,,,,,,,,,2026-06-30
CP-I-01218,INDIVIDUAL,GA,92027.93984584356,809.443098031276,0.17294676939156414,,,,,,,,,,,,,2026-06-30
CP-I-01219,INDIVIDUAL,NY,119749.07434076865,737.1146257794749,0.202425505605192,,,,,,,,,,,,,2026-06-30
CP-I-01220,INDIVIDUAL,VA,114208.34301031215,773.804184473319,0.3461818290452552,,,,,,,,,,,,,2026-06-30
CP-I-01221,INDIVIDUAL,FL,35264.443434883586,813.1201655295388,0.29859799940806486,,,,,,,,,,,,,2026-06-30
CP-I-01222,INDIVIDUAL,GA,92009.42292094315,662.6195010845254,0.2635214987822889,,,,,,,,,,,,,2026-06-30
CP-I-01223,INDIVIDUAL,NY,264227.16958510625,678.5479653265103,0.17587617414418102,,,,,,,,,,,,,2026-06-30
CP-I-01224,INDIVIDUAL,GA,30094.70143827173,730.7394606546559,0.4281038932201092,,,,,,,,,,,,,2026-06-30
CP-I-01225,INDIVIDUAL,NY,114389.54319112441,637.3880853431733,0.195984293734357,,,,,,,,,,,,,2026-06-30
CP-I-01226,INDIVIDUAL,TX,85447.17484490351,670.9501546208129,0.4456698504711981,,,,,,,,,,,,,2026-06-30
CP-I-01227,INDIVIDUAL,VA,85817.24760453952,744.7098914015659,0.29168119819503485,,,,,,,,,,,,,2026-06-30
CP-I-01228,INDIVIDUAL,NC,111101.57326461725,712.3033259430285,0.4826679107789088,,,,,,,,,,,,,2026-06-30
CP-I-01229,INDIVIDUAL,TX,110382.89665382548,826.6442322970214,0.30128355872010776,,,,,,,,,,,,,2026-06-30
CP-I-01230,INDIVIDUAL,FL,57357.17279060907,673.652828789392,0.30424256208531314,,,,,,,,,,,,,2026-06-30
CP-I-01231,INDIVIDUAL,VA,63355.18674658505,772.6824960983458,0.42253137839928856,,,,,,,,,,,,,2026-06-30
CP-I-01232,INDIVIDUAL,NY,165814.18636493088,639.0052748276104,0.4796876859698781,,,,,,,,,,,,,2026-06-30
CP-I-01233,INDIVIDUAL,NC,92011.01319727626,716.82039931399,0.2656673969934179,,,,,,,,,,,,,2026-06-30
CP-I-01234,INDIVIDUAL,VA,132699.85535379424,747.1805938106364,0.21773341700355903,,,,,,,,,,,,,2026-06-30
CP-I-01235,INDIVIDUAL,NC,38053.81965316728,658.7942300350508,0.2044821640094009,,,,,,,,,,,,,2026-06-30
CP-I-01236,INDIVIDUAL,FL,61770.99837485777,797.4705882749199,0.19873901001821323,,,,,,,,,,,,,2026-06-30
CP-I-01237,INDIVIDUAL,TX,80049.93322385568,721.1542881918406,0.41404045396673467,,,,,,,,,,,,,2026-06-30
CP-I-01238,INDIVIDUAL,VA,91788.57114908374,652.974767052927,0.17658617579688418,,,,,,,,,,,,,2026-06-30
CP-I-01239,INDIVIDUAL,VA,81707.31536816682,748.3926904139423,0.18929669448711056,,,,,,,,,,,,,2026-06-30
CP-I-01240,INDIVIDUAL,FL,114172.58411758112,609.7618976171096,0.3285422070908266,,,,,,,,,,,,,2026-06-30
CP-I-01241,INDIVIDUAL,CA,99537.9327041067,763.7292957957268,0.39761640795302977,,,,,,,,,,,,,2026-06-30
CP-I-01242,INDIVIDUAL,TX,264279.83161842095,656.2353239053043,0.24629030979635047,,,,,,,,,,,,,2026-06-30
CP-I-01243,INDIVIDUAL,TX,71020.53659402533,708.2749049412671,0.24099072948908476,,,,,,,,,,,,,2026-06-30
CP-I-01244,INDIVIDUAL,VA,86525.57122451045,703.7723270342805,0.39821940311550574,,,,,,,,,,,,,2026-06-30
CP-I-01245,INDIVIDUAL,FL,81526.32940704042,712.4575451540234,0.41916165971017,,,,,,,,,,,,,2026-06-30
CP-I-01246,INDIVIDUAL,CA,131508.12789045507,694.7372966457341,0.28729184966223703,,,,,,,,,,,,,2026-06-30
CP-I-01247,INDIVIDUAL,NC,252823.1344154866,757.3711814377897,0.31807906104992273,,,,,,,,,,,,,2026-06-30
CP-I-01248,INDIVIDUAL,NY,104069.72454077563,738.6288072297692,0.49136919073560104,,,,,,,,,,,,,2026-06-30
CP-I-01249,INDIVIDUAL,GA,76451.21465316643,745.4675960859729,0.13489178051658118,,,,,,,,,,,,,2026-06-30
CP-I-01250,INDIVIDUAL,CA,118475.60557972302,745.2059359397559,0.2390667940338525,,,,,,,,,,,,,2026-06-30
CP-I-01251,INDIVIDUAL,GA,385714.95941238105,720.4002332013607,0.2410007660003152,,,,,,,,,,,,,2026-06-30
CP-I-01252,INDIVIDUAL,NY,96966.89805080197,735.8219241115589,0.07919495458441138,,,,,,,,,,,,,2026-06-30
CP-I-01253,INDIVIDUAL,NC,96350.91549961461,661.5770695326718,0.4404269885795882,,,,,,,,,,,,,2026-06-30
CP-I-01254,INDIVIDUAL,FL,47876.7226556337,624.3805832298347,0.3700835212554574,,,,,,,,,,,,,2026-06-30
CP-I-01255,INDIVIDUAL,TX,67957.16034456591,720.2782571664719,0.10716075061779037,,,,,,,,,,,,,2026-06-30
CP-I-01256,INDIVIDUAL,FL,96259.33805939158,695.2493057996643,0.08790943103787965,,,,,,,,,,,,,2026-06-30
CP-I-01257,INDIVIDUAL,CA,75078.03553330796,659.1581738031572,0.6677901121246272,,,,,,,,,,,,,2026-06-30
CP-I-01258,INDIVIDUAL,FL,76861.08728687504,640.7481438318539,0.18212234436494634,,,,,,,,,,,,,2026-06-30
CP-I-01259,INDIVIDUAL,TX,80533.9381778679,704.4373521107483,0.16424694490252342,,,,,,,,,,,,,2026-06-30
CP-I-01260,INDIVIDUAL,CA,156025.68765324098,711.9689036822824,0.2189217762976169,,,,,,,,,,,,,2026-06-30
CP-I-01261,INDIVIDUAL,FL,42977.490363468525,672.8187821995932,0.5361381973341571,,,,,,,,,,,,,2026-06-30
CP-I-01262,INDIVIDUAL,GA,108129.18439581316,809.3469412944129,0.4124260330151178,,,,,,,,,,,,,2026-06-30
CP-I-01263,INDIVIDUAL,VA,135863.41929857232,719.9259005015078,0.3905140284981097,,,,,,,,,,,,,2026-06-30
CP-I-01264,INDIVIDUAL,TX,94723.8569720975,668.6649158063711,0.3096888890169773,,,,,,,,,,,,,2026-06-30
CP-I-01265,INDIVIDUAL,TX,47885.27430051218,710.3043852695147,0.38579810941698134,,,,,,,,,,,,,2026-06-30
CP-I-01266,INDIVIDUAL,NC,71552.14979210086,752.9183541500505,0.41975120556529477,,,,,,,,,,,,,2026-06-30
CP-I-01267,INDIVIDUAL,CA,91266.46875265,748.3086136819148,0.16566778275134666,,,,,,,,,,,,,2026-06-30
CP-I-01268,INDIVIDUAL,GA,26469.177535096533,626.478157135471,0.409333384476023,,,,,,,,,,,,,2026-06-30
CP-I-01269,INDIVIDUAL,FL,86068.93437847262,692.0566949835428,0.2076529303315824,,,,,,,,,,,,,2026-06-30
CP-I-01270,INDIVIDUAL,TX,75639.08847202499,668.626798553536,0.5191676154962694,,,,,,,,,,,,,2026-06-30
CP-I-01271,INDIVIDUAL,FL,75303.48021840915,693.9446473350777,0.33780019238269954,,,,,,,,,,,,,2026-06-30
CP-I-01272,INDIVIDUAL,FL,73336.31429030158,787.5527293434028,0.4507613416110534,,,,,,,,,,,,,2026-06-30
CP-I-01273,INDIVIDUAL,VA,49023.81098621223,750.1928987807077,0.5410335586437025,,,,,,,,,,,,,2026-06-30
CP-I-01274,INDIVIDUAL,CA,122530.03907786803,699.4065894682009,0.2519869840521486,,,,,,,,,,,,,2026-06-30
CP-I-01275,INDIVIDUAL,NY,67393.28672143303,677.9128371651663,0.21308754435716148,,,,,,,,,,,,,2026-06-30
CP-I-01276,INDIVIDUAL,NC,83611.5961624153,593.2325626301305,0.4291573086339369,,,,,,,,,,,,,2026-06-30
CP-I-01277,INDIVIDUAL,GA,61777.70511212852,664.5831522417263,0.2048441793273526,,,,,,,,,,,,,2026-06-30
CP-I-01278,INDIVIDUAL,FL,103048.39276966586,554.9148260254063,0.29031893664895925,,,,,,,,,,,,,2026-06-30
CP-I-01279,INDIVIDUAL,TX,84049.13894837443,699.4385985865974,0.30719109212475393,,,,,,,,,,,,,2026-06-30
CP-I-01280,INDIVIDUAL,FL,80615.4387248319,635.4746031596559,0.26614519690011573,,,,,,,,,,,,,2026-06-30
CP-I-01281,INDIVIDUAL,CA,82499.40369608541,727.3450251112791,0.2423125283215895,,,,,,,,,,,,,2026-06-30
CP-I-01282,INDIVIDUAL,VA,74737.65402480822,625.1346400478388,0.09168729593256102,,,,,,,,,,,,,2026-06-30
CP-I-01283,INDIVIDUAL,NY,66450.6780306011,637.2197369010852,0.2563201371607247,,,,,,,,,,,,,2026-06-30
CP-I-01284,INDIVIDUAL,FL,91111.04051917787,690.9767078721991,0.2535033856282142,,,,,,,,,,,,,2026-06-30
CP-I-01285,INDIVIDUAL,GA,178275.49082641708,570.7495748720947,0.324444159974208,,,,,,,,,,,,,2026-06-30
CP-I-01286,INDIVIDUAL,NC,115833.2196678685,754.0294650293018,0.13623038504078328,,,,,,,,,,,,,2026-06-30
CP-I-01287,INDIVIDUAL,NC,60007.65920220553,679.5010850609921,0.18452123131100728,,,,,,,,,,,,,2026-06-30
CP-I-01288,INDIVIDUAL,CA,68204.82750223708,769.7950981671146,0.41586365489166555,,,,,,,,,,,,,2026-06-30
CP-I-01289,INDIVIDUAL,TX,142175.44730406714,685.2767179852483,0.5202951872733138,,,,,,,,,,,,,2026-06-30
CP-I-01290,INDIVIDUAL,GA,168099.60040716064,686.9141685939086,0.059581309262732425,,,,,,,,,,,,,2026-06-30
CP-I-01291,INDIVIDUAL,CA,58524.4984900874,838.5245517698942,0.16659897138552415,,,,,,,,,,,,,2026-06-30
CP-I-01292,INDIVIDUAL,VA,83509.29771379604,663.7217021909905,0.12107917441793153,,,,,,,,,,,,,2026-06-30
CP-I-01293,INDIVIDUAL,CA,53108.91593581518,613.778610731611,0.24761297477145766,,,,,,,,,,,,,2026-06-30
CP-I-01294,INDIVIDUAL,CA,79920.0631425786,736.3650221804502,0.11613512070426517,,,,,,,,,,,,,2026-06-30
CP-I-01295,INDIVIDUAL,NY,96641.04192032701,696.7572584845882,0.31668889941788286,,,,,,,,,,,,,2026-06-30
CP-I-01296,INDIVIDUAL,TX,171458.41813362116,657.1217280264207,0.38908660785640126,,,,,,,,,,,,,2026-06-30
CP-I-01297,INDIVIDUAL,NC,105198.93484412928,689.6149426353333,0.3399590741815536,,,,,,,,,,,,,2026-06-30
CP-I-01298,INDIVIDUAL,NY,85215.96365778714,720.4179800143944,0.286107542588971,,,,,,,,,,,,,2026-06-30
CP-I-01299,INDIVIDUAL,VA,106663.00456026214,729.3788002718894,0.2777668380269041,,,,,,,,,,,,,2026-06-30
CP-I-01300,INDIVIDUAL,NY,36323.2432242998,749.6567116745426,0.05119036897871285,,,,,,,,,,,,,2026-06-30
CP-I-01301,INDIVIDUAL,GA,77312.82030332036,629.4026438759964,0.33946233646684354,,,,,,,,,,,,,2026-06-30
CP-I-01302,INDIVIDUAL,GA,108756.8949239253,749.9740197180298,0.2015882282793671,,,,,,,,,,,,,2026-06-30
CP-I-01303,INDIVIDUAL,CA,117810.17068155028,648.5663543382709,0.3662761415927598,,,,,,,,,,,,,2026-06-30
CP-I-01304,INDIVIDUAL,FL,66209.35502839397,741.6646927671142,0.3998180640146739,,,,,,,,,,,,,2026-06-30
CP-I-01305,INDIVIDUAL,GA,85923.03059120862,741.3584228582698,0.317927667914386,,,,,,,,,,,,,2026-06-30
CP-I-01306,INDIVIDUAL,FL,92445.52695755726,713.9812965382134,0.167376335686731,,,,,,,,,,,,,2026-06-30
CP-I-01307,INDIVIDUAL,GA,89244.42140458402,646.8727765458243,0.1783109059183617,,,,,,,,,,,,,2026-06-30
CP-I-01308,INDIVIDUAL,CA,123129.4502194594,608.5059958791848,0.1151694382102702,,,,,,,,,,,,,2026-06-30
CP-I-01309,INDIVIDUAL,FL,73045.07438157796,702.5070955931795,0.1954333957444836,,,,,,,,,,,,,2026-06-30
CP-I-01310,INDIVIDUAL,FL,84322.89503798912,790.3445801126974,0.16715199249624105,,,,,,,,,,,,,2026-06-30
CP-I-01311,INDIVIDUAL,GA,62441.66293360117,718.79080561875,0.317979462462089,,,,,,,,,,,,,2026-06-30
CP-I-01312,INDIVIDUAL,TX,108491.9352457778,687.856591397316,0.15941520202587478,,,,,,,,,,,,,2026-06-30
CP-I-01313,INDIVIDUAL,NC,80950.32036733754,700.3492974150573,0.1780388933641872,,,,,,,,,,,,,2026-06-30
CP-I-01314,INDIVIDUAL,TX,177696.3312964497,755.0005285578465,0.34197973943392557,,,,,,,,,,,,,2026-06-30
CP-I-01315,INDIVIDUAL,CA,132879.440933612,675.3519780321038,0.32666737773640486,,,,,,,,,,,,,2026-06-30
CP-I-01316,INDIVIDUAL,GA,227091.54997667656,743.9938882549666,0.36578650450227235,,,,,,,,,,,,,2026-06-30
CP-I-01317,INDIVIDUAL,VA,54254.01341004714,617.6416288590074,0.4022388124358611,,,,,,,,,,,,,2026-06-30
CP-I-01318,INDIVIDUAL,NC,125283.0484086427,689.9159291451238,0.11561188693152552,,,,,,,,,,,,,2026-06-30
CP-I-01319,INDIVIDUAL,NY,71665.32732218878,716.0690540072121,0.5393500391674084,,,,,,,,,,,,,2026-06-30
CP-I-01320,INDIVIDUAL,VA,55124.50679217552,698.6341468044905,0.42702970737023205,,,,,,,,,,,,,2026-06-30
CP-I-01321,INDIVIDUAL,VA,179950.309010758,769.5040467034469,0.14941911399963792,,,,,,,,,,,,,2026-06-30
CP-I-01322,INDIVIDUAL,NY,152980.2974278194,632.8166373160892,0.3103730858423493,,,,,,,,,,,,,2026-06-30
CP-I-01323,INDIVIDUAL,GA,93403.62002045602,742.6849127906506,0.24843129947564951,,,,,,,,,,,,,2026-06-30
CP-I-01324,INDIVIDUAL,FL,175320.40935393499,682.869322972247,0.17274371952324108,,,,,,,,,,,,,2026-06-30
CP-I-01325,INDIVIDUAL,CA,82124.48345234452,701.6224096979658,0.45332568228186143,,,,,,,,,,,,,2026-06-30
CP-I-01326,INDIVIDUAL,CA,190791.6752059965,735.8122479414475,0.23561962651108814,,,,,,,,,,,,,2026-06-30
CP-I-01327,INDIVIDUAL,FL,117483.67090570972,614.5726373839669,0.21648593876997535,,,,,,,,,,,,,2026-06-30
CP-I-01328,INDIVIDUAL,GA,115368.77167949521,738.9738738036033,0.14594487418640556,,,,,,,,,,,,,2026-06-30
CP-I-01329,INDIVIDUAL,FL,84192.86114352566,719.4131915445201,0.26407502834155816,,,,,,,,,,,,,2026-06-30
CP-I-01330,INDIVIDUAL,TX,129123.12876372492,762.387063308259,0.19002021741852013,,,,,,,,,,,,,2026-06-30
CP-I-01331,INDIVIDUAL,TX,80256.84217734211,729.7471861366978,0.1388232272729387,,,,,,,,,,,,,2026-06-30
CP-I-01332,INDIVIDUAL,TX,110924.77002579618,658.8022012157569,0.2951937084779443,,,,,,,,,,,,,2026-06-30
CP-I-01333,INDIVIDUAL,NY,40924.76113677334,700.8378919502819,0.24396786861639108,,,,,,,,,,,,,2026-06-30
CP-I-01334,INDIVIDUAL,NY,96468.38674086351,739.1652291937651,0.3903928021622976,,,,,,,,,,,,,2026-06-30
CP-I-01335,INDIVIDUAL,NC,139712.5468680194,759.8940513969886,0.3435788432293879,,,,,,,,,,,,,2026-06-30
CP-I-01336,INDIVIDUAL,VA,79094.84225117201,612.9397727687103,0.19933789988174533,,,,,,,,,,,,,2026-06-30
CP-I-01337,INDIVIDUAL,NC,103670.05575903377,753.5373148710486,0.11772799318759643,,,,,,,,,,,,,2026-06-30
CP-I-01338,INDIVIDUAL,NY,181227.93061111635,760.9730049509195,0.08740965670004958,,,,,,,,,,,,,2026-06-30
CP-I-01339,INDIVIDUAL,VA,46843.233083816114,732.7491751891666,0.09068494713698107,,,,,,,,,,,,,2026-06-30
CP-I-01340,INDIVIDUAL,VA,102739.70168959988,657.8358279510235,0.2552078607515582,,,,,,,,,,,,,2026-06-30
CP-I-01341,INDIVIDUAL,CA,138298.40303630647,649.3930039811303,0.5085764192905635,,,,,,,,,,,,,2026-06-30
CP-I-01342,INDIVIDUAL,NY,128105.17949485246,815.1788382498452,0.05,,,,,,,,,,,,,2026-06-30
CP-I-01343,INDIVIDUAL,VA,53360.10715965292,650.1825730807362,0.4971816311709211,,,,,,,,,,,,,2026-06-30
CP-I-01344,INDIVIDUAL,NC,56945.90216877985,576.9202663752536,0.3821957886551237,,,,,,,,,,,,,2026-06-30
CP-I-01345,INDIVIDUAL,VA,163316.30819472877,671.4270604709516,0.4389209427700467,,,,,,,,,,,,,2026-06-30
CP-I-01346,INDIVIDUAL,NY,94804.2473297578,697.4424138774709,0.39359788433729037,,,,,,,,,,,,,2026-06-30
CP-I-01347,INDIVIDUAL,CA,190748.32267342816,703.8009488917952,0.24107116454419902,,,,,,,,,,,,,2026-06-30
CP-I-01348,INDIVIDUAL,NC,72756.42055182517,689.6366860779707,0.2741528446021868,,,,,,,,,,,,,2026-06-30
CP-I-01349,INDIVIDUAL,NC,97239.94759252587,576.7259505810023,0.43796093425994503,,,,,,,,,,,,,2026-06-30
CP-I-01350,INDIVIDUAL,FL,63892.71260632089,605.8232926113711,0.07873736552342005,,,,,,,,,,,,,2026-06-30
CP-I-01351,INDIVIDUAL,VA,100159.83899631386,828.5766275110802,0.1112923397756109,,,,,,,,,,,,,2026-06-30
CP-I-01352,INDIVIDUAL,TX,57521.84424498609,709.7986201707755,0.25462386319315833,,,,,,,,,,,,,2026-06-30
CP-I-01353,INDIVIDUAL,NY,190159.17780273454,770.2962774914769,0.2755474951028597,,,,,,,,,,,,,2026-06-30
CP-I-01354,INDIVIDUAL,FL,95803.54252488066,759.657624150558,0.48035034921045844,,,,,,,,,,,,,2026-06-30
CP-I-01355,INDIVIDUAL,NY,101155.0089044376,634.6173900788754,0.40845132806128337,,,,,,,,,,,,,2026-06-30
CP-I-01356,INDIVIDUAL,TX,67678.27085552076,676.2112958903778,0.19197211991374247,,,,,,,,,,,,,2026-06-30
CP-I-01357,INDIVIDUAL,TX,68237.82088322002,681.5641916834018,0.1450959591488876,,,,,,,,,,,,,2026-06-30
CP-I-01358,INDIVIDUAL,GA,84193.29352972268,687.2168691261016,0.4705930303166895,,,,,,,,,,,,,2026-06-30
CP-I-01359,INDIVIDUAL,NY,46938.30511236272,763.3093639652068,0.1937733870424666,,,,,,,,,,,,,2026-06-30
CP-I-01360,INDIVIDUAL,TX,111412.08752746876,707.8034832162275,0.2699911431884111,,,,,,,,,,,,,2026-06-30
CP-I-01361,INDIVIDUAL,FL,52193.89430125013,737.8508318713048,0.18013289760864745,,,,,,,,,,,,,2026-06-30
CP-I-01362,INDIVIDUAL,VA,83270.83492538554,694.1540463856493,0.37828476885655465,,,,,,,,,,,,,2026-06-30
CP-I-01363,INDIVIDUAL,CA,64224.50092036122,699.1604406247482,0.07332354600522487,,,,,,,,,,,,,2026-06-30
CP-I-01364,INDIVIDUAL,FL,101331.18565416416,746.0458982807979,0.1644539648495456,,,,,,,,,,,,,2026-06-30
CP-I-01365,INDIVIDUAL,FL,104709.99479011526,769.150273071014,0.21111838681180206,,,,,,,,,,,,,2026-06-30
CP-I-01366,INDIVIDUAL,CA,116738.1612276187,755.2628742086969,0.44363593750702746,,,,,,,,,,,,,2026-06-30
CP-I-01367,INDIVIDUAL,NY,67376.76876953762,735.1031619497977,0.44639187325816876,,,,,,,,,,,,,2026-06-30
CP-I-01368,INDIVIDUAL,NC,70758.05523976096,662.6998445586352,0.3155012859841676,,,,,,,,,,,,,2026-06-30
CP-I-01369,INDIVIDUAL,TX,216534.6821635516,786.49685631673,0.24707362206897165,,,,,,,,,,,,,2026-06-30
CP-I-01370,INDIVIDUAL,NY,26170.97290860289,704.4077525144138,0.25871158181210957,,,,,,,,,,,,,2026-06-30
CP-I-01371,INDIVIDUAL,FL,70275.48323991636,693.6716460179115,0.3013231012410655,,,,,,,,,,,,,2026-06-30
CP-I-01372,INDIVIDUAL,VA,111007.5393708983,615.7980971745299,0.2331400332258317,,,,,,,,,,,,,2026-06-30
CP-I-01373,INDIVIDUAL,NC,99998.37041659326,714.7107053299758,0.24203992259494198,,,,,,,,,,,,,2026-06-30
CP-I-01374,INDIVIDUAL,VA,71569.73117192785,820.9007097588693,0.18838587741801333,,,,,,,,,,,,,2026-06-30
CP-I-01375,INDIVIDUAL,VA,97050.86125643046,693.6232104348119,0.2571007916336072,,,,,,,,,,,,,2026-06-30
CP-I-01376,INDIVIDUAL,NC,66165.98464258101,697.5458510436025,0.3851569823117637,,,,,,,,,,,,,2026-06-30
CP-I-01377,INDIVIDUAL,GA,75153.13597261881,693.7716273279549,0.19350461169708333,,,,,,,,,,,,,2026-06-30
CP-I-01378,INDIVIDUAL,CA,185452.23691619548,782.8420793946888,0.13012521053077866,,,,,,,,,,,,,2026-06-30
CP-I-01379,INDIVIDUAL,CA,90593.78119691151,661.7919461452003,0.31956117289140296,,,,,,,,,,,,,2026-06-30
CP-I-01380,INDIVIDUAL,CA,101388.26768406594,653.3079127793864,0.15547235257477443,,,,,,,,,,,,,2026-06-30
CP-I-01381,INDIVIDUAL,FL,122735.95460283171,677.6037445960552,0.39392477090871797,,,,,,,,,,,,,2026-06-30
CP-I-01382,INDIVIDUAL,NC,80041.5495728776,697.419520519583,0.1786202755520558,,,,,,,,,,,,,2026-06-30
CP-I-01383,INDIVIDUAL,VA,200489.29833641901,750.7162245969973,0.36960774509108224,,,,,,,,,,,,,2026-06-30
CP-I-01384,INDIVIDUAL,TX,93147.86768538645,783.7563669590324,0.11293849261962416,,,,,,,,,,,,,2026-06-30
CP-I-01385,INDIVIDUAL,TX,58242.57314784603,693.2817475114014,0.4533856460330878,,,,,,,,,,,,,2026-06-30
CP-I-01386,INDIVIDUAL,VA,82691.59425055851,594.1649482648984,0.1222210445424819,,,,,,,,,,,,,2026-06-30
CP-I-01387,INDIVIDUAL,CA,76628.60406243104,774.8295136318455,0.1574107106283656,,,,,,,,,,,,,2026-06-30
CP-I-01388,INDIVIDUAL,GA,41185.09468928574,719.285343403705,0.2877557000246208,,,,,,,,,,,,,2026-06-30
CP-I-01389,INDIVIDUAL,GA,33954.73364018407,679.0949154871661,0.2673166434389673,,,,,,,,,,,,,2026-06-30
CP-I-01390,INDIVIDUAL,NY,68086.8365525348,735.6112891233225,0.294533355984588,,,,,,,,,,,,,2026-06-30
CP-I-01391,INDIVIDUAL,NC,78195.3199784775,693.6212956223924,0.09831101000416353,,,,,,,,,,,,,2026-06-30
CP-I-01392,INDIVIDUAL,NC,95832.05490283454,672.7635186274812,0.26795648475539524,,,,,,,,,,,,,2026-06-30
CP-I-01393,INDIVIDUAL,GA,66513.29247504867,660.9838372671683,0.12087070131914573,,,,,,,,,,,,,2026-06-30
CP-I-01394,INDIVIDUAL,TX,73786.94169244597,703.955027794436,0.27465373817954225,,,,,,,,,,,,,2026-06-30
CP-I-01395,INDIVIDUAL,VA,130209.86723303197,724.5960913964515,0.07655613744629526,,,,,,,,,,,,,2026-06-30
CP-I-01396,INDIVIDUAL,NY,127278.4281061788,767.5546515568969,0.5797335593561601,,,,,,,,,,,,,2026-06-30
CP-I-01397,INDIVIDUAL,VA,136507.30648013167,685.7567946022456,0.17261466607145065,,,,,,,,,,,,,2026-06-30
CP-I-01398,INDIVIDUAL,TX,102681.33945922602,827.556590488735,0.13443772878727583,,,,,,,,,,,,,2026-06-30
CP-I-01399,INDIVIDUAL,CA,95757.67834666253,721.2763153033287,0.3565189632699805,,,,,,,,,,,,,2026-06-30
CP-I-01400,INDIVIDUAL,NC,115420.85630062678,774.4950698379887,0.3229045939874203,,,,,,,,,,,,,2026-06-30
CP-I-01401,INDIVIDUAL,GA,90771.07337374808,662.7490595414191,0.3253410641583306,,,,,,,,,,,,,2026-06-30
CP-I-01402,INDIVIDUAL,VA,90661.10925226065,678.2150337641984,0.2541035721481649,,,,,,,,,,,,,2026-06-30
CP-I-01403,INDIVIDUAL,NC,161595.15635642523,693.5370459985979,0.19544443013428547,,,,,,,,,,,,,2026-06-30
CP-I-01404,INDIVIDUAL,NY,54147.22508818662,679.1694763186724,0.05235762935579858,,,,,,,,,,,,,2026-06-30
CP-I-01405,INDIVIDUAL,NC,92206.73857306536,776.3397193788207,0.21932739988122896,,,,,,,,,,,,,2026-06-30
CP-I-01406,INDIVIDUAL,NC,82253.01456705283,678.0265509244729,0.27264019370347664,,,,,,,,,,,,,2026-06-30
CP-I-01407,INDIVIDUAL,NY,72040.79935039728,736.4005903012982,0.36423237995230917,,,,,,,,,,,,,2026-06-30
CP-I-01408,INDIVIDUAL,NY,47251.068198907014,713.5103311261474,0.05,,,,,,,,,,,,,2026-06-30
CP-I-01409,INDIVIDUAL,NY,86587.716208967,691.9905644544657,0.2822405319273246,,,,,,,,,,,,,2026-06-30
CP-I-01410,INDIVIDUAL,FL,78446.86106584131,697.3395901514787,0.21265107860423949,,,,,,,,,,,,,2026-06-30
CP-I-01411,INDIVIDUAL,FL,73863.44710146662,745.8193146351903,0.365934098912182,,,,,,,,,,,,,2026-06-30
CP-I-01412,INDIVIDUAL,GA,101375.8219563928,815.1537086485263,0.42594425385648055,,,,,,,,,,,,,2026-06-30
CP-I-01413,INDIVIDUAL,CA,132557.82422107767,658.2613708283967,0.5021147652475819,,,,,,,,,,,,,2026-06-30
CP-I-01414,INDIVIDUAL,CA,58001.96370367721,709.6501918728055,0.39462192368959237,,,,,,,,,,,,,2026-06-30
CP-I-01415,INDIVIDUAL,CA,125486.3121957368,719.9465625085478,0.09546494620663726,,,,,,,,,,,,,2026-06-30
CP-I-01416,INDIVIDUAL,CA,56593.29266726458,732.06104261704,0.17489652064519406,,,,,,,,,,,,,2026-06-30
CP-I-01417,INDIVIDUAL,FL,61670.84029755775,738.409743195947,0.2547967939465345,,,,,,,,,,,,,2026-06-30
CP-I-01418,INDIVIDUAL,VA,78826.09118809065,711.3450971137798,0.12848510870220956,,,,,,,,,,,,,2026-06-30
CP-I-01419,INDIVIDUAL,TX,104181.55170276582,718.5505844675891,0.23019329878117428,,,,,,,,,,,,,2026-06-30
CP-I-01420,INDIVIDUAL,NC,106000.36900739555,718.8626938762569,0.21901867587120483,,,,,,,,,,,,,2026-06-30
CP-I-01421,INDIVIDUAL,CA,70575.05388544673,699.9677172015158,0.13494905352439313,,,,,,,,,,,,,2026-06-30
CP-I-01422,INDIVIDUAL,NC,74657.89115784447,754.8732685368362,0.13465306004356137,,,,,,,,,,,,,2026-06-30
CP-I-01423,INDIVIDUAL,VA,35914.10201857782,694.5892475033982,0.22027814054326467,,,,,,,,,,,,,2026-06-30
CP-I-01424,INDIVIDUAL,NC,106075.23771517826,730.0558026959771,0.09042766570597939,,,,,,,,,,,,,2026-06-30
CP-I-01425,INDIVIDUAL,CA,74831.9532613709,715.0987242844764,0.33906359018090015,,,,,,,,,,,,,2026-06-30
CP-I-01426,INDIVIDUAL,CA,119219.36075875962,704.5144172264099,0.24832864206791816,,,,,,,,,,,,,2026-06-30
CP-I-01427,INDIVIDUAL,GA,29138.796245020993,627.9734881955882,0.2023414393239164,,,,,,,,,,,,,2026-06-30
CP-I-01428,INDIVIDUAL,VA,53677.27775171346,635.9478510582876,0.33745642324113034,,,,,,,,,,,,,2026-06-30
CP-I-01429,INDIVIDUAL,GA,76336.42095797062,718.8747828512985,0.38560087726210523,,,,,,,,,,,,,2026-06-30
CP-I-01430,INDIVIDUAL,NC,48253.346981310446,709.5754809484979,0.4716879198968893,,,,,,,,,,,,,2026-06-30
CP-I-01431,INDIVIDUAL,NY,108918.97968399877,703.1085731497247,0.2026042855732097,,,,,,,,,,,,,2026-06-30
CP-I-01432,INDIVIDUAL,GA,130126.1928620759,598.7933854276359,0.11579110931767575,,,,,,,,,,,,,2026-06-30
CP-I-01433,INDIVIDUAL,CA,100316.43169998872,706.698409403395,0.3181921524265533,,,,,,,,,,,,,2026-06-30
CP-I-01434,INDIVIDUAL,FL,66500.61802768915,752.2675691542574,0.47888334233953134,,,,,,,,,,,,,2026-06-30
CP-I-01435,INDIVIDUAL,FL,126273.90138364825,671.1144933775709,0.1269516057647268,,,,,,,,,,,,,2026-06-30
CP-I-01436,INDIVIDUAL,NC,76106.82159578672,659.7252711156186,0.1646883016971652,,,,,,,,,,,,,2026-06-30
CP-I-01437,INDIVIDUAL,NC,90243.62056611857,753.2783329552024,0.42379533461348085,,,,,,,,,,,,,2026-06-30
CP-I-01438,INDIVIDUAL,NC,171753.76346504028,741.1351279580166,0.5076479388196984,,,,,,,,,,,,,2026-06-30
CP-I-01439,INDIVIDUAL,TX,68734.27171230374,763.9537251873134,0.3766203805454891,,,,,,,,,,,,,2026-06-30
CP-I-01440,INDIVIDUAL,NC,94793.11615724493,721.3500744419358,0.14511303032398076,,,,,,,,,,,,,2026-06-30
CP-I-01441,INDIVIDUAL,CA,114257.28591639346,724.6061799764551,0.4008481334049737,,,,,,,,,,,,,2026-06-30
CP-I-01442,INDIVIDUAL,CA,62083.00958327743,660.03416292583,0.300539023932824,,,,,,,,,,,,,2026-06-30
CP-I-01443,INDIVIDUAL,NC,197306.61485695367,801.3699716113658,0.44083366549314407,,,,,,,,,,,,,2026-06-30
CP-I-01444,INDIVIDUAL,NC,62025.18866837877,783.8460404965263,0.275493902040745,,,,,,,,,,,,,2026-06-30
CP-I-01445,INDIVIDUAL,VA,97875.33850948453,706.4480724676009,0.2588133554665025,,,,,,,,,,,,,2026-06-30
CP-I-01446,INDIVIDUAL,NY,97109.12853201167,623.9712077696332,0.3902828330809702,,,,,,,,,,,,,2026-06-30
CP-I-01447,INDIVIDUAL,NY,137028.02304692796,701.9138392029904,0.212271944492088,,,,,,,,,,,,,2026-06-30
CP-I-01448,INDIVIDUAL,FL,96949.86377340315,717.4384390184962,0.27679574656718436,,,,,,,,,,,,,2026-06-30
CP-I-01449,INDIVIDUAL,NC,83376.7274901545,633.0216684133658,0.11854785679181096,,,,,,,,,,,,,2026-06-30
CP-I-01450,INDIVIDUAL,NC,110604.88758137736,735.3397776545977,0.43971896775927594,,,,,,,,,,,,,2026-06-30
CP-I-01451,INDIVIDUAL,GA,148939.58436585363,773.162358502188,0.311412244833156,,,,,,,,,,,,,2026-06-30
CP-I-01452,INDIVIDUAL,NC,63690.08033076095,764.0063775804975,0.158160154226557,,,,,,,,,,,,,2026-06-30
CP-I-01453,INDIVIDUAL,VA,70848.052157456,759.2982385348565,0.09260288141577633,,,,,,,,,,,,,2026-06-30
CP-I-01454,INDIVIDUAL,TX,76880.77973541924,671.8179562837338,0.38961554850310465,,,,,,,,,,,,,2026-06-30
CP-I-01455,INDIVIDUAL,TX,118179.37589465543,722.6822729900867,0.05,,,,,,,,,,,,,2026-06-30
CP-I-01456,INDIVIDUAL,VA,98724.32845784242,652.5475513716591,0.22867761321531335,,,,,,,,,,,,,2026-06-30
CP-I-01457,INDIVIDUAL,FL,156604.05710534987,659.8452808857568,0.4165441321222496,,,,,,,,,,,,,2026-06-30
CP-I-01458,INDIVIDUAL,FL,214501.34195289906,575.4651187738518,0.24761419222863373,,,,,,,,,,,,,2026-06-30
CP-I-01459,INDIVIDUAL,FL,63326.85612319585,696.6341706723401,0.4015808629777322,,,,,,,,,,,,,2026-06-30
CP-I-01460,INDIVIDUAL,TX,211181.65015871575,632.8694236151249,0.34867188437983604,,,,,,,,,,,,,2026-06-30
CP-I-01461,INDIVIDUAL,CA,115348.51365543355,695.8700192285323,0.506968905783116,,,,,,,,,,,,,2026-06-30
CP-I-01462,INDIVIDUAL,NY,126659.19200666026,748.5398434083494,0.4962263001721856,,,,,,,,,,,,,2026-06-30
CP-I-01463,INDIVIDUAL,NC,171152.06693206818,733.4133414998324,0.18104865896734965,,,,,,,,,,,,,2026-06-30
CP-I-01464,INDIVIDUAL,NY,85444.93853622694,623.6263310968618,0.40825073217718866,,,,,,,,,,,,,2026-06-30
CP-I-01465,INDIVIDUAL,FL,141332.87775971775,626.4292871407932,0.12511635118968956,,,,,,,,,,,,,2026-06-30
CP-I-01466,INDIVIDUAL,NY,103637.46796759892,638.9135032376886,0.16344942301751586,,,,,,,,,,,,,2026-06-30
CP-I-01467,INDIVIDUAL,FL,44038.82465752851,698.069967351804,0.2775916220771888,,,,,,,,,,,,,2026-06-30
CP-I-01468,INDIVIDUAL,CA,178857.18169780212,643.1529303754871,0.31473893320295876,,,,,,,,,,,,,2026-06-30
CP-I-01469,INDIVIDUAL,TX,187616.48933328505,728.2902296963122,0.3507936746228962,,,,,,,,,,,,,2026-06-30
CP-I-01470,INDIVIDUAL,TX,92889.64262210895,733.7613005499232,0.46835511769464455,,,,,,,,,,,,,2026-06-30
CP-I-01471,INDIVIDUAL,CA,167004.37612978625,774.689931670453,0.12234389852549257,,,,,,,,,,,,,2026-06-30
CP-I-01472,INDIVIDUAL,VA,98308.38199687561,637.2340849914299,0.21175038564360266,,,,,,,,,,,,,2026-06-30
CP-I-01473,INDIVIDUAL,CA,54323.798599747985,795.1442542383376,0.3400818015560242,,,,,,,,,,,,,2026-06-30
CP-I-01474,INDIVIDUAL,TX,119321.52185184135,655.8446250695298,0.1566644361158127,,,,,,,,,,,,,2026-06-30
CP-I-01475,INDIVIDUAL,NY,52277.318121191216,658.9271504704559,0.16718864851988333,,,,,,,,,,,,,2026-06-30
CP-I-01476,INDIVIDUAL,VA,60678.66728224587,730.2120902949591,0.3638729625964906,,,,,,,,,,,,,2026-06-30
CP-I-01477,INDIVIDUAL,GA,75410.90157973774,760.0905846302372,0.1772636202994756,,,,,,,,,,,,,2026-06-30
CP-I-01478,INDIVIDUAL,FL,86092.50670987513,676.9764883544195,0.15782025495974292,,,,,,,,,,,,,2026-06-30
CP-I-01479,INDIVIDUAL,TX,95124.59131735658,667.8510469579559,0.15986164225940294,,,,,,,,,,,,,2026-06-30
CP-I-01480,INDIVIDUAL,GA,115662.39560865564,717.8956701918303,0.5437504748738042,,,,,,,,,,,,,2026-06-30
CP-I-01481,INDIVIDUAL,FL,84401.3141033998,779.0383367360764,0.5215574295207708,,,,,,,,,,,,,2026-06-30
CP-I-01482,INDIVIDUAL,NC,87729.03912910512,649.3813620971365,0.33044350358632973,,,,,,,,,,,,,2026-06-30
CP-I-01483,INDIVIDUAL,TX,103271.23028937196,707.5895562518481,0.3055056887915254,,,,,,,,,,,,,2026-06-30
CP-I-01484,INDIVIDUAL,GA,54160.2326411998,739.5742276064396,0.4044155638536252,,,,,,,,,,,,,2026-06-30
CP-I-01485,INDIVIDUAL,CA,241528.69153899953,706.5648912712611,0.06042215701765132,,,,,,,,,,,,,2026-06-30
CP-I-01486,INDIVIDUAL,CA,97402.35748241698,799.9382905329956,0.45236462804843186,,,,,,,,,,,,,2026-06-30
CP-I-01487,INDIVIDUAL,NC,73233.96673782181,697.768423121681,0.136235605612594,,,,,,,,,,,,,2026-06-30
CP-I-01488,INDIVIDUAL,NY,73228.0785992387,638.245184018976,0.2948996617881404,,,,,,,,,,,,,2026-06-30
CP-I-01489,INDIVIDUAL,NY,204215.9215201894,760.8857073043606,0.5150922926378029,,,,,,,,,,,,,2026-06-30
CP-I-01490,INDIVIDUAL,TX,72973.28790320929,739.1611533366669,0.25116532234361727,,,,,,,,,,,,,2026-06-30
CP-I-01491,INDIVIDUAL,VA,100806.07830036346,658.0707137847703,0.41125246917621716,,,,,,,,,,,,,2026-06-30
CP-I-01492,INDIVIDUAL,NC,78139.27000500628,660.1571159035313,0.22050146489946437,,,,,,,,,,,,,2026-06-30
CP-I-01493,INDIVIDUAL,NC,145838.36484255022,600.1396133963118,0.46795443151432914,,,,,,,,,,,,,2026-06-30
CP-I-01494,INDIVIDUAL,NY,235614.16903226142,640.8938476454706,0.43980032061249874,,,,,,,,,,,,,2026-06-30
CP-I-01495,INDIVIDUAL,GA,73353.3532139272,661.0093819607783,0.38969909820367293,,,,,,,,,,,,,2026-06-30
CP-I-01496,INDIVIDUAL,NY,58379.320248262695,684.1326939873748,0.35946326383038213,,,,,,,,,,,,,2026-06-30
CP-I-01497,INDIVIDUAL,TX,179820.29452732817,612.9068570712283,0.268300099144261,,,,,,,,,,,,,2026-06-30
CP-I-01498,INDIVIDUAL,CA,92211.68106557253,637.0202547674731,0.3716346313052314,,,,,,,,,,,,,2026-06-30
CP-I-01499,INDIVIDUAL,GA,72217.26904422179,822.1778343802748,0.21676574459662085,,,,,,,,,,,,,2026-06-30
CP-I-01500,INDIVIDUAL,CA,122900.11292413865,598.8069791229739,0.4335135850184584,,,,,,,,,,,,,2026-06-30
CP-I-01501,INDIVIDUAL,GA,106996.48699533059,746.194189803218,0.11742868825408559,,,,,,,,,,,,,2026-06-30
CP-I-01502,INDIVIDUAL,FL,145122.20733251327,670.4753609687921,0.15293086072504827,,,,,,,,,,,,,2026-06-30
CP-I-01503,INDIVIDUAL,NY,100878.15603141939,648.4588362392625,0.27535015722791456,,,,,,,,,,,,,2026-06-30
CP-I-01504,INDIVIDUAL,TX,81372.35557292937,771.1629926995118,0.24834462688593703,,,,,,,,,,,,,2026-06-30
CP-I-01505,INDIVIDUAL,GA,119811.7431003048,810.9475802067342,0.34030253736184896,,,,,,,,,,,,,2026-06-30
CP-I-01506,INDIVIDUAL,FL,93153.06732709322,736.7578124091261,0.21312753965736647,,,,,,,,,,,,,2026-06-30
CP-I-01507,INDIVIDUAL,NC,71243.70403961746,685.677972971716,0.3317391431992605,,,,,,,,,,,,,2026-06-30
CP-I-01508,INDIVIDUAL,TX,114604.97042876805,617.3809329135447,0.31160393034164185,,,,,,,,,,,,,2026-06-30
CP-I-01509,INDIVIDUAL,GA,47734.5353107946,759.274041131034,0.1277754517382962,,,,,,,,,,,,,2026-06-30
CP-I-01510,INDIVIDUAL,TX,116941.47022664035,696.9049392365116,0.3053812897487377,,,,,,,,,,,,,2026-06-30
CP-I-01511,INDIVIDUAL,VA,53840.60721040107,706.4792611011022,0.35196718871276034,,,,,,,,,,,,,2026-06-30
CP-I-01512,INDIVIDUAL,TX,88823.80307019161,650.0126308243553,0.32880071207568146,,,,,,,,,,,,,2026-06-30
CP-I-01513,INDIVIDUAL,CA,90123.44208327992,811.7423810818271,0.2070819241568016,,,,,,,,,,,,,2026-06-30
CP-I-01514,INDIVIDUAL,NY,55326.33899945538,664.422715571843,0.38789197414137505,,,,,,,,,,,,,2026-06-30
CP-I-01515,INDIVIDUAL,GA,63541.4565766573,733.6602841819378,0.1420072331393376,,,,,,,,,,,,,2026-06-30
CP-I-01516,INDIVIDUAL,NY,120081.03001011375,725.5515458343792,0.28781254240312515,,,,,,,,,,,,,2026-06-30
CP-I-01517,INDIVIDUAL,NC,63102.54372597911,716.2080502417733,0.30708436313508913,,,,,,,,,,,,,2026-06-30
CP-I-01518,INDIVIDUAL,NY,187026.61656406868,703.0618050097241,0.1918815394681263,,,,,,,,,,,,,2026-06-30
CP-I-01519,INDIVIDUAL,NY,60418.89252357629,754.0190908804739,0.24391299043189701,,,,,,,,,,,,,2026-06-30
CP-I-01520,INDIVIDUAL,FL,201887.02846204207,652.3608056104013,0.35076335519017654,,,,,,,,,,,,,2026-06-30
CP-I-01521,INDIVIDUAL,GA,162380.83292094158,677.2979279781842,0.3755763398682772,,,,,,,,,,,,,2026-06-30
CP-I-01522,INDIVIDUAL,FL,84714.44443450423,780.6484544626041,0.13900505768833585,,,,,,,,,,,,,2026-06-30
CP-I-01523,INDIVIDUAL,NY,160602.91946882498,702.2571177933945,0.46530639624493864,,,,,,,,,,,,,2026-06-30
CP-I-01524,INDIVIDUAL,NC,72452.4697851026,699.0727260542508,0.3941685467076068,,,,,,,,,,,,,2026-06-30
CP-I-01525,INDIVIDUAL,TX,98489.10265428152,722.2979484525462,0.28344930367493804,,,,,,,,,,,,,2026-06-30
CP-I-01526,INDIVIDUAL,FL,110932.43389118268,668.1207348751892,0.18945821333323523,,,,,,,,,,,,,2026-06-30
CP-I-01527,INDIVIDUAL,CA,90437.9122010915,732.8107939835247,0.30398296408133885,,,,,,,,,,,,,2026-06-30
CP-I-01528,INDIVIDUAL,TX,47378.54217325412,712.9228877644298,0.31600867023313833,,,,,,,,,,,,,2026-06-30
CP-I-01529,INDIVIDUAL,FL,119628.00461680123,627.4226604505942,0.23134936779625404,,,,,,,,,,,,,2026-06-30
CP-I-01530,INDIVIDUAL,VA,105103.31149773352,723.873731211002,0.30312992259702487,,,,,,,,,,,,,2026-06-30
CP-I-01531,INDIVIDUAL,VA,89500.20584201819,776.0393255100504,0.29425543091265427,,,,,,,,,,,,,2026-06-30
CP-I-01532,INDIVIDUAL,CA,104482.25816772328,754.5347797374825,0.5361020854682874,,,,,,,,,,,,,2026-06-30
CP-I-01533,INDIVIDUAL,FL,173967.93581171703,743.4047991634602,0.1394817536482259,,,,,,,,,,,,,2026-06-30
CP-I-01534,INDIVIDUAL,VA,113852.73228728073,689.0896633052876,0.4561070671232148,,,,,,,,,,,,,2026-06-30
CP-I-01535,INDIVIDUAL,TX,51117.30205767577,691.6423348873668,0.2489843963114725,,,,,,,,,,,,,2026-06-30
CP-I-01536,INDIVIDUAL,NC,132171.01384114404,709.88186190925,0.2423748943799081,,,,,,,,,,,,,2026-06-30
CP-I-01537,INDIVIDUAL,CA,46410.047711671694,779.9280027461479,0.32769630734035976,,,,,,,,,,,,,2026-06-30
CP-I-01538,INDIVIDUAL,GA,120411.0425654148,717.197032754322,0.5541585722583212,,,,,,,,,,,,,2026-06-30
CP-I-01539,INDIVIDUAL,NY,85934.86783046088,703.2445383732263,0.43126638364078435,,,,,,,,,,,,,2026-06-30
CP-I-01540,INDIVIDUAL,TX,43053.01741643621,662.4964710326465,0.5162941071905818,,,,,,,,,,,,,2026-06-30
CP-I-01541,INDIVIDUAL,VA,42426.3773514839,655.8718534513954,0.4534823261437624,,,,,,,,,,,,,2026-06-30
CP-I-01542,INDIVIDUAL,FL,29285.251781474835,653.5966394600158,0.20733458379405456,,,,,,,,,,,,,2026-06-30
CP-I-01543,INDIVIDUAL,NC,201969.71392656033,772.99682025304,0.18985227552138798,,,,,,,,,,,,,2026-06-30
CP-I-01544,INDIVIDUAL,NC,72442.3714163148,621.9990287948359,0.47219411904492176,,,,,,,,,,,,,2026-06-30
CP-I-01545,INDIVIDUAL,VA,54474.12429926498,684.2872419661702,0.2885934629655953,,,,,,,,,,,,,2026-06-30
CP-I-01546,INDIVIDUAL,FL,64850.135934611164,677.7365608943343,0.3065290142328475,,,,,,,,,,,,,2026-06-30
CP-I-01547,INDIVIDUAL,NY,110409.24657578793,718.6386924015744,0.29920256856705224,,,,,,,,,,,,,2026-06-30
CP-I-01548,INDIVIDUAL,TX,55665.207040771595,661.6472941474696,0.1872684768580488,,,,,,,,,,,,,2026-06-30
CP-I-01549,INDIVIDUAL,TX,70249.38914497939,758.2564399861541,0.3784404533306451,,,,,,,,,,,,,2026-06-30
CP-I-01550,INDIVIDUAL,NC,30409.529463488783,778.1027220231492,0.4414999990874223,,,,,,,,,,,,,2026-06-30
CP-I-01551,INDIVIDUAL,GA,113994.886230822,706.2804695286397,0.4952525644385045,,,,,,,,,,,,,2026-06-30
CP-I-01552,INDIVIDUAL,NY,60550.43733193823,727.7006000858305,0.3097587142010663,,,,,,,,,,,,,2026-06-30
CP-I-01553,INDIVIDUAL,TX,89765.08944303177,803.8414962622569,0.33885765960542136,,,,,,,,,,,,,2026-06-30
CP-I-01554,INDIVIDUAL,TX,84281.6288305983,660.5357138484894,0.2805171382199468,,,,,,,,,,,,,2026-06-30
CP-I-01555,INDIVIDUAL,NC,99084.30417859834,627.7132646469988,0.1259922316958946,,,,,,,,,,,,,2026-06-30
CP-I-01556,INDIVIDUAL,NY,68969.92124582626,678.3184552734403,0.44562735991847474,,,,,,,,,,,,,2026-06-30
CP-I-01557,INDIVIDUAL,GA,87790.58268395187,791.2349108986806,0.3555485865283958,,,,,,,,,,,,,2026-06-30
CP-I-01558,INDIVIDUAL,NC,98139.09237871689,709.6435035037625,0.22047358244028092,,,,,,,,,,,,,2026-06-30
CP-I-01559,INDIVIDUAL,NY,79880.63634584648,728.9262076429603,0.4027893109322426,,,,,,,,,,,,,2026-06-30
CP-I-01560,INDIVIDUAL,CA,48357.711595078224,816.2991028874637,0.19576416719385153,,,,,,,,,,,,,2026-06-30
CP-I-01561,INDIVIDUAL,VA,107472.8955958589,611.5705462224298,0.43719241764863515,,,,,,,,,,,,,2026-06-30
CP-I-01562,INDIVIDUAL,GA,82716.62527155425,744.7955009340437,0.25530837544197466,,,,,,,,,,,,,2026-06-30
CP-I-01563,INDIVIDUAL,NC,112434.97406928739,620.7599190769238,0.3743897077957826,,,,,,,,,,,,,2026-06-30
CP-I-01564,INDIVIDUAL,NY,49471.04489903261,692.8204549710888,0.1719232676197785,,,,,,,,,,,,,2026-06-30
CP-I-01565,INDIVIDUAL,TX,80040.72561637592,727.3894893659337,0.4229447402546983,,,,,,,,,,,,,2026-06-30
CP-I-01566,INDIVIDUAL,NY,73704.74668610137,618.9902269519853,0.3017749625187701,,,,,,,,,,,,,2026-06-30
CP-I-01567,INDIVIDUAL,NY,50078.99341205964,696.8163852115156,0.22641863875392665,,,,,,,,,,,,,2026-06-30
CP-I-01568,INDIVIDUAL,CA,166475.58169973103,695.0895450854123,0.15888717043555214,,,,,,,,,,,,,2026-06-30
CP-I-01569,INDIVIDUAL,NY,100770.42731538256,748.4663598907741,0.48434225325842173,,,,,,,,,,,,,2026-06-30
CP-I-01570,INDIVIDUAL,TX,80931.41510448491,722.860676417303,0.34603562823972545,,,,,,,,,,,,,2026-06-30
CP-I-01571,INDIVIDUAL,TX,123040.65963654795,786.1224645908313,0.46190173852500055,,,,,,,,,,,,,2026-06-30
CP-I-01572,INDIVIDUAL,GA,171437.4351356447,727.3407132509502,0.4825312730105821,,,,,,,,,,,,,2026-06-30
CP-I-01573,INDIVIDUAL,NY,224568.66436593633,741.7128311294762,0.09320277446336064,,,,,,,,,,,,,2026-06-30
CP-I-01574,INDIVIDUAL,TX,88835.83684563708,760.1620825994095,0.18642544642401485,,,,,,,,,,,,,2026-06-30
CP-I-01575,INDIVIDUAL,NC,98136.2072048377,626.7687471236673,0.12965257111994688,,,,,,,,,,,,,2026-06-30
CP-I-01576,INDIVIDUAL,GA,90254.28319613994,727.9722698041338,0.19290837342025965,,,,,,,,,,,,,2026-06-30
CP-I-01577,INDIVIDUAL,VA,158186.85888307012,713.1186907206773,0.5281710225531433,,,,,,,,,,,,,2026-06-30
CP-I-01578,INDIVIDUAL,TX,124051.84068421576,708.4008595988041,0.32596666050658346,,,,,,,,,,,,,2026-06-30
CP-I-01579,INDIVIDUAL,GA,41010.70120034552,697.3817969552246,0.14040310708792395,,,,,,,,,,,,,2026-06-30
CP-I-01580,INDIVIDUAL,CA,97172.67768071132,616.8002836838828,0.5194278667626943,,,,,,,,,,,,,2026-06-30
CP-I-01581,INDIVIDUAL,GA,81972.03955036834,621.8497401846817,0.4013292000415982,,,,,,,,,,,,,2026-06-30
CP-I-01582,INDIVIDUAL,NY,50727.15654688398,630.5147323192664,0.3534575736396481,,,,,,,,,,,,,2026-06-30
CP-I-01583,INDIVIDUAL,TX,113036.48288785854,800.0330081913221,0.26665699222097894,,,,,,,,,,,,,2026-06-30
CP-I-01584,INDIVIDUAL,FL,98622.23247574855,707.0354139887513,0.36919309870704575,,,,,,,,,,,,,2026-06-30
CP-I-01585,INDIVIDUAL,CA,150729.8919779608,684.0056779917733,0.35622933326793954,,,,,,,,,,,,,2026-06-30
CP-I-01586,INDIVIDUAL,VA,79942.41716095273,751.599196337643,0.2286760997732768,,,,,,,,,,,,,2026-06-30
CP-I-01587,INDIVIDUAL,GA,64526.85893234176,750.8453856926373,0.15201621663671916,,,,,,,,,,,,,2026-06-30
CP-I-01588,INDIVIDUAL,FL,65972.84615863794,594.3720026675792,0.2838866884146315,,,,,,,,,,,,,2026-06-30
CP-I-01589,INDIVIDUAL,NY,243231.7311300026,663.8214929250794,0.29525200604669344,,,,,,,,,,,,,2026-06-30
CP-I-01590,INDIVIDUAL,GA,249042.89467955133,780.0138131362182,0.3182144335978042,,,,,,,,,,,,,2026-06-30
CP-I-01591,INDIVIDUAL,GA,109021.12741982762,666.1232016480651,0.3488402267354451,,,,,,,,,,,,,2026-06-30
CP-I-01592,INDIVIDUAL,NC,75180.88831636061,782.1327606110693,0.34567442330968373,,,,,,,,,,,,,2026-06-30
CP-I-01593,INDIVIDUAL,FL,92417.42745446821,740.2133450995082,0.20382592520536197,,,,,,,,,,,,,2026-06-30
CP-I-01594,INDIVIDUAL,NC,71511.35943453271,729.4049445659724,0.37393119614084963,,,,,,,,,,,,,2026-06-30
CP-I-01595,INDIVIDUAL,VA,93401.03591362594,711.5486168078776,0.5775227917880343,,,,,,,,,,,,,2026-06-30
CP-I-01596,INDIVIDUAL,NC,85429.82197488256,714.460813818306,0.18534894575237776,,,,,,,,,,,,,2026-06-30
CP-I-01597,INDIVIDUAL,NY,45880.44697167246,741.8394089892769,0.49242693821474337,,,,,,,,,,,,,2026-06-30
CP-I-01598,INDIVIDUAL,NC,107931.12948853045,798.8659071848383,0.31238445111794827,,,,,,,,,,,,,2026-06-30
CP-I-01599,INDIVIDUAL,GA,186822.05775935767,836.392957165679,0.3124306870016479,,,,,,,,,,,,,2026-06-30
CP-I-01600,INDIVIDUAL,NY,216813.81536883037,737.7156032911507,0.23503782338340307,,,,,,,,,,,,,2026-06-30
CP-I-01601,INDIVIDUAL,NY,95496.04298151593,750.279045626689,0.2182243681988391,,,,,,,,,,,,,2026-06-30
CP-I-01602,INDIVIDUAL,NY,169474.143163854,815.0280994313534,0.2728117141185799,,,,,,,,,,,,,2026-06-30
CP-I-01603,INDIVIDUAL,FL,60125.37898908332,643.5810999624571,0.31292502988851184,,,,,,,,,,,,,2026-06-30
CP-I-01604,INDIVIDUAL,VA,121933.1515502589,622.4471496404807,0.3275232293827332,,,,,,,,,,,,,2026-06-30
CP-I-01605,INDIVIDUAL,NY,106486.65899221924,715.0266057468506,0.47136441450087374,,,,,,,,,,,,,2026-06-30
CP-I-01606,INDIVIDUAL,FL,108867.33910070553,745.1554874808196,0.24237350788077272,,,,,,,,,,,,,2026-06-30
CP-I-01607,INDIVIDUAL,NY,114256.1524145018,794.9598227668954,0.3416663265380111,,,,,,,,,,,,,2026-06-30
CP-I-01608,INDIVIDUAL,GA,80510.01730616529,642.2313168977741,0.3139615876257272,,,,,,,,,,,,,2026-06-30
CP-I-01609,INDIVIDUAL,GA,86008.27101133195,747.4285471240888,0.09774575935591179,,,,,,,,,,,,,2026-06-30
CP-I-01610,INDIVIDUAL,NC,84025.12532053646,704.6722548935612,0.24221992304679685,,,,,,,,,,,,,2026-06-30
CP-I-01611,INDIVIDUAL,VA,85924.32688506205,708.5389330770954,0.20331688448610663,,,,,,,,,,,,,2026-06-30
CP-I-01612,INDIVIDUAL,FL,69696.54842936638,816.3447538428803,0.0863571514136004,,,,,,,,,,,,,2026-06-30
CP-I-01613,INDIVIDUAL,CA,93131.30487972042,694.8600424823178,0.38332552152267474,,,,,,,,,,,,,2026-06-30
CP-I-01614,INDIVIDUAL,FL,72357.31238432474,769.6387241537549,0.23045276212960503,,,,,,,,,,,,,2026-06-30
CP-I-01615,INDIVIDUAL,GA,146529.44510832173,603.9574119969602,0.5624560732077242,,,,,,,,,,,,,2026-06-30
CP-I-01616,INDIVIDUAL,NC,127427.77260026126,813.9635882572545,0.28621071841525636,,,,,,,,,,,,,2026-06-30
CP-I-01617,INDIVIDUAL,VA,32284.415556750915,602.4919255995376,0.49820094733802267,,,,,,,,,,,,,2026-06-30
CP-I-01618,INDIVIDUAL,TX,74596.99494948285,672.9000516682826,0.2441722292962714,,,,,,,,,,,,,2026-06-30
CP-I-01619,INDIVIDUAL,FL,96222.7702365733,696.7099097209518,0.3508458303519602,,,,,,,,,,,,,2026-06-30
CP-I-01620,INDIVIDUAL,VA,61757.58841918515,821.361044860455,0.1881035460661863,,,,,,,,,,,,,2026-06-30
CP-I-01621,INDIVIDUAL,GA,147149.02206303136,718.7195701738693,0.2207840472606063,,,,,,,,,,,,,2026-06-30
CP-I-01622,INDIVIDUAL,CA,94673.6308645728,694.2856865005714,0.3383204229705727,,,,,,,,,,,,,2026-06-30
CP-I-01623,INDIVIDUAL,CA,117545.97073558894,725.9585875026877,0.3375922158819848,,,,,,,,,,,,,2026-06-30
CP-I-01624,INDIVIDUAL,TX,160701.63833367155,722.1225433149107,0.34480350856962594,,,,,,,,,,,,,2026-06-30
CP-I-01625,INDIVIDUAL,NY,148840.0841888117,746.9962781414476,0.48647669950428774,,,,,,,,,,,,,2026-06-30
CP-I-01626,INDIVIDUAL,NC,45944.44424520945,725.3093742881343,0.2896231104261719,,,,,,,,,,,,,2026-06-30
CP-I-01627,INDIVIDUAL,VA,51090.41334941527,744.2152217569021,0.4466461812217115,,,,,,,,,,,,,2026-06-30
CP-I-01628,INDIVIDUAL,NY,72610.81763065433,753.6398277353491,0.3486447741675031,,,,,,,,,,,,,2026-06-30
CP-I-01629,INDIVIDUAL,NY,73572.03148541863,723.692493843297,0.21295851474587502,,,,,,,,,,,,,2026-06-30
CP-I-01630,INDIVIDUAL,NC,53611.130461283334,721.9284357161781,0.35636229177775725,,,,,,,,,,,,,2026-06-30
CP-I-01631,INDIVIDUAL,FL,62328.14716703133,758.1640704857668,0.10731597581678076,,,,,,,,,,,,,2026-06-30
CP-I-01632,INDIVIDUAL,NC,72788.79832376115,642.5581468249727,0.28970311084522277,,,,,,,,,,,,,2026-06-30
CP-I-01633,INDIVIDUAL,FL,120155.81351161851,700.2805336893481,0.18125356315700286,,,,,,,,,,,,,2026-06-30
CP-I-01634,INDIVIDUAL,NC,45374.68182233035,705.8130477239837,0.21709350942957106,,,,,,,,,,,,,2026-06-30
CP-I-01635,INDIVIDUAL,FL,184461.94240355794,711.3064481046787,0.14280743098380597,,,,,,,,,,,,,2026-06-30
CP-I-01636,INDIVIDUAL,NY,81266.20921570346,754.7984400596683,0.1900254212041963,,,,,,,,,,,,,2026-06-30
CP-I-01637,INDIVIDUAL,NC,106027.29885713478,765.6729512013627,0.10684034703103557,,,,,,,,,,,,,2026-06-30
CP-I-01638,INDIVIDUAL,TX,47853.88696863463,654.8740144609493,0.4188204828492086,,,,,,,,,,,,,2026-06-30
CP-I-01639,INDIVIDUAL,NC,43901.22350456159,758.0581924889301,0.3477192277647789,,,,,,,,,,,,,2026-06-30
CP-I-01640,INDIVIDUAL,FL,57947.26178639562,838.0729502767755,0.2867682431054429,,,,,,,,,,,,,2026-06-30
CP-I-01641,INDIVIDUAL,CA,29797.502840674573,716.8088483167763,0.29700786921933,,,,,,,,,,,,,2026-06-30
CP-I-01642,INDIVIDUAL,CA,66358.83615908572,784.8494890323743,0.15086553911081593,,,,,,,,,,,,,2026-06-30
CP-I-01643,INDIVIDUAL,NC,128082.00886727596,719.8101125487311,0.291433119412053,,,,,,,,,,,,,2026-06-30
CP-I-01644,INDIVIDUAL,NC,140146.26631526725,793.9372167705731,0.42340075260148197,,,,,,,,,,,,,2026-06-30
CP-I-01645,INDIVIDUAL,NY,56724.413488950166,586.0253843655586,0.17554007908571898,,,,,,,,,,,,,2026-06-30
CP-I-01646,INDIVIDUAL,NY,83453.612506208,734.9877302516072,0.12005220150668466,,,,,,,,,,,,,2026-06-30
CP-I-01647,INDIVIDUAL,NY,61030.107672849466,738.8533255085059,0.15002755607211649,,,,,,,,,,,,,2026-06-30
CP-I-01648,INDIVIDUAL,NC,66091.70684049722,673.0699749931254,0.3516503663077429,,,,,,,,,,,,,2026-06-30
CP-I-01649,INDIVIDUAL,CA,83270.40658069977,733.1327382754304,0.17869860828674208,,,,,,,,,,,,,2026-06-30
CP-I-01650,INDIVIDUAL,NC,96304.55375502162,707.4450610414088,0.13625915024659535,,,,,,,,,,,,,2026-06-30
CP-I-01651,INDIVIDUAL,NY,123767.76760232335,713.6551263314637,0.22421381852225208,,,,,,,,,,,,,2026-06-30
CP-I-01652,INDIVIDUAL,FL,91882.4645357012,722.2451562692229,0.2804860809606419,,,,,,,,,,,,,2026-06-30
CP-I-01653,INDIVIDUAL,TX,167993.866649641,758.3343164947438,0.2917285712795873,,,,,,,,,,,,,2026-06-30
CP-I-01654,INDIVIDUAL,FL,98144.74553171708,644.3422410518697,0.17375387610849619,,,,,,,,,,,,,2026-06-30
CP-I-01655,INDIVIDUAL,VA,62612.51880452436,672.0219841843893,0.35836511252934683,,,,,,,,,,,,,2026-06-30
CP-I-01656,INDIVIDUAL,CA,88436.57474129737,627.6657170165894,0.3673352188057309,,,,,,,,,,,,,2026-06-30
CP-I-01657,INDIVIDUAL,FL,128288.76962072129,658.4740758025771,0.1242268080889503,,,,,,,,,,,,,2026-06-30
CP-I-01658,INDIVIDUAL,TX,206580.58589556982,820.7299437563388,0.2113843877989789,,,,,,,,,,,,,2026-06-30
CP-I-01659,INDIVIDUAL,TX,63822.57124895832,676.7094360929331,0.1895802867557037,,,,,,,,,,,,,2026-06-30
CP-I-01660,INDIVIDUAL,NY,82278.00349967349,743.0875942670662,0.2283421911980963,,,,,,,,,,,,,2026-06-30
CP-I-01661,INDIVIDUAL,VA,153784.74427203063,699.1953166761926,0.15810765122201614,,,,,,,,,,,,,2026-06-30
CP-I-01662,INDIVIDUAL,NY,66380.87938450428,680.5580970616578,0.14947738119436174,,,,,,,,,,,,,2026-06-30
CP-I-01663,INDIVIDUAL,TX,199455.5667646631,629.5900622524468,0.34037671959172544,,,,,,,,,,,,,2026-06-30
CP-I-01664,INDIVIDUAL,FL,86444.99557463161,755.7594084568407,0.3733944976701366,,,,,,,,,,,,,2026-06-30
CP-I-01665,INDIVIDUAL,NY,137930.99217953152,713.495395279488,0.06073520559483636,,,,,,,,,,,,,2026-06-30
CP-I-01666,INDIVIDUAL,GA,128556.78706036053,712.3371513731498,0.39661963612845696,,,,,,,,,,,,,2026-06-30
CP-I-01667,INDIVIDUAL,NY,325033.84965951846,657.3637358984236,0.2929272687201604,,,,,,,,,,,,,2026-06-30
CP-I-01668,INDIVIDUAL,NC,82904.07252770339,643.7825472295881,0.4311117177473733,,,,,,,,,,,,,2026-06-30
CP-I-01669,INDIVIDUAL,NY,95112.89755628018,651.8240016741826,0.1455834690741405,,,,,,,,,,,,,2026-06-30
CP-I-01670,INDIVIDUAL,CA,83127.80177729632,719.6194918238139,0.21704913955365457,,,,,,,,,,,,,2026-06-30
CP-I-01671,INDIVIDUAL,NC,31465.040784866476,673.6580623481287,0.6148159123557325,,,,,,,,,,,,,2026-06-30
CP-I-01672,INDIVIDUAL,NY,82881.60781522367,676.1306775252476,0.38930555310273907,,,,,,,,,,,,,2026-06-30
CP-I-01673,INDIVIDUAL,VA,78871.6995335233,663.587210464145,0.32254322773564886,,,,,,,,,,,,,2026-06-30
CP-I-01674,INDIVIDUAL,TX,83246.27315127931,736.7652826052525,0.3087695033569971,,,,,,,,,,,,,2026-06-30
CP-I-01675,INDIVIDUAL,CA,62510.84871285582,659.0684656343723,0.2237034772562544,,,,,,,,,,,,,2026-06-30
CP-I-01676,INDIVIDUAL,CA,55013.70960108872,667.099505393061,0.5022138399242584,,,,,,,,,,,,,2026-06-30
CP-I-01677,INDIVIDUAL,VA,129179.87153627313,833.5729002362125,0.4412400573938824,,,,,,,,,,,,,2026-06-30
CP-I-01678,INDIVIDUAL,TX,116861.98895785314,755.3407738740323,0.3084859523405204,,,,,,,,,,,,,2026-06-30
CP-I-01679,INDIVIDUAL,NY,62765.807908194074,691.5741371277353,0.22670571500343284,,,,,,,,,,,,,2026-06-30
CP-I-01680,INDIVIDUAL,NY,76261.08651862243,636.5262803455413,0.1851587173261779,,,,,,,,,,,,,2026-06-30
CP-I-01681,INDIVIDUAL,NY,124930.32142718753,701.0275124771778,0.4688382766640269,,,,,,,,,,,,,2026-06-30
CP-I-01682,INDIVIDUAL,VA,116446.19411052956,784.2036114554733,0.05,,,,,,,,,,,,,2026-06-30
CP-I-01683,INDIVIDUAL,NC,106719.27254371798,617.274194035286,0.28134094876967797,,,,,,,,,,,,,2026-06-30
CP-I-01684,INDIVIDUAL,CA,68399.13536390758,731.6894396069724,0.22702015149563504,,,,,,,,,,,,,2026-06-30
CP-I-01685,INDIVIDUAL,TX,179614.46759055974,776.7032125148013,0.19338832629740238,,,,,,,,,,,,,2026-06-30
CP-I-01686,INDIVIDUAL,CA,92988.50138335793,706.7386668491862,0.4104752623842174,,,,,,,,,,,,,2026-06-30
CP-I-01687,INDIVIDUAL,TX,75273.2635153917,748.9595772897142,0.3800180437498003,,,,,,,,,,,,,2026-06-30
CP-I-01688,INDIVIDUAL,GA,177939.9712889926,709.3032050282837,0.34378813135231745,,,,,,,,,,,,,2026-06-30
CP-I-01689,INDIVIDUAL,FL,59316.315393392535,666.6273897617472,0.3667294246916626,,,,,,,,,,,,,2026-06-30
CP-I-01690,INDIVIDUAL,CA,66229.2981562649,775.0652810462118,0.3545324955473097,,,,,,,,,,,,,2026-06-30
CP-I-01691,INDIVIDUAL,VA,65099.474874677915,614.1885794683287,0.13793600900174188,,,,,,,,,,,,,2026-06-30
CP-I-01692,INDIVIDUAL,CA,95380.58211708692,696.6569576590225,0.42526447864957684,,,,,,,,,,,,,2026-06-30
CP-I-01693,INDIVIDUAL,FL,76474.21934796986,699.1897053954549,0.1528097816514038,,,,,,,,,,,,,2026-06-30
CP-I-01694,INDIVIDUAL,VA,173668.70180267133,764.2724374971697,0.12282431819807973,,,,,,,,,,,,,2026-06-30
CP-I-01695,INDIVIDUAL,FL,206795.22526637645,652.6235217727472,0.29127240652969205,,,,,,,,,,,,,2026-06-30
CP-I-01696,INDIVIDUAL,VA,234053.74831093257,662.7957717888395,0.2885780239035042,,,,,,,,,,,,,2026-06-30
CP-I-01697,INDIVIDUAL,TX,60848.1131702518,769.7681822464575,0.43807029079810095,,,,,,,,,,,,,2026-06-30
CP-I-01698,INDIVIDUAL,CA,172158.1385984176,701.3591758102515,0.2927982551459457,,,,,,,,,,,,,2026-06-30
CP-I-01699,INDIVIDUAL,VA,45088.21100890424,724.3418840359086,0.5346909672863837,,,,,,,,,,,,,2026-06-30
CP-I-01700,INDIVIDUAL,NY,47800.037106241085,712.9284919917477,0.45777545696988686,,,,,,,,,,,,,2026-06-30
CP-C-00001,CORPORATE,NC,,,,9265336.98732354,9504732.493744692,5818225.215971031,1899170.4873101707,60.0,Healthcare,4.0,BBB+,Baa1,1.5782486721373707,14.427138519377607,2.667789808559891,2026-06-30
CP-C-00002,CORPORATE,NC,,,,86839755.61589861,124955969.7875525,64277461.61617967,17466442.397642087,441.0,Retail,5.0,BBB,Baa2,1.0593118313759857,1.152343799816954,1.943158311881284,2026-06-30
CP-C-00003,CORPORATE,GA,,,,133704575.87757356,202964344.89453536,111455755.99335235,21237178.73376748,564.0,Manufacturing,4.0,BBB+,Baa1,1.3529205172708354,1.7107711191624186,1.362998799837859,2026-06-30
CP-C-00004,CORPORATE,FL,,,,59441326.301732585,69367221.59727474,31735289.10052432,13583270.92184394,345.0,Construction,5.0,BBB,Baa2,0.8433074518101009,2.549093751659687,1.594440144881391,2026-06-30
CP-C-00005,CORPORATE,CA,,,,159967102.07855585,167457206.77603856,119051551.01257813,29965739.082775578,654.0,Hospitality,8.0,BB,Ba2,2.8834855838785747,2.364671747278991,2.1677944095806243,2026-06-30
CP-C-00006,CORPORATE,TX,,,,16698755.571958613,15650983.897715546,12474606.432955276,2747399.650475013,64.0,Retail,7.0,BB+,Ba1,3.9273060495336223,4.697567029056164,0.6277515035810106,2026-06-30
CP-C-00007,CORPORATE,NC,,,,51272735.1748011,61659800.65731663,31173496.49359898,11506328.812188227,229.0,Retail,4.0,BBB+,Baa1,1.0225410179663288,3.2560762477900864,1.0273751659067947,2026-06-30
CP-C-00008,CORPORATE,FL,,,,131702388.4359135,122078070.47102566,77681993.19424035,24320412.064568628,499.0,Transportation,6.0,BBB-,Baa3,1.7497490309771175,2.1532385621965906,1.8390635802574615,2026-06-30
CP-C-00009,CORPORATE,FL,,,,32047372.239162456,26860752.703550637,15883594.285123056,2652640.831851917,120.0,Real Estate,5.0,BBB,Baa2,1.4469677561051626,1.7970444508333876,2.135393423116831,2026-06-30
CP-C-00010,CORPORATE,NY,,,,59388536.544956714,41923962.65426632,35689566.59191967,14348114.05998255,235.0,Healthcare,5.0,BBB,Baa2,5.724622920168781,1.6716090040593377,1.8072109603946982,2026-06-30
CP-C-00011,CORPORATE,NC,,,,25534467.315205734,21980524.379694708,13481876.745629637,3024622.267569594,110.0,Real Estate,5.0,BBB,Baa2,1.5863555386848038,4.176340970202663,1.2936906660622862,2026-06-30
CP-C-00012,CORPORATE,VA,,,,39922056.864177264,30988767.01684375,20204561.742004085,3925692.0875285296,127.0,Technology,5.0,BBB,Baa2,1.8735327478551238,8.683145591781184,1.6677197623123676,2026-06-30
CP-C-00013,CORPORATE,NY,,,,43953627.287749775,32520090.01442034,14228347.682013659,4518837.601775126,257.0,Hospitality,4.0,BBB+,Baa1,0.7778563366708876,3.0985392659127706,2.004558817290574,2026-06-30
CP-C-00014,CORPORATE,NC,,,,24828263.541194852,23233919.46691997,13233445.923477896,2614968.1392096663,160.0,Manufacturing,6.0,BBB-,Baa3,1.4028783460317362,2.2914865748238036,1.6668774839555183,2026-06-30
CP-C-00015,CORPORATE,CA,,,,46055607.98348513,59807784.19084899,34687154.69822034,10456924.286815073,138.0,Retail,5.0,BBB,Baa2,1.380823466561571,0.7734249031264151,2.2234905026739806,2026-06-30
CP-C-00016,CORPORATE,NY,,,,25957132.09239104,40092601.45910042,19434694.400120746,4796247.025598055,159.0,Hospitality,5.0,BBB,Baa2,0.9407871932346983,2.241232445002471,1.669629762930175,2026-06-30
CP-C-00017,CORPORATE,VA,,,,29884944.11125163,41148934.73800906,29377731.82373689,2459345.9084339137,130.0,Technology,5.0,BBB,Baa2,2.49572894441548,8.03402187699229,1.3753076478284192,2026-06-30
CP-C-00018,CORPORATE,FL,,,,48463472.74564369,56458859.29481112,32471227.953510664,5751835.6928496715,148.0,Technology,3.0,A,A2,1.3536654574811509,5.391226485144418,1.2607711623654982,2026-06-30
CP-C-00019,CORPORATE,FL,,,,42788735.7362195,52686331.61654005,23382313.730258673,6563358.326220175,248.0,Transportation,6.0,BBB-,Baa3,0.7979217669398524,0.9071690337499883,2.0187849429158344,2026-06-30
CP-C-00020,CORPORATE,TX,,,,117065049.3496685,139479497.23206624,80706583.93233621,10516504.87357094,460.0,Manufacturing,5.0,BBB,Baa2,1.3731935240431061,2.7242596624128677,1.6975959301470198,2026-06-30
CP-C-00021,CORPORATE,FL,,,,28127335.24167178,30053119.71680313,20374279.440739546,1951907.7400614845,99.0,Construction,8.0,BB,Ba2,2.1050331299635654,1.9621830881855673,1.9745664034313304,2026-06-30
CP-C-00022,CORPORATE,VA,,,,114185822.3939737,178568442.38568044,117131320.86843117,24606419.078775227,386.0,Construction,6.0,BBB-,Baa3,1.906523580137865,8.213197687932942,1.909243751430769,2026-06-30
CP-C-00023,CORPORATE,NY,,,,82899226.52837786,99209217.09637356,66260881.16874596,13593899.229251567,330.0,Technology,7.0,BB+,Ba1,2.0110539516863843,2.9378079104360464,1.4685931651270492,2026-06-30
CP-C-00024,CORPORATE,NY,,,,33520296.773876574,43613005.09801429,29948203.515255947,4954966.082918613,125.0,Transportation,5.0,BBB,Baa2,2.191631055444179,1.3461643060119048,1.831640168056587,2026-06-30
CP-C-00025,CORPORATE,CA,,,,79101663.16964324,85812077.49431907,59658043.73880836,14051444.661943704,382.0,Transportation,5.0,BBB,Baa2,2.281026487022802,2.604545006327971,2.2563393183601126,2026-06-30
CP-C-00026,CORPORATE,VA,,,,82617078.38410853,70106877.31013206,43516645.58150493,10941116.351451872,271.0,Real Estate,4.0,BBB+,Baa1,1.6365651125429943,5.643605512995412,1.7164181225335307,2026-06-30
CP-C-00027,CORPORATE,CA,,,,17155397.643476557,28294968.65209048,22315063.008924026,3216597.2100788946,61.0,Transportation,6.0,BBB-,Baa3,3.7316747688861267,1.6224973258400772,1.5378023979545437,2026-06-30
CP-C-00028,CORPORATE,FL,,,,37228902.639063686,43238445.62165885,24472629.03768345,8379233.571566654,162.0,Manufacturing,3.0,A,A2,1.3041068012239467,2.3883297853739043,2.835277489432766,2026-06-30
CP-C-00029,CORPORATE,NC,,,,131689567.24895142,100433919.37649778,75813406.54286073,25815258.582786005,524.0,Healthcare,6.0,BBB-,Baa3,3.0792781228863326,3.0378290792374316,2.087011458042734,2026-06-30
CP-C-00030,CORPORATE,VA,,,,87258111.98157431,140388803.27985328,74161911.90685675,8981135.36560915,267.0,Hospitality,5.0,BBB,Baa2,1.1198156876965493,1.1974427133198104,2.1745434295614263,2026-06-30
CP-C-00031,CORPORATE,NY,,,,89720344.12145236,127369833.74822824,87638969.99721171,13457873.89382467,261.0,Real Estate,5.0,BBB,Baa2,2.205815875195248,3.2553062348423727,2.2900912357082506,2026-06-30
CP-C-00032,CORPORATE,TX,,,,18819127.11653951,27163591.924708176,13186564.86782012,2284559.841218581,76.0,Technology,6.0,BBB-,Baa3,0.9434456135878775,1.2878470386074439,1.2595886434378551,2026-06-30
CP-C-00033,CORPORATE,GA,,,,127201244.5183848,163414573.70178774,125305874.83453387,9287951.27321574,437.0,Construction,5.0,BBB,Baa2,3.288117373700393,3.209104338694183,1.7090258954990851,2026-06-30
CP-C-00034,CORPORATE,NY,,,,58008833.96041885,41604855.79751789,20610461.266521137,8434758.366780229,200.0,Retail,6.0,BBB-,Baa3,0.9817125821890806,3.981263563614525,0.7654266274023457,2026-06-30
CP-C-00035,CORPORATE,TX,,,,10787086.39595615,17506441.130529597,10760650.274906848,1056420.7779868266,48.0,Real Estate,5.0,BBB,Baa2,1.5951651192888128,2.1261567609459235,1.5193991218567133,2026-06-30
CP-C-00036,CORPORATE,VA,,,,104177486.60966231,73922126.70529287,43905027.77180133,8106301.278804617,536.0,Real Estate,4.0,BBB+,Baa1,1.4626672573882336,1.0458829273617511,1.5179315814880074,2026-06-30
CP-C-00037,CORPORATE,TX,,,,32993662.417708427,27788663.649192147,17760394.715429157,7461172.916550584,196.0,Construction,5.0,BBB,Baa2,1.7710329502267121,5.316732641992855,2.921473945140294,2026-06-30
CP-C-00038,CORPORATE,NY,,,,4728693.850893854,4354263.780355407,3351470.0667496123,377542.3665343087,18.0,Healthcare,6.0,BBB-,Baa3,3.8697521377346535,2.174252490617562,1.1966867450056666,2026-06-30
CP-C-00039,CORPORATE,TX,,,,7495607.128579622,5833025.942253752,3801560.367034074,1337535.6935970443,27.0,Retail,4.0,BBB+,Baa1,1.871338807512396,3.840058215078621,1.6705418930420368,2026-06-30
CP-C-00040,CORPORATE,NY,,,,18872555.665718745,14922991.758043198,7591508.863073652,3463952.5639195843,80.0,Transportation,6.0,BBB-,Baa3,1.035467036045671,1.003155452797073,1.5288041192112423,2026-06-30
CP-C-00041,CORPORATE,NY,,,,69745840.1575968,94184443.08333814,51227362.42475109,10836385.816541675,214.0,Hospitality,6.0,BBB-,Baa3,1.1925242972606616,3.0270697387815684,1.606790021036138,2026-06-30
CP-C-00042,CORPORATE,NY,,,,158658568.61208358,207334269.45108804,152459902.84636065,10653559.299781939,705.0,Technology,7.0,BB+,Ba1,2.7783446494164434,5.310647616044026,2.502420661527952,2026-06-30
CP-C-00043,CORPORATE,NC,,,,16225057.597115487,20855457.852060106,9857209.034411773,3239610.20198455,91.0,Retail,7.0,BB+,Ba1,0.8962525941943057,3.5881587670911617,2.166905238016393,2026-06-30
CP-C-00044,CORPORATE,TX,,,,3853415.4877226437,4835414.829492625,2858516.1686799987,692437.6947418102,14.0,Transportation,7.0,BB+,Ba1,1.5855129195913178,2.15929582703828,2.55273726401597,2026-06-30
CP-C-00045,CORPORATE,TX,,,,496530295.5825338,637792439.4730865,491493764.8028228,49082802.09620819,1516.0,Healthcare,6.0,BBB-,Baa3,3.359523016258209,2.221279606171776,0.8934703650422184,2026-06-30
CP-C-00046,CORPORATE,GA,,,,25431170.90673259,34100247.8801467,16701032.270283015,3921679.6152856844,76.0,Transportation,5.0,BBB,Baa2,0.9598727117798999,1.9656830902393134,1.4732495238502947,2026-06-30
CP-C-00047,CORPORATE,CA,,,,9260919.94838886,8828758.880431928,4336448.25597077,589342.7128573968,31.0,Construction,6.0,BBB-,Baa3,0.9653046323997054,0.7832427217927764,1.245445023205306,2026-06-30
CP-C-00048,CORPORATE,NY,,,,36376045.638955876,55193425.313647546,37807278.630344294,8164276.2559191175,212.0,Hospitality,6.0,BBB-,Baa3,2.1745634221901757,1.0143380755961302,1.2983363992897115,2026-06-30
CP-C-00049,CORPORATE,TX,,,,20465716.84752779,27527613.03380923,12745446.13217965,3644148.124591557,92.0,Construction,7.0,BB+,Ba1,0.8622177125313473,1.7103072418597942,0.9400138643119234,2026-06-30
CP-C-00050,CORPORATE,GA,,,,34728551.05792998,41256963.93882621,31821201.90220873,7023290.899237521,148.0,Transportation,4.0,BBB+,Baa1,3.372404028283015,0.9962951582001434,1.6961991264425127,2026-06-30
CP-C-00051,CORPORATE,NC,,,,6320007.504658356,8886239.035949107,6452524.5949927475,460794.3136043499,29.0,Healthcare,5.0,BBB,Baa2,2.651307189703466,4.023797157985691,2.424881388847039,2026-06-30
CP-C-00052,CORPORATE,NC,,,,29370330.15722895,49121983.114358455,34733880.647056915,5621214.041530167,87.0,Retail,5.0,BBB,Baa2,2.4140695915943926,6.135216921714879,2.2707822692264363,2026-06-30
CP-C-00053,CORPORATE,NC,,,,71487513.08755049,116865785.04421885,65128248.9017254,13735020.495682811,352.0,Manufacturing,4.0,BBB+,Baa1,1.2588200706417825,1.3666883781265193,1.0048464855434793,2026-06-30
CP-C-00054,CORPORATE,TX,,,,83717437.00247166,78040065.8445223,46395055.416896105,5245787.6684256345,377.0,Technology,5.0,BBB,Baa2,1.466109658045588,4.9039660076160745,2.004768604305083,2026-06-30
CP-C-00055,CORPORATE,CA,,,,35704735.283765376,26215540.47706044,15625918.86951118,6724660.604938559,133.0,Transportation,7.0,BB+,Ba1,1.590026412701171,2.8794543155956043,1.3304224220416525,2026-06-30
CP-C-00056,CORPORATE,TX,,,,253309571.62369192,255363115.74535006,155039673.06915838,58186644.887063555,822.0,Manufacturing,5.0,BBB,Baa2,1.5453982532235382,2.0548263336790167,2.23316510732945,2026-06-30
CP-C-00057,CORPORATE,NC,,,,43531856.78977294,58174323.924652256,42457202.673728086,10086112.008834684,186.0,Retail,4.0,BBB+,Baa1,2.7013345507677884,3.3519486814528476,1.3759324612616581,2026-06-30
CP-C-00058,CORPORATE,VA,,,,47386492.890348226,66849938.64023458,36712601.12128017,6804950.976895129,155.0,Real Estate,4.0,BBB+,Baa1,1.218176658710822,2.315714580188967,1.914457172307572,2026-06-30
CP-C-00059,CORPORATE,NY,,,,74695625.74419232,100299869.1442952,66333834.05265149,10442693.219503073,220.0,Transportation,5.0,BBB,Baa2,1.9529460495956115,3.7022954031379554,1.7679274113737682,2026-06-30
CP-C-00060,CORPORATE,TX,,,,19857184.90382766,19382008.693230767,10876076.157546943,4755961.933554812,91.0,Hospitality,6.0,BBB-,Baa3,1.2786459464520754,1.5389743772151727,2.182331203593733,2026-06-30
CP-C-00061,CORPORATE,FL,,,,62480671.37854591,47420746.25341987,27734184.13405569,11341075.603249192,363.0,Construction,3.0,A,A2,1.40878757631205,3.336466179771121,1.4313545184169292,2026-06-30
CP-C-00062,CORPORATE,NC,,,,102832867.74009293,174272182.78723535,73041221.12248898,19486358.531598363,308.0,Construction,3.0,A,A2,0.7215304480104088,1.9775333422136827,1.586118175407259,2026-06-30
CP-C-00063,CORPORATE,CA,,,,70923131.48617153,117095989.7516692,75320582.35182917,16002297.139352236,338.0,Technology,5.0,BBB,Baa2,1.8029885772488625,2.2798532008402357,1.7576536753974619,2026-06-30
CP-C-00064,CORPORATE,TX,,,,75513853.50729303,54301098.02694196,20517245.22158284,9971037.878624521,401.0,Healthcare,7.0,BB+,Ba1,0.6073092178026598,1.4961850019695881,1.5374676758342676,2026-06-30
CP-C-00065,CORPORATE,GA,,,,119669626.11436132,145490752.11921418,60533610.60176952,19821562.120452657,441.0,Real Estate,5.0,BBB,Baa2,0.7125193894304914,1.9043414847086937,1.59379426532856,2026-06-30
CP-C-00066,CORPORATE,TX,,,,22976855.577005114,29601241.283614628,15967595.370317997,4765867.4527207725,91.0,Healthcare,6.0,BBB-,Baa3,1.1711904117111558,1.9853215081107267,2.4597608220735534,2026-06-30
CP-C-00067,CORPORATE,CA,,,,34903579.12300359,54224853.71407773,25428272.467109263,7581490.822041125,172.0,Hospitality,4.0,BBB+,Baa1,0.8830309490223323,3.179897319026187,0.8130749091217326,2026-06-30
CP-C-00068,CORPORATE,NC,,,,33018640.253072105,52917261.44340407,30818235.41354368,8115343.591198847,113.0,Manufacturing,4.0,BBB+,Baa1,1.394551749561353,3.463558898331289,1.7701610188875398,2026-06-30
CP-C-00069,CORPORATE,FL,,,,41472300.846282445,32992441.94547134,12210613.708603226,10240109.633571973,260.0,Retail,3.0,A,A2,0.5875620551487823,6.735078130941941,1.5970742879492965,2026-06-30
CP-C-00070,CORPORATE,VA,,,,180979164.52361998,253205823.38456357,147921212.28896984,16405833.090402216,973.0,Transportation,4.0,BBB+,Baa1,1.4049651772438425,1.01072511718037,0.5946511555485496,2026-06-30
CP-C-00071,CORPORATE,NY,,,,47440291.86333973,78110163.25471029,52681118.35495053,4484437.1293906495,175.0,Retail,5.0,BBB,Baa2,2.071690799344503,3.4148580057405433,1.3129046650125038,2026-06-30
CP-C-00072,CORPORATE,NY,,,,28129846.5558366,45060770.42728246,23889041.127978213,2893341.8048047284,104.0,Retail,4.0,BBB+,Baa1,1.1283462389991576,2.312069757740986,1.3884001194390485,2026-06-30
CP-C-00073,CORPORATE,CA,,,,58610559.93734979,44909959.85004447,33152061.540638633,8528878.817587646,178.0,Manufacturing,5.0,BBB,Baa2,2.8195567497057143,1.9677077648026926,2.702679839384299,2026-06-30
CP-C-00074,CORPORATE,FL,,,,46297016.125406764,75075558.06456378,48499199.339180216,7378533.432350534,307.0,Hospitality,5.0,BBB,Baa2,1.8249000865892795,2.1058842247982517,1.474249092655982,2026-06-30
CP-C-00075,CORPORATE,GA,,,,34356069.92967474,35309449.9509981,22091307.71610065,4745734.917360814,132.0,Technology,3.0,A,A2,1.671286881584388,1.4915559569257566,1.5471826424102104,2026-06-30
CP-C-00076,CORPORATE,NY,,,,162414135.2673248,239124086.9092729,143066325.56361386,21855835.315700654,630.0,Hospitality,5.0,BBB,Baa2,1.489378094590367,2.920245694690222,1.1343825388700821,2026-06-30
CP-C-00077,CORPORATE,VA,,,,38446818.05400426,36665543.03363625,20930432.291206528,9105966.976671774,140.0,Retail,4.0,BBB+,Baa1,1.3301738153496194,2.924022129245731,1.00966972010372,2026-06-30
CP-C-00078,CORPORATE,GA,,,,279220917.52314395,331795731.8673993,197773718.64115247,50646403.230658926,1452.0,Transportation,1.0,AAA,Aaa,1.475680851826068,3.2893744823751985,2.5696464945004447,2026-06-30
CP-C-00079,CORPORATE,VA,,,,19619505.645217247,25800104.51881688,15470699.65312831,4674773.531255882,87.0,Hospitality,5.0,BBB,Baa2,1.4977338824734907,4.946681335489487,2.0368124386883077,2026-06-30
CP-C-00080,CORPORATE,NY,,,,103503303.33812779,111007005.01209705,87357192.06823838,11416500.30805035,334.0,Transportation,5.0,BBB,Baa2,3.907764774907087,1.768228139530436,2.260974093240179,2026-06-30
CP-C-00081,CORPORATE,CA,,,,42136861.44125708,38949656.566687025,18052752.686757848,7082163.678633133,168.0,Real Estate,5.0,BBB,Baa2,0.8638960484522756,1.9492890830313438,2.398956456865495,2026-06-30
CP-C-00082,CORPORATE,VA,,,,67000722.062162325,69605647.98863345,37739888.957563765,16602557.578896249,426.0,Real Estate,5.0,BBB,Baa2,1.1843398715457143,1.6778219439934905,1.7591028517661615,2026-06-30
CP-C-00083,CORPORATE,NC,,,,65568621.948094256,66962948.879011564,45119571.45555081,5437893.962250983,201.0,Construction,6.0,BBB-,Baa3,2.065595012202206,2.07880303571755,2.0477739771611305,2026-06-30
CP-C-00084,CORPORATE,GA,,,,74755860.01437786,69573168.42646864,29927567.420481607,14691375.048602464,290.0,Technology,4.0,BBB+,Baa1,0.7548773801149372,2.4308336814742026,1.5702835670191508,2026-06-30
CP-C-00085,CORPORATE,TX,,,,55697311.5114774,78250024.38309816,43834226.66466825,7981276.650193356,184.0,Hospitality,5.0,BBB,Baa2,1.2736658619188335,0.8310550160822482,1.8028890294487419,2026-06-30
CP-C-00086,CORPORATE,VA,,,,32380704.75161097,53231080.128897585,26921868.859614085,2919058.5424748305,211.0,Manufacturing,7.0,BB+,Ba1,1.0232868094774803,1.8452993198550354,2.381467098746794,2026-06-30
CP-C-00087,CORPORATE,CA,,,,118284997.62268978,88772793.3661259,62245658.04135631,12351165.39437412,554.0,Transportation,5.0,BBB,Baa2,2.3464900102965407,1.087055778209223,1.8997245360988142,2026-06-30
CP-C-00088,CORPORATE,TX,,,,24294724.504091017,25141941.019014675,16658090.832128862,2771210.917105246,88.0,Transportation,5.0,BBB,Baa2,1.9635060102639075,8.004241323699748,2.05071591920293,2026-06-30
CP-C-00089,CORPORATE,NC,,,,210651130.49588796,180001965.88743865,107344136.60873102,49288703.410936676,863.0,Technology,5.0,BBB,Baa2,1.4773925628437152,3.2823248037247845,2.021960123808501,2026-06-30
CP-C-00090,CORPORATE,FL,,,,40922158.3226697,53949981.26299015,36712588.666023925,6633607.214767114,133.0,Manufacturing,7.0,BB+,Ba1,2.1298226201847563,2.382978326859906,1.3790621766337225,2026-06-30
CP-C-00091,CORPORATE,GA,,,,7108267.874655917,5543997.2993214885,3179137.216307669,1661283.263072908,34.0,Real Estate,6.0,BBB-,Baa3,1.3443235983145858,1.5650268186648397,1.3551247134748239,2026-06-30
CP-C-00092,CORPORATE,VA,,,,20650113.007578917,31809778.522285707,20961381.747021195,5047364.809538121,87.0,Construction,6.0,BBB-,Baa3,1.9322100934596478,1.5236751478452057,1.7560003513265383,2026-06-30
CP-C-00093,CORPORATE,NY,,,,83234309.68601158,104748147.362536,78628366.99147533,15155700.59766806,427.0,Healthcare,6.0,BBB-,Baa3,3.0102996990966795,1.919775640521269,1.8914779114209161,2026-06-30
CP-C-00094,CORPORATE,GA,,,,20210016.738362577,32281617.811491944,20682509.978138853,3759343.7161963824,67.0,Technology,6.0,BBB-,Baa3,1.7831121389066278,1.48195392894653,1.6272324858653602,2026-06-30
CP-C-00095,CORPORATE,TX,,,,35697300.08753728,25647277.400662716,19039487.63689556,7304959.982049345,138.0,Real Estate,6.0,BBB-,Baa3,2.8813700673855855,1.6088654650447265,1.1914781673653045,2026-06-30
CP-C-00096,CORPORATE,NC,,,,135787150.3811954,121896255.33265851,67144840.44762722,20633105.869768377,509.0,Retail,5.0,BBB,Baa2,1.226358087523766,1.013061010809677,2.2971249359388017,2026-06-30
CP-C-00097,CORPORATE,NC,,,,5956572.468357465,5318220.770310747,3546107.6289741527,1482256.6758935081,20.0,Construction,5.0,BBB,Baa2,2.0010616400595866,7.514478468502569,1.2463544437870047,2026-06-30
CP-C-00098,CORPORATE,TX,,,,311437527.77456117,408550560.1961397,230464104.69838622,28491870.343457967,1666.0,Manufacturing,6.0,BBB-,Baa3,1.2941136037226224,0.6333516508955761,1.6608713166086488,2026-06-30
CP-C-00099,CORPORATE,VA,,,,37395624.310645126,31845415.38208892,20040613.495863657,3598607.0366922067,163.0,Hospitality,5.0,BBB,Baa2,1.6976662284564528,2.7433720168194657,2.1020067155944107,2026-06-30
CP-C-00100,CORPORATE,NY,,,,41757606.85000934,68490540.62599458,38131203.58842976,5910310.281990846,169.0,Transportation,4.0,BBB+,Baa1,1.25599592445805,15.0,1.4341318397967167,2026-06-30
CP-C-00101,CORPORATE,FL,,,,6898744.001148866,9732990.454379508,5628257.34385888,858256.2091568472,33.0,Real Estate,5.0,BBB,Baa2,1.3711627997039282,3.224187434740804,1.902011503270812,2026-06-30
CP-C-00102,CORPORATE,GA,,,,26608596.926211566,41159855.28704659,20114687.35447546,4743999.688842426,110.0,Hospitality,4.0,BBB+,Baa1,0.9557864978280557,4.4157379449628955,1.2941612399902076,2026-06-30
CP-C-00103,CORPORATE,NY,,,,9009987.929448407,12763936.199618291,5201915.346604762,1636847.960399223,46.0,Construction,1.0,AAA,Aaa,0.6879001589279873,2.6183377941688555,1.7751935354061725,2026-06-30
CP-C-00104,CORPORATE,NC,,,,24258821.04917881,19871867.70196408,15361197.854895027,5649652.324098533,116.0,Healthcare,6.0,BBB-,Baa3,3.4055247614445627,1.1718813709445572,0.4,2026-06-30
CP-C-00105,CORPORATE,NY,,,,54510923.17481099,75388648.60632238,38432580.99230933,4640404.786126116,325.0,Healthcare,5.0,BBB,Baa2,1.0399532058907808,1.5150114087039146,1.6100855346253131,2026-06-30
CP-C-00106,CORPORATE,TX,,,,34510874.86003062,53403112.54155016,22144401.498436075,7034424.274617236,178.0,Real Estate,4.0,BBB+,Baa1,0.7084233725406351,1.7845770118349316,0.7674769642217643,2026-06-30
CP-C-00107,CORPORATE,FL,,,,297223748.5961988,472139224.74201524,217031957.71418616,63789447.98694575,1012.0,Construction,5.0,BBB,Baa2,0.8507478451819667,1.1521266805347339,0.9529695071559849,2026-06-30
CP-C-00108,CORPORATE,FL,,,,13453508.17921532,20618564.70699183,13551014.43205088,3355310.323325394,41.0,Manufacturing,4.0,BBB+,Baa1,1.9173566377161853,3.4883890899712138,1.3423237849326084,2026-06-30
CP-C-00109,CORPORATE,TX,,,,51554201.12276524,41161134.8422453,28093468.96057146,12567796.474010158,245.0,Hospitality,6.0,BBB-,Baa3,2.1498459797606144,2.244511657445409,1.0921400025974375,2026-06-30
CP-C-00110,CORPORATE,NY,,,,81959070.06356038,58754960.96192457,32387714.571290754,15790368.133051042,289.0,Hospitality,7.0,BB+,Ba1,1.2283313202851371,0.7204915785882808,2.287578850121469,2026-06-30
CP-C-00111,CORPORATE,NC,,,,39228183.83499599,62163405.4229081,45063167.471101075,7319264.3146067625,260.0,Hospitality,7.0,BB+,Ba1,2.7357087963284554,3.365019980884782,1.8309749979515062,2026-06-30
CP-C-00112,CORPORATE,VA,,,,119949872.40521696,95602009.65764609,49293889.37282236,12428824.471888158,376.0,Manufacturing,5.0,BBB,Baa2,1.0644761452124225,1.590166572238478,1.7636808701796416,2026-06-30
CP-C-00113,CORPORATE,NY,,,,33926196.70633132,38019730.95831201,27036952.405206524,6546299.009433782,153.0,Hospitality,7.0,BB+,Ba1,2.461758859515706,1.670950295894343,1.1068005163132162,2026-06-30
CP-C-00114,CORPORATE,GA,,,,50598825.89040849,45180663.79378634,36154332.08699811,12009168.398858702,182.0,Retail,4.0,BBB+,Baa1,4.005429144578007,4.866790673902956,0.5198511563210046,2026-06-30
CP-C-00115,CORPORATE,NY,,,,232454505.38286847,291743877.9095442,175389881.56699997,51684079.00125287,856.0,Hospitality,7.0,BB+,Ba1,1.5073816721400357,1.2261249732111237,1.6493890397725302,2026-06-30
CP-C-00116,CORPORATE,NC,,,,9238934.371970832,7423452.599961641,5438273.667221397,2106896.370779202,42.0,Healthcare,5.0,BBB,Baa2,2.73943752753545,2.96933554684903,2.6555761519652057,2026-06-30
CP-C-00117,CORPORATE,NC,,,,49934261.84670401,56764211.189922765,19595961.706583306,9655217.369754847,170.0,Construction,4.0,BBB+,Baa1,0.5272231536049911,5.77261811130989,1.7804198467725076,2026-06-30
CP-C-00118,CORPORATE,VA,,,,90792459.44926026,77588730.77532402,47305718.40818083,5960945.700523844,349.0,Real Estate,5.0,BBB,Baa2,1.562120631681515,3.22470310458884,1.0290439529360296,2026-06-30
CP-C-00119,CORPORATE,CA,,,,30870284.40071872,51247667.1983695,33387036.21971338,2884891.292204644,108.0,Hospitality,5.0,BBB,Baa2,1.86930888721746,5.835224708268617,2.113815508651665,2026-06-30
CP-C-00120,CORPORATE,GA,,,,87911734.74165882,125169619.48835719,75945000.81678127,6342727.540375391,331.0,Construction,2.0,AA,Aa2,1.5428255792793915,1.632343355381482,2.758001677624865,2026-06-30
CP-C-00121,CORPORATE,GA,,,,26977359.380874224,30544893.445572257,21662995.722382184,3344157.9870690773,143.0,Transportation,6.0,BBB-,Baa3,2.5154446033098723,1.9923748882416494,1.390395941428441,2026-06-30
CP-C-00122,CORPORATE,VA,,,,112576956.20322439,85540748.01051104,46315660.86554399,16269807.993918344,631.0,Retail,6.0,BBB-,Baa3,1.1807662961811092,6.194960642968991,1.9855821832228273,2026-06-30
CP-C-00123,CORPORATE,NC,,,,21115570.947481938,22337944.700530756,14724232.488347918,1477532.236960661,75.0,Construction,9.0,BB-,Ba3,2.186118962843736,4.079302670153311,2.202835631051544,2026-06-30
CP-C-00124,CORPORATE,NY,,,,12691057.126414947,12009311.206093747,5804969.097157116,1814729.0915083764,37.0,Technology,6.0,BBB-,Baa3,0.9356300789403176,2.000779973487645,2.1275656283724502,2026-06-30
CP-C-00125,CORPORATE,TX,,,,45014203.378384575,47951146.559213996,27556376.536889493,8910338.731244743,239.0,Technology,5.0,BBB,Baa2,1.3511491674937128,3.117578179079614,1.9683354418191727,2026-06-30
CP-C-00126,CORPORATE,TX,,,,51758310.81950851,51369358.96484422,31899195.586113323,5092413.001989702,184.0,Manufacturing,6.0,BBB-,Baa3,1.6383630155338003,0.8953412965205675,1.6391285905624164,2026-06-30
CP-C-00127,CORPORATE,TX,,,,24977003.950627767,30101878.240126114,21926299.32424726,4824308.127978102,91.0,Transportation,7.0,BB+,Ba1,2.6819262036186027,0.791815692045672,0.9335052550471208,2026-06-30
CP-C-00128,CORPORATE,NC,,,,20864254.881905384,33106159.779794626,16112868.39961217,2097100.5899699107,118.0,Manufacturing,6.0,BBB-,Baa3,0.9481899673893055,2.0672325402709277,2.3856060550905696,2026-06-30
CP-C-00129,CORPORATE,NC,,,,127972487.08484931,131148993.69344893,83770128.60732292,12338242.367256345,577.0,Hospitality,6.0,BBB-,Baa3,1.7680906550852225,4.057700583710767,1.9395768551503731,2026-06-30
CP-C-00130,CORPORATE,GA,,,,153316620.28432572,115933136.21266174,63337971.34088881,27943038.024154477,551.0,Healthcare,4.0,BBB+,Baa1,1.326634925979847,1.4578449150638146,0.9918609902790753,2026-06-30
CP-C-00131,CORPORATE,FL,,,,204409821.67667028,204444139.53443667,127256298.37133062,48170127.03239237,636.0,Construction,4.0,BBB+,Baa1,1.6486573073396962,4.504858631336608,1.8866295954509118,2026-06-30
CP-C-00132,CORPORATE,TX,,,,219421534.80964884,282871819.85020006,170069713.1562184,16978581.05394081,815.0,Construction,4.0,BBB+,Baa1,1.5076820649954419,1.4924880096551305,1.5120508707532103,2026-06-30
CP-C-00133,CORPORATE,NC,,,,109710771.22151555,158442426.7412123,98919565.27506289,8732235.697280446,374.0,Manufacturing,7.0,BB+,Ba1,1.66187516591954,4.38868646959442,1.6770275299088426,2026-06-30
CP-C-00134,CORPORATE,TX,,,,77668858.66449921,54703476.381990254,35016808.05927184,12278395.901422936,384.0,Retail,6.0,BBB-,Baa3,1.77870666002243,3.6027154987319885,1.8236331323660264,2026-06-30
CP-C-00135,CORPORATE,FL,,,,39322611.66555982,29571371.434203207,16130736.452809019,3665334.186100328,141.0,Healthcare,5.0,BBB,Baa2,1.2001469034118346,4.251924721791115,1.3126498485896503,2026-06-30
CP-C-00136,CORPORATE,FL,,,,21513226.230335347,23390324.167921215,12608199.19038179,4358389.596047928,65.0,Healthcare,8.0,BB,Ba2,1.1693612545436372,1.6608280745206954,1.566483064819679,2026-06-30
CP-C-00137,CORPORATE,TX,,,,57822277.22474397,77515091.70691341,51657887.47163041,6968444.552940555,286.0,Manufacturing,6.0,BBB-,Baa3,1.9978141102022742,3.223655297498757,1.359174018685935,2026-06-30
CP-C-00138,CORPORATE,VA,,,,29908632.88202825,49089419.42680651,24807589.24434647,3525690.2206575023,99.0,Technology,3.0,A,A2,1.0216523654903993,1.4875540133196337,1.0165000214754638,2026-06-30
CP-C-00139,CORPORATE,NY,,,,28297361.32715221,20366658.33049408,11710052.594347652,6623337.595284836,177.0,Construction,5.0,BBB,Baa2,1.3527302676441975,1.9301151212284329,1.3063018274155653,2026-06-30
CP-C-00140,CORPORATE,NY,,,,37939143.49968896,55371285.96874156,27010134.397362653,8252935.513913444,147.0,Hospitality,4.0,BBB+,Baa1,0.9523638110879937,1.5870629166564096,0.9275463842488333,2026-06-30
CP-C-00141,CORPORATE,TX,,,,37772764.59861863,50571708.60835019,25859013.47612814,7948693.293908136,122.0,Manufacturing,4.0,BBB+,Baa1,1.046385808499351,3.4626486389240045,1.3981979569512584,2026-06-30
CP-C-00142,CORPORATE,TX,,,,111975583.22210272,183161447.63258365,134464778.88191578,7687018.751930901,612.0,Construction,3.0,A,A2,2.761272635924846,2.5251066800933186,0.9695754828831472,2026-06-30
CP-C-00143,CORPORATE,VA,,,,14489098.662729183,22326097.599906486,13529279.557389596,3081737.795779418,53.0,Manufacturing,5.0,BBB,Baa2,1.5379742415950535,2.7427499157475235,2.1852020235602643,2026-06-30
CP-C-00144,CORPORATE,TX,,,,18977103.026373558,22478554.118990082,11635791.77575792,1895825.4450667317,120.0,Hospitality,4.0,BBB+,Baa1,1.0731390587953589,1.3104089323602008,2.0339499047797696,2026-06-30
CP-C-00145,CORPORATE,NY,,,,60968736.95385123,60288350.41165308,40047113.3186858,14787593.061391495,225.0,Hospitality,2.0,AA,Aa2,2.3219967165419213,2.5294238754358718,0.8900327900452306,2026-06-30
CP-C-00146,CORPORATE,FL,,,,42880680.00783032,32980083.644882664,22879429.766820587,9216377.93292946,207.0,Transportation,8.0,BB,Ba2,2.2651434296261876,1.4958365939293428,1.531072738054028,2026-06-30
CP-C-00147,CORPORATE,VA,,,,50840917.13488053,42275012.474701114,27435920.75723219,10939562.7840877,274.0,Transportation,6.0,BBB-,Baa3,1.84889488383807,1.7142824480987517,1.666418551111982,2026-06-30
CP-C-00148,CORPORATE,NY,,,,32263530.584879983,32843466.816704277,17443326.507211663,5634394.977845414,121.0,Technology,4.0,BBB+,Baa1,1.1326732196368126,1.9163405217363885,1.7537831354059412,2026-06-30
CP-C-00149,CORPORATE,FL,,,,108695572.39950871,157493376.45113713,107366493.69380116,20963469.91475141,351.0,Technology,6.0,BBB-,Baa3,2.1418944843141747,4.482061673816093,1.1914753024831268,2026-06-30
CP-C-00150,CORPORATE,NY,,,,29069192.27653346,30283763.120628063,14271442.086560125,4105587.46939078,142.0,Construction,6.0,BBB-,Baa3,1.0632836804349166,1.8029489371878282,2.1432128210018346,2026-06-30
CP-C-00151,CORPORATE,TX,,,,120723094.2707977,93261260.7497584,52195267.26200243,18616513.34248925,382.0,Real Estate,5.0,BBB,Baa2,1.3960691168440182,0.9702928655602138,0.7247248492592756,2026-06-30
CP-C-00152,CORPORATE,TX,,,,10261841.077176398,12329613.621159704,7248218.168287768,1528040.290100297,41.0,Manufacturing,6.0,BBB-,Baa3,1.4264227682163912,2.864735533778474,2.136414897174941,2026-06-30
CP-C-00153,CORPORATE,GA,,,,41928601.20995374,41098680.15993338,28659771.87446955,3919065.4957381827,181.0,Transportation,4.0,BBB+,Baa1,2.3040423819155804,2.1766468006079513,0.4,2026-06-30
CP-C-00154,CORPORATE,CA,,,,11596407.695135692,17940980.6348492,12658431.290769331,883448.8510460053,47.0,Transportation,5.0,BBB,Baa2,2.505292203241635,2.806678488059457,1.852229335392832,2026-06-30
CP-C-00155,CORPORATE,NY,,,,51523963.48554909,86646134.30373228,44703839.9097949,9846327.810587939,184.0,Hospitality,5.0,BBB,Baa2,1.0658415462425608,2.6792522921964324,2.2195677563335883,2026-06-30
CP-C-00156,CORPORATE,FL,,,,40394193.40718104,34048928.26769294,17571373.29203153,5107071.844648631,237.0,Technology,2.0,AA,Aa2,1.0663823193420243,3.0690831752156695,1.7196178267642477,2026-06-30
CP-C-00157,CORPORATE,NY,,,,10823899.002744528,8731010.491626507,5442338.142178414,1312349.4509240806,42.0,Manufacturing,6.0,BBB-,Baa3,1.6548739320570354,5.379939809987317,1.247481677163986,2026-06-30
CP-C-00158,CORPORATE,CA,,,,526366910.90602297,777527458.8252792,451125477.2512415,42942691.73847598,2488.0,Hospitality,6.0,BBB-,Baa3,1.382116233105383,3.857184388857128,1.576527633053851,2026-06-30
CP-C-00159,CORPORATE,TX,,,,32998957.3264707,51622537.633026235,31832012.380151518,7507202.354498589,104.0,Healthcare,6.0,BBB-,Baa3,1.6084470711825942,5.013482826452982,0.706665841965962,2026-06-30
CP-C-00160,CORPORATE,FL,,,,34082426.76798027,28325946.91087631,19308536.39062148,6261487.54986235,215.0,Construction,6.0,BBB-,Baa3,2.3915121917045963,1.9329822051371355,2.0401259793113806,2026-06-30
CP-C-00161,CORPORATE,FL,,,,21243593.532293703,21990289.72084959,10721140.722172476,2485369.129295644,118.0,Retail,4.0,BBB+,Baa1,0.9513709263610796,3.6808327800848133,0.6742659424449822,2026-06-30
CP-C-00162,CORPORATE,NY,,,,12762164.199006932,17052377.45895265,10099154.710795023,1397999.9579722325,42.0,Construction,7.0,BB+,Ba1,1.55405150429464,0.8892048752838485,1.2165283791283261,2026-06-30
CP-C-00163,CORPORATE,CA,,,,162694250.66814354,232644470.4751193,134230998.8859032,23781765.69982801,854.0,Retail,6.0,BBB-,Baa3,1.3639494341403957,4.147513549160615,1.293624997516545,2026-06-30
CP-C-00164,CORPORATE,NY,,,,57794490.82535855,60180125.411504336,37563236.893405065,5852721.232972542,333.0,Technology,5.0,BBB,Baa2,1.6608490095065427,4.259756641152458,1.261071207029886,2026-06-30
CP-C-00165,CORPORATE,VA,,,,189478743.97422838,312900295.32871693,215649891.0749054,16442853.961067086,1193.0,Transportation,6.0,BBB-,Baa3,2.217470382046802,1.2257039896014719,1.6582538766680393,2026-06-30
CP-C-00166,CORPORATE,TX,,,,73763233.27666819,54409929.13563437,37822817.60880639,11179978.40513632,293.0,Construction,6.0,BBB-,Baa3,2.2802534092588567,1.6973535179183599,2.3741963548584266,2026-06-30
CP-C-00167,CORPORATE,FL,,,,24606401.52806945,19370809.893572226,10749369.66409298,1521159.3402334861,74.0,Construction,6.0,BBB-,Baa3,1.2468183247780016,4.141119450486362,2.1925117394324865,2026-06-30
CP-C-00168,CORPORATE,FL,,,,39721083.42660132,41278223.444810465,29185251.81434316,8078329.02223797,208.0,Real Estate,4.0,BBB+,Baa1,2.413406125985872,2.6567219087326475,1.6601287687036177,2026-06-30
CP-C-00169,CORPORATE,NC,,,,13987355.435810562,15571173.4512803,8560169.038923765,3406683.2009277893,65.0,Retail,6.0,BBB-,Baa3,1.2209618672949207,2.940330476467463,0.80853545339805,2026-06-30
CP-C-00170,CORPORATE,VA,,,,58937366.68360501,62899122.361672096,38520687.92835658,5812156.8384895185,191.0,Manufacturing,4.0,BBB+,Baa1,1.5801132773199857,11.103129713296205,1.7580540080447544,2026-06-30
CP-C-00171,CORPORATE,TX,,,,31280276.26217179,31588129.873017844,16446646.413424354,7030943.68645957,97.0,Construction,5.0,BBB,Baa2,1.0861978258150078,1.154249353010532,1.5997158706695351,2026-06-30
CP-C-00172,CORPORATE,CA,,,,28037656.83848098,28599226.010801267,11334884.55374236,3812071.97691546,82.0,Retail,4.0,BBB+,Baa1,0.6565489093189734,2.932916486991172,1.7025531388514452,2026-06-30
CP-C-00173,CORPORATE,NC,,,,28304474.473952536,30280524.105188344,12749718.581374623,5699065.8258307595,117.0,Real Estate,4.0,BBB+,Baa1,0.7272751137450871,3.775236314391726,0.9839963808789309,2026-06-30
CP-C-00174,CORPORATE,CA,,,,21671598.19616106,34273568.88679122,22293134.839673996,3661587.1300690123,90.0,Manufacturing,6.0,BBB-,Baa3,1.860795255998112,1.1808239793196027,1.5929274105110274,2026-06-30
CP-C-00175,CORPORATE,GA,,,,31713162.86776913,47592444.98412866,25572510.093241166,2091413.4007667168,96.0,Manufacturing,6.0,BBB-,Baa3,1.161334500758394,1.36268469329028,0.8225660825472321,2026-06-30
CP-C-00176,CORPORATE,FL,,,,14149460.426106442,10179442.050507484,6784623.689465134,2663359.6462745005,44.0,Retail,6.0,BBB-,Baa3,1.9985233281765253,3.1023060666379045,1.1710552011794055,2026-06-30
CP-C-00177,CORPORATE,NY,,,,18884209.098911833,20136622.538143877,16141256.3453932,3850248.5131357037,63.0,Manufacturing,7.0,BB+,Ba1,4.039994224980034,2.1003252314295544,1.5995943362308418,2026-06-30
CP-C-00178,CORPORATE,TX,,,,67713734.7726515,111022410.49475458,70546390.12425737,9248500.721970944,306.0,Real Estate,2.0,AA,Aa2,1.742918139641967,2.8171956538281497,2.138806861418301,2026-06-30
CP-C-00179,CORPORATE,FL,,,,26279452.754427515,31913775.905842237,18479424.20380247,5315055.461716644,99.0,Healthcare,7.0,BB+,Ba1,1.4854252669740569,2.600798552007909,2.7592587100193553,2026-06-30
CP-C-00180,CORPORATE,GA,,,,39951835.06835883,52094852.58183136,20336469.327451084,3842871.8328229925,128.0,Manufacturing,4.0,BBB+,Baa1,0.6403496413705559,4.494083912462539,2.0769574439786225,2026-06-30
CP-C-00181,CORPORATE,VA,,,,56317088.87974294,74720665.84306149,52731403.23218764,12083389.630869618,179.0,Retail,6.0,BBB-,Baa3,2.3980523660721382,1.3435127174318142,2.5412100461677403,2026-06-30
CP-C-00182,CORPORATE,NY,,,,114625258.22916405,158924887.93083692,102285613.13762204,23578631.89879807,604.0,Construction,3.0,A,A2,1.8059131849950056,2.1600703742297798,1.633349872256702,2026-06-30
CP-C-00183,CORPORATE,VA,,,,17695539.753317855,26245157.287495915,16941056.143166173,3186388.2862484753,104.0,Technology,4.0,BBB+,Baa1,1.8208159907516346,1.792786834688614,0.7052591482535089,2026-06-30
CP-C-00184,CORPORATE,CA,,,,21828722.558955517,19350092.985529557,10251794.101602085,2007776.3973097717,85.0,Healthcare,7.0,BB+,Ba1,1.1267814162175205,1.020267435408457,0.5831520467274676,2026-06-30
CP-C-00185,CORPORATE,CA,,,,20102793.206127703,28412527.389469065,18268136.93460111,3837424.056372612,76.0,Transportation,9.0,BB-,Ba3,1.9141326208389358,3.1982640663155393,1.7524061057677474,2026-06-30
CP-C-00186,CORPORATE,FL,,,,21598365.531812787,24785313.690726995,10625029.145546464,4176487.436753737,64.0,Construction,7.0,BB+,Ba1,0.7503400875629089,2.1235216105373333,2.130842111890422,2026-06-30
CP-C-00187,CORPORATE,VA,,,,127612128.57868756,213242294.0779544,112329787.74396507,12221538.376352977,475.0,Manufacturing,6.0,BBB-,Baa3,1.1131404007763723,1.5476547122912678,1.5127138254728298,2026-06-30
CP-C-00188,CORPORATE,TX,,,,149655140.98090824,108744550.76107143,74450386.34310934,10432345.962543022,674.0,Technology,7.0,BB+,Ba1,2.1709345483896616,1.678920977748205,1.428654331213071,2026-06-30
CP-C-00189,CORPORATE,NY,,,,79181137.29054563,74151703.73086515,43960985.5759934,9851780.216625184,293.0,Retail,3.0,A,A2,1.4561093032130998,3.736381601006569,1.8918973081778174,2026-06-30
CP-C-00190,CORPORATE,GA,,,,22818331.276353203,30413985.968210995,16884497.063516907,2320618.6864467408,134.0,Real Estate,6.0,BBB-,Baa3,1.2479774500320404,2.932494223687402,1.4218717076610687,2026-06-30
CP-C-00191,CORPORATE,TX,,,,20358426.50901399,24187710.917932272,17593462.63059882,4901122.765996662,73.0,Hospitality,5.0,BBB,Baa2,2.6680012435068896,3.5321499538030636,1.4051157163081023,2026-06-30
CP-C-00192,CORPORATE,NY,,,,74877723.5854391,113007540.01503459,74764775.8542612,8017029.544325464,418.0,Real Estate,4.0,BBB+,Baa1,1.9550044954896186,1.6741554948152804,1.6068606558917227,2026-06-30
CP-C-00193,CORPORATE,NY,,,,30788230.68602518,43040310.94993162,26212041.888508618,6631475.270267564,90.0,Real Estate,6.0,BBB-,Baa3,1.5576196097670496,1.528722376319524,1.8397241558164958,2026-06-30
CP-C-00194,CORPORATE,GA,,,,495821805.48457026,394724061.0517269,267091403.55753812,52249264.9169123,1825.0,Manufacturing,5.0,BBB,Baa2,2.0926572305344275,2.057956482003517,1.5205848022930055,2026-06-30
CP-C-00195,CORPORATE,FL,,,,59966001.77043615,77944949.14655328,49242739.370303795,8169312.365048787,287.0,Transportation,5.0,BBB,Baa2,1.7156427938538443,3.268903361670848,1.2506152657031853,2026-06-30
CP-C-00196,CORPORATE,CA,,,,22157122.669761434,25401100.32317582,18800694.065993607,3000488.2392041935,96.0,Construction,5.0,BBB,Baa2,2.848414678344334,3.5699069739603666,2.00299829266456,2026-06-30
CP-C-00197,CORPORATE,FL,,,,17358681.160874564,25811031.47459491,12118304.334779058,2928259.379027799,56.0,Retail,3.0,A,A2,0.8850175871497012,4.15489278590058,0.8011631558486094,2026-06-30
CP-C-00198,CORPORATE,FL,,,,18539687.95144258,22702056.188732192,14188207.308649907,3768238.883122894,94.0,Transportation,4.0,BBB+,Baa1,1.66648568802325,7.192052115873691,1.1825090211384288,2026-06-30
CP-C-00199,CORPORATE,TX,,,,70928474.28492504,84571475.27519535,61069527.09160553,9931814.80657507,297.0,Healthcare,5.0,BBB,Baa2,2.5984878621359226,1.1590232469401938,2.2921723685256623,2026-06-30
CP-C-00200,CORPORATE,CA,,,,143723166.79146877,191777065.54814482,100883811.13650364,20060994.578667063,465.0,Real Estate,5.0,BBB,Baa2,1.10991527137555,1.0992551835692341,1.517421125810865,2026-06-30
CP-C-00201,CORPORATE,CA,,,,32215780.2845766,51603102.56600778,33385948.959959812,3967765.5318426345,109.0,Transportation,5.0,BBB,Baa2,1.8326655020834823,2.492909029617508,1.9622025294601184,2026-06-30
CP-C-00202,CORPORATE,FL,,,,62846353.522504486,101832984.16847341,58355318.28015523,10654223.60386194,199.0,Manufacturing,5.0,BBB,Baa2,1.3421906877442207,2.5203833713167394,2.029734593401136,2026-06-30
CP-C-00203,CORPORATE,TX,,,,7832839.086142166,7271268.1588436775,3752437.0315953153,1302046.1064697243,43.0,Healthcare,4.0,BBB+,Baa1,1.0663873587277337,1.4255258540220137,0.9264743958930629,2026-06-30
CP-C-00204,CORPORATE,NY,,,,23043181.036317296,35931188.77876028,28032137.119983364,4632286.258816789,73.0,Healthcare,6.0,BBB-,Baa3,3.54879779635773,3.8376822513571502,1.1099477247579115,2026-06-30
CP-C-00205,CORPORATE,GA,,,,17958308.42074457,13111680.360630305,8442356.541021384,2575214.4589029187,57.0,Healthcare,8.0,BB,Ba2,1.808046917964339,3.1496832184536774,3.1942291459736545,2026-06-30
CP-C-00206,CORPORATE,NC,,,,50844972.06691242,59533629.53054157,50593138.77359535,6770934.606545177,168.0,Hospitality,6.0,BBB-,Baa3,5.658877140976578,6.761499289718479,1.3323304914520113,2026-06-30
CP-C-00207,CORPORATE,NC,,,,147685049.28245673,171020808.73008132,100580822.67870234,20533289.41532399,504.0,Healthcare,4.0,BBB+,Baa1,1.4278938471870024,4.066710215295512,2.3243760234754456,2026-06-30
CP-C-00208,CORPORATE,GA,,,,26900898.328490246,37597703.84953405,30579167.908589784,5990468.750862454,82.0,Technology,5.0,BBB,Baa2,4.356915482928438,2.9772305411520574,1.4979426362996349,2026-06-30
CP-C-00209,CORPORATE,TX,,,,44135860.01510704,55698997.11156661,37123874.13544631,6335570.567125366,219.0,Hospitality,7.0,BB+,Ba1,1.998580261523533,3.2786342466585254,2.1011349858301083,2026-06-30
CP-C-00210,CORPORATE,GA,,,,305699356.5986323,287040475.73383087,200273564.84033138,65717652.26026872,1897.0,Retail,4.0,BBB+,Baa1,2.3081790371234217,3.7876950863701233,1.5699742812794204,2026-06-30
CP-C-00211,CORPORATE,NC,,,,47874225.277526475,64857807.50916944,41704863.01927677,4507354.207792333,147.0,Transportation,6.0,BBB-,Baa3,1.8012768543319775,2.0871486891686266,1.4198956116112713,2026-06-30
CP-C-00212,CORPORATE,NC,,,,17155658.35360314,16725394.483862856,9864214.377959134,1124735.722590567,102.0,Real Estate,5.0,BBB,Baa2,1.437684804319805,1.4149679760179334,1.7534791050329739,2026-06-30
CP-C-00213,CORPORATE,FL,,,,60204657.78914913,96083168.00050087,71771899.02694808,13851967.331669338,242.0,Hospitality,4.0,BBB+,Baa1,2.95220702403588,2.9389918783750786,1.511554520858879,2026-06-30
CP-C-00214,CORPORATE,TX,,,,91961137.25171463,129568473.15198508,77732712.29540777,12419318.639139807,268.0,Hospitality,5.0,BBB,Baa2,1.49959624419296,2.788068865424745,2.5685976878221144,2026-06-30
CP-C-00215,CORPORATE,GA,,,,12446959.736233272,11685541.658176983,7383876.168108846,2828831.396834402,49.0,Real Estate,6.0,BBB-,Baa3,1.7165156577509446,2.1769245441163596,1.9299959610147217,2026-06-30
CP-C-00216,CORPORATE,FL,,,,41108384.72606734,41372572.59512273,28108196.315642036,6224973.449671133,125.0,Manufacturing,6.0,BBB-,Baa3,2.1190741067202654,1.3210253536595722,0.8823308842247977,2026-06-30
CP-C-00217,CORPORATE,FL,,,,21224538.7476108,25329915.795506835,12410068.650610477,4449298.057128832,95.0,Transportation,4.0,BBB+,Baa1,0.9605429933830714,4.25376111898647,1.0647973668230009,2026-06-30
CP-C-00218,CORPORATE,VA,,,,4358842.815189722,7170797.577374719,5171491.389026889,425852.205245968,13.0,Construction,6.0,BBB-,Baa3,2.5866430160457115,2.6129563071953408,1.9197802177829422,2026-06-30
CP-C-00219,CORPORATE,NC,,,,134300415.50895658,133215911.21706487,74756444.37105481,9679744.614591,584.0,Technology,6.0,BBB-,Baa3,1.2787739677471428,1.8518641375329858,0.9890347376026917,2026-06-30
CP-C-00220,CORPORATE,GA,,,,9749165.837053064,16502230.237604225,8571196.711779526,1080758.3608635103,52.0,Construction,6.0,BBB-,Baa3,1.080716237533274,1.7970185836455332,1.468310749757317,2026-06-30
CP-C-00221,CORPORATE,GA,,,,17750661.278782286,28016987.326634392,19414666.819412276,1725300.9345916512,62.0,Technology,5.0,BBB,Baa2,2.698129306627998,5.462364614591234,1.5188077396885882,2026-06-30
CP-C-00222,CORPORATE,GA,,,,27453628.26607279,32464503.580702905,22715914.746337514,3914754.102003775,105.0,Manufacturing,4.0,BBB+,Baa1,2.3301746675642074,3.1640902416740877,1.6486241912580786,2026-06-30
CP-C-00223,CORPORATE,GA,,,,121184913.60029653,158429121.51497754,63169858.18222151,8447819.998292979,513.0,Transportation,2.0,AA,Aa2,0.6631361189678631,5.212936479806462,1.833856835744068,2026-06-30
CP-C-00224,CORPORATE,CA,,,,157532593.0488626,210538825.6179268,163481772.63087928,23742056.786851536,733.0,Transportation,5.0,BBB,Baa2,3.474118378723755,4.119001735531451,1.3307028667376968,2026-06-30
CP-C-00225,CORPORATE,NC,,,,63411585.82476473,67990478.67954431,35047435.69984298,14728697.519359196,331.0,Construction,6.0,BBB-,Baa3,1.0638797308869832,1.2911205937278531,0.8249882073800081,2026-06-30
CP-C-00226,CORPORATE,TX,,,,20665812.43756208,25360154.293720543,14379247.869443955,3463461.2380736773,62.0,Manufacturing,7.0,BB+,Ba1,1.3094773157937412,2.557559487209557,0.5827784491257177,2026-06-30
CP-C-00227,CORPORATE,NC,,,,17550457.975140244,14249888.435600122,8828679.668947324,3170925.31684432,61.0,Hospitality,5.0,BBB,Baa2,1.6285444905303643,1.510757437846438,1.1957495430947755,2026-06-30
CP-C-00228,CORPORATE,FL,,,,149599189.49288955,129462841.99334505,70015717.77057087,26940225.018866405,526.0,Healthcare,6.0,BBB-,Baa3,1.1777814097144816,2.980804340213504,1.7382186768563925,2026-06-30
CP-C-00229,CORPORATE,GA,,,,38127202.78809218,35740977.78678687,19221260.282086715,3941261.660884303,192.0,Transportation,3.0,A,A2,1.163534441591869,3.4310168042074154,2.140931610526035,2026-06-30
CP-C-00230,CORPORATE,TX,,,,37415883.56766822,42549314.206563555,29210932.103570804,6199247.007897522,190.0,Hospitality,5.0,BBB,Baa2,2.1899906508913634,2.6743775611211995,1.9770343129194752,2026-06-30
CP-C-00231,CORPORATE,GA,,,,60448540.040603645,74819281.89348567,59778321.2318989,15002885.934254717,173.0,Healthcare,7.0,BB+,Ba1,3.9743685644074094,1.404662527880614,1.4940741904288672,2026-06-30
CP-C-00232,CORPORATE,VA,,,,95018823.79326366,137127267.3036615,90960745.47838615,8201591.744608029,575.0,Real Estate,3.0,A,A2,1.9702750365869404,3.188696815793243,2.2570478447763787,2026-06-30
CP-C-00233,CORPORATE,NY,,,,90804249.98816645,133606601.8307788,77501529.96941815,9014987.196330672,494.0,Healthcare,8.0,BB,Ba2,1.4206557333560335,2.3648779560322786,0.6672129955996865,2026-06-30
CP-C-00234,CORPORATE,GA,,,,17401433.886462603,14291058.044430848,7777008.142339015,1467363.7335107657,66.0,Hospitality,7.0,BB+,Ba1,1.1938821868468665,1.7591658516685615,1.2240227485189838,2026-06-30
CP-C-00235,CORPORATE,NY,,,,103534634.47500834,114676785.31859651,79893890.29709807,7537037.196510183,483.0,Transportation,7.0,BB+,Ba1,2.704425503898172,3.3739808018688997,1.1768882110678667,2026-06-30
CP-C-00236,CORPORATE,NC,,,,8784215.500857366,13595221.154826388,9275286.94464081,980823.0567259854,44.0,Retail,7.0,BB+,Ba1,2.147089861408411,5.243903610215553,1.3654359351748737,2026-06-30
CP-C-00237,CORPORATE,VA,,,,24613791.424439155,19468762.83205615,9346844.683397295,5656347.933184125,153.0,Construction,4.0,BBB+,Baa1,0.923426226741,1.7231682316928902,1.5884096153060219,2026-06-30
CP-C-00238,CORPORATE,NY,,,,32820983.404632404,44473044.25725021,33541458.506444674,4281262.652636879,164.0,Hospitality,5.0,BBB,Baa2,3.0683067645490545,1.424983012078688,2.1713088674770082,2026-06-30
CP-C-00239,CORPORATE,TX,,,,29654714.508511372,41245146.480959,22795716.61864126,3437287.7819039198,84.0,Healthcare,3.0,A,A2,1.2355783776928875,1.4905120736771769,1.2221592327191886,2026-06-30
CP-C-00240,CORPORATE,VA,,,,85816898.2737543,113773380.65248321,47813392.69540579,13584534.510526108,416.0,Hospitality,7.0,BB+,Ba1,0.7248848002598138,1.5897924704510098,2.037364912464951,2026-06-30
CP-C-00241,CORPORATE,NC,,,,17361078.54899017,13006376.06868814,7743241.461671779,2416985.4078453667,67.0,Construction,8.0,BB,Ba2,1.4712223873866255,1.773117050137002,1.448150635903048,2026-06-30
CP-C-00242,CORPORATE,TX,,,,61564546.00517292,90714283.5006845,44910977.30267865,3909154.028382403,370.0,Manufacturing,4.0,BBB+,Baa1,0.9805182426903923,3.6962957248066175,1.9924384216066238,2026-06-30
CP-C-00243,CORPORATE,GA,,,,105849215.44373684,103638192.349272,80339391.99562323,19153731.878215995,679.0,Construction,8.0,BB,Ba2,3.448220113317614,1.0332051672846305,1.4408332928232166,2026-06-30
CP-C-00244,CORPORATE,VA,,,,77554988.807812,66579303.40416525,29487298.11169964,10702575.024313856,332.0,Transportation,4.0,BBB+,Baa1,0.7949771892675027,4.912877840895285,1.1509722233971293,2026-06-30
CP-C-00245,CORPORATE,FL,,,,43148670.23248808,70460767.84684475,33768891.012081265,10654491.79933776,161.0,Technology,7.0,BB+,Ba1,0.9492083470987569,2.048451433832714,2.027145793647325,2026-06-30
CP-C-00246,CORPORATE,NC,,,,65933078.046407335,82592995.47306527,35725351.12282472,5651815.712427495,218.0,Real Estate,6.0,BBB-,Baa3,0.7622604382641937,1.1018840758415844,2.031721898320009,2026-06-30
CP-C-00247,CORPORATE,GA,,,,219697886.64207953,234128496.97579217,150137189.5090157,50412205.617378026,843.0,Hospitality,3.0,A,A2,1.7875324725526376,2.7031291278454144,1.4625324800609583,2026-06-30
CP-C-00248,CORPORATE,VA,,,,27037590.9246909,43416063.214058824,30838935.620105855,3731371.6739891507,110.0,Manufacturing,7.0,BB+,Ba1,2.4519855896932374,2.190333814578977,2.578142980551343,2026-06-30
CP-C-00249,CORPORATE,FL,,,,220025352.56146556,341601763.87928164,241199685.8519343,54498109.79257246,1016.0,Retail,6.0,BBB-,Baa3,2.402337586939554,0.8341813932825498,1.9703600580699971,2026-06-30
CP-C-00250,CORPORATE,VA,,,,57847801.92841729,46019663.04834192,31950825.906400025,13341579.563748926,280.0,Construction,3.0,A,A2,2.2710353090340707,1.026532741585131,0.9445893611242858,2026-06-30
CP-C-00251,CORPORATE,GA,,,,52648411.26561539,84110839.9001943,49304907.10991792,7824587.371991975,223.0,Transportation,3.0,A,A2,1.4165661758587333,3.7939708650768296,2.45542258928555,2026-06-30
CP-C-00252,CORPORATE,NC,,,,56291907.0327316,63785095.53856583,39862008.142850146,5068940.688599454,366.0,Technology,5.0,BBB,Baa2,1.7098965452474792,7.040270393322582,1.2068479589778596,2026-06-30
CP-C-00253,CORPORATE,FL,,,,36668132.16988708,48393560.528317,33770008.10905613,8219417.451833444,125.0,Transportation,3.0,A,A2,2.309288956668096,2.8575019180163093,0.9215531573504565,2026-06-30
CP-C-00254,CORPORATE,TX,,,,37569071.46804186,31545618.286491804,17271913.6686466,6438119.498470747,129.0,Retail,5.0,BBB,Baa2,1.2100512187321708,3.150913348996983,1.5602412065417128,2026-06-30
CP-C-00255,CORPORATE,FL,,,,70279409.16051169,96891380.16224971,57410015.64099219,16552810.908319803,271.0,Hospitality,5.0,BBB,Baa2,1.7096697553764972,2.4990815810088853,1.933262337052461,2026-06-30
CP-C-00256,CORPORATE,VA,,,,48972348.029134415,69020306.07265043,43015276.22095488,5051977.149487507,276.0,Real Estate,7.0,BB+,Ba1,1.654113702859304,1.1760342815504636,1.5640728078285246,2026-06-30
CP-C-00257,CORPORATE,NC,,,,68291547.30944835,81243043.83809638,54330129.57135577,9142961.991647478,211.0,Construction,6.0,BBB-,Baa3,2.018738254537442,1.2274115928227665,1.741325245709919,2026-06-30
CP-C-00258,CORPORATE,NC,,,,78833942.39408788,118200318.81430136,71561630.54880637,15454456.104039658,442.0,Transportation,4.0,BBB+,Baa1,1.5343834316573235,2.452371658045896,2.0090496329060663,2026-06-30
CP-C-00259,CORPORATE,NC,,,,315764764.34544206,277978982.44378674,147833358.23197797,48378712.84637334,1512.0,Technology,4.0,BBB+,Baa1,1.135907251029684,5.03189436227779,1.2566968040962654,2026-06-30
CP-C-00260,CORPORATE,VA,,,,28981786.835099448,37198748.60688195,26981012.124130294,4901511.004509986,87.0,Manufacturing,6.0,BBB-,Baa3,2.640605594955044,1.2839257445740806,2.066857073452095,2026-06-30
CP-C-00261,CORPORATE,CA,,,,86365679.78785923,116799399.47092885,63197367.12468711,10161931.076930052,283.0,Technology,5.0,BBB,Baa2,1.1790106523660224,2.2104393971783414,1.3462429240433964,2026-06-30
CP-C-00262,CORPORATE,VA,,,,114909739.95062417,87980005.16686623,58583668.496041834,17591862.98678461,385.0,Hospitality,6.0,BBB-,Baa3,1.992890105731631,2.0333988928417686,1.7386061232313792,2026-06-30
CP-C-00263,CORPORATE,FL,,,,22606674.132639814,32078645.774232935,21783345.791690003,2776943.798283341,122.0,Retail,5.0,BBB,Baa2,2.1158534310439325,1.607361100262036,0.9281252326102277,2026-06-30
CP-C-00264,CORPORATE,CA,,,,84043580.10443084,70549449.65295494,30831058.539543096,18343380.485822793,382.0,Retail,3.0,A,A2,0.7762413752235869,2.2569747800168884,2.0034573957056314,2026-06-30
CP-C-00265,CORPORATE,VA,,,,23415406.096124653,18062121.977289487,12066434.092136752,4134099.2518946836,84.0,Manufacturing,4.0,BBB+,Baa1,2.0125187173296917,9.278245662511862,1.2690119813390408,2026-06-30
CP-C-00266,CORPORATE,NC,,,,107039063.90981694,177843826.57190076,89668640.5754248,10469002.193544406,598.0,Manufacturing,5.0,BBB,Baa2,1.0169373567185733,2.367418304310293,1.7126283043041592,2026-06-30
CP-C-00267,CORPORATE,CA,,,,46476758.90169329,70819745.01172249,47000746.192103714,4507910.288996206,180.0,Transportation,3.0,A,A2,1.9732460859518182,6.134987305768447,1.9885316377421587,2026-06-30
CP-C-00268,CORPORATE,GA,,,,47664211.634134315,45578728.904431865,30413463.282187838,4444430.204775717,266.0,Healthcare,5.0,BBB,Baa2,2.351969319344058,4.945769859936682,2.06887401904914,2026-06-30
CP-C-00269,CORPORATE,FL,,,,23169379.965285044,25326399.364554297,18162209.961192925,1570271.667558556,126.0,Construction,6.0,BBB-,Baa3,2.535138162688912,4.902576064211036,1.638855948103429,2026-06-30
CP-C-00270,CORPORATE,VA,,,,92129731.23369795,99437428.10533284,62090066.55025235,12061276.02695242,468.0,Retail,9.0,BB-,Ba3,1.8170006939015246,2.853022676605937,1.512243205944788,2026-06-30
CP-C-00271,CORPORATE,FL,,,,5266750.193435436,4615286.257609215,2010402.4021094947,1308973.6060225007,20.0,Hospitality,4.0,BBB+,Baa1,0.7717819732595409,1.778425054136648,1.7770833044503467,2026-06-30
CP-C-00272,CORPORATE,GA,,,,66123216.26410695,49588249.769678205,30584767.35966978,7705270.797187055,269.0,Hospitality,4.0,BBB+,Baa1,1.6094296139933761,1.3373112612048514,2.1412019510728983,2026-06-30
CP-C-00273,CORPORATE,VA,,,,11954785.172751354,19672923.48509575,9943566.446998322,792108.8205181207,61.0,Hospitality,4.0,BBB+,Baa1,1.0220168103670275,4.93041569069003,0.4,2026-06-30
CP-C-00274,CORPORATE,NY,,,,56068016.13069635,82174835.41295734,41556649.43039204,6667526.393772805,221.0,Transportation,6.0,BBB-,Baa3,1.0231045140280164,1.381180797469855,1.1838568559998817,2026-06-30
CP-C-00275,CORPORATE,GA,,,,57064966.66807613,91427658.99969737,71006871.11846146,8902111.939805588,228.0,Real Estate,8.0,BB,Ba2,3.718887762581667,1.3173164448189219,1.3176338917176684,2026-06-30
CP-C-00276,CORPORATE,FL,,,,617459913.5187647,810356826.42533,303472626.2716012,80283598.1053911,2094.0,Retail,4.0,BBB+,Baa1,0.5987020826049883,3.044037882191958,2.997462895868402,2026-06-30
CP-C-00277,CORPORATE,CA,,,,29905694.175200906,32724844.386891022,21566156.392042268,1977961.49250513,90.0,Technology,3.0,A,A2,1.9326785014508852,3.774454144524716,2.540908517086113,2026-06-30
CP-C-00278,CORPORATE,VA,,,,25995278.379358154,25055510.652297854,11478626.476163087,3056325.5836554025,94.0,Construction,5.0,BBB,Baa2,0.9730824144370602,1.483899481495441,1.6246701434591306,2026-06-30
CP-C-00279,CORPORATE,CA,,,,69999834.37657343,61257767.80402216,35710840.78244379,8447921.5510501,307.0,Hospitality,5.0,BBB,Baa2,1.5968900425085302,3.5468337759776607,1.510310515442706,2026-06-30
CP-C-00280,CORPORATE,NC,,,,84764724.45771179,90690599.87852915,56274547.14218641,6083470.038828982,290.0,Retail,7.0,BB+,Ba1,1.635124968377373,3.9406078761514984,0.5668349000238935,2026-06-30
CP-C-00281,CORPORATE,FL,,,,31662518.734031618,52060320.5275117,24238511.968768664,4586759.050486714,97.0,Transportation,6.0,BBB-,Baa3,0.8712054760060409,4.411810496352483,2.0051413832954887,2026-06-30
CP-C-00282,CORPORATE,NY,,,,24354070.62620255,35484848.395353116,24043186.595303684,5873373.368797537,69.0,Manufacturing,6.0,BBB-,Baa3,2.1013718999454962,3.156023185970625,1.6031903917170292,2026-06-30
CP-C-00283,CORPORATE,CA,,,,71059491.13106072,90570553.76571721,69626497.48536457,6590454.099541649,256.0,Real Estate,9.0,BB-,Ba3,3.3244036662888634,2.2246098643211725,2.1097729863194035,2026-06-30
CP-C-00284,CORPORATE,NC,,,,7624361.684759865,8675569.565690415,4029388.7112405766,705572.5200193996,30.0,Hospitality,5.0,BBB,Baa2,0.8672474958398285,4.938235562839403,1.3903916982798579,2026-06-30
CP-C-00285,CORPORATE,CA,,,,53183320.79739846,39592595.678055726,19558213.485574454,9395545.266298998,155.0,Manufacturing,3.0,A,A2,0.9762324237237765,11.518581648734646,0.8568509779004978,2026-06-30
CP-C-00286,CORPORATE,TX,,,,65462021.74330528,88310090.64318709,46057448.29848448,12868983.76851653,200.0,Transportation,6.0,BBB-,Baa3,1.0900489470632808,1.1538679890532089,1.957860741702215,2026-06-30
CP-C-00287,CORPORATE,GA,,,,13641060.237718653,15117447.15664198,9636696.23315835,2986163.554989242,63.0,Construction,5.0,BBB,Baa2,1.7582802735784873,2.7046171780729487,1.157004182856177,2026-06-30
CP-C-00288,CORPORATE,CA,,,,20716395.500196755,33576008.682998426,24235251.8665237,2657469.856917923,80.0,Construction,3.0,A,A2,2.594570476749685,3.147222357259713,1.9034788055016814,2026-06-30
CP-C-00289,CORPORATE,CA,,,,335531722.8512032,324640746.2125088,222185913.4471179,37170983.16808861,1912.0,Retail,7.0,BB+,Ba1,2.168623064915802,2.498277246552261,0.8014055759029712,2026-06-30
CP-C-00290,CORPORATE,GA,,,,30342978.564011283,44103926.70147007,29745255.07010186,2308406.367122869,125.0,Construction,6.0,BBB-,Baa3,2.0715882244371304,1.8840545214374267,0.961312805781039,2026-06-30
CP-C-00291,CORPORATE,FL,,,,35549055.91321312,47208433.424628094,19330334.22717722,3866662.3757645176,225.0,Healthcare,5.0,BBB,Baa2,0.6933878127869191,2.0195778863272635,1.2368729976553188,2026-06-30
CP-C-00292,CORPORATE,VA,,,,158895676.15533745,264332425.26613885,162527926.14866003,29927839.657071486,625.0,Manufacturing,6.0,BBB-,Baa3,1.5964709571539524,2.265130668810368,1.445321110975225,2026-06-30
CP-C-00293,CORPORATE,FL,,,,22510086.201799057,35281645.98478656,19302415.72839439,2493744.4984554746,90.0,Real Estate,5.0,BBB,Baa2,1.2079690585016036,2.67749587525438,1.7997820612170177,2026-06-30
CP-C-00294,CORPORATE,NC,,,,28464212.106768206,43214290.02289339,23039502.03325165,4357401.2683879575,149.0,Technology,2.0,AA,Aa2,1.1419947533069856,2.4915747384047817,1.613286956722008,2026-06-30
CP-C-00295,CORPORATE,FL,,,,543778876.5068351,531299064.96792674,338958200.87243545,56066218.0212534,3485.0,Manufacturing,6.0,BBB-,Baa3,1.7622786632805878,1.8091785672645477,1.9096568090018557,2026-06-30
CP-C-00296,CORPORATE,FL,,,,16847398.946583625,21939997.493058775,14253698.053896502,2947607.4709357284,59.0,Hospitality,4.0,BBB+,Baa1,1.8544291914094369,6.262059372653637,1.6845198522608986,2026-06-30
CP-C-00297,CORPORATE,GA,,,,13286298.151130252,12390679.450058963,6244781.321316935,864358.8739204616,40.0,Construction,4.0,BBB+,Baa1,1.016089298993172,3.135714606730013,1.6286047505619343,2026-06-30
CP-C-00298,CORPORATE,GA,,,,85816188.63821004,89419357.95814002,38868623.97525533,20432910.93975833,368.0,Manufacturing,5.0,BBB,Baa2,0.7689032564475791,2.822193950936975,1.9986280528589828,2026-06-30
CP-C-00299,CORPORATE,NC,,,,67345955.71870157,77431284.360537,54743472.01428717,9763110.391038366,410.0,Transportation,3.0,A,A2,2.4129021863730267,3.082001236111469,1.7432047413793055,2026-06-30
CP-C-00300,CORPORATE,CA,,,,30617658.42755718,27359400.725713782,15752483.440697704,5579437.598231616,135.0,Healthcare,6.0,BBB-,Baa3,1.3571634098774301,3.336239605287023,2.0191648739161536,2026-06-30
CP-C-00301,CORPORATE,TX,,,,74772650.97396724,68859879.00417192,51402070.97923281,15240849.712533738,357.0,Construction,5.0,BBB,Baa2,2.9443599623620025,9.801382949921766,2.2712350531954346,2026-06-30
CP-C-00302,CORPORATE,CA,,,,54618378.723308206,74548645.33958872,48609980.583808884,6695106.466069722,220.0,Retail,5.0,BBB,Baa2,1.8740355774472657,2.207519969572318,1.979134723826672,2026-06-30
CP-C-00303,CORPORATE,GA,,,,46673973.15188131,49090828.89429365,34675660.31966941,4554968.544305326,139.0,Technology,7.0,BB+,Ba1,2.4054980793433627,3.5461832950587007,2.135504945998838,2026-06-30
CP-C-00304,CORPORATE,GA,,,,28069036.547386844,30854477.03612033,17230902.65249107,3634408.6491038245,181.0,Healthcare,4.0,BBB+,Baa1,1.2647857432478624,3.873991908604454,1.199074105643787,2026-06-30
CP-C-00305,CORPORATE,FL,,,,45403513.17164138,45726792.62503172,24477911.741463594,9553130.079313627,239.0,Real Estate,6.0,BBB-,Baa3,1.1519623963063628,2.4374523040103826,1.313479527089588,2026-06-30
CP-C-00306,CORPORATE,CA,,,,19194358.839147855,28716180.715004217,14850123.194292093,3638083.1862514317,63.0,Healthcare,4.0,BBB+,Baa1,1.070969392136881,1.6695416165795398,2.0115195628197085,2026-06-30
CP-C-00307,CORPORATE,NY,,,,181732224.96148467,274775451.80883324,191448376.9906862,12206994.585373731,682.0,Healthcare,6.0,BBB-,Baa3,2.29755307513798,2.9697362729294454,2.5174203658584045,2026-06-30
CP-C-00308,CORPORATE,VA,,,,23943078.899909116,38187926.739585966,23452284.7195546,5768096.751702679,81.0,Construction,4.0,BBB+,Baa1,1.6854476923955022,1.7126817663044838,1.6741904112923658,2026-06-30
CP-C-00309,CORPORATE,FL,,,,110729887.21012866,100886580.6313891,50561010.993632324,19993741.33051326,683.0,Transportation,4.0,BBB+,Baa1,1.004678364449131,2.27123292350535,0.4,2026-06-30
CP-C-00310,CORPORATE,GA,,,,35604037.60846139,58888581.60348294,35518376.65531457,3185283.2328816624,165.0,Transportation,5.0,BBB,Baa2,1.5198145131413714,3.291741267819139,1.0645924291685116,2026-06-30
CP-C-00311,CORPORATE,VA,,,,185994844.632306,136248124.23613423,77931372.18755402,40894075.4460324,882.0,Real Estate,4.0,BBB+,Baa1,1.3363462375722512,4.138752339114091,1.5306765611733217,2026-06-30
CP-C-00312,CORPORATE,GA,,,,103569237.96958503,141719368.79700682,104894074.3302584,15948926.21023501,376.0,Hospitality,6.0,BBB-,Baa3,2.848424591009666,1.0996068472984886,1.45595003027663,2026-06-30
CP-C-00313,CORPORATE,NY,,,,41587307.28435496,46876078.08168965,31277538.535704702,5245206.5732091665,120.0,Manufacturing,8.0,BB,Ba2,2.005158139548745,2.0244416322892183,2.0867470882130124,2026-06-30
CP-C-00314,CORPORATE,TX,,,,74681560.8093569,68101627.8073732,31115059.30263766,18166845.037873868,215.0,Transportation,2.0,AA,Aa2,0.8412529347958808,2.683004065273351,1.3738329037314858,2026-06-30
CP-C-00315,CORPORATE,VA,,,,54846382.86948307,78509931.9012809,36833826.18760589,6245275.937992574,218.0,Manufacturing,4.0,BBB+,Baa1,0.8838116123580078,3.904598759409923,1.6632391005738325,2026-06-30
CP-C-00316,CORPORATE,TX,,,,215158182.43910074,208978136.51292533,127518297.71426284,42012771.712995164,725.0,Real Estate,6.0,BBB-,Baa3,1.5654130869254381,4.675324386610593,2.2012251296642904,2026-06-30
CP-C-00317,CORPORATE,NC,,,,27079451.682456587,33112611.848129705,17189798.711102024,6350814.353512704,115.0,Transportation,5.0,BBB,Baa2,1.0795704605191923,1.7463184088904522,1.091194408308246,2026-06-30
CP-C-00318,CORPORATE,NC,,,,105620483.71828163,148065023.84801313,93142534.17703852,16046659.288103014,362.0,Transportation,5.0,BBB,Baa2,1.6958906039225385,1.5659863833775356,1.5899432987218065,2026-06-30
CP-C-00319,CORPORATE,VA,,,,43633247.26379865,46112744.07191943,30130489.98883915,6806487.217107412,229.0,Retail,3.0,A,A2,1.885246588635892,6.225776668789709,2.186248832314865,2026-06-30
CP-C-00320,CORPORATE,NC,,,,669442498.3992779,1042485361.6639509,705339934.9785317,93976601.89390986,4329.0,Transportation,7.0,BB+,Ba1,2.092094031685218,2.8141284966086877,2.182955907051599,2026-06-30
CP-C-00321,CORPORATE,GA,,,,32046486.167679284,32257743.39666417,22883720.925637636,2715412.270371825,102.0,Real Estate,5.0,BBB,Baa2,2.441184773811586,2.683304679499059,1.344795127321564,2026-06-30
CP-C-00322,CORPORATE,TX,,,,14039354.879529586,23097473.58991097,16881000.830841526,3025579.965984295,54.0,Manufacturing,4.0,BBB+,Baa1,2.715527194454961,1.8710232692796642,1.4431429743019668,2026-06-30
CP-C-00323,CORPORATE,NC,,,,23712534.519109454,20372217.40678672,13069463.017944507,5540642.161351244,72.0,Hospitality,5.0,BBB,Baa2,1.7896621359624492,1.7412537575279525,1.5585873548656162,2026-06-30
CP-C-00324,CORPORATE,GA,,,,84506179.97317576,117106365.78308411,34896160.46666123,10177689.373026991,337.0,Retail,5.0,BBB,Baa2,0.4371974789675351,1.247909502541239,2.094541379020863,2026-06-30
CP-C-00325,CORPORATE,CA,,,,14457517.841666112,22541055.48631549,15885881.440278238,1327875.4726308573,44.0,Healthcare,5.0,BBB,Baa2,2.386997143934546,5.336974759866403,2.3527216328198173,2026-06-30
CP-C-00326,CORPORATE,CA,,,,98440454.93473087,138009153.47202256,111890596.69444466,13954529.566807799,282.0,Healthcare,5.0,BBB,Baa2,4.283950206257177,5.185763234677419,2.0286780993389977,2026-06-30
CP-C-00327,CORPORATE,NY,,,,28922754.187064275,38519702.83029277,21973506.781068053,2305148.6649766015,135.0,Hospitality,5.0,BBB,Baa2,1.328009574871297,4.489256807096233,2.096854975437785,2026-06-30
CP-C-00328,CORPORATE,FL,,,,41768635.952512614,45512659.50538274,28401432.148043707,9806484.182599148,183.0,Construction,5.0,BBB,Baa2,1.659812680582628,5.327321657652964,2.1351528487256974,2026-06-30
CP-C-00329,CORPORATE,VA,,,,32417318.2872005,31681606.099880066,22179591.40025408,2478468.673158697,144.0,Construction,4.0,BBB+,Baa1,2.334198809556368,1.9192851696422888,1.4757499988986744,2026-06-30
CP-C-00330,CORPORATE,CA,,,,51251358.10462185,49264519.65425041,31466431.87073432,7961998.303070252,180.0,Healthcare,4.0,BBB+,Baa1,1.767967000358169,10.443711281125953,2.75767267544232,2026-06-30
CP-C-00331,CORPORATE,GA,,,,47207494.22600197,79763136.8090727,57345036.29769081,6250148.587604694,238.0,Technology,5.0,BBB,Baa2,2.5579792662886924,2.029184179914587,1.991999796198199,2026-06-30
CP-C-00332,CORPORATE,CA,,,,15439417.119128656,25050551.022417244,17195861.427081905,3139080.840446735,45.0,Healthcare,5.0,BBB,Baa2,2.189247737720152,4.582179287772925,0.8427406588674708,2026-06-30
CP-C-00333,CORPORATE,FL,,,,138539855.85073876,108836577.22621474,70011858.52516457,34389393.78047138,422.0,Healthcare,6.0,BBB-,Baa3,1.8032805096221052,7.265744700284821,1.938303730351798,2026-06-30
CP-C-00334,CORPORATE,GA,,,,47944113.59701518,43769315.322739154,19743334.207128037,5859481.118741358,279.0,Healthcare,2.0,AA,Aa2,0.8217493434347043,2.357510611806016,1.5398428584517758,2026-06-30
CP-C-00335,CORPORATE,VA,,,,28939327.91052803,41363449.17409447,20503632.2112126,6054518.799070057,131.0,Technology,6.0,BBB-,Baa3,0.982924838108452,2.178198004907453,0.9213603466947026,2026-06-30
CP-C-00336,CORPORATE,VA,,,,55102437.20963348,75282788.1147493,39803608.05788748,7105716.906302816,297.0,Construction,3.0,A,A2,1.1218863568463249,7.365879882482708,0.9774584953451646,2026-06-30
CP-C-00337,CORPORATE,NY,,,,21964564.207966797,21584686.857350998,15734316.75185705,3381411.568393634,132.0,Technology,7.0,BB+,Ba1,2.689456644303805,2.0998260230223798,1.5142682323599397,2026-06-30
CP-C-00338,CORPORATE,CA,,,,42794563.12879498,45430199.75319982,24199435.797336504,6603826.415826797,190.0,Construction,2.0,AA,Aa2,1.1398287808976055,1.3822117951594222,1.4534312811244974,2026-06-30
CP-C-00339,CORPORATE,TX,,,,106060908.00529093,126564738.20503575,68569269.35185856,19471944.29651681,333.0,Retail,6.0,BBB-,Baa3,1.1823211486650842,2.09391357786091,2.7555320731256767,2026-06-30
CP-C-00340,CORPORATE,TX,,,,33950584.641362436,57374007.5866095,44487744.93164256,7309183.633088983,107.0,Healthcare,7.0,BB+,Ba1,3.452338829559322,1.7835269125667716,2.2017030617458064,2026-06-30
CP-C-00341,CORPORATE,VA,,,,38600572.64160162,42693354.11032635,31582972.570095807,9583376.519418012,151.0,Retail,5.0,BBB,Baa2,2.842654183903072,2.7482763271051978,1.5613492600416619,2026-06-30
CP-C-00342,CORPORATE,VA,,,,25852230.505926803,38863629.621822625,21457295.79711332,6184787.879134474,152.0,Technology,3.0,A,A2,1.2327291900292894,1.566164662042342,1.3977793455543432,2026-06-30
CP-C-00343,CORPORATE,NY,,,,31468499.936877854,44993353.9066295,35030655.43604587,7801316.45616615,110.0,Transportation,6.0,BBB-,Baa3,3.516181438139391,7.638873677437067,1.3494215196286405,2026-06-30
CP-C-00344,CORPORATE,TX,,,,15900800.38738379,18918560.248093065,9772178.360193413,1368378.6979156837,46.0,Hospitality,5.0,BBB,Baa2,1.0684201119047592,1.000703377070673,1.586125346673266,2026-06-30
CP-C-00345,CORPORATE,NY,,,,20863891.98258874,26578879.43201648,16658814.947449518,1806343.638951652,67.0,Retail,4.0,BBB+,Baa1,1.6793051066720683,4.42137715753338,1.571416017889381,2026-06-30
CP-C-00346,CORPORATE,TX,,,,15889145.730261335,12089284.43633282,6642925.436462497,1304807.9582766003,77.0,Construction,7.0,BB+,Ba1,1.21970025050142,3.0322185311108787,1.58998510395709,2026-06-30
CP-C-00347,CORPORATE,TX,,,,28063173.10823867,26698490.773074366,19319874.698453933,6382092.098936608,102.0,Retail,7.0,BB+,Ba1,2.618360205094122,2.285947328885232,1.7626846185733764,2026-06-30
CP-C-00348,CORPORATE,NC,,,,206810184.92452458,223734916.2188893,147139482.94943517,43689378.37040612,618.0,Real Estate,4.0,BBB+,Baa1,1.9209955041551243,1.3783527391212598,1.8272185847275069,2026-06-30
CP-C-00349,CORPORATE,NY,,,,22671126.209520854,26215521.797509205,18075247.76481769,3631145.1289907754,89.0,Construction,6.0,BBB-,Baa3,2.220471656387377,1.0629293797783848,1.5332656092670938,2026-06-30
CP-C-00350,CORPORATE,CA,,,,347472120.71205264,292295487.69065994,175606686.30174047,32942619.719716176,1738.0,Real Estate,6.0,BBB-,Baa3,1.5049146465773515,1.6852965335876169,2.1503260966791196,2026-06-30
CP-C-00351,CORPORATE,NC,,,,19105932.209783886,20488301.14146591,11176937.952263385,3818053.8514114777,66.0,Manufacturing,4.0,BBB+,Baa1,1.3823981927605133,1.6977078573284838,1.3289496782309016,2026-06-30
CP-C-00352,CORPORATE,GA,,,,123489272.3197245,143184013.350967,90125468.211546,12094351.303661251,436.0,Real Estate,4.0,BBB+,Baa1,1.698604211154394,0.8941552200752783,1.7856444084115726,2026-06-30
CP-C-00353,CORPORATE,VA,,,,21323848.215632003,31849316.675403055,18638931.016662374,2464204.12427985,106.0,Technology,5.0,BBB,Baa2,1.4109301195404456,1.772252788736361,1.809246190170062,2026-06-30
CP-C-00354,CORPORATE,CA,,,,233444922.20844272,395884341.3155987,152486439.32668537,30252587.435393598,732.0,Real Estate,5.0,BBB,Baa2,0.6264903603550004,1.9904674364526689,1.7136764130858846,2026-06-30
CP-C-00355,CORPORATE,VA,,,,16274262.570928112,26368242.822245598,20426027.90094908,3074392.1024831706,82.0,Technology,6.0,BBB-,Baa3,3.43744347376994,1.3130711744316594,1.0490576457038663,2026-06-30
CP-C-00356,CORPORATE,CA,,,,67618121.09981164,70478283.3399313,45982867.49672069,8297629.298261911,278.0,Real Estate,7.0,BB+,Ba1,1.8772029750809776,1.1012666313186046,1.8384763410286986,2026-06-30
CP-C-00357,CORPORATE,NY,,,,40278816.83633767,38135911.51408843,26126084.06037545,2899872.170827257,149.0,Technology,6.0,BBB-,Baa3,2.1753921245802963,1.8936284410736912,1.5480056043996175,2026-06-30
CP-C-00358,CORPORATE,TX,,,,19958132.68805959,17326813.096061222,10090715.184146404,2138723.502783429,75.0,Transportation,7.0,BB+,Ba1,1.3944967725673294,1.9127410472677056,2.6744978258049623,2026-06-30
CP-C-00359,CORPORATE,TX,,,,57949435.39193513,42264588.135193296,31972290.256651334,3489796.1192642706,285.0,Retail,5.0,BBB,Baa2,3.10642877168462,5.30056580575409,2.3607784455848266,2026-06-30
CP-C-00360,CORPORATE,GA,,,,12979381.478969924,9127906.288392019,4632770.25518855,1241478.5961769982,51.0,Healthcare,3.0,A,A2,1.0306184776096745,2.189038783749432,1.6080278021855046,2026-06-30
CP-C-00361,CORPORATE,CA,,,,124818177.49419948,190078782.94218317,101709666.32739787,29273592.130377773,404.0,Hospitality,5.0,BBB,Baa2,1.1509639365386675,1.699938542209297,1.08152976125074,2026-06-30
CP-C-00362,CORPORATE,NC,,,,32296992.73438508,43358034.37323946,31508644.913247894,3558963.1967893178,197.0,Manufacturing,6.0,BBB-,Baa3,2.6590943794728075,1.5995652402118512,1.43162113915638,2026-06-30
CP-C-00363,CORPORATE,TX,,,,18667500.50926572,25892009.632465202,17947986.508751713,3402167.3282626295,107.0,Construction,5.0,BBB,Baa2,2.2593069316698813,2.420445590196308,1.9559563223778649,2026-06-30
CP-C-00364,CORPORATE,CA,,,,125372132.05544175,176692211.88936988,108033470.19219226,24523144.44268783,394.0,Healthcare,6.0,BBB-,Baa3,1.867375627095971,1.3327934182097092,2.4374978644555,2026-06-30
CP-C-00365,CORPORATE,VA,,,,27808415.24049801,28219602.347690288,20548909.29032365,5534117.333882675,111.0,Hospitality,5.0,BBB,Baa2,2.678885615242975,1.4412378127420817,1.3388992860392548,2026-06-30
CP-C-00366,CORPORATE,NC,,,,90348037.25121102,75419768.6873088,52451375.34933274,9296234.733468506,568.0,Technology,6.0,BBB-,Baa3,2.2836327546955304,2.425844406195966,2.114749820912174,2026-06-30
CP-C-00367,CORPORATE,VA,,,,36483658.35487201,34677734.37584141,15725032.17795021,5594809.105419951,171.0,Retail,5.0,BBB,Baa2,0.8296986895989893,5.391077367501444,0.944767201729626,2026-06-30
CP-C-00368,CORPORATE,NY,,,,50645997.23844349,68214918.73461325,39510897.369397216,5533416.1798184095,151.0,Healthcare,1.0,AAA,Aaa,1.3764934490077094,1.4943412953534945,2.2009350518961064,2026-06-30
CP-C-00369,CORPORATE,CA,,,,24328908.000735756,29875687.70740777,15155266.836388478,4203775.940000078,97.0,Transportation,4.0,BBB+,Baa1,1.1158094861569223,3.502500265842874,1.2986601409826837,2026-06-30
CP-C-00370,CORPORATE,NY,,,,85542824.92207332,64056236.89490733,46307525.303234115,18316426.613430947,427.0,Technology,2.0,AA,Aa2,2.6090640474973528,5.953375214174869,1.131601517357015,2026-06-30
CP-C-00371,CORPORATE,TX,,,,66744334.59959964,108119384.37451169,59189618.54744563,9896404.32733202,253.0,Healthcare,4.0,BBB+,Baa1,1.2096853019211509,3.9790857172925134,1.63706084060032,2026-06-30
CP-C-00372,CORPORATE,NC,,,,71474207.45494156,72847924.44695443,40529400.37160029,15374149.392650979,288.0,Transportation,4.0,BBB+,Baa1,1.2540609922996977,1.664076419128298,1.0829789010487378,2026-06-30
CP-C-00373,CORPORATE,GA,,,,20766549.58821782,25522226.517982803,16710859.832247484,2472096.418915981,130.0,Transportation,5.0,BBB,Baa2,1.896511679544629,3.567089324257696,1.3289593687496115,2026-06-30
CP-C-00374,CORPORATE,TX,,,,150763386.75334433,180318419.7327637,96536348.53786735,10404060.018498736,435.0,Healthcare,7.0,BB+,Ba1,1.3321501573719774,2.1415947802992434,1.2813554911855236,2026-06-30
CP-C-00375,CORPORATE,TX,,,,59147483.1857403,77412788.15066607,38106765.91909665,10504852.92231115,228.0,Real Estate,5.0,BBB,Baa2,0.9694892475914397,2.3506181805672375,2.5575558018591957,2026-06-30
CP-C-00376,CORPORATE,NC,,,,38499260.78884358,39289337.00127248,27211087.5078322,6627590.385192359,149.0,Construction,6.0,BBB-,Baa3,2.2528999357572967,2.304536500633583,2.085148163048012,2026-06-30
CP-C-00377,CORPORATE,CA,,,,69059915.00899959,96368413.14587146,78635368.94194967,4513240.368770712,217.0,Real Estate,6.0,BBB-,Baa3,4.4343976159806155,1.3033143191414358,1.8602052608121018,2026-06-30
CP-C-00378,CORPORATE,TX,,,,23697341.43883905,24863247.46239062,12623410.870850474,2905366.726673812,100.0,Hospitality,2.0,AA,Aa2,1.031338186293716,4.074231058776854,2.3434844754451274,2026-06-30
CP-C-00379,CORPORATE,CA,,,,88691558.80621858,85126556.09753126,39901461.48147911,17610957.636241104,295.0,Real Estate,5.0,BBB,Baa2,0.8822858596589095,4.207083491428068,1.5855363835494138,2026-06-30
CP-C-00380,CORPORATE,GA,,,,60425506.88029322,101023460.87791742,52135994.5436506,12823031.618699739,238.0,Technology,5.0,BBB,Baa2,1.2226193356488626,1.2917148062583508,1.6935346047206814,2026-06-30
CP-C-00381,CORPORATE,NY,,,,12590133.158987267,21352584.732451998,13486854.02612672,1246604.9973525293,53.0,Transportation,4.0,BBB+,Baa1,1.7742177401653019,3.6467384444218673,1.673016969072743,2026-06-30
CP-C-00382,CORPORATE,FL,,,,15044666.699364716,11936476.480194017,5554134.53830952,1680320.7386033826,51.0,Technology,4.0,BBB+,Baa1,0.870234561056684,7.108952897662159,1.8683689824597147,2026-06-30
CP-C-00383,CORPORATE,TX,,,,129311131.48290603,192111746.7550736,148614762.65406832,24598599.623783544,406.0,Retail,5.0,BBB,Baa2,3.4166682064431604,3.467800025606854,1.128840646264094,2026-06-30
CP-C-00384,CORPORATE,NY,,,,13035362.39919173,18877136.428859018,14539352.401818456,854761.8438953764,79.0,Real Estate,7.0,BB+,Ba1,3.35179259990449,3.058413534855567,1.5790937369710745,2026-06-30
CP-C-00385,CORPORATE,GA,,,,30940794.242813658,41255186.160491705,27526327.429122876,4380200.861408431,96.0,Transportation,5.0,BBB,Baa2,2.004997499626714,1.315594651830505,1.4058012984899484,2026-06-30
CP-C-00386,CORPORATE,VA,,,,101788038.5380248,90584960.44175138,55290435.002825506,23827681.17648731,342.0,Healthcare,5.0,BBB,Baa2,1.5665442250668822,0.9348254564054455,1.4598407898516692,2026-06-30
CP-C-00387,CORPORATE,VA,,,,54641111.7579295,56237716.6350685,38325656.11461009,4697987.371006379,227.0,Technology,4.0,BBB+,Baa1,2.139656466146713,2.642472892287308,2.255873429478078,2026-06-30
CP-C-00388,CORPORATE,FL,,,,61560154.24635245,60277949.96135324,33852182.49966571,14648034.975461926,227.0,Healthcare,2.0,AA,Aa2,1.2810293040209748,6.809354155355246,1.6849367275533615,2026-06-30
CP-C-00389,CORPORATE,FL,,,,81509967.51715823,83022844.41485834,44564223.56794887,15106023.185618244,236.0,Retail,6.0,BBB-,Baa3,1.1587577137865577,1.5738224964552043,0.807122809808786,2026-06-30
CP-C-00390,CORPORATE,CA,,,,19138679.21793148,28211483.508430906,19188867.13993996,2478342.01797773,67.0,Healthcare,6.0,BBB-,Baa3,2.1267519704098135,2.656221305165103,1.3616703678040885,2026-06-30
CP-C-00391,CORPORATE,FL,,,,24563030.1536864,35611815.19422798,22805646.46750941,3401115.2786552454,100.0,Retail,5.0,BBB,Baa2,1.7808328903185626,1.9807758296686675,1.2824974834300222,2026-06-30
CP-C-00392,CORPORATE,FL,,,,64507293.42943889,85683944.61632317,50482809.26706155,16044655.374860857,352.0,Retail,6.0,BBB-,Baa3,1.4341244612191315,2.4266169777772895,2.014843051455111,2026-06-30
CP-C-00393,CORPORATE,TX,,,,80899967.60521284,97498948.4058098,63417543.47245565,5033017.018711259,279.0,Transportation,7.0,BB+,Ba1,1.8607667024428138,2.0366259712852224,0.5352534241984697,2026-06-30
CP-C-00394,CORPORATE,CA,,,,41032644.32080562,66171835.238131106,53178074.80974898,9599647.05254329,246.0,Real Estate,5.0,BBB,Baa2,4.092585445364428,2.0234957959438225,2.3628586920047505,2026-06-30
CP-C-00395,CORPORATE,TX,,,,33581883.183546826,26000913.442382224,14852475.038969044,2928613.205471516,147.0,Manufacturing,5.0,BBB,Baa2,1.3322471274920304,2.6961187526338755,1.9313596327486189,2026-06-30
CP-C-00396,CORPORATE,NY,,,,24339008.034208056,32186644.145615716,23112531.04465868,2327250.3252665508,112.0,Real Estate,4.0,BBB+,Baa1,2.5470843031723978,1.9731425602745893,1.6940006631006872,2026-06-30
CP-C-00397,CORPORATE,NC,,,,10362583.744475828,17370340.73592035,10214897.540140936,1947987.8313483386,64.0,Real Estate,5.0,BBB,Baa2,1.427570209231221,3.7588438968885782,1.5726714146450378,2026-06-30
CP-C-00398,CORPORATE,VA,,,,11765593.621523894,12910545.00076106,7975878.740381109,2318130.745609805,39.0,Hospitality,5.0,BBB,Baa2,1.6162954736004767,2.589705601301958,1.5584679383950517,2026-06-30
CP-C-00399,CORPORATE,GA,,,,65935558.670377836,91722057.08805187,51604269.00910387,4406163.994858694,224.0,Manufacturing,3.0,A,A2,1.2863188994256505,4.282447089136408,0.8582981275858756,2026-06-30
CP-C-00400,CORPORATE,NY,,,,70528380.77565949,110618213.68459105,67838822.4633053,14945092.661739329,390.0,Technology,6.0,BBB-,Baa3,1.5857827922887953,6.1485059778476785,2.439691860754695,2026-06-30
CP-C-00401,CORPORATE,FL,,,,15865871.23566421,22916292.15888512,13990453.065676168,3095993.019223376,54.0,Healthcare,6.0,BBB-,Baa3,1.5674104047338835,2.4922643813849867,1.6791639784167418,2026-06-30
CP-C-00402,CORPORATE,CA,,,,44089113.37693293,50324942.6278447,32924062.598141562,7452779.051018686,152.0,Construction,7.0,BB+,Ba1,1.8920918104107667,4.330366373613766,2.16864844691824,2026-06-30
CP-C-00403,CORPORATE,CA,,,,59131207.85817486,78535934.30850714,51920353.626473375,14413877.766752917,348.0,Retail,3.0,A,A2,1.950750361104127,1.2164978447090753,1.7666431001616876,2026-06-30
CP-C-00404,CORPORATE,CA,,,,22533440.046678104,16563377.33646308,9700273.825232752,3886754.0992278657,120.0,Construction,3.0,A,A2,1.4133946558375323,10.054880061517531,2.089488550726144,2026-06-30
CP-C-00405,CORPORATE,VA,,,,42033330.39449679,29996624.35916614,12567460.055088982,8719940.667277087,151.0,Manufacturing,2.0,AA,Aa2,0.7210592450579577,2.7400586706599572,1.6669341804347362,2026-06-30
CP-C-00406,CORPORATE,GA,,,,20839498.589491878,27342686.177501243,16051808.572001692,1885335.6787825953,133.0,Real Estate,4.0,BBB+,Baa1,1.421661728418984,3.405866362931983,1.4370076209292664,2026-06-30
CP-C-00407,CORPORATE,NY,,,,35786418.38572113,45043286.89299583,34617080.13060554,6896932.077450245,177.0,Hospitality,7.0,BB+,Ba1,3.320198891074869,1.6061402790100325,1.4007114342352243,2026-06-30
CP-C-00408,CORPORATE,CA,,,,93104026.58236961,142091821.11226273,89515940.90168366,8350080.323265907,492.0,Hospitality,4.0,BBB+,Baa1,1.7026047028247695,1.9210409111802016,2.1886954973971924,2026-06-30
CP-C-00409,CORPORATE,NY,,,,42804844.53038668,33021860.349755935,22463132.65852586,3092379.7693201564,135.0,Real Estate,6.0,BBB-,Baa3,2.127446915520268,1.1296436219254913,0.9563274421301555,2026-06-30
CP-C-00410,CORPORATE,CA,,,,29886530.5566587,21657439.66141595,13261246.33757384,1898230.1815608533,90.0,Technology,6.0,BBB-,Baa3,1.5794355639616777,4.444897498997093,0.6480804203074115,2026-06-30
CP-C-00411,CORPORATE,VA,,,,63319171.136344746,100610930.47581328,38125914.41366481,8744419.054806098,189.0,Healthcare,5.0,BBB,Baa2,0.6101609124296974,1.7614756153742315,1.2307659817685557,2026-06-30
CP-C-00412,CORPORATE,NC,,,,55666905.11838475,56243892.78554722,35822468.81164384,5635568.641647851,257.0,Manufacturing,9.0,BB-,Ba3,1.9285672916709702,1.120203136157448,1.8192773867846144,2026-06-30
CP-C-00413,CORPORATE,NC,,,,17674364.15028265,21711559.3768666,18736636.602494527,1617795.8866020266,87.0,Construction,10.0,B+,B1,6.298192599789193,1.0486424759423993,1.8219694716848849,2026-06-30
CP-C-00414,CORPORATE,FL,,,,18539738.859147653,17849341.126635842,11228441.27494872,3928045.5621226584,68.0,Manufacturing,5.0,BBB,Baa2,1.695908641797008,3.1556674607620367,1.7039273092118001,2026-06-30
CP-C-00415,CORPORATE,GA,,,,95318183.10804617,135457072.37952027,65713033.5573716,16747967.530769372,542.0,Healthcare,1.0,AAA,Aaa,0.9422028701971739,6.992854718675711,2.062866862529776,2026-06-30
CP-C-00416,CORPORATE,TX,,,,38375034.36936085,33619702.18566426,15626033.815493958,3779733.276544386,134.0,Technology,6.0,BBB-,Baa3,0.9619706228230056,1.3662801203784996,1.8413066439474528,2026-06-30
CP-C-00417,CORPORATE,FL,,,,57901995.994058244,75633977.25873303,51269810.52647825,12139245.314663995,219.0,Technology,3.0,A,A2,2.104312086265775,1.7112877036432745,1.7279870669206365,2026-06-30
CP-C-00418,CORPORATE,GA,,,,77509017.56309144,79827983.49911809,37399799.32720065,7980864.435604771,261.0,Manufacturing,6.0,BBB-,Baa3,0.881484797361538,1.089729902085116,1.4314400048790277,2026-06-30
CP-C-00419,CORPORATE,FL,,,,116896394.11977227,109643803.40877992,61006931.10536046,12832373.710444584,740.0,Manufacturing,7.0,BB+,Ba1,1.2543349976283589,1.6184321966365411,2.5125696291355752,2026-06-30
CP-C-00420,CORPORATE,VA,,,,24219065.98551628,24244402.319559067,12035361.806927467,5856360.5295096105,98.0,Healthcare,5.0,BBB,Baa2,0.9857745819153892,3.7680445237645888,0.9854357528091553,2026-06-30
CP-C-00421,CORPORATE,FL,,,,27585397.190539673,27377103.374760266,17282520.192604944,6150853.346450157,135.0,Retail,6.0,BBB-,Baa3,1.7120588221172,0.8072732043563042,1.9349212084636997,2026-06-30
CP-C-00422,CORPORATE,NY,,,,57568955.31625269,43090580.65697998,23935684.83824631,5794775.405078632,189.0,Healthcare,6.0,BBB-,Baa3,1.2495857489779183,1.7088022417677033,1.9908936881246122,2026-06-30
CP-C-00423,CORPORATE,NY,,,,114702509.8373451,125320882.87441291,64805118.014257826,24777483.538380004,387.0,Construction,5.0,BBB,Baa2,1.0708799296185867,2.3249577446715604,1.1604436105553613,2026-06-30
CP-C-00424,CORPORATE,NY,,,,43327174.23052276,72073322.6113406,48184643.168874554,7121998.946831339,281.0,Retail,5.0,BBB,Baa2,2.0170492590401823,1.196248147378019,1.956387005650225,2026-06-30
CP-C-00425,CORPORATE,FL,,,,44175986.37233487,35737718.896854065,20924846.810244214,7404444.650413524,148.0,Retail,4.0,BBB+,Baa1,1.4126124014234418,2.608292145741636,1.6488568439501714,2026-06-30
CP-C-00426,CORPORATE,VA,,,,25734307.4371811,33220473.142385963,24706693.47372803,2833210.0774389603,77.0,Technology,6.0,BBB-,Baa3,2.901965335640717,1.443172087550333,1.9287753410417723,2026-06-30
CP-C-00427,CORPORATE,TX,,,,473494482.2529542,394970584.5311436,243482122.18326473,76995202.5756475,2040.0,Hospitality,5.0,BBB,Baa2,1.6072651237566278,4.56272968339674,1.5586570282223124,2026-06-30
CP-C-00428,CORPORATE,FL,,,,169980717.37025318,252779291.06230998,147895015.74447727,26191756.16460255,782.0,Technology,5.0,BBB,Baa2,1.4100780626677196,3.4946455775652607,1.2612243218519585,2026-06-30
CP-C-00429,CORPORATE,NC,,,,65029748.00876778,101069709.55313736,52560550.84051606,8731901.259434339,211.0,Technology,4.0,BBB+,Baa1,1.083518086798744,4.212904128710599,1.7371556732258728,2026-06-30
CP-C-00430,CORPORATE,CA,,,,56291062.79984351,65419054.13587848,41641965.83469151,8477557.309978938,169.0,Healthcare,5.0,BBB,Baa2,1.7513484118495999,2.5418990558135497,1.7106106012322677,2026-06-30
CP-C-00431,CORPORATE,TX,,,,19406739.33267927,29868068.24006735,15642817.728303831,3315061.8515631505,119.0,Hospitality,5.0,BBB,Baa2,1.0996514764620882,2.469201102316989,2.276767501468349,2026-06-30
CP-C-00432,CORPORATE,CA,,,,30391503.708248723,43259028.90184712,29323424.28800687,2496786.491048923,110.0,Manufacturing,5.0,BBB,Baa2,2.1042089741039356,2.114717060916397,1.8678135593965768,2026-06-30
CP-C-00433,CORPORATE,TX,,,,64009065.336420655,71032279.7845674,35538470.851186626,6085709.245059794,211.0,Real Estate,6.0,BBB-,Baa3,1.082606170348473,1.1403360685802169,1.8410075089948048,2026-06-30
CP-C-00434,CORPORATE,FL,,,,17521458.34526515,22342498.743454568,14864090.188747087,2110730.955506681,50.0,Manufacturing,6.0,BBB-,Baa3,1.9876007147791488,3.47972881975375,1.2113735343991683,2026-06-30
CP-C-00435,CORPORATE,FL,,,,23971178.981950004,27722377.012615267,15135278.978135971,2953358.245183985,75.0,Construction,4.0,BBB+,Baa1,1.2024438783805886,2.5470052438347652,2.030904354092388,2026-06-30
CP-C-00436,CORPORATE,VA,,,,148574740.87702018,137657547.38402414,92108523.29603893,18864357.764576174,589.0,Retail,9.0,BB-,Ba3,2.141556826012421,2.0933051325918752,1.3471480122012884,2026-06-30
CP-C-00437,CORPORATE,GA,,,,21675420.18002194,20368888.88075695,13794428.485753246,4460779.204561808,80.0,Manufacturing,4.0,BBB+,Baa1,2.098184133291973,1.163778001756377,1.0582534969357407,2026-06-30
CP-C-00438,CORPORATE,NC,,,,121713205.90611291,182514789.77486408,76870570.12064491,21801163.52817178,749.0,Technology,4.0,BBB+,Baa1,0.7276363096083024,2.8928089647997965,1.7316667671521693,2026-06-30
CP-C-00439,CORPORATE,CA,,,,46535317.12429316,45619304.6768472,30798351.569789354,11320576.827824177,236.0,Healthcare,8.0,BB,Ba2,2.2508677670606088,1.9267672253557093,1.5107839368802887,2026-06-30
CP-C-00440,CORPORATE,NY,,,,45394292.97475832,62540190.27040542,45675682.7101235,7103092.234270023,133.0,Hospitality,4.0,BBB+,Baa1,2.708391131306768,3.929744509433969,1.9880607210221743,2026-06-30
CP-C-00441,CORPORATE,NC,,,,14851842.422881575,17216413.42038941,11228446.259408288,3361298.570041315,64.0,Technology,5.0,BBB,Baa2,1.8751683096352385,2.132502561594581,1.9181023753289006,2026-06-30
CP-C-00442,CORPORATE,GA,,,,117855369.53807294,181387610.32262522,139113699.250643,22186665.710364733,410.0,Healthcare,6.0,BBB-,Baa3,3.2907695484755597,0.9169235875461157,1.0719649238420497,2026-06-30
CP-C-00443,CORPORATE,CA,,,,43475774.217376046,64516082.93186556,34357788.66524671,3284460.930041946,195.0,Real Estate,4.0,BBB+,Baa1,1.1392484058117354,2.693690426271369,1.5930924674315639,2026-06-30
CP-C-00444,CORPORATE,NY,,,,10942068.9950744,10932393.478867415,7291752.772727392,2140135.6743138293,31.0,Hospitality,7.0,BB+,Ba1,2.002876241104947,7.832397731426273,1.9620001213852856,2026-06-30
CP-C-00445,CORPORATE,VA,,,,20932167.460717544,31085125.64291934,16821224.225503713,1782352.6864609474,138.0,Manufacturing,7.0,BB+,Ba1,1.1792863490325094,2.4910624432257493,1.4513992466046244,2026-06-30
CP-C-00446,CORPORATE,NC,,,,61269166.19356014,102990238.90016228,54487942.21367098,13692560.630259447,178.0,Hospitality,6.0,BBB-,Baa3,1.1234095277151437,1.1922863628622375,1.5056587004780129,2026-06-30
CP-C-00447,CORPORATE,TX,,,,21095503.229784925,22277123.84868379,14589049.114148702,1544553.5341639735,98.0,Hospitality,6.0,BBB-,Baa3,1.8976206160710447,2.3881104878741977,1.7309732633011692,2026-06-30
CP-C-00448,CORPORATE,CA,,,,65153428.56768412,82979741.86248963,55472946.500309736,9285366.442098908,226.0,Technology,5.0,BBB,Baa2,2.0166997198292878,1.8644055937708817,2.375539621035898,2026-06-30
CP-C-00449,CORPORATE,NY,,,,13007889.192522105,16968631.265329976,9283284.777381405,1912544.8852189758,62.0,Transportation,6.0,BBB-,Baa3,1.2079201363189767,3.3642518817920313,1.4319457047334825,2026-06-30
CP-C-00450,CORPORATE,FL,,,,41402136.0028717,56342407.4212616,27261400.012839545,5421425.9618273415,247.0,Real Estate,6.0,BBB-,Baa3,0.9374296987024067,3.989447507396548,1.744304680871461,2026-06-30
CP-C-00451,CORPORATE,CA,,,,11797225.186462423,9876690.719207564,6739903.511593912,1918789.8328103533,45.0,Real Estate,5.0,BBB,Baa2,2.148664562018975,2.5048563626056732,1.24383383956784,2026-06-30
CP-C-00452,CORPORATE,FL,,,,23722255.416788343,34452084.145054124,22106854.73021324,2257497.0969533804,70.0,Retail,5.0,BBB,Baa2,1.7907204465262796,0.8621339135379325,0.792112460289322,2026-06-30
CP-C-00453,CORPORATE,NY,,,,32305552.928735763,24848266.672903575,13669074.882223038,5519455.310374009,117.0,Transportation,4.0,BBB+,Baa1,1.2227247853121348,2.5427164397739324,1.434992976717198,2026-06-30
CP-C-00454,CORPORATE,GA,,,,14333587.604034357,18919473.12596497,13155418.137173044,3579890.389291319,82.0,Real Estate,6.0,BBB-,Baa3,2.282320026917414,1.7653176547414722,2.2353764319443106,2026-06-30
CP-C-00455,CORPORATE,NY,,,,44549974.09486704,43439753.202021,31505220.486896176,5316752.621898631,199.0,Construction,8.0,BB,Ba2,2.751786115225382,2.5147403863486497,1.8179439263807184,2026-06-30
CP-C-00456,CORPORATE,VA,,,,74943227.58300559,120331810.79747012,78380927.00269912,7595215.472658139,294.0,Construction,6.0,BBB-,Baa3,1.868397514249007,3.1912874320668156,0.7181067127643184,2026-06-30
CP-C-00457,CORPORATE,NC,,,,29695600.22573591,42790662.573478684,25518055.06532535,3521119.5465950444,93.0,Healthcare,3.0,A,A2,1.4773713264357944,3.059473280775976,1.6038179805218988,2026-06-30
CP-C-00458,CORPORATE,GA,,,,195646498.71360344,203818336.8709312,130660653.49702123,38028674.963474296,610.0,Retail,5.0,BBB,Baa2,1.7860140927264292,1.7805732309391207,1.5001561627058413,2026-06-30
CP-C-00459,CORPORATE,NY,,,,40166368.96540004,34344174.57621618,22650962.599042516,2981593.6730074105,140.0,Transportation,5.0,BBB,Baa2,1.9371035642952066,6.111693025954095,1.165325617808824,2026-06-30
CP-C-00460,CORPORATE,FL,,,,63092448.132820494,55969848.627399854,34614094.88156856,11637023.316292726,213.0,Transportation,5.0,BBB,Baa2,1.6208322728166564,4.426676120449674,1.5839232518902076,2026-06-30
CP-C-00461,CORPORATE,FL,,,,61931356.579687536,96317000.70930386,55173992.051422134,11311690.765045302,258.0,Technology,7.0,BB+,Ba1,1.3410295904758174,1.629471713533777,0.9072020065068175,2026-06-30
CP-C-00462,CORPORATE,NC,,,,9297928.750146756,12907028.094730806,9834065.65892617,574447.8968929678,58.0,Real Estate,7.0,BB+,Ba1,3.2001906513221607,2.2125555122375773,1.7255794086082825,2026-06-30
CP-C-00463,CORPORATE,CA,,,,101978465.15311418,122053448.24720794,77933138.6564273,14933102.898622416,643.0,Construction,6.0,BBB-,Baa3,1.7663778740281586,3.4192814910551976,1.697721125357694,2026-06-30
CP-C-00464,CORPORATE,NC,,,,51086790.71991271,63757770.04736613,32224040.131547112,11814742.767088749,281.0,Healthcare,4.0,BBB+,Baa1,1.0218911691566748,3.2979763814228256,1.7909558040591116,2026-06-30
CP-C-00465,CORPORATE,CA,,,,32538061.733668324,31254761.55560195,20595449.314782094,3750785.6847974844,160.0,Technology,6.0,BBB-,Baa3,1.932155550891153,1.3082215353488187,0.9589731676744706,2026-06-30
CP-C-00466,CORPORATE,NY,,,,176646614.08565035,198080810.23224172,132904556.55820148,13878596.944399826,569.0,Technology,5.0,BBB,Baa2,2.0391561200016852,2.7235053449042854,2.906140381454148,2026-06-30
CP-C-00467,CORPORATE,CA,,,,99829918.46280186,163765920.98510322,108690845.99107292,11809432.73086042,514.0,Retail,4.0,BBB+,Baa1,1.9735033679546363,2.0742078430284443,1.1584023808967783,2026-06-30
CP-C-00468,CORPORATE,NC,,,,37167404.26285224,51589840.8036228,35814383.86206595,7506997.357375952,181.0,Manufacturing,5.0,BBB,Baa2,2.270259682159894,1.6100657237989533,2.0395717985482658,2026-06-30
CP-C-00469,CORPORATE,VA,,,,62131716.297283836,69085574.54908049,50958531.10121213,7491153.787903434,222.0,Construction,5.0,BBB,Baa2,2.811188225358647,1.1878049456007806,1.7707732835503345,2026-06-30
CP-C-00470,CORPORATE,VA,,,,16562077.38886414,17341315.18044231,13018404.08678003,2128371.4119649595,86.0,Healthcare,6.0,BBB-,Baa3,3.011490128924004,5.463181458086854,1.320121538883811,2026-06-30
CP-C-00471,CORPORATE,GA,,,,32493518.26735219,23495613.83674112,17475800.75347249,3493159.4318653084,114.0,Transportation,5.0,BBB,Baa2,2.9030470733459217,3.0281030513738396,1.698255841307306,2026-06-30
CP-C-00472,CORPORATE,CA,,,,143912960.8920419,107146593.98246671,70840119.24414621,10904415.586418146,474.0,Manufacturing,5.0,BBB,Baa2,1.9511704111932517,2.6322870355541355,1.407736206227485,2026-06-30
CP-C-00473,CORPORATE,NY,,,,39446333.53492416,63413518.2557471,40346721.754247166,6632030.240278834,113.0,Construction,7.0,BB+,Ba1,1.749125490903065,1.3492950778349087,1.6908652627990295,2026-06-30
CP-C-00474,CORPORATE,FL,,,,21622782.68006514,27518722.095008966,15013546.811736038,3035146.499744674,89.0,Technology,3.0,A,A2,1.2005866748479994,6.1570102136666875,1.3038371389377281,2026-06-30
CP-C-00475,CORPORATE,FL,,,,65958696.447611295,48076582.67994907,33226546.576928735,9995745.150309457,295.0,Healthcare,6.0,BBB-,Baa3,2.2374724442704097,3.637719353687895,1.7006790770073812,2026-06-30
CP-C-00476,CORPORATE,GA,,,,151507562.61290914,209105425.64872655,107476246.45090356,32988431.952148497,975.0,Retail,4.0,BBB+,Baa1,1.0575333511421867,3.150385140711696,1.5754318382810042,2026-06-30
CP-C-00477,CORPORATE,TX,,,,103566913.71006544,87893035.16007896,47825070.81139737,11338393.914299015,499.0,Retail,7.0,BB+,Ba1,1.193598716301419,1.013959045039962,1.341162442190672,2026-06-30
CP-C-00478,CORPORATE,TX,,,,25146790.622572243,29588203.085325018,17365620.12031944,1604050.43108524,138.0,Manufacturing,6.0,BBB-,Baa3,1.4207815295702118,1.0401188650933082,1.9004163363135984,2026-06-30
CP-C-00479,CORPORATE,CA,,,,37911232.85125377,29705628.062309533,21825237.383351084,6991284.541643104,215.0,Hospitality,7.0,BB+,Ba1,2.7695628646466717,2.8795171834959246,2.0324419450745377,2026-06-30
CP-C-00480,CORPORATE,TX,,,,266975204.62092432,237058883.69414124,124690564.05678661,18364364.186185364,794.0,Construction,4.0,BBB+,Baa1,1.109659416988698,1.2805382447298368,2.0973364827672114,2026-06-30
CP-C-00481,CORPORATE,GA,,,,34323789.82212744,37850158.98310958,24429322.171260983,6512362.964354762,121.0,Healthcare,6.0,BBB-,Baa3,1.8202532758384746,2.6858992506308677,0.92463108715469,2026-06-30
CP-C-00482,CORPORATE,FL,,,,59817792.68797783,79250409.84770662,28883156.236544393,7661264.039900225,355.0,Retail,2.0,AA,Aa2,0.6834029361152979,1.9398716744845093,1.6946602503171524,2026-06-30
CP-C-00483,CORPORATE,GA,,,,144888430.60008773,142931456.12028843,66618263.75365629,12544590.574277535,484.0,Transportation,5.0,BBB,Baa2,0.8729586810312114,1.3300970684205122,1.9487874426343388,2026-06-30
CP-C-00484,CORPORATE,VA,,,,97398896.42633463,84035213.90148182,58380316.910608105,12244868.17965344,595.0,Manufacturing,4.0,BBB+,Baa1,2.275601298706282,1.5375938105580604,0.7672366111777262,2026-06-30
CP-C-00485,CORPORATE,FL,,,,87999580.6130395,84329157.20876715,48508215.05503072,15540436.648035387,367.0,Construction,6.0,BBB-,Baa3,1.3541859074181528,2.1259445161433375,2.091747570616829,2026-06-30
CP-C-00486,CORPORATE,NC,,,,85911701.50151747,62603566.46775575,38781594.94512815,21103595.400964744,486.0,Healthcare,6.0,BBB-,Baa3,1.6279758754765943,1.4281427149560206,2.6055889813114543,2026-06-30
CP-C-00487,CORPORATE,GA,,,,9317688.769413233,15764878.24024607,10682047.488564156,1066555.6465701223,45.0,Technology,8.0,BB,Ba2,2.1015941727017875,2.933505542015896,1.3868353470630423,2026-06-30
CP-C-00488,CORPORATE,GA,,,,134163949.94747831,199248422.90891117,111933437.62792972,14113458.492550666,743.0,Hospitality,3.0,A,A2,1.2819499112062556,9.573004822574216,1.7381244091015513,2026-06-30
CP-C-00489,CORPORATE,GA,,,,27618191.928632353,34860998.25002153,22986548.068773683,5762618.519283072,86.0,Construction,7.0,BB+,Ba1,1.9357989395647202,1.6633806207041602,1.1265357230492337,2026-06-30
CP-C-00490,CORPORATE,VA,,,,89285031.99517493,65263173.02137844,40419014.14040073,16054827.116822846,256.0,Transportation,5.0,BBB,Baa2,1.626902095339124,5.853908590257628,1.350624727957809,2026-06-30
CP-C-00491,CORPORATE,NC,,,,90769787.32709497,70781930.97684832,34151994.293632954,16041867.903877862,295.0,Technology,4.0,BBB+,Baa1,0.932351988183538,2.1710307766001633,1.368703113526364,2026-06-30
CP-C-00492,CORPORATE,NY,,,,401348724.7939106,292428982.3468221,170924768.27636096,53067380.77272925,1154.0,Real Estate,1.0,AAA,Aaa,1.4067394253275893,5.128475160085149,1.538373320975878,2026-06-30
CP-C-00493,CORPORATE,NY,,,,80695780.011588,58942182.3543069,35373089.40620758,10420400.974415096,446.0,Retail,3.0,A,A2,1.5008252326087141,5.178344402204698,0.9225200545895347,2026-06-30
CP-C-00494,CORPORATE,GA,,,,27342905.31348119,46267794.315744095,32565100.383327395,6636491.9843599945,122.0,Construction,4.0,BBB+,Baa1,2.376547308430174,2.8637794745102103,1.5045071058254034,2026-06-30
CP-C-00495,CORPORATE,NC,,,,18174981.260874994,18353102.808790572,11532981.7532168,1706795.0693816,65.0,Technology,3.0,A,A2,1.6910230271926654,2.1876327889668645,1.8306498792357195,2026-06-30
CP-C-00496,CORPORATE,CA,,,,44548963.82387949,35406829.67923888,14525350.579582833,6561455.7825908,128.0,Hospitality,5.0,BBB,Baa2,0.695609277018221,1.4446830917973128,0.901466841073926,2026-06-30
CP-C-00497,CORPORATE,NC,,,,15955651.264297988,18732453.52155858,10001432.301503487,3553818.617475475,91.0,Hospitality,8.0,BB,Ba2,1.279441666143519,2.5343086194154325,2.115450725847517,2026-06-30
CP-C-00498,CORPORATE,CA,,,,31568180.52049721,31673598.70496079,18748788.268987,2205115.9356174073,174.0,Technology,6.0,BBB-,Baa3,1.450604506879518,2.3428260300072603,2.3893940535757148,2026-06-30
CP-C-00499,CORPORATE,NY,,,,66596192.457534775,83067650.03787306,65809123.58427913,9822880.637773108,433.0,Real Estate,7.0,BB+,Ba1,3.8131368724457304,3.645338720274398,0.9864701881326178,2026-06-30
CP-C-00500,CORPORATE,FL,,,,78805018.77945039,55180949.066373914,39215908.804313205,8651811.093208075,451.0,Hospitality,6.0,BBB-,Baa3,2.456361409717571,1.7165897388406974,0.9976066229127473,2026-06-30
CP-C-00501,CORPORATE,FL,,,,152013062.33637962,168838473.7758571,59318681.320040725,37113400.93239726,645.0,Real Estate,4.0,BBB+,Baa1,0.5416252166837486,3.0104944964656415,1.0966804915010244,2026-06-30
CP-C-00502,CORPORATE,CA,,,,160603817.31475395,166195686.36557338,121464196.83700867,37010710.620625235,470.0,Real Estate,5.0,BBB,Baa2,2.715406934066971,3.7014274804955933,2.421856214342467,2026-06-30
CP-C-00503,CORPORATE,FL,,,,342278025.4804047,261299601.7015857,144371236.08713415,71030554.21296787,1194.0,Healthcare,6.0,BBB-,Baa3,1.2346981447014334,2.902452092123356,1.1910918989516763,2026-06-30
CP-C-00504,CORPORATE,NY,,,,41512310.78069257,69177542.21408176,47557417.000215754,7108912.8218189245,193.0,Manufacturing,6.0,BBB-,Baa3,2.199682773794248,1.617633287822761,1.9834226985594157,2026-06-30
CP-C-00505,CORPORATE,FL,,,,51426728.521209516,78531612.93757941,42022865.88589011,9141933.97973092,172.0,Retail,4.0,BBB+,Baa1,1.151035553928868,2.500272270078967,1.9274472342512459,2026-06-30
CP-C-00506,CORPORATE,VA,,,,128764728.90449092,107515180.71788967,63784145.688004956,27437445.726764865,570.0,Retail,2.0,AA,Aa2,1.458555592027869,1.8298229664113204,1.800236955690237,2026-06-30
CP-C-00507,CORPORATE,NC,,,,31388981.9274075,29974526.545392495,19248045.017984558,6359057.508934169,145.0,Technology,6.0,BBB-,Baa3,1.855736146853502,2.3422146859629343,2.086702334876234,2026-06-30
CP-C-00508,CORPORATE,CA,,,,23859853.575631347,30521289.752890322,16108224.09907437,3290821.7996176146,99.0,Manufacturing,7.0,BB+,Ba1,1.1176126221842064,2.813064165910826,2.038225953294676,2026-06-30
CP-C-00509,CORPORATE,NC,,,,24264970.674345948,39056197.25235316,30676596.665414676,5747431.15763678,83.0,Manufacturing,6.0,BBB-,Baa3,3.660866212791948,0.4888037689684838,1.9994499436089752,2026-06-30
CP-C-00510,CORPORATE,NY,,,,29812226.95063916,28427395.207915228,13884479.611282935,4196388.6380193345,143.0,Real Estate,7.0,BB+,Ba1,0.954724623066517,1.8173543180365146,2.210035353235539,2026-06-30
CP-C-00511,CORPORATE,NY,,,,13825620.118397746,13352185.00196809,9005047.046970366,3419065.619997313,40.0,Construction,5.0,BBB,Baa2,2.071488676042046,2.0073111535933204,1.726107754761331,2026-06-30
CP-C-00512,CORPORATE,GA,,,,5483498.819779694,7768685.855560022,6473406.005949252,426027.5048871471,17.0,Construction,5.0,BBB,Baa2,4.997689115517782,2.885744086917684,1.3102945015597693,2026-06-30
CP-C-00513,CORPORATE,NY,,,,51893970.62161089,73695594.737005,44374801.159524545,8634920.57552653,257.0,Construction,3.0,A,A2,1.513424288543342,1.277446238786584,1.0634166975851955,2026-06-30
CP-C-00514,CORPORATE,VA,,,,55059642.9117914,38766462.56163676,23185085.769887336,3484127.283038485,182.0,Healthcare,4.0,BBB+,Baa1,1.487999814121958,3.166623378394174,0.4,2026-06-30
CP-C-00515,CORPORATE,NY,,,,14955305.59685945,12947497.26742243,8413832.424599687,2673317.234381265,72.0,Hospitality,6.0,BBB-,Baa3,1.8558567331944806,1.734755663446486,0.7064549569963009,2026-06-30
CP-C-00516,CORPORATE,TX,,,,31844757.38645838,23136467.082527395,14480310.456453117,4998483.542838916,99.0,Technology,4.0,BBB+,Baa1,1.6728336930543952,1.3438043591706177,1.6627699781342256,2026-06-30
CP-C-00517,CORPORATE,NC,,,,29033120.128225848,48174461.49815666,36201887.32025213,2702423.037281167,120.0,Technology,5.0,BBB,Baa2,3.023734644055327,2.181987716024745,1.9719293936481437,2026-06-30
CP-C-00518,CORPORATE,CA,,,,7889686.988671885,12191362.97481921,8566937.202015366,608644.2637997546,34.0,Manufacturing,4.0,BBB+,Baa1,2.363667443901883,1.7338843081237558,0.9172443133230171,2026-06-30
CP-C-00519,CORPORATE,NC,,,,129599498.18769212,149526557.98465103,104481617.39740019,18385565.92510217,450.0,Hospitality,6.0,BBB-,Baa3,2.444228111207679,4.063525719277822,1.4457394890329067,2026-06-30
CP-C-00520,CORPORATE,FL,,,,17227801.87795857,25791056.298798833,16875911.597298,1368260.7836060058,68.0,Construction,3.0,A,A2,1.8929487027234682,3.144676615309834,0.9915640539114694,2026-06-30
CP-C-00521,CORPORATE,NC,,,,41572672.058953255,55688987.69680732,27841817.18246602,6660205.1626306,155.0,Healthcare,4.0,BBB+,Baa1,0.9998077602939043,3.0221865936399803,1.3638211208396982,2026-06-30
CP-C-00522,CORPORATE,TX,,,,21553167.087854713,19247480.07080173,12168901.99528226,1855840.8714590054,132.0,Technology,5.0,BBB,Baa2,1.7191167301477046,3.938833984228897,2.3335532521278504,2026-06-30
CP-C-00523,CORPORATE,TX,,,,30033015.533489194,28423386.823257428,19755447.94008554,2103857.36637682,121.0,Construction,5.0,BBB,Baa2,2.2791401977278785,4.082992798229192,0.8994107109663256,2026-06-30
CP-C-00524,CORPORATE,FL,,,,7112870.77887398,7416491.471734143,4775739.834110822,1345608.7196991085,41.0,Transportation,4.0,BBB+,Baa1,1.80847746757775,3.7105167944804283,1.7304479865523597,2026-06-30
CP-C-00525,CORPORATE,CA,,,,24592807.093543913,22421803.136027724,14175118.849128999,4604567.814145689,97.0,Construction,2.0,AA,Aa2,1.7188870527817601,3.027507903093087,1.3541333047471749,2026-06-30
CP-C-00526,CORPORATE,FL,,,,45989854.92227805,38727939.308696106,30045168.29577081,10374706.30534946,254.0,Construction,8.0,BB,Ba2,3.460320242356402,3.0280286621774435,2.1556936470879307,2026-06-30
CP-C-00527,CORPORATE,VA,,,,97519004.54653926,120954327.11610396,83285434.85171051,12426543.973579641,326.0,Manufacturing,4.0,BBB+,Baa1,2.210987099571179,1.5367776361918906,1.550202535620402,2026-06-30
CP-C-00528,CORPORATE,FL,,,,20571084.68788697,15571766.559320992,7126372.849169655,3530960.7446104614,90.0,Manufacturing,4.0,BBB+,Baa1,0.8438177181252993,2.006296470261107,1.1194003110258,2026-06-30
CP-C-00529,CORPORATE,CA,,,,27475025.182657164,27150309.535695132,15581218.74699911,3192661.85455002,98.0,Healthcare,6.0,BBB-,Baa3,1.3467971711504998,0.9874257883205553,1.5730614801460605,2026-06-30
CP-C-00530,CORPORATE,NY,,,,74658187.8531675,90718386.99609365,62847389.49704303,8681684.321578423,223.0,Retail,5.0,BBB,Baa2,2.254938650803001,2.0989488924300734,0.9943985917626006,2026-06-30
CP-C-00531,CORPORATE,TX,,,,87223309.16028726,131865873.63873214,81288495.04718179,20661460.31411587,353.0,Real Estate,4.0,BBB+,Baa1,1.6072105219933668,5.515249376065788,2.2778268515599436,2026-06-30
CP-C-00532,CORPORATE,NC,,,,89666330.96719252,125734359.08349888,72161268.54476658,16910634.610049862,337.0,Technology,7.0,BB+,Ba1,1.3469685586385087,2.1636897054192183,1.8430145832976705,2026-06-30
CP-C-00533,CORPORATE,NY,,,,266440781.751052,239715575.7291843,108372599.68236043,45938051.09866715,1119.0,Manufacturing,4.0,BBB+,Baa1,0.9329306734014253,1.79685817159153,1.0310707037063602,2026-06-30
CP-C-00534,CORPORATE,NC,,,,14600803.815847248,14673668.694972482,8749588.531125203,3588407.657993108,95.0,Transportation,7.0,BB+,Ba1,1.4769530946797573,1.5723570940340137,1.1678957054526493,2026-06-30
CP-C-00535,CORPORATE,FL,,,,80508223.7674816,79000194.69842792,47674544.98059967,12889785.845042909,289.0,Transportation,6.0,BBB-,Baa3,1.521901234612441,3.596657404078825,1.7550382274404128,2026-06-30
CP-C-00536,CORPORATE,VA,,,,113137592.50104702,90896791.25943272,65670622.27373056,25219302.132601324,429.0,Transportation,7.0,BB+,Ba1,2.6032737000593222,1.448658898922906,1.6282589999581587,2026-06-30
CP-C-00537,CORPORATE,VA,,,,28634573.401665963,37531375.28485193,17445663.779637184,2240138.424612176,97.0,Healthcare,6.0,BBB-,Baa3,0.8685609058512992,2.390811164918912,2.0335466830200426,2026-06-30
CP-C-00538,CORPORATE,VA,,,,46334830.82136813,42102593.98291386,19711811.376601186,10786162.275992291,216.0,Healthcare,6.0,BBB-,Baa3,0.8803538368079998,1.0905825328592489,1.4231819280300413,2026-06-30
CP-C-00539,CORPORATE,GA,,,,64541851.78661933,63174212.19910708,38555298.909794584,10113014.392505411,354.0,Construction,5.0,BBB,Baa2,1.5660845162703474,1.2898013908633352,1.5022306462995563,2026-06-30
CP-C-00540,CORPORATE,VA,,,,236930477.42714274,300268472.30057126,178896259.140095,18416045.15577638,1206.0,Technology,7.0,BB+,Ba1,1.473947409227526,2.7070697649411706,1.088870192419194,2026-06-30
CP-C-00541,CORPORATE,NY,,,,103557570.71349292,119609034.50010046,40735109.929613814,19005745.550928187,308.0,Retail,6.0,BBB-,Baa3,0.5164585146667882,1.1410709923185907,1.2406801272202255,2026-06-30
CP-C-00542,CORPORATE,NY,,,,56234682.64511518,81116269.0682149,37450600.46907824,9564935.153732106,178.0,Real Estate,3.0,A,A2,0.8576669422581268,5.435984320817901,1.721240955801637,2026-06-30
CP-C-00543,CORPORATE,CA,,,,38634682.65076624,32936564.545503836,20790913.147849347,5692716.051487633,111.0,Retail,6.0,BBB-,Baa3,1.7117989366848114,2.8415266658499116,1.5162154375534014,2026-06-30
CP-C-00544,CORPORATE,CA,,,,32356245.598090563,36387424.551739946,28849130.32398965,7685893.91146548,109.0,Construction,7.0,BB+,Ba1,3.8270103888740485,1.3620445268962025,1.7500627799581296,2026-06-30
CP-C-00545,CORPORATE,GA,,,,46197536.51722413,43917660.023426555,31916326.649976045,4777265.385770254,176.0,Hospitality,5.0,BBB,Baa2,2.659398389897386,1.1750749028481453,1.2636864762439393,2026-06-30
CP-C-00546,CORPORATE,GA,,,,235634949.8670912,268467213.9485234,162777115.28401777,16477093.14583942,1214.0,Transportation,5.0,BBB,Baa2,1.6049488289517877,1.822276529701837,2.229671042515978,2026-06-30
CP-C-00547,CORPORATE,FL,,,,76361611.16791084,85001787.46112329,55211543.89673724,8189833.356175919,365.0,Technology,6.0,BBB-,Baa3,1.8533431516733925,2.3570881589083617,2.271734594969116,2026-06-30
CP-C-00548,CORPORATE,GA,,,,29601892.441104457,42222576.7648655,24978338.045241095,2269398.1677717464,92.0,Retail,6.0,BBB-,Baa3,1.4485033785118668,2.4025381124369107,1.790216028011366,2026-06-30
CP-C-00549,CORPORATE,TX,,,,33195359.400250364,55289380.06566456,32285382.908498406,4157214.667125622,125.0,Healthcare,3.0,A,A2,1.40346839238071,2.15494902785687,1.9329347412927818,2026-06-30
CP-C-00550,CORPORATE,VA,,,,41910974.44797729,42655480.226769365,22118447.459105052,5750505.170112743,171.0,Construction,4.0,BBB+,Baa1,1.0770030758255733,2.6469121224670524,1.5971329081988366,2026-06-30
CP-C-00551,CORPORATE,TX,,,,22319207.501037624,33158218.77536881,21179826.54753699,2127133.4387576794,69.0,Manufacturing,3.0,A,A2,1.768169395749591,1.9540413813198052,1.5040198764472672,2026-06-30
CP-C-00552,CORPORATE,GA,,,,128492994.29864725,122855097.52696867,67430058.54464972,24925680.95908374,835.0,Transportation,7.0,BB+,Ba1,1.2165992082776969,2.108011021066514,1.189036322266822,2026-06-30
CP-C-00553,CORPORATE,GA,,,,152291925.00017834,116999201.74469194,72611616.71990904,13666669.557789594,645.0,Manufacturing,5.0,BBB,Baa2,1.6358541848890362,1.9993108790625345,1.2116320260719216,2026-06-30
CP-C-00554,CORPORATE,VA,,,,28260009.816990215,27622583.450439166,16512415.81914259,2780472.7473131604,91.0,Hospitality,4.0,BBB+,Baa1,1.4862436254002367,1.1788953547123722,0.7250563297606969,2026-06-30
CP-C-00555,CORPORATE,TX,,,,42255142.93735514,67722071.1628189,54208122.17252627,6208105.229111584,150.0,Manufacturing,7.0,BB+,Ba1,4.011271776404155,2.133525114832864,0.49378231109753523,2026-06-30
CP-C-00556,CORPORATE,TX,,,,149030216.15016598,138670376.4169089,89977375.67375991,12083057.664518366,481.0,Hospitality,2.0,AA,Aa2,1.84785029266079,4.305462129822357,1.4513951970005552,2026-06-30
CP-C-00557,CORPORATE,CA,,,,7407900.022918488,8235552.127429776,5658750.581285383,1477679.8762183718,38.0,Real Estate,4.0,BBB+,Baa1,2.1960366291119455,4.59504408809444,1.2387129861151802,2026-06-30
CP-C-00558,CORPORATE,NC,,,,68166409.28938358,65053501.831734814,36489268.8367156,7408588.439641897,248.0,Real Estate,6.0,BBB-,Baa3,1.2774461279278282,2.132727545941783,1.8146545270103633,2026-06-30
CP-C-00559,CORPORATE,NY,,,,18877634.044845413,30035306.699220836,14528788.734093605,4124154.854314664,71.0,Construction,3.0,A,A2,0.936947209345615,3.7974119353206786,2.3109136363399925,2026-06-30
CP-C-00560,CORPORATE,FL,,,,10625513.545663359,9490532.900471494,7287728.643143313,1679612.3207093754,36.0,Construction,5.0,BBB,Baa2,3.308386852303765,3.34320754029201,1.686785137326724,2026-06-30
CP-C-00561,CORPORATE,GA,,,,51544712.30029756,46859188.96371389,21762416.96481409,8031169.183868721,165.0,Transportation,7.0,BB+,Ba1,0.8671400834245979,1.25380913674543,1.5572311124792386,2026-06-30
CP-C-00562,CORPORATE,NC,,,,70946864.01353174,84098965.53059904,57544045.11128898,17470714.221216477,358.0,Manufacturing,5.0,BBB,Baa2,2.1669823973354645,5.067240246663394,1.67915952013179,2026-06-30
CP-C-00563,CORPORATE,TX,,,,47132027.504465505,70562526.62219357,43436295.05084858,8007757.6792405695,230.0,Technology,5.0,BBB,Baa2,1.601265363255722,3.8657573036176296,1.3713032215943086,2026-06-30
CP-C-00564,CORPORATE,TX,,,,14800027.49999981,20698184.720318526,14117834.612959795,1999356.5726725815,51.0,Retail,7.0,BB+,Ba1,2.4319789157385285,2.9626203321768547,1.1040218180088075,2026-06-30
CP-C-00565,CORPORATE,NY,,,,34282066.90827436,45156871.92040621,31413074.479103953,3746059.5566102616,117.0,Retail,5.0,BBB,Baa2,2.2856182662226066,4.920682081628589,0.4,2026-06-30
CP-C-00566,CORPORATE,FL,,,,177848601.4458852,185197448.8012148,128393117.4770998,21442123.799747135,739.0,Healthcare,6.0,BBB-,Baa3,2.260269850630094,2.912415813475291,0.6149403905106948,2026-06-30
CP-C-00567,CORPORATE,NY,,,,44711961.80564524,47646277.77641164,25041489.728588242,3021638.9852414588,128.0,Technology,7.0,BB+,Ba1,1.1077958207619414,1.8031497980127509,1.406811137866373,2026-06-30
CP-C-00568,CORPORATE,GA,,,,187269756.17248213,261274098.36587167,198690479.1850687,28315107.150061708,580.0,Technology,7.0,BB+,Ba1,3.1748000800505864,0.7487735043728249,0.9444853610389299,2026-06-30
CP-C-00569,CORPORATE,TX,,,,46490927.87200013,66027802.42307059,37336699.53024993,5546663.581551501,178.0,Manufacturing,3.0,A,A2,1.3013337155328615,2.3846435425917902,1.8195742867501736,2026-06-30
CP-C-00570,CORPORATE,TX,,,,48460117.98331354,75525266.28742948,43795366.15739615,3674200.866968986,285.0,Construction,2.0,AA,Aa2,1.3802554050884797,2.6141728520439815,1.3482288083031666,2026-06-30
CP-C-00571,CORPORATE,FL,,,,110290857.91486019,95502539.18066372,62323502.7371256,16148657.03003478,456.0,Healthcare,7.0,BB+,Ba1,2.1622748147195323,3.3699271017539165,0.839405263103261,2026-06-30
CP-C-00572,CORPORATE,VA,,,,351387894.60701174,553960760.7061621,299827991.966079,59368203.917601235,1005.0,Construction,5.0,BBB,Baa2,1.1798084656793362,4.337206547137018,1.8983460423763163,2026-06-30
CP-C-00573,CORPORATE,NC,,,,55729782.098286755,66835773.87218939,35056972.99684002,10611877.389787082,160.0,Retail,5.0,BBB,Baa2,1.1031559414198508,1.4817296325383076,2.551556154650504,2026-06-30
CP-C-00574,CORPORATE,TX,,,,73589864.0988471,113912669.20387684,72760797.3346901,10120648.820693187,223.0,Hospitality,6.0,BBB-,Baa3,1.7681041962315,2.574849367222054,1.4610969207921791,2026-06-30
CP-C-00575,CORPORATE,VA,,,,20178924.71433419,18307708.01220101,13084889.890058236,3390112.893474872,78.0,Construction,6.0,BBB-,Baa3,2.8259785361983334,2.9606108656886363,1.5071116122177208,2026-06-30
CP-C-00576,CORPORATE,NY,,,,39760663.02238059,30041926.014473237,19446486.15288231,3929370.1798231476,193.0,Hospitality,7.0,BB+,Ba1,1.8353637420355653,2.266982103950195,1.4629218885408397,2026-06-30
CP-C-00577,CORPORATE,FL,,,,35837338.555362545,48062015.699437164,36111246.73292204,6392933.314765912,172.0,Healthcare,5.0,BBB,Baa2,3.0216672110474385,2.395624145520002,2.870510208456923,2026-06-30
CP-C-00578,CORPORATE,NC,,,,103645047.49291845,77126935.83724631,42927456.60699531,10815019.170608185,544.0,Real Estate,6.0,BBB-,Baa3,1.255207902961984,2.9186596117437755,1.6960864538090539,2026-06-30
CP-C-00579,CORPORATE,CA,,,,85989670.52567177,102754264.13644315,76675053.197554,15661986.646299973,273.0,Manufacturing,6.0,BBB-,Baa3,2.9400833245003075,1.9514660612792434,1.1108689806872054,2026-06-30
CP-C-00580,CORPORATE,TX,,,,101262459.76538524,90214632.07165216,31797901.15947574,23748212.343079112,298.0,Healthcare,6.0,BBB-,Baa3,0.5443286651435636,2.233571535429898,1.2298954921849279,2026-06-30
CP-C-00581,CORPORATE,CA,,,,112376448.39102443,133334628.19071887,52068859.91705257,26372697.330103014,433.0,Technology,3.0,A,A2,0.6407231608480982,2.3351770008437938,1.6049142029789376,2026-06-30
CP-C-00582,CORPORATE,NY,,,,50007888.006953396,67810200.11707442,50461829.72366246,4244620.278974181,320.0,Healthcare,4.0,BBB+,Baa1,2.908736012624295,1.1908000872167854,1.409491208211777,2026-06-30
CP-C-00583,CORPORATE,VA,,,,24746350.47535226,22401308.265604533,11072721.298924036,5073984.525434282,133.0,Manufacturing,5.0,BBB,Baa2,0.977414158667007,3.2070690989304667,1.5694297215026678,2026-06-30
CP-C-00584,CORPORATE,FL,,,,9627248.921970237,13240722.98182158,7793342.269521741,658675.0266177215,52.0,Healthcare,4.0,BBB+,Baa1,1.430658637815578,5.756712396313772,1.459826290458911,2026-06-30
CP-C-00585,CORPORATE,GA,,,,91160044.96437943,141475069.8404808,97757934.96298829,18184519.203431595,322.0,Construction,5.0,BBB,Baa2,2.2361468846696613,5.331861098948701,1.6762701684532366,2026-06-30
CP-C-00586,CORPORATE,CA,,,,68293214.90153565,84492387.2664281,50528386.55986536,7586834.923188868,339.0,Manufacturing,6.0,BBB-,Baa3,1.4877042017638973,3.12819368060515,1.6057110864646775,2026-06-30
CP-C-00587,CORPORATE,CA,,,,138285984.59258467,198317921.70465913,76484228.61879513,34524969.932842925,906.0,Real Estate,7.0,BB+,Ba1,0.6277756725710661,3.538987504282579,1.6379281968608237,2026-06-30
CP-C-00588,CORPORATE,FL,,,,10083285.790234132,12978064.173923653,6563095.927881523,867193.1009169593,51.0,Retail,5.0,BBB,Baa2,1.0230909454510213,1.8201585369672253,1.5726916614499118,2026-06-30
CP-C-00589,CORPORATE,TX,,,,9022990.935111988,8871814.551227732,4401363.767417858,2225207.6877817647,33.0,Hospitality,6.0,BBB-,Baa3,0.9845458501316646,3.0721078936402684,1.8183659027313206,2026-06-30
CP-C-00590,CORPORATE,VA,,,,32722323.188022774,25291469.72838822,14812810.292945512,2126889.1871300484,113.0,Hospitality,4.0,BBB+,Baa1,1.4136169215351249,4.610739168979187,2.401663983575182,2026-06-30
CP-C-00591,CORPORATE,NC,,,,63256827.04743466,75553649.87794422,55962357.45478892,8096000.7693052,207.0,Manufacturing,6.0,BBB-,Baa3,2.8564913557538474,3.2363050205788055,1.4445213175397242,2026-06-30
CP-C-00592,CORPORATE,TX,,,,25084674.464326065,34661610.040028006,22739928.590025038,4455838.663799115,84.0,Transportation,7.0,BB+,Ba1,1.9074430637483084,1.5403671029472412,1.3216246908537026,2026-06-30
CP-C-00593,CORPORATE,TX,,,,116103022.97268075,173677166.33947244,119086068.78129207,13173043.594139643,397.0,Healthcare,4.0,BBB+,Baa1,2.181419207671659,0.7861529110240144,1.6030425902077035,2026-06-30
CP-C-00594,CORPORATE,VA,,,,8752424.586029226,6332618.207299051,2942974.3634441993,1742802.8167031757,48.0,Construction,5.0,BBB,Baa2,0.8682252469620291,1.919433381817736,1.6665213836979373,2026-06-30
CP-C-00595,CORPORATE,VA,,,,11773356.71112301,16210579.951511035,10267590.977751827,1143979.4070316125,62.0,Transportation,6.0,BBB-,Baa3,1.7276813103789275,1.3007126856639677,1.9419294637137492,2026-06-30
CP-C-00596,CORPORATE,NC,,,,67410400.65182957,114244763.90286058,54164059.9078401,11060677.16398353,266.0,Transportation,8.0,BB,Ba2,0.9440629767846288,2.1094085552293778,1.507089256692116,2026-06-30
CP-C-00597,CORPORATE,VA,,,,117812798.15146956,131237044.11885436,83135396.91930011,13131439.978325136,378.0,Real Estate,6.0,BBB-,Baa3,1.7799012723700438,3.0881185800947115,1.0957298077017192,2026-06-30
CP-C-00598,CORPORATE,NY,,,,131621075.75143595,157058046.878942,71085451.00440602,30842171.62060757,411.0,Technology,6.0,BBB-,Baa3,0.9824470401250973,1.1989778028107718,1.8103761168973116,2026-06-30
CP-C-00599,CORPORATE,FL,,,,94063190.72995412,156856710.2748528,64836410.60944475,16301770.755990054,478.0,Transportation,4.0,BBB+,Baa1,0.7045881272414267,2.318495842444808,1.2592848183061105,2026-06-30
CP-C-00600,CORPORATE,VA,,,,165053417.72057635,250530360.8211092,161650254.0388806,18771966.830285914,687.0,Retail,3.0,A,A2,1.8187450475836084,2.8838218121528,2.311472855377346,2026-06-30
CP-C-00601,CORPORATE,NY,,,,111005432.77762824,166588520.11209944,93993900.71669398,24244256.261013247,325.0,Hospitality,8.0,BB,Ba2,1.2947777879340032,6.31536759477211,2.339660574894796,2026-06-30
CP-C-00602,CORPORATE,NY,,,,30126571.65742382,39113910.403535135,25205514.557759587,5470954.29091236,139.0,Retail,5.0,BBB,Baa2,1.8122517389678228,1.9606712550962095,1.662112039880011,2026-06-30
CP-C-00603,CORPORATE,CA,,,,42011823.00245063,39208286.50377428,19567604.70371019,5064550.430491899,196.0,Technology,2.0,AA,Aa2,0.9962792994103873,2.75090936257949,1.2427489205347921,2026-06-30
CP-C-00604,CORPORATE,VA,,,,48706637.54323308,77895709.48024389,39660695.45972556,7279622.609927184,171.0,Manufacturing,4.0,BBB+,Baa1,1.0372873261780986,0.721435141306468,0.7333589185282454,2026-06-30
CP-C-00605,CORPORATE,GA,,,,5634486.532038727,6360555.970085764,3461774.999779728,742980.5431012387,18.0,Technology,8.0,BB,Ba2,1.3428927965789341,1.6247290439052995,1.5604118504230238,2026-06-30
CP-C-00606,CORPORATE,CA,,,,12815952.95998052,13561647.712004047,9724370.70893709,2250025.0289091626,45.0,Retail,4.0,BBB+,Baa1,2.5341852311326116,1.8170284735751236,1.4932512838641412,2026-06-30
CP-C-00607,CORPORATE,TX,,,,83733709.93810427,66626245.834808655,47547617.972380124,7349132.915628426,478.0,Hospitality,5.0,BBB,Baa2,2.492192746524265,1.9852786889694538,1.9532534918976425,2026-06-30
CP-C-00608,CORPORATE,VA,,,,43758302.63534052,72448385.7571021,50893261.813172095,2802952.9630839513,274.0,Retail,5.0,BBB,Baa2,2.4096141328458915,2.9752010357604486,1.8166970559699172,2026-06-30
CP-C-00609,CORPORATE,GA,,,,19808001.290210746,33028022.69320022,24137328.82736704,1493723.2337623714,97.0,Healthcare,3.0,A,A2,2.7148982061036295,3.106149473318525,1.173613788021415,2026-06-30
CP-C-00610,CORPORATE,VA,,,,25744966.488272533,28540941.168839384,18322737.746194005,3047812.3530588886,158.0,Real Estate,6.0,BBB-,Baa3,1.7931466998971188,2.7825838262842577,1.1197540432712425,2026-06-30
CP-C-00611,CORPORATE,GA,,,,85704315.36329757,116718755.66156541,74156558.20508872,17894689.57778486,428.0,Hospitality,6.0,BBB-,Baa3,1.9400917978965297,1.6859097432093557,1.4333240804504876,2026-06-30
CP-C-00612,CORPORATE,NY,,,,21194019.5003346,33126606.132567164,16455173.377582397,2528579.1053715395,112.0,Real Estate,4.0,BBB+,Baa1,0.9870281468557219,2.082784426496783,0.9174246305788248,2026-06-30
CP-C-00613,CORPORATE,NC,,,,113602599.77001026,120001424.11160193,80060270.58324018,24458569.087397207,476.0,Manufacturing,5.0,BBB,Baa2,2.0044556431348513,4.301264949278849,0.9812887109794894,2026-06-30
CP-C-00614,CORPORATE,FL,,,,14449530.96654568,22260860.793765023,12407645.058995552,3587782.222137027,79.0,Healthcare,6.0,BBB-,Baa3,1.2592482893896413,1.0318777711146436,1.1047507283025073,2026-06-30
CP-C-00615,CORPORATE,FL,,,,24346258.044834837,40815223.1169303,23100874.089280777,3914260.912411487,161.0,Technology,5.0,BBB,Baa2,1.304076940858717,1.679314070237657,1.0357464700992502,2026-06-30
CP-C-00616,CORPORATE,NY,,,,34603535.21798782,40942295.92783333,26979210.088066377,3997221.547517713,142.0,Construction,5.0,BBB,Baa2,1.9321810663964711,1.170996330861224,1.5988077159638772,2026-06-30
CP-C-00617,CORPORATE,FL,,,,225995907.64873126,201692769.01188275,131463040.38545899,13699885.881420065,989.0,Real Estate,4.0,BBB+,Baa1,1.871900161892358,3.0241459054126327,1.7564913923546908,2026-06-30
CP-C-00618,CORPORATE,GA,,,,20693081.55857436,23674246.343151182,18642166.705996286,4865952.353589556,110.0,Retail,9.0,BB-,Ba3,4.295579422723422,2.8684516754224227,1.7157331014830606,2026-06-30
CP-C-00619,CORPORATE,NY,,,,129258951.19486235,169942282.59500465,106923841.69003104,23380464.853311975,434.0,Manufacturing,6.0,BBB-,Baa3,1.6967071884761955,6.252938814322895,1.6844471911676837,2026-06-30
CP-C-00620,CORPORATE,FL,,,,97184897.15668222,143554796.97309145,85574494.69841988,12328051.736012906,479.0,Manufacturing,5.0,BBB,Baa2,1.4759235695775723,1.7363348396821288,1.5509156772232293,2026-06-30
CP-C-00621,CORPORATE,VA,,,,70144749.83235767,93733258.78846751,40367482.33780928,10269936.14098622,445.0,Transportation,6.0,BBB-,Baa3,0.7564301509813668,3.361708291301637,0.9531892865134678,2026-06-30
CP-C-00622,CORPORATE,TX,,,,63175620.938962504,74329413.59307362,56371564.45140778,7365325.791043841,188.0,Transportation,3.0,A,A2,3.139104466615347,3.369804022596084,0.7046103110282587,2026-06-30
CP-C-00623,CORPORATE,GA,,,,18062109.964384433,13780885.540218443,9766141.554682652,3315847.8200291907,112.0,Construction,5.0,BBB,Baa2,2.432568948323439,1.9704127535485814,0.4,2026-06-30
CP-C-00624,CORPORATE,NY,,,,58722014.01763346,78873369.29840301,38970888.22918958,7850982.3254487105,215.0,Hospitality,7.0,BB+,Ba1,0.9766532602720135,5.566704944127033,1.5890123650564465,2026-06-30
CP-C-00625,CORPORATE,NY,,,,78913700.70892924,110924301.28913905,44691464.87196433,8177346.3144906,311.0,Technology,6.0,BBB-,Baa3,0.674762961840714,0.65876976926477,1.8923424692567594,2026-06-30
CP-C-00626,CORPORATE,GA,,,,163365310.02974343,230592492.68213904,106632135.78817779,13998781.109930018,491.0,Real Estate,5.0,BBB,Baa2,0.8602115907055152,2.8957674390659833,1.853532105395188,2026-06-30
CP-C-00627,CORPORATE,CA,,,,8107720.775447249,6366924.071519456,3442949.1149103595,1303021.2906859526,45.0,Healthcare,5.0,BBB,Baa2,1.1774892623920117,2.426309538677189,1.5283699530202939,2026-06-30
CP-C-00628,CORPORATE,CA,,,,40075560.20905197,34356987.39027698,18114171.319919378,7937841.6672717985,127.0,Construction,4.0,BBB+,Baa1,1.11521125656141,3.0880553029379603,1.9154011585900983,2026-06-30
CP-C-00629,CORPORATE,GA,,,,27294771.775447275,42168308.97543404,25844198.837519553,6722237.208286156,84.0,Retail,8.0,BB,Ba2,1.5831918934125322,3.034820483242769,2.3623073076414,2026-06-30
CP-C-00630,CORPORATE,FL,,,,45178974.05661312,70167183.84059896,43267349.13404267,5316720.653554673,150.0,Construction,3.0,A,A2,1.608461524244874,1.1562474544032666,1.9262647225270277,2026-06-30
CP-C-00631,CORPORATE,FL,,,,194284440.1952435,136281488.63431475,55856812.76160645,38868424.89253168,836.0,Construction,6.0,BBB-,Baa3,0.7455322332407807,1.616380535068794,1.7303024884258358,2026-06-30
CP-C-00632,CORPORATE,NY,,,,8581794.833668374,10917501.21436356,6100642.699480641,1116368.5868405304,34.0,Real Estate,7.0,BB+,Ba1,1.2665189730259134,3.2297221901355724,1.9976768516706949,2026-06-30
CP-C-00633,CORPORATE,VA,,,,27754880.02663417,25213349.058096778,12646860.025282832,2932491.5205201847,123.0,Transportation,5.0,BBB,Baa2,1.0063956600971853,1.6130875331401326,0.4,2026-06-30
CP-C-00634,CORPORATE,VA,,,,13315142.280473057,20792928.08188166,14309689.950964145,2104832.145960378,57.0,Real Estate,4.0,BBB+,Baa1,2.207182531630844,3.7759547268018925,1.2984180853430787,2026-06-30
CP-C-00635,CORPORATE,TX,,,,97394761.47024348,122962659.72006871,80520379.58031097,22991909.816800475,387.0,Real Estate,4.0,BBB+,Baa1,1.8971737455001536,3.339679955966969,1.2723705983844151,2026-06-30
CP-C-00636,CORPORATE,NY,,,,76033574.1841696,79994629.78083867,40801482.691044174,17486578.269813795,251.0,Real Estate,3.0,A,A2,1.041036143322833,2.1461561498509667,2.1263063492335665,2026-06-30
CP-C-00637,CORPORATE,CA,,,,140252065.54267737,115467181.30442087,78800319.49115983,17761246.002555694,890.0,Technology,4.0,BBB+,Baa1,2.149088184652351,0.946745257637424,1.9005276568241678,2026-06-30
CP-C-00638,CORPORATE,VA,,,,42656113.393323325,32971396.93732725,20348263.25503596,8637033.325497387,194.0,Technology,5.0,BBB,Baa2,1.7361074746792262,7.899484218852683,1.7546163534370738,2026-06-30
CP-C-00639,CORPORATE,VA,,,,21761546.120329827,33847968.27750548,22684208.93986448,3153397.1441781973,102.0,Healthcare,7.0,BB+,Ba1,2.381734284185123,3.2327155270103063,2.3242840410799928,2026-06-30
CP-C-00640,CORPORATE,CA,,,,86915376.37109558,106619790.26280846,65426338.653039336,20474047.205208365,561.0,Construction,3.0,A,A2,1.588270370563542,1.2627952449790492,1.3743652813097782,2026-06-30
CP-C-00641,CORPORATE,NY,,,,76836483.22631861,106527384.09397545,71110756.20318352,18631006.076145332,228.0,Technology,7.0,BB+,Ba1,2.0078353146001175,1.4711667046191634,2.0293839914931278,2026-06-30
CP-C-00642,CORPORATE,NY,,,,113858258.56400011,189058910.6060637,125866495.81254409,21616433.00845998,689.0,Real Estate,6.0,BBB-,Baa3,1.9917975317735723,1.6311767013883314,1.257955060985009,2026-06-30
CP-C-00643,CORPORATE,NY,,,,34752273.129967466,52710596.94011053,33443155.48529428,5922154.541565511,217.0,Real Estate,4.0,BBB+,Baa1,1.7357341172527376,3.1171407803656344,0.871604284546936,2026-06-30
CP-C-00644,CORPORATE,NY,,,,949688351.8216058,893630182.97467,460424528.05162865,217652246.0969288,2974.0,Healthcare,4.0,BBB+,Baa1,1.06283129691237,7.919740554463047,1.5926975970304755,2026-06-30
CP-C-00645,CORPORATE,NC,,,,70322618.03286378,98888417.67964713,52938146.30503735,15146738.27768665,225.0,Transportation,6.0,BBB-,Baa3,1.1520747260328212,3.4928599913347007,2.2213775562677753,2026-06-30
CP-C-00646,CORPORATE,CA,,,,114344802.66580567,142341225.63158777,91008483.88561746,21311417.79306577,599.0,Construction,5.0,BBB,Baa2,1.7729129750362842,4.143725171491985,1.3876807050399245,2026-06-30
CP-C-00647,CORPORATE,NC,,,,39209494.590397775,47501614.182079114,33442391.959385455,7274820.590438109,146.0,Hospitality,5.0,BBB,Baa2,2.378680088390985,2.454831676742881,1.8800465669737325,2026-06-30
CP-C-00648,CORPORATE,FL,,,,25238412.730034146,24886795.10686513,16807196.08087525,3151716.327875172,128.0,Manufacturing,8.0,BB,Ba2,2.0802017559053434,3.357254213923698,1.3848385975631639,2026-06-30
CP-C-00649,CORPORATE,FL,,,,34548298.44259374,27232389.080347575,18111244.339604042,2476851.2203285,123.0,Hospitality,4.0,BBB+,Baa1,1.985632818510416,4.683360881139146,1.686606042227458,2026-06-30
CP-C-00650,CORPORATE,FL,,,,62088084.797403604,89570501.69823012,66242689.633143045,7623648.154471243,247.0,Transportation,5.0,BBB,Baa2,2.8396443459128924,3.5588981382646288,1.5332084492322935,2026-06-30
CP-I-00001,INDIVIDUAL,TX,80846.7433204078,743.7500286975747,0.2018373052419189,,,,,,,,,,,,,2026-07-31
CP-I-00002,INDIVIDUAL,NY,101912.37755256222,779.3231103850453,0.4305209046446888,,,,,,,,,,,,,2026-07-31
CP-I-00003,INDIVIDUAL,NC,144002.61826776605,754.5323238593409,0.22988346137125787,,,,,,,,,,,,,2026-07-31
CP-I-00004,INDIVIDUAL,VA,81408.69924115842,726.7543542638426,0.13474692372890806,,,,,,,,,,,,,2026-07-31
CP-I-00005,INDIVIDUAL,GA,106537.15489638878,688.2788194183079,0.11032164691284171,,,,,,,,,,,,,2026-07-31
CP-I-00006,INDIVIDUAL,NY,75828.95572938785,669.5989360032346,0.31360750152698247,,,,,,,,,,,,,2026-07-31
CP-I-00007,INDIVIDUAL,NY,34699.16350882755,752.2838245223708,0.16100191238182135,,,,,,,,,,,,,2026-07-31
CP-I-00008,INDIVIDUAL,FL,117916.49261714485,779.8980997376023,0.45340996652697224,,,,,,,,,,,,,2026-07-31
CP-I-00009,INDIVIDUAL,VA,121979.39606679244,734.9042066050878,0.15059278421077268,,,,,,,,,,,,,2026-07-31
CP-I-00010,INDIVIDUAL,NC,158119.09144668144,677.5718400796122,0.4450822504396686,,,,,,,,,,,,,2026-07-31
CP-I-00011,INDIVIDUAL,NC,99162.38902936397,728.1608119392303,0.20298322958966544,,,,,,,,,,,,,2026-07-31
CP-I-00012,INDIVIDUAL,NC,81676.50396854618,676.8553120784835,0.48772801401433685,,,,,,,,,,,,,2026-07-31
CP-I-00013,INDIVIDUAL,NY,68053.48283391295,708.32030161563,0.3286247405978278,,,,,,,,,,,,,2026-07-31
CP-I-00014,INDIVIDUAL,NY,140732.81788262285,661.8618373839615,0.1950942786309901,,,,,,,,,,,,,2026-07-31
CP-I-00015,INDIVIDUAL,VA,110556.66242346939,682.9201398283545,0.15289847580652727,,,,,,,,,,,,,2026-07-31
CP-I-00016,INDIVIDUAL,VA,80196.6764324243,758.0844554288957,0.37044594702304423,,,,,,,,,,,,,2026-07-31
CP-I-00017,INDIVIDUAL,VA,122832.13122874734,611.4788007319779,0.29278123139100054,,,,,,,,,,,,,2026-07-31
CP-I-00018,INDIVIDUAL,NC,73439.86267056204,700.3439499254031,0.17039373842937977,,,,,,,,,,,,,2026-07-31
CP-I-00019,INDIVIDUAL,TX,113789.39858026546,755.4561677318351,0.3222916838601957,,,,,,,,,,,,,2026-07-31
CP-I-00020,INDIVIDUAL,CA,71592.20170653584,626.7961279898815,0.4073718588808267,,,,,,,,,,,,,2026-07-31
CP-I-00021,INDIVIDUAL,GA,101770.8583415053,809.354101302835,0.27108648297963467,,,,,,,,,,,,,2026-07-31
CP-I-00022,INDIVIDUAL,CA,58854.46776177519,760.1567790115763,0.05,,,,,,,,,,,,,2026-07-31
CP-I-00023,INDIVIDUAL,FL,43079.50364515153,709.2377316517342,0.16654281830327894,,,,,,,,,,,,,2026-07-31
CP-I-00024,INDIVIDUAL,TX,97877.59402761188,708.7485534517177,0.2269072148030188,,,,,,,,,,,,,2026-07-31
CP-I-00025,INDIVIDUAL,CA,100174.47918099043,657.0072468015028,0.36960163317023703,,,,,,,,,,,,,2026-07-31
CP-I-00026,INDIVIDUAL,GA,40118.29963519568,758.41935345122,0.23002667961007495,,,,,,,,,,,,,2026-07-31
CP-I-00027,INDIVIDUAL,FL,85863.25134965361,698.6679208152992,0.17451618965836796,,,,,,,,,,,,,2026-07-31
CP-I-00028,INDIVIDUAL,TX,98516.34273431622,602.0001252478918,0.36786835019306774,,,,,,,,,,,,,2026-07-31
CP-I-00029,INDIVIDUAL,VA,64048.54785761853,752.8400804513908,0.0507576600856043,,,,,,,,,,,,,2026-07-31
CP-I-00030,INDIVIDUAL,GA,114470.94294517337,705.0410573524,0.18645226120822564,,,,,,,,,,,,,2026-07-31
CP-I-00031,INDIVIDUAL,FL,162822.12338816852,586.1242192456247,0.22253392394445826,,,,,,,,,,,,,2026-07-31
CP-I-00032,INDIVIDUAL,TX,92658.15233948178,726.4492043413678,0.40368574307577254,,,,,,,,,,,,,2026-07-31
CP-I-00033,INDIVIDUAL,FL,140117.07660465298,775.4266775061516,0.11103314182236303,,,,,,,,,,,,,2026-07-31
CP-I-00034,INDIVIDUAL,GA,83173.69160222412,628.6774883798695,0.22566781409758802,,,,,,,,,,,,,2026-07-31
CP-I-00035,INDIVIDUAL,GA,97142.06745745544,675.8010052089736,0.24925902304330189,,,,,,,,,,,,,2026-07-31
CP-I-00036,INDIVIDUAL,FL,61741.430111654096,649.4811674617649,0.4262161002999848,,,,,,,,,,,,,2026-07-31
CP-I-00037,INDIVIDUAL,CA,53083.80998198374,720.3306293213001,0.3955227751132196,,,,,,,,,,,,,2026-07-31
CP-I-00038,INDIVIDUAL,CA,116200.6083340576,800.1273639340106,0.3023798719447366,,,,,,,,,,,,,2026-07-31
CP-I-00039,INDIVIDUAL,VA,222943.29894576952,692.0198507925197,0.31219363343570294,,,,,,,,,,,,,2026-07-31
CP-I-00040,INDIVIDUAL,FL,71552.39530814275,614.3653778460033,0.29339770117711117,,,,,,,,,,,,,2026-07-31
CP-I-00041,INDIVIDUAL,VA,61679.49654906338,657.5795743304075,0.42973138490951773,,,,,,,,,,,,,2026-07-31
CP-I-00042,INDIVIDUAL,FL,112471.6966961864,663.0406194576288,0.37972629904955135,,,,,,,,,,,,,2026-07-31
CP-I-00043,INDIVIDUAL,NC,74262.04909436128,640.865681134622,0.2522991058304467,,,,,,,,,,,,,2026-07-31
CP-I-00044,INDIVIDUAL,NY,169805.01973470443,725.6226036770626,0.17141994382037143,,,,,,,,,,,,,2026-07-31
CP-I-00045,INDIVIDUAL,FL,220669.45376784817,766.3747964910198,0.36750501385192724,,,,,,,,,,,,,2026-07-31
CP-I-00046,INDIVIDUAL,FL,115950.33097304197,686.5260350655575,0.4926197166337771,,,,,,,,,,,,,2026-07-31
CP-I-00047,INDIVIDUAL,GA,70579.66470800656,765.8073554017097,0.3447436755615271,,,,,,,,,,,,,2026-07-31
CP-I-00048,INDIVIDUAL,NY,84187.19755666533,591.4096227517041,0.16357738817461365,,,,,,,,,,,,,2026-07-31
CP-I-00049,INDIVIDUAL,CA,171569.52149634395,758.4838071879174,0.3705738598260322,,,,,,,,,,,,,2026-07-31
CP-I-00050,INDIVIDUAL,NY,71298.92850873232,594.3072582749572,0.19327780530492733,,,,,,,,,,,,,2026-07-31
CP-I-00051,INDIVIDUAL,GA,107120.0412475441,745.8836506975092,0.4422100981861144,,,,,,,,,,,,,2026-07-31
CP-I-00052,INDIVIDUAL,NC,68932.38080219024,710.8636547748703,0.2374382331074268,,,,,,,,,,,,,2026-07-31
CP-I-00053,INDIVIDUAL,NC,88952.4333267982,627.5506608340961,0.11066072778515355,,,,,,,,,,,,,2026-07-31
CP-I-00054,INDIVIDUAL,GA,60240.96457493119,618.8561581326518,0.1489901719054762,,,,,,,,,,,,,2026-07-31
CP-I-00055,INDIVIDUAL,NC,77456.37612766212,647.1615238666698,0.36229862624037595,,,,,,,,,,,,,2026-07-31
CP-I-00056,INDIVIDUAL,NC,75329.12522552325,771.4856833064855,0.4291472615445513,,,,,,,,,,,,,2026-07-31
CP-I-00057,INDIVIDUAL,TX,34929.05073618586,737.945429024732,0.3701430099035593,,,,,,,,,,,,,2026-07-31
CP-I-00058,INDIVIDUAL,CA,70901.9412112272,722.0260581828686,0.4389209422013956,,,,,,,,,,,,,2026-07-31
CP-I-00059,INDIVIDUAL,VA,161283.84134304017,725.5449267904844,0.1448698119077847,,,,,,,,,,,,,2026-07-31
CP-I-00060,INDIVIDUAL,NC,83188.54221645233,792.2000179419371,0.4642435164000714,,,,,,,,,,,,,2026-07-31
CP-I-00061,INDIVIDUAL,NY,105953.82018091327,716.2228420901879,0.4951942460301067,,,,,,,,,,,,,2026-07-31
CP-I-00062,INDIVIDUAL,VA,179113.63770058355,785.0053361989537,0.23735020878161062,,,,,,,,,,,,,2026-07-31
CP-I-00063,INDIVIDUAL,FL,84751.78028261029,758.4588551291464,0.15218359353681377,,,,,,,,,,,,,2026-07-31
CP-I-00064,INDIVIDUAL,CA,59641.36874479509,709.5631882618752,0.27629728486622945,,,,,,,,,,,,,2026-07-31
CP-I-00065,INDIVIDUAL,FL,62839.11927360684,738.3720179731222,0.24294905327129673,,,,,,,,,,,,,2026-07-31
CP-I-00066,INDIVIDUAL,CA,58540.414071417195,773.5965360906324,0.4655329210575339,,,,,,,,,,,,,2026-07-31
CP-I-00067,INDIVIDUAL,GA,29450.74553104327,696.7529913380394,0.37179615291350904,,,,,,,,,,,,,2026-07-31
CP-I-00068,INDIVIDUAL,GA,47527.00271332256,760.0705379085858,0.4471771004192886,,,,,,,,,,,,,2026-07-31
CP-I-00069,INDIVIDUAL,NY,126982.09559307549,629.935131640707,0.10970061988986221,,,,,,,,,,,,,2026-07-31
CP-I-00070,INDIVIDUAL,VA,189884.3374940459,693.9712605461582,0.34863191616141637,,,,,,,,,,,,,2026-07-31
CP-I-00071,INDIVIDUAL,GA,130385.37701284957,711.0661610335567,0.38497353658514466,,,,,,,,,,,,,2026-07-31
CP-I-00072,INDIVIDUAL,NC,124599.38108927965,693.3348379655068,0.36237592888196635,,,,,,,,,,,,,2026-07-31
CP-I-00073,INDIVIDUAL,NY,95257.88034059366,706.5848955453419,0.3590139644952597,,,,,,,,,,,,,2026-07-31
CP-I-00074,INDIVIDUAL,GA,74770.16271112523,793.2618819488623,0.293123926079362,,,,,,,,,,,,,2026-07-31
CP-I-00075,INDIVIDUAL,FL,64713.717544113584,743.5637308841375,0.2289115622906669,,,,,,,,,,,,,2026-07-31
CP-I-00076,INDIVIDUAL,FL,60693.205305620446,647.9752440352611,0.3770728068398338,,,,,,,,,,,,,2026-07-31
CP-I-00077,INDIVIDUAL,NY,63669.83547659111,724.2313428722497,0.30221886503780043,,,,,,,,,,,,,2026-07-31
CP-I-00078,INDIVIDUAL,CA,147919.57670472527,646.9420089814214,0.22200400181523922,,,,,,,,,,,,,2026-07-31
CP-I-00079,INDIVIDUAL,VA,56357.589589299794,698.0640113268053,0.31769404724537925,,,,,,,,,,,,,2026-07-31
CP-I-00080,INDIVIDUAL,TX,97150.04394248824,733.468729195251,0.1749169490163407,,,,,,,,,,,,,2026-07-31
CP-I-00081,INDIVIDUAL,VA,107931.88746884113,762.3764272820483,0.2739366508443317,,,,,,,,,,,,,2026-07-31
CP-I-00082,INDIVIDUAL,GA,81871.43276785636,567.2317503619811,0.37425258504563025,,,,,,,,,,,,,2026-07-31
CP-I-00083,INDIVIDUAL,NY,126623.54246374195,743.0140152519809,0.2125097379760768,,,,,,,,,,,,,2026-07-31
CP-I-00084,INDIVIDUAL,NC,128028.26888866961,733.3910540599894,0.17866339173392748,,,,,,,,,,,,,2026-07-31
CP-I-00085,INDIVIDUAL,FL,85558.92012829582,656.050002192297,0.47878280323390976,,,,,,,,,,,,,2026-07-31
CP-I-00086,INDIVIDUAL,TX,61848.73273390132,651.5806609837564,0.48320133870736137,,,,,,,,,,,,,2026-07-31
CP-I-00087,INDIVIDUAL,NC,91537.26969831875,680.8139715621451,0.33647197313111943,,,,,,,,,,,,,2026-07-31
CP-I-00088,INDIVIDUAL,GA,129983.41430794423,658.49941783481,0.22409031345339372,,,,,,,,,,,,,2026-07-31
CP-I-00089,INDIVIDUAL,NY,152997.57853399744,794.4320091388352,0.1803349200688519,,,,,,,,,,,,,2026-07-31
CP-I-00090,INDIVIDUAL,VA,122965.2438121856,716.5070117184084,0.48727719511357587,,,,,,,,,,,,,2026-07-31
CP-I-00091,INDIVIDUAL,CA,224484.26938313327,669.7107328727022,0.2486849104685346,,,,,,,,,,,,,2026-07-31
CP-I-00092,INDIVIDUAL,CA,70800.35013336845,698.0721817401986,0.24198420574643925,,,,,,,,,,,,,2026-07-31
CP-I-00093,INDIVIDUAL,NC,46610.71795407643,660.1712909092199,0.31769998482295914,,,,,,,,,,,,,2026-07-31
CP-I-00094,INDIVIDUAL,GA,49166.992983245014,659.3381389134588,0.4445961431871175,,,,,,,,,,,,,2026-07-31
CP-I-00095,INDIVIDUAL,GA,36919.41066136855,709.6019097802284,0.1901737575931028,,,,,,,,,,,,,2026-07-31
CP-I-00096,INDIVIDUAL,VA,67812.82389325832,720.3621729207155,0.3818118667645451,,,,,,,,,,,,,2026-07-31
CP-I-00097,INDIVIDUAL,NC,47399.03149273275,767.0497385884789,0.2137504367228682,,,,,,,,,,,,,2026-07-31
CP-I-00098,INDIVIDUAL,VA,175654.18850664282,672.2266013016686,0.4383448468127621,,,,,,,,,,,,,2026-07-31
CP-I-00099,INDIVIDUAL,TX,96437.26420490534,760.8549795859092,0.14103895886826148,,,,,,,,,,,,,2026-07-31
CP-I-00100,INDIVIDUAL,NC,93441.94742415841,746.9856745271179,0.37294830486648206,,,,,,,,,,,,,2026-07-31
CP-I-00101,INDIVIDUAL,NY,159460.56994899927,632.2242556902731,0.4694693432952357,,,,,,,,,,,,,2026-07-31
CP-I-00102,INDIVIDUAL,FL,47649.35707548582,750.3175791972639,0.30069296018403846,,,,,,,,,,,,,2026-07-31
CP-I-00103,INDIVIDUAL,VA,170128.17315793087,760.2451659200045,0.28471211738094687,,,,,,,,,,,,,2026-07-31
CP-I-00104,INDIVIDUAL,GA,84515.53065648612,698.6122212374349,0.4841227822859463,,,,,,,,,,,,,2026-07-31
CP-I-00105,INDIVIDUAL,VA,79688.71029333201,706.5391318227978,0.39074251091547285,,,,,,,,,,,,,2026-07-31
CP-I-00106,INDIVIDUAL,VA,94078.00757903299,720.2750166863658,0.22548069694428546,,,,,,,,,,,,,2026-07-31
CP-I-00107,INDIVIDUAL,NC,99562.7061045288,708.8478542779956,0.44768356405855525,,,,,,,,,,,,,2026-07-31
CP-I-00108,INDIVIDUAL,FL,152351.9802136576,670.1467721855163,0.27330935775133525,,,,,,,,,,,,,2026-07-31
CP-I-00109,INDIVIDUAL,TX,62717.748226714386,710.2641698098747,0.5071363113276818,,,,,,,,,,,,,2026-07-31
CP-I-00110,INDIVIDUAL,NY,40231.08748709577,783.2835095942697,0.3022394486971246,,,,,,,,,,,,,2026-07-31
CP-I-00111,INDIVIDUAL,FL,122582.13561814767,663.5831258299228,0.10729854551981177,,,,,,,,,,,,,2026-07-31
CP-I-00112,INDIVIDUAL,NC,110801.36892655873,655.7394134734321,0.15174170329216025,,,,,,,,,,,,,2026-07-31
CP-I-00113,INDIVIDUAL,CA,72964.65673046191,772.9084828826986,0.26803774140712033,,,,,,,,,,,,,2026-07-31
CP-I-00114,INDIVIDUAL,CA,136833.06515969866,651.4525087418019,0.23751198744833904,,,,,,,,,,,,,2026-07-31
CP-I-00115,INDIVIDUAL,CA,130546.19484672183,712.9819151701744,0.45780749744311633,,,,,,,,,,,,,2026-07-31
CP-I-00116,INDIVIDUAL,NY,59637.96422400772,717.2285379449007,0.4653054087499398,,,,,,,,,,,,,2026-07-31
CP-I-00117,INDIVIDUAL,FL,64804.714247282216,615.668817786001,0.29273093252134696,,,,,,,,,,,,,2026-07-31
CP-I-00118,INDIVIDUAL,CA,61448.77775860219,755.7342041092301,0.18903761189879048,,,,,,,,,,,,,2026-07-31
CP-I-00119,INDIVIDUAL,CA,54866.20932280289,743.9828700826995,0.3533358141346852,,,,,,,,,,,,,2026-07-31
CP-I-00120,INDIVIDUAL,CA,108518.3121534055,683.0576152623846,0.41298233373649196,,,,,,,,,,,,,2026-07-31
CP-I-00121,INDIVIDUAL,VA,87180.43436622049,667.2092681666682,0.2915307554592529,,,,,,,,,,,,,2026-07-31
CP-I-00122,INDIVIDUAL,NC,86455.07261887875,651.0713094285105,0.46930956810843383,,,,,,,,,,,,,2026-07-31
CP-I-00123,INDIVIDUAL,GA,83446.7787611527,612.5908766407168,0.14091489308754762,,,,,,,,,,,,,2026-07-31
CP-I-00124,INDIVIDUAL,NY,116123.20278275828,783.9765140417499,0.23021020273851928,,,,,,,,,,,,,2026-07-31
CP-I-00125,INDIVIDUAL,VA,140741.79387953816,714.3493931269296,0.2260888481386556,,,,,,,,,,,,,2026-07-31
CP-I-00126,INDIVIDUAL,CA,46090.62606068755,653.1822388422814,0.2857481171026429,,,,,,,,,,,,,2026-07-31
CP-I-00127,INDIVIDUAL,VA,109447.85401366433,669.8052157209135,0.28108532110257073,,,,,,,,,,,,,2026-07-31
CP-I-00128,INDIVIDUAL,NY,163981.9217816785,728.5732964257971,0.11250562385671413,,,,,,,,,,,,,2026-07-31
CP-I-00129,INDIVIDUAL,NY,153928.17399753732,712.3908995065774,0.10074132488131836,,,,,,,,,,,,,2026-07-31
CP-I-00130,INDIVIDUAL,CA,92831.5299537361,762.6865646075913,0.24259453033301454,,,,,,,,,,,,,2026-07-31
CP-I-00131,INDIVIDUAL,GA,151788.0707964786,695.7764295289655,0.3303336658151414,,,,,,,,,,,,,2026-07-31
CP-I-00132,INDIVIDUAL,CA,53230.3675237717,741.0050905455964,0.19868209472087356,,,,,,,,,,,,,2026-07-31
CP-I-00133,INDIVIDUAL,NC,174167.4683166019,776.8217344866563,0.30466173213673586,,,,,,,,,,,,,2026-07-31
CP-I-00134,INDIVIDUAL,FL,96069.97732250045,809.0725752564108,0.10973647589768173,,,,,,,,,,,,,2026-07-31
CP-I-00135,INDIVIDUAL,GA,75777.56469659101,811.2849926870222,0.21308461608453172,,,,,,,,,,,,,2026-07-31
CP-I-00136,INDIVIDUAL,NC,85167.32206253598,709.5155728930173,0.2755213286423753,,,,,,,,,,,,,2026-07-31
CP-I-00137,INDIVIDUAL,GA,90727.97226540529,763.4285333219404,0.19651045298634262,,,,,,,,,,,,,2026-07-31
CP-I-00138,INDIVIDUAL,CA,71927.10420871111,661.9756951102516,0.3678796791257869,,,,,,,,,,,,,2026-07-31
CP-I-00139,INDIVIDUAL,NY,67450.60712034443,720.9135877060957,0.161212809826597,,,,,,,,,,,,,2026-07-31
CP-I-00140,INDIVIDUAL,NY,158197.69966891196,715.2668009189583,0.2227319285119141,,,,,,,,,,,,,2026-07-31
CP-I-00141,INDIVIDUAL,CA,96352.21731414692,658.6052115982661,0.31099962802509873,,,,,,,,,,,,,2026-07-31
CP-I-00142,INDIVIDUAL,FL,136896.6322363904,696.6353508201963,0.2012618909858373,,,,,,,,,,,,,2026-07-31
CP-I-00143,INDIVIDUAL,CA,189198.05057063114,745.297008744227,0.19150340967335497,,,,,,,,,,,,,2026-07-31
CP-I-00144,INDIVIDUAL,CA,87747.60979861546,723.7479340033033,0.49629878534991756,,,,,,,,,,,,,2026-07-31
CP-I-00145,INDIVIDUAL,FL,102601.27257959447,751.5306939663808,0.2594283469772016,,,,,,,,,,,,,2026-07-31
CP-I-00146,INDIVIDUAL,NC,118709.0631127415,663.7408199475602,0.23123579202565003,,,,,,,,,,,,,2026-07-31
CP-I-00147,INDIVIDUAL,NY,51094.067784606355,710.5909640509345,0.5440114784576988,,,,,,,,,,,,,2026-07-31
CP-I-00148,INDIVIDUAL,TX,168358.94906674713,714.6293130515585,0.42704580550924076,,,,,,,,,,,,,2026-07-31
CP-I-00149,INDIVIDUAL,NY,125632.59119937844,681.3050356971122,0.33502654545880073,,,,,,,,,,,,,2026-07-31
CP-I-00150,INDIVIDUAL,VA,59862.07477949912,766.1458869953206,0.5394192750369217,,,,,,,,,,,,,2026-07-31
CP-I-00151,INDIVIDUAL,GA,103663.70557880022,737.0591141683159,0.24285572418348317,,,,,,,,,,,,,2026-07-31
CP-I-00152,INDIVIDUAL,NY,128990.91126343759,709.6621781200115,0.11572093724053936,,,,,,,,,,,,,2026-07-31
CP-I-00153,INDIVIDUAL,NC,82652.01087997408,545.9482134472911,0.39680888393551916,,,,,,,,,,,,,2026-07-31
CP-I-00154,INDIVIDUAL,FL,65996.08937821296,684.8690007981097,0.5639054161006936,,,,,,,,,,,,,2026-07-31
CP-I-00155,INDIVIDUAL,CA,90271.95518108713,718.630201634098,0.18183066018044008,,,,,,,,,,,,,2026-07-31
CP-I-00156,INDIVIDUAL,NY,124407.39732657571,701.5457171264566,0.20283858047263567,,,,,,,,,,,,,2026-07-31
CP-I-00157,INDIVIDUAL,GA,42656.917894768834,694.1260368292672,0.1291447155637323,,,,,,,,,,,,,2026-07-31
CP-I-00158,INDIVIDUAL,FL,210056.47048084196,710.5460654256202,0.24002133543403475,,,,,,,,,,,,,2026-07-31
CP-I-00159,INDIVIDUAL,GA,153955.5260392455,747.9023013259426,0.5124479307449785,,,,,,,,,,,,,2026-07-31
CP-I-00160,INDIVIDUAL,TX,103514.19162110204,625.8101880054732,0.4917967631396399,,,,,,,,,,,,,2026-07-31
CP-I-00161,INDIVIDUAL,NC,56911.8879711241,768.3022416278549,0.334185895224639,,,,,,,,,,,,,2026-07-31
CP-I-00162,INDIVIDUAL,NY,31431.419038789838,743.778883541881,0.19157911534744282,,,,,,,,,,,,,2026-07-31
CP-I-00163,INDIVIDUAL,CA,86727.11798705408,769.4442635907764,0.17406642672108466,,,,,,,,,,,,,2026-07-31
CP-I-00164,INDIVIDUAL,GA,58069.95696005055,701.2175651574016,0.5110233482069557,,,,,,,,,,,,,2026-07-31
CP-I-00165,INDIVIDUAL,TX,192618.2276302472,708.0445357554169,0.12219491146948862,,,,,,,,,,,,,2026-07-31
CP-I-00166,INDIVIDUAL,NY,121166.33657245124,711.9283943598891,0.3348299133888431,,,,,,,,,,,,,2026-07-31
CP-I-00167,INDIVIDUAL,NC,104768.75070139531,652.2191847724465,0.2285715429953789,,,,,,,,,,,,,2026-07-31
CP-I-00168,INDIVIDUAL,FL,84038.25980672894,736.3838797434081,0.23198668205063275,,,,,,,,,,,,,2026-07-31
CP-I-00169,INDIVIDUAL,FL,50733.53843178953,626.0554451902224,0.16555910650512598,,,,,,,,,,,,,2026-07-31
CP-I-00170,INDIVIDUAL,NY,104651.69399412154,720.0396370205083,0.2699461710179933,,,,,,,,,,,,,2026-07-31
CP-I-00171,INDIVIDUAL,NC,138780.3995081914,751.7100316457344,0.31841350226496073,,,,,,,,,,,,,2026-07-31
CP-I-00172,INDIVIDUAL,TX,54913.21834302516,667.2276521046992,0.316867423505579,,,,,,,,,,,,,2026-07-31
CP-I-00173,INDIVIDUAL,TX,109781.3337033959,666.3486475144232,0.1716552477765112,,,,,,,,,,,,,2026-07-31
CP-I-00174,INDIVIDUAL,TX,85319.02600574476,701.4951718029866,0.315135095689847,,,,,,,,,,,,,2026-07-31
CP-I-00175,INDIVIDUAL,TX,82401.94866064674,758.4552138224893,0.2651486146223107,,,,,,,,,,,,,2026-07-31
CP-I-00176,INDIVIDUAL,TX,55040.18951367815,652.5905271133385,0.36091643509927124,,,,,,,,,,,,,2026-07-31
CP-I-00177,INDIVIDUAL,NY,187952.6203368403,819.4659367412514,0.20875398657355917,,,,,,,,,,,,,2026-07-31
CP-I-00178,INDIVIDUAL,VA,110264.58943948091,654.4349071761816,0.35731077967107383,,,,,,,,,,,,,2026-07-31
CP-I-00179,INDIVIDUAL,VA,138284.55235308674,612.4704928231296,0.18404099266617321,,,,,,,,,,,,,2026-07-31
CP-I-00180,INDIVIDUAL,GA,101217.50627145509,788.395559880907,0.2652975504257618,,,,,,,,,,,,,2026-07-31
CP-I-00181,INDIVIDUAL,VA,133718.17847280364,608.5181131786516,0.3385367872612014,,,,,,,,,,,,,2026-07-31
CP-I-00182,INDIVIDUAL,NC,59088.34010524015,721.6254419477137,0.38998171490606015,,,,,,,,,,,,,2026-07-31
CP-I-00183,INDIVIDUAL,FL,111574.13463932817,696.664867750211,0.17199725623722223,,,,,,,,,,,,,2026-07-31
CP-I-00184,INDIVIDUAL,TX,77099.50955364818,654.9233113212109,0.24795789941626656,,,,,,,,,,,,,2026-07-31
CP-I-00185,INDIVIDUAL,TX,90789.3257221567,668.1581100913095,0.42081612673550745,,,,,,,,,,,,,2026-07-31
CP-I-00186,INDIVIDUAL,FL,194279.5663449398,711.8469945351917,0.417234312295405,,,,,,,,,,,,,2026-07-31
CP-I-00187,INDIVIDUAL,NC,101703.16642910396,707.9946379847839,0.10890284028415553,,,,,,,,,,,,,2026-07-31
CP-I-00188,INDIVIDUAL,VA,168690.922576448,796.5519570622355,0.1018766564904557,,,,,,,,,,,,,2026-07-31
CP-I-00189,INDIVIDUAL,CA,145881.8124354201,678.4957586016964,0.15729723474731838,,,,,,,,,,,,,2026-07-31
CP-I-00190,INDIVIDUAL,VA,127984.1995813615,657.0636289101823,0.2517217879093873,,,,,,,,,,,,,2026-07-31
CP-I-00191,INDIVIDUAL,GA,48126.728163461084,720.5358860660874,0.11277128939003789,,,,,,,,,,,,,2026-07-31
CP-I-00192,INDIVIDUAL,GA,88911.61242509125,681.180231749051,0.1728271408791991,,,,,,,,,,,,,2026-07-31
CP-I-00193,INDIVIDUAL,NY,61077.82167246322,705.4746621480017,0.4572498408199608,,,,,,,,,,,,,2026-07-31
CP-I-00194,INDIVIDUAL,GA,128355.1274333743,771.060044586507,0.34632817926378867,,,,,,,,,,,,,2026-07-31
CP-I-00195,INDIVIDUAL,TX,136469.38268102397,619.8986220931191,0.3493590662981318,,,,,,,,,,,,,2026-07-31
CP-I-00196,INDIVIDUAL,NY,68678.3685129345,750.0696641036138,0.2513927716674802,,,,,,,,,,,,,2026-07-31
CP-I-00197,INDIVIDUAL,VA,91916.34411598292,687.2615569828192,0.36364972737446255,,,,,,,,,,,,,2026-07-31
CP-I-00198,INDIVIDUAL,NY,118311.49750166312,831.5878121565817,0.47128764088278297,,,,,,,,,,,,,2026-07-31
CP-I-00199,INDIVIDUAL,NY,117741.27477785207,631.026222530128,0.2684189706681063,,,,,,,,,,,,,2026-07-31
CP-I-00200,INDIVIDUAL,FL,116447.03730915197,646.2624955918379,0.2611738373703441,,,,,,,,,,,,,2026-07-31
CP-I-00201,INDIVIDUAL,CA,63477.200206899135,649.9957242972959,0.22952456286473863,,,,,,,,,,,,,2026-07-31
CP-I-00202,INDIVIDUAL,TX,96346.97825106943,758.1532651771555,0.20986054012812208,,,,,,,,,,,,,2026-07-31
CP-I-00203,INDIVIDUAL,CA,49611.727522689725,783.3767306531399,0.295102704226419,,,,,,,,,,,,,2026-07-31
CP-I-00204,INDIVIDUAL,GA,81516.2441257124,779.823068841802,0.14362802402425343,,,,,,,,,,,,,2026-07-31
CP-I-00205,INDIVIDUAL,NC,71745.16642153746,696.6307940818633,0.2528977615394375,,,,,,,,,,,,,2026-07-31
CP-I-00206,INDIVIDUAL,NY,67734.91236416111,749.146682804405,0.3763385650929373,,,,,,,,,,,,,2026-07-31
CP-I-00207,INDIVIDUAL,GA,271758.11179328576,680.7093511893878,0.42081320427924096,,,,,,,,,,,,,2026-07-31
CP-I-00208,INDIVIDUAL,NC,84670.70951321168,636.8277675667075,0.2976770581029694,,,,,,,,,,,,,2026-07-31
CP-I-00209,INDIVIDUAL,FL,42552.38217634604,757.860980865659,0.3329749024460653,,,,,,,,,,,,,2026-07-31
CP-I-00210,INDIVIDUAL,FL,30565.893908741196,766.3662028340178,0.14662121182661075,,,,,,,,,,,,,2026-07-31
CP-I-00211,INDIVIDUAL,NC,150413.1466096056,636.6723174473275,0.16043668695329644,,,,,,,,,,,,,2026-07-31
CP-I-00212,INDIVIDUAL,GA,59148.612765904174,659.5853663345449,0.3822559904953132,,,,,,,,,,,,,2026-07-31
CP-I-00213,INDIVIDUAL,GA,94810.99633619474,768.4882578596014,0.469023875190427,,,,,,,,,,,,,2026-07-31
CP-I-00214,INDIVIDUAL,GA,183127.85804931517,708.2190722096105,0.3739512498522476,,,,,,,,,,,,,2026-07-31
CP-I-00215,INDIVIDUAL,VA,96308.79560523703,759.4690875938983,0.357740079316771,,,,,,,,,,,,,2026-07-31
CP-I-00216,INDIVIDUAL,NC,69996.37624347718,701.3803673184472,0.3055626921510586,,,,,,,,,,,,,2026-07-31
CP-I-00217,INDIVIDUAL,VA,160997.8561180274,627.5311783923245,0.3644441716916013,,,,,,,,,,,,,2026-07-31
CP-I-00218,INDIVIDUAL,VA,93798.74714742428,569.448456145151,0.386911191569002,,,,,,,,,,,,,2026-07-31
CP-I-00219,INDIVIDUAL,NC,99653.06387833263,815.2113309128623,0.3113469193840376,,,,,,,,,,,,,2026-07-31
CP-I-00220,INDIVIDUAL,FL,159686.8289891862,754.7802860694078,0.23002245565410062,,,,,,,,,,,,,2026-07-31
CP-I-00221,INDIVIDUAL,NC,83312.79872615357,689.5507741361963,0.5190883938797736,,,,,,,,,,,,,2026-07-31
CP-I-00222,INDIVIDUAL,FL,93362.94654144676,720.4867657085165,0.1655963587974204,,,,,,,,,,,,,2026-07-31
CP-I-00223,INDIVIDUAL,TX,158069.59601455662,685.9822965381786,0.34841879370442275,,,,,,,,,,,,,2026-07-31
CP-I-00224,INDIVIDUAL,TX,122548.52134256958,659.2707323714701,0.2501050627862538,,,,,,,,,,,,,2026-07-31
CP-I-00225,INDIVIDUAL,NY,47766.780537608,757.1975503268832,0.1577369477347063,,,,,,,,,,,,,2026-07-31
CP-I-00226,INDIVIDUAL,TX,42776.838490179114,770.3822150117074,0.2298417277811728,,,,,,,,,,,,,2026-07-31
CP-I-00227,INDIVIDUAL,FL,151566.05484424008,678.8936434862258,0.19191830517169195,,,,,,,,,,,,,2026-07-31
CP-I-00228,INDIVIDUAL,GA,64676.70507918245,807.0570472332299,0.40082080931355696,,,,,,,,,,,,,2026-07-31
CP-I-00229,INDIVIDUAL,GA,90239.2108698662,689.6663519387529,0.14656996073272283,,,,,,,,,,,,,2026-07-31
CP-I-00230,INDIVIDUAL,CA,86638.98596148593,787.3794526899535,0.5292963165201378,,,,,,,,,,,,,2026-07-31
CP-I-00231,INDIVIDUAL,NC,117706.74534180062,638.1995042879371,0.0867621923761038,,,,,,,,,,,,,2026-07-31
CP-I-00232,INDIVIDUAL,NY,91311.71222588317,707.88812549427,0.33180654306839813,,,,,,,,,,,,,2026-07-31
CP-I-00233,INDIVIDUAL,GA,80259.11983266307,767.047442889132,0.38375647276976127,,,,,,,,,,,,,2026-07-31
CP-I-00234,INDIVIDUAL,TX,57905.92199074075,681.7185657232509,0.2735690442256683,,,,,,,,,,,,,2026-07-31
CP-I-00235,INDIVIDUAL,CA,144377.97487020347,698.6388204967169,0.23584599523136404,,,,,,,,,,,,,2026-07-31
CP-I-00236,INDIVIDUAL,TX,143837.26266774547,684.0308915708546,0.3639206306422942,,,,,,,,,,,,,2026-07-31
CP-I-00237,INDIVIDUAL,GA,65082.517768489466,673.4843126951196,0.23129773022009723,,,,,,,,,,,,,2026-07-31
CP-I-00238,INDIVIDUAL,CA,76917.93358126415,722.4695898373807,0.2690032226253252,,,,,,,,,,,,,2026-07-31
CP-I-00239,INDIVIDUAL,GA,43570.459071606194,754.4260693035666,0.3303997580956506,,,,,,,,,,,,,2026-07-31
CP-I-00240,INDIVIDUAL,VA,42414.69023988275,677.5783236241945,0.20087552529792807,,,,,,,,,,,,,2026-07-31
CP-I-00241,INDIVIDUAL,GA,69155.0165434286,702.4346539889689,0.09740778101242943,,,,,,,,,,,,,2026-07-31
CP-I-00242,INDIVIDUAL,FL,112663.62838016258,707.6092645264664,0.13571612827507773,,,,,,,,,,,,,2026-07-31
CP-I-00243,INDIVIDUAL,GA,265753.9764833384,649.1055791358071,0.21840941305844364,,,,,,,,,,,,,2026-07-31
CP-I-00244,INDIVIDUAL,TX,176752.32894594816,747.1451415930651,0.2574384512350488,,,,,,,,,,,,,2026-07-31
CP-I-00245,INDIVIDUAL,GA,50424.34319954746,778.4595673694591,0.19453234402174485,,,,,,,,,,,,,2026-07-31
CP-I-00246,INDIVIDUAL,GA,116062.72119587568,735.4779348050703,0.3294398019152338,,,,,,,,,,,,,2026-07-31
CP-I-00247,INDIVIDUAL,CA,77162.50218029499,655.8774709441972,0.11987522877156769,,,,,,,,,,,,,2026-07-31
CP-I-00248,INDIVIDUAL,CA,99911.03082812128,647.8196788007401,0.2501543249932495,,,,,,,,,,,,,2026-07-31
CP-I-00249,INDIVIDUAL,TX,121387.01486996519,754.6824709404507,0.0631867154307403,,,,,,,,,,,,,2026-07-31
CP-I-00250,INDIVIDUAL,FL,161347.98458211226,636.5006112867769,0.3250539442538707,,,,,,,,,,,,,2026-07-31
CP-I-00251,INDIVIDUAL,VA,54679.089462106254,640.845628681678,0.24025471764076467,,,,,,,,,,,,,2026-07-31
CP-I-00252,INDIVIDUAL,NC,158420.21712176994,744.4026275551798,0.1333117160184425,,,,,,,,,,,,,2026-07-31
CP-I-00253,INDIVIDUAL,TX,49267.96179554911,664.7551569219517,0.25714857833098614,,,,,,,,,,,,,2026-07-31
CP-I-00254,INDIVIDUAL,TX,94422.68344301019,691.78303664702,0.3507045023515928,,,,,,,,,,,,,2026-07-31
CP-I-00255,INDIVIDUAL,NC,84476.20565650225,683.8186927662651,0.2688804431952327,,,,,,,,,,,,,2026-07-31
CP-I-00256,INDIVIDUAL,VA,75995.38539438024,666.8746670663184,0.08731013984412826,,,,,,,,,,,,,2026-07-31
CP-I-00257,INDIVIDUAL,FL,271819.561621881,682.1330317742049,0.45973277030971266,,,,,,,,,,,,,2026-07-31
CP-I-00258,INDIVIDUAL,NC,87342.16421064187,697.5564737098747,0.06426255022744846,,,,,,,,,,,,,2026-07-31
CP-I-00259,INDIVIDUAL,NY,83069.45775754342,683.4623478930629,0.40161453458273344,,,,,,,,,,,,,2026-07-31
CP-I-00260,INDIVIDUAL,VA,112377.093926143,681.9822808150171,0.2341206418430332,,,,,,,,,,,,,2026-07-31
CP-I-00261,INDIVIDUAL,NY,79058.83496167477,671.6309428599855,0.44719015115690686,,,,,,,,,,,,,2026-07-31
CP-I-00262,INDIVIDUAL,NY,87262.26360214759,740.7885602915311,0.4322513264498363,,,,,,,,,,,,,2026-07-31
CP-I-00263,INDIVIDUAL,VA,99497.15248532523,745.7527848397939,0.2906277366637925,,,,,,,,,,,,,2026-07-31
CP-I-00264,INDIVIDUAL,CA,49490.402172356815,707.8714771128141,0.27258906191731125,,,,,,,,,,,,,2026-07-31
CP-I-00265,INDIVIDUAL,NC,102822.32382857714,723.2101470942683,0.44910029428609133,,,,,,,,,,,,,2026-07-31
CP-I-00266,INDIVIDUAL,FL,117629.905353368,685.041339435341,0.2596244068717235,,,,,,,,,,,,,2026-07-31
CP-I-00267,INDIVIDUAL,FL,80408.71387954854,585.2547809245305,0.20283632094621049,,,,,,,,,,,,,2026-07-31
CP-I-00268,INDIVIDUAL,CA,99582.77190763416,628.2120027532438,0.05413254625526535,,,,,,,,,,,,,2026-07-31
CP-I-00269,INDIVIDUAL,CA,51667.08395332068,750.1220817824374,0.13564381864670522,,,,,,,,,,,,,2026-07-31
CP-I-00270,INDIVIDUAL,CA,52002.5675734374,771.9360835460665,0.33196856874467606,,,,,,,,,,,,,2026-07-31
CP-I-00271,INDIVIDUAL,GA,123011.75746379377,622.207068844767,0.32690842863216785,,,,,,,,,,,,,2026-07-31
CP-I-00272,INDIVIDUAL,CA,37039.58001264933,826.4184970225535,0.2564209767689221,,,,,,,,,,,,,2026-07-31
CP-I-00273,INDIVIDUAL,FL,86318.8297114565,721.8948308265568,0.09256812882194891,,,,,,,,,,,,,2026-07-31
CP-I-00274,INDIVIDUAL,GA,33157.77221820041,727.3735348135066,0.4240249654078338,,,,,,,,,,,,,2026-07-31
CP-I-00275,INDIVIDUAL,NY,82541.22830711385,669.9882490415692,0.27869115509547193,,,,,,,,,,,,,2026-07-31
CP-I-00276,INDIVIDUAL,NY,87493.2721709555,776.5869643374413,0.1508348361260371,,,,,,,,,,,,,2026-07-31
CP-I-00277,INDIVIDUAL,FL,146443.04336806526,744.3218411976794,0.3269814409546126,,,,,,,,,,,,,2026-07-31
CP-I-00278,INDIVIDUAL,CA,66476.56935421392,696.7400968954153,0.17228411414201447,,,,,,,,,,,,,2026-07-31
CP-I-00279,INDIVIDUAL,NC,120086.99866836253,684.6839212490075,0.40688551600579137,,,,,,,,,,,,,2026-07-31
CP-I-00280,INDIVIDUAL,FL,93587.16090224376,692.7781577090906,0.38730695684040756,,,,,,,,,,,,,2026-07-31
CP-I-00281,INDIVIDUAL,TX,186475.0428066266,703.8989181845618,0.0888266075309132,,,,,,,,,,,,,2026-07-31
CP-I-00282,INDIVIDUAL,NY,99319.6511315009,786.3270283069779,0.2829942670527501,,,,,,,,,,,,,2026-07-31
CP-I-00283,INDIVIDUAL,NY,138042.74383129837,709.5328063762851,0.3549145498139054,,,,,,,,,,,,,2026-07-31
CP-I-00284,INDIVIDUAL,CA,72590.82271173508,691.9745208775655,0.5951198219090471,,,,,,,,,,,,,2026-07-31
CP-I-00285,INDIVIDUAL,TX,107464.53538716411,678.192627657088,0.4725398598249443,,,,,,,,,,,,,2026-07-31
CP-I-00286,INDIVIDUAL,NC,110209.75980152986,744.7223787098798,0.2862801417278385,,,,,,,,,,,,,2026-07-31
CP-I-00287,INDIVIDUAL,NY,80107.8192084911,667.7280749937938,0.1998052545049269,,,,,,,,,,,,,2026-07-31
CP-I-00288,INDIVIDUAL,VA,111380.08361662415,828.2357472414899,0.09655747815615409,,,,,,,,,,,,,2026-07-31
CP-I-00289,INDIVIDUAL,VA,42942.450004890765,828.0878477433611,0.35464354799906195,,,,,,,,,,,,,2026-07-31
CP-I-00290,INDIVIDUAL,NC,33533.60110558179,749.5886219328733,0.17190600047830654,,,,,,,,,,,,,2026-07-31
CP-I-00291,INDIVIDUAL,VA,66343.59623480598,777.2501253751268,0.1521001253435577,,,,,,,,,,,,,2026-07-31
CP-I-00292,INDIVIDUAL,GA,72373.82877760458,701.4231451550158,0.18426334945817735,,,,,,,,,,,,,2026-07-31
CP-I-00293,INDIVIDUAL,VA,107252.21823005802,676.6878644657535,0.29388828931900496,,,,,,,,,,,,,2026-07-31
CP-I-00294,INDIVIDUAL,FL,75416.28985136312,816.5401486717524,0.18254975487754185,,,,,,,,,,,,,2026-07-31
CP-I-00295,INDIVIDUAL,NC,105139.50140813387,655.3411844396503,0.09566232821791035,,,,,,,,,,,,,2026-07-31
CP-I-00296,INDIVIDUAL,NC,123008.08066622054,683.1739950284029,0.269260603647111,,,,,,,,,,,,,2026-07-31
CP-I-00297,INDIVIDUAL,TX,62080.80476321532,632.0549638052584,0.41110523779196007,,,,,,,,,,,,,2026-07-31
CP-I-00298,INDIVIDUAL,NC,89077.58629977559,717.732734685772,0.3475830237399491,,,,,,,,,,,,,2026-07-31
CP-I-00299,INDIVIDUAL,TX,107409.87420125998,721.49998177315,0.19224568045708168,,,,,,,,,,,,,2026-07-31
CP-I-00300,INDIVIDUAL,NY,99701.88223009414,714.5108654226368,0.619254195107488,,,,,,,,,,,,,2026-07-31
CP-I-00301,INDIVIDUAL,VA,49225.855299881485,621.2215559801724,0.4058376216931503,,,,,,,,,,,,,2026-07-31
CP-I-00302,INDIVIDUAL,FL,74780.13660240216,576.6317705441663,0.10126450695673761,,,,,,,,,,,,,2026-07-31
CP-I-00303,INDIVIDUAL,NC,147648.9895663431,762.5348507043683,0.2806988251774955,,,,,,,,,,,,,2026-07-31
CP-I-00304,INDIVIDUAL,VA,109205.1811922246,691.0514648012767,0.197644500157163,,,,,,,,,,,,,2026-07-31
CP-I-00305,INDIVIDUAL,NC,160693.17290878188,755.930284215008,0.18437057048385136,,,,,,,,,,,,,2026-07-31
CP-I-00306,INDIVIDUAL,NC,82260.68754574683,700.0512553119221,0.28519427795585467,,,,,,,,,,,,,2026-07-31
CP-I-00307,INDIVIDUAL,VA,116901.5552059566,668.8287137602962,0.20015802692907608,,,,,,,,,,,,,2026-07-31
CP-I-00308,INDIVIDUAL,NC,328906.06569947937,730.0539614861937,0.2977908458907829,,,,,,,,,,,,,2026-07-31
CP-I-00309,INDIVIDUAL,TX,49133.75095355267,677.5144919660198,0.45592489735957525,,,,,,,,,,,,,2026-07-31
CP-I-00310,INDIVIDUAL,NC,96678.02644992796,729.2289787107055,0.21710200348951947,,,,,,,,,,,,,2026-07-31
CP-I-00311,INDIVIDUAL,NY,140227.6112515519,749.9009838747236,0.44869993689410037,,,,,,,,,,,,,2026-07-31
CP-I-00312,INDIVIDUAL,TX,171504.56488291107,752.1637554797929,0.5085038596374152,,,,,,,,,,,,,2026-07-31
CP-I-00313,INDIVIDUAL,TX,88078.84418735975,770.8264167147557,0.4055413861014037,,,,,,,,,,,,,2026-07-31
CP-I-00314,INDIVIDUAL,NC,119940.50065529186,770.7303949046529,0.29847623096220766,,,,,,,,,,,,,2026-07-31
CP-I-00315,INDIVIDUAL,NC,135179.8531911807,722.4269024179835,0.1220726397116765,,,,,,,,,,,,,2026-07-31
CP-I-00316,INDIVIDUAL,VA,250080.9683579008,762.312442480122,0.2531683185011089,,,,,,,,,,,,,2026-07-31
CP-I-00317,INDIVIDUAL,NC,78244.0484545508,689.1456155315315,0.11562895264663313,,,,,,,,,,,,,2026-07-31
CP-I-00318,INDIVIDUAL,TX,62552.56726249045,678.6894808203889,0.10860160719934364,,,,,,,,,,,,,2026-07-31
CP-I-00319,INDIVIDUAL,CA,90348.6077455047,774.0236641674267,0.15303372294305323,,,,,,,,,,,,,2026-07-31
CP-I-00320,INDIVIDUAL,FL,89173.67476588915,735.386306505137,0.4018645868759726,,,,,,,,,,,,,2026-07-31
CP-I-00321,INDIVIDUAL,GA,61159.13027846235,662.8588822979584,0.2527826216014175,,,,,,,,,,,,,2026-07-31
CP-I-00322,INDIVIDUAL,VA,79625.74587840615,717.8239556282881,0.21541912273342942,,,,,,,,,,,,,2026-07-31
CP-I-00323,INDIVIDUAL,TX,67883.80854690402,680.8124772602032,0.16300684251588976,,,,,,,,,,,,,2026-07-31
CP-I-00324,INDIVIDUAL,CA,80255.95895403058,742.5426415695365,0.27028190627141735,,,,,,,,,,,,,2026-07-31
CP-I-00325,INDIVIDUAL,TX,139700.6722914393,621.9193844515205,0.1332988246800209,,,,,,,,,,,,,2026-07-31
CP-I-00326,INDIVIDUAL,FL,159894.75294130808,839.2767879699546,0.21817455294904645,,,,,,,,,,,,,2026-07-31
CP-I-00327,INDIVIDUAL,CA,37933.689853379845,765.1438135102034,0.25900759496747305,,,,,,,,,,,,,2026-07-31
CP-I-00328,INDIVIDUAL,GA,138348.86912341043,654.1609960845055,0.14031703858487865,,,,,,,,,,,,,2026-07-31
CP-I-00329,INDIVIDUAL,CA,36250.56174458865,747.0860142997534,0.35054643514747685,,,,,,,,,,,,,2026-07-31
CP-I-00330,INDIVIDUAL,TX,60489.64271664763,667.9033732459868,0.44221272508285625,,,,,,,,,,,,,2026-07-31
CP-I-00331,INDIVIDUAL,NC,44366.919488175576,693.6769873969951,0.2129790786211178,,,,,,,,,,,,,2026-07-31
CP-I-00332,INDIVIDUAL,TX,71585.89028933732,688.8321353703542,0.27758972348696603,,,,,,,,,,,,,2026-07-31
CP-I-00333,INDIVIDUAL,NY,89506.28746450192,729.4239483132959,0.29437331536594535,,,,,,,,,,,,,2026-07-31
CP-I-00334,INDIVIDUAL,GA,260140.343848193,735.4975638023546,0.2656445410716847,,,,,,,,,,,,,2026-07-31
CP-I-00335,INDIVIDUAL,NC,98080.27040004733,665.0148902686456,0.3910466066451699,,,,,,,,,,,,,2026-07-31
CP-I-00336,INDIVIDUAL,CA,120061.47609056911,758.5915301935257,0.15222969571296383,,,,,,,,,,,,,2026-07-31
CP-I-00337,INDIVIDUAL,FL,61164.81822424376,716.0580011406192,0.36629887889281854,,,,,,,,,,,,,2026-07-31
CP-I-00338,INDIVIDUAL,NC,187384.13192005132,611.3504725692368,0.1500600530384119,,,,,,,,,,,,,2026-07-31
CP-I-00339,INDIVIDUAL,CA,156816.70868693397,771.305721387696,0.34108323659036904,,,,,,,,,,,,,2026-07-31
CP-I-00340,INDIVIDUAL,NY,105533.64410892116,674.1857579520736,0.19666068844210813,,,,,,,,,,,,,2026-07-31
CP-I-00341,INDIVIDUAL,VA,91807.90302495565,703.7437700734602,0.35764280543702975,,,,,,,,,,,,,2026-07-31
CP-I-00342,INDIVIDUAL,GA,91831.93891214831,669.1429977419028,0.2725456969740153,,,,,,,,,,,,,2026-07-31
CP-I-00343,INDIVIDUAL,NC,53029.957128647984,652.3246856367264,0.21620423255326282,,,,,,,,,,,,,2026-07-31
CP-I-00344,INDIVIDUAL,NY,316557.3657628598,723.7099104107867,0.36250844517744196,,,,,,,,,,,,,2026-07-31
CP-I-00345,INDIVIDUAL,NC,105294.57834663929,723.1018057939389,0.2781522991296734,,,,,,,,,,,,,2026-07-31
CP-I-00346,INDIVIDUAL,NC,114368.96065912805,723.9902835641119,0.12244893149346248,,,,,,,,,,,,,2026-07-31
CP-I-00347,INDIVIDUAL,NC,52886.68174276431,752.4043908339225,0.27337069458897456,,,,,,,,,,,,,2026-07-31
CP-I-00348,INDIVIDUAL,NC,56924.6296706333,629.1894163276351,0.40860443376852007,,,,,,,,,,,,,2026-07-31
CP-I-00349,INDIVIDUAL,CA,111783.2583292952,644.2945222031544,0.4256878683775876,,,,,,,,,,,,,2026-07-31
CP-I-00350,INDIVIDUAL,CA,124094.1875271721,704.5949998914381,0.21507390619099342,,,,,,,,,,,,,2026-07-31
CP-I-00351,INDIVIDUAL,TX,165095.6313571144,660.5704754626246,0.2397683636452999,,,,,,,,,,,,,2026-07-31
CP-I-00352,INDIVIDUAL,VA,181521.4179126371,754.0263146782269,0.3607237634265557,,,,,,,,,,,,,2026-07-31
CP-I-00353,INDIVIDUAL,NY,96021.30252660532,700.6744669982103,0.4160233581639767,,,,,,,,,,,,,2026-07-31
CP-I-00354,INDIVIDUAL,GA,50155.05786380507,708.0795837342237,0.07922785443319488,,,,,,,,,,,,,2026-07-31
CP-I-00355,INDIVIDUAL,TX,177558.24942484318,707.1212075587788,0.48435160398350646,,,,,,,,,,,,,2026-07-31
CP-I-00356,INDIVIDUAL,CA,180485.73520680788,738.3870176418667,0.5070618018112355,,,,,,,,,,,,,2026-07-31
CP-I-00357,INDIVIDUAL,VA,79646.79309749394,667.734749389702,0.6399249939854466,,,,,,,,,,,,,2026-07-31
CP-I-00358,INDIVIDUAL,CA,53968.98631762915,731.6370127508427,0.32405046316145025,,,,,,,,,,,,,2026-07-31
CP-I-00359,INDIVIDUAL,GA,172024.76129152862,719.8713206875232,0.3634794688983139,,,,,,,,,,,,,2026-07-31
CP-I-00360,INDIVIDUAL,FL,80932.45375506107,710.261867746989,0.32734130528177235,,,,,,,,,,,,,2026-07-31
CP-I-00361,INDIVIDUAL,VA,112010.77027240742,693.9380325924848,0.36699327993470654,,,,,,,,,,,,,2026-07-31
CP-I-00362,INDIVIDUAL,NC,112302.9720586565,659.3951382491169,0.19466411095527422,,,,,,,,,,,,,2026-07-31
CP-I-00363,INDIVIDUAL,GA,100229.83622643976,638.8155809700255,0.34280057770913636,,,,,,,,,,,,,2026-07-31
CP-I-00364,INDIVIDUAL,TX,87968.54440391914,728.899082027461,0.2565090732581083,,,,,,,,,,,,,2026-07-31
CP-I-00365,INDIVIDUAL,FL,114594.76448459738,616.0161111827297,0.25451167649326306,,,,,,,,,,,,,2026-07-31
CP-I-00366,INDIVIDUAL,GA,106906.95654497588,751.6523870211483,0.14638244987247725,,,,,,,,,,,,,2026-07-31
CP-I-00367,INDIVIDUAL,FL,71345.96624856433,693.0803707316476,0.34009288408815946,,,,,,,,,,,,,2026-07-31
CP-I-00368,INDIVIDUAL,VA,187500.6702737146,746.8157829769981,0.2663970457974186,,,,,,,,,,,,,2026-07-31
CP-I-00369,INDIVIDUAL,NC,111447.5207011301,675.4199340145424,0.48152917657767613,,,,,,,,,,,,,2026-07-31
CP-I-00370,INDIVIDUAL,GA,130591.80750192837,739.4641077980439,0.4720308006674786,,,,,,,,,,,,,2026-07-31
CP-I-00371,INDIVIDUAL,NY,80161.98201893317,629.2405214439754,0.2444518815537551,,,,,,,,,,,,,2026-07-31
CP-I-00372,INDIVIDUAL,NC,61777.28307144255,717.9171895315835,0.16935457179561522,,,,,,,,,,,,,2026-07-31
CP-I-00373,INDIVIDUAL,FL,89467.71682776001,649.1338678387634,0.29967357487850926,,,,,,,,,,,,,2026-07-31
CP-I-00374,INDIVIDUAL,FL,85265.22002447427,713.5384427402021,0.13068121475340216,,,,,,,,,,,,,2026-07-31
CP-I-00375,INDIVIDUAL,GA,109138.04123702119,747.8118781261306,0.29985582529638843,,,,,,,,,,,,,2026-07-31
CP-I-00376,INDIVIDUAL,NY,76734.77519894838,679.9934809699956,0.22829380426153312,,,,,,,,,,,,,2026-07-31
CP-I-00377,INDIVIDUAL,NY,74023.91964267266,596.1471816766041,0.2954251357739868,,,,,,,,,,,,,2026-07-31
CP-I-00378,INDIVIDUAL,TX,143178.6276249251,633.6488899494905,0.16967942964878713,,,,,,,,,,,,,2026-07-31
CP-I-00379,INDIVIDUAL,NC,107819.71563779116,760.8050554088966,0.3010923918962594,,,,,,,,,,,,,2026-07-31
CP-I-00380,INDIVIDUAL,FL,67710.45422045146,708.2400452219592,0.2796178303099556,,,,,,,,,,,,,2026-07-31
CP-I-00381,INDIVIDUAL,CA,201534.59940351872,733.352942782231,0.19082658005923936,,,,,,,,,,,,,2026-07-31
CP-I-00382,INDIVIDUAL,FL,82508.23541863417,719.9018921206391,0.4367168801234933,,,,,,,,,,,,,2026-07-31
CP-I-00383,INDIVIDUAL,GA,68470.75834778471,723.7798172833803,0.2739768183480971,,,,,,,,,,,,,2026-07-31
CP-I-00384,INDIVIDUAL,NY,85197.82593319402,699.7598705223179,0.220740690614824,,,,,,,,,,,,,2026-07-31
CP-I-00385,INDIVIDUAL,NC,57189.369764764015,739.2808584087727,0.2777371336131812,,,,,,,,,,,,,2026-07-31
CP-I-00386,INDIVIDUAL,VA,66726.50961987382,650.9495199311306,0.2973304410655053,,,,,,,,,,,,,2026-07-31
CP-I-00387,INDIVIDUAL,TX,96829.64685832297,841.1003897084737,0.2919304475976848,,,,,,,,,,,,,2026-07-31
CP-I-00388,INDIVIDUAL,TX,65481.34342414388,713.0723012866806,0.3124433777437573,,,,,,,,,,,,,2026-07-31
CP-I-00389,INDIVIDUAL,FL,142465.24370430646,823.0147610392224,0.5514575453903472,,,,,,,,,,,,,2026-07-31
CP-I-00390,INDIVIDUAL,CA,44735.932516018045,734.9861696161803,0.17198824597935172,,,,,,,,,,,,,2026-07-31
CP-I-00391,INDIVIDUAL,CA,170416.12048592503,725.7511629437615,0.2994837217568807,,,,,,,,,,,,,2026-07-31
CP-I-00392,INDIVIDUAL,GA,154523.84307527973,751.4049100690712,0.1514409586381026,,,,,,,,,,,,,2026-07-31
CP-I-00393,INDIVIDUAL,VA,159171.84646327508,597.0375190318017,0.47672897643081474,,,,,,,,,,,,,2026-07-31
CP-I-00394,INDIVIDUAL,NY,111176.85765407028,649.9458686942569,0.44485194900849573,,,,,,,,,,,,,2026-07-31
CP-I-00395,INDIVIDUAL,FL,60358.6761125306,792.8608733423332,0.23500983968737482,,,,,,,,,,,,,2026-07-31
CP-I-00396,INDIVIDUAL,NY,40541.781743542524,707.2995059860934,0.5832046761789912,,,,,,,,,,,,,2026-07-31
CP-I-00397,INDIVIDUAL,GA,60285.815600768314,764.0626952341235,0.4464301687757096,,,,,,,,,,,,,2026-07-31
CP-I-00398,INDIVIDUAL,NC,41917.00630088971,661.4874901273816,0.25425653196445275,,,,,,,,,,,,,2026-07-31
CP-I-00399,INDIVIDUAL,GA,133786.02913684526,704.4980130731408,0.2773751649438563,,,,,,,,,,,,,2026-07-31
CP-I-00400,INDIVIDUAL,CA,82193.73927338517,740.1250107345898,0.22502313852443045,,,,,,,,,,,,,2026-07-31
CP-I-00401,INDIVIDUAL,GA,117575.07446970062,686.6516078677155,0.11604509780486767,,,,,,,,,,,,,2026-07-31
CP-I-00402,INDIVIDUAL,FL,103439.249988503,717.2908476864933,0.4863396796379912,,,,,,,,,,,,,2026-07-31
CP-I-00403,INDIVIDUAL,GA,82213.44907801114,692.3611990359948,0.30262658874331255,,,,,,,,,,,,,2026-07-31
CP-I-00404,INDIVIDUAL,CA,249035.59836025885,736.9221616510563,0.09527322848113798,,,,,,,,,,,,,2026-07-31
CP-I-00405,INDIVIDUAL,FL,144938.40362474418,654.306982545999,0.519907817045871,,,,,,,,,,,,,2026-07-31
CP-I-00406,INDIVIDUAL,NY,100742.24033488819,751.1833045070485,0.18011039605290471,,,,,,,,,,,,,2026-07-31
CP-I-00407,INDIVIDUAL,TX,82891.7406447233,705.0829881097301,0.20710443705414636,,,,,,,,,,,,,2026-07-31
CP-I-00408,INDIVIDUAL,TX,48381.15736827217,725.3651817818245,0.26192053620677486,,,,,,,,,,,,,2026-07-31
CP-I-00409,INDIVIDUAL,TX,157515.02577108963,711.8938045533081,0.2012798407273098,,,,,,,,,,,,,2026-07-31
CP-I-00410,INDIVIDUAL,NC,71398.55228305739,773.7678059037127,0.3301007443952333,,,,,,,,,,,,,2026-07-31
CP-I-00411,INDIVIDUAL,NC,117540.05655505064,707.550946908937,0.4297610162409674,,,,,,,,,,,,,2026-07-31
CP-I-00412,INDIVIDUAL,TX,59594.91094317151,700.612046461457,0.5154051331990942,,,,,,,,,,,,,2026-07-31
CP-I-00413,INDIVIDUAL,TX,99640.61111659897,778.0138895607224,0.24311937708178177,,,,,,,,,,,,,2026-07-31
CP-I-00414,INDIVIDUAL,GA,170699.96936834,705.4260274974879,0.39285646850916195,,,,,,,,,,,,,2026-07-31
CP-I-00415,INDIVIDUAL,NY,106729.99947654616,680.589245455823,0.1790329450975013,,,,,,,,,,,,,2026-07-31
CP-I-00416,INDIVIDUAL,FL,122826.57343631415,624.6953028955156,0.18744022915349162,,,,,,,,,,,,,2026-07-31
CP-I-00417,INDIVIDUAL,NC,103520.8765044775,802.0395032382617,0.42311620210875356,,,,,,,,,,,,,2026-07-31
CP-I-00418,INDIVIDUAL,GA,55744.5725101881,654.8034641069571,0.324950768498433,,,,,,,,,,,,,2026-07-31
CP-I-00419,INDIVIDUAL,NC,205930.87168804076,656.6897788936863,0.20755648146429062,,,,,,,,,,,,,2026-07-31
CP-I-00420,INDIVIDUAL,GA,76016.0812127246,695.4443038844535,0.3999655884155944,,,,,,,,,,,,,2026-07-31
CP-I-00421,INDIVIDUAL,TX,107573.15128293117,749.1041017912806,0.3180825875791826,,,,,,,,,,,,,2026-07-31
CP-I-00422,INDIVIDUAL,CA,66139.34402841883,715.0461919882887,0.29580738832646014,,,,,,,,,,,,,2026-07-31
CP-I-00423,INDIVIDUAL,TX,68900.19818083708,748.6449790571471,0.2788294620265703,,,,,,,,,,,,,2026-07-31
CP-I-00424,INDIVIDUAL,VA,87241.93417081622,608.1924031256838,0.16674953213067453,,,,,,,,,,,,,2026-07-31
CP-I-00425,INDIVIDUAL,NY,140686.41698071468,718.9537048297344,0.13912126744239436,,,,,,,,,,,,,2026-07-31
CP-I-00426,INDIVIDUAL,NY,84939.72128030805,661.9067637434641,0.10551421149337875,,,,,,,,,,,,,2026-07-31
CP-I-00427,INDIVIDUAL,FL,116982.5201593126,765.2542933187456,0.4415354359764153,,,,,,,,,,,,,2026-07-31
CP-I-00428,INDIVIDUAL,TX,138424.08032653172,714.5635659455788,0.4904334273409072,,,,,,,,,,,,,2026-07-31
CP-I-00429,INDIVIDUAL,GA,52974.11663175842,669.4200735757395,0.06005711903386601,,,,,,,,,,,,,2026-07-31
CP-I-00430,INDIVIDUAL,FL,118459.12273380633,777.7644510702387,0.44821188332730927,,,,,,,,,,,,,2026-07-31
CP-I-00431,INDIVIDUAL,CA,86800.10115495216,705.1337288757943,0.4837129763535837,,,,,,,,,,,,,2026-07-31
CP-I-00432,INDIVIDUAL,GA,145285.47341144952,731.3264593382313,0.31275592651515954,,,,,,,,,,,,,2026-07-31
CP-I-00433,INDIVIDUAL,NC,76105.47173145432,635.6216932619751,0.22608872370658312,,,,,,,,,,,,,2026-07-31
CP-I-00434,INDIVIDUAL,NC,74254.33522001521,685.4718243990952,0.2079027074172169,,,,,,,,,,,,,2026-07-31
CP-I-00435,INDIVIDUAL,FL,59550.49055790261,777.1189340706266,0.44464669144095637,,,,,,,,,,,,,2026-07-31
CP-I-00436,INDIVIDUAL,TX,68880.78206866702,655.9000028619018,0.054358432964641996,,,,,,,,,,,,,2026-07-31
CP-I-00437,INDIVIDUAL,FL,67493.02464310071,655.6870825158338,0.16392174093063874,,,,,,,,,,,,,2026-07-31
CP-I-00438,INDIVIDUAL,FL,189759.17438279642,736.5694718177338,0.08652609351454732,,,,,,,,,,,,,2026-07-31
CP-I-00439,INDIVIDUAL,NC,118744.1978887747,613.7942741030381,0.3251000373990569,,,,,,,,,,,,,2026-07-31
CP-I-00440,INDIVIDUAL,NY,97048.820287279,687.0029871742101,0.2512441223145271,,,,,,,,,,,,,2026-07-31
CP-I-00441,INDIVIDUAL,NY,109208.9575783816,687.2621613159698,0.2936998290521419,,,,,,,,,,,,,2026-07-31
CP-I-00442,INDIVIDUAL,TX,82189.74586435732,707.3985736125298,0.30309018944638016,,,,,,,,,,,,,2026-07-31
CP-I-00443,INDIVIDUAL,CA,56919.58507364418,757.6650475886656,0.41809266799565414,,,,,,,,,,,,,2026-07-31
CP-I-00444,INDIVIDUAL,GA,110511.32638161653,732.7420224989745,0.1555933748425479,,,,,,,,,,,,,2026-07-31
CP-I-00445,INDIVIDUAL,NY,76698.29882297503,627.1782036195674,0.24024126394094444,,,,,,,,,,,,,2026-07-31
CP-I-00446,INDIVIDUAL,VA,54065.063847890764,769.5566586636284,0.2408447447639943,,,,,,,,,,,,,2026-07-31
CP-I-00447,INDIVIDUAL,NY,73198.73113779542,747.2382788875232,0.13331282249173387,,,,,,,,,,,,,2026-07-31
CP-I-00448,INDIVIDUAL,TX,208815.13929304352,764.1533593486563,0.21618603847543572,,,,,,,,,,,,,2026-07-31
CP-I-00449,INDIVIDUAL,NY,101236.54097895825,719.4258068223761,0.18223993090779783,,,,,,,,,,,,,2026-07-31
CP-I-00450,INDIVIDUAL,CA,137794.03546328514,684.6346962632458,0.3501582477066618,,,,,,,,,,,,,2026-07-31
CP-I-00451,INDIVIDUAL,VA,55154.798301415154,752.9089307669965,0.21341871220988828,,,,,,,,,,,,,2026-07-31
CP-I-00452,INDIVIDUAL,GA,87981.953876942,649.8654626643674,0.3252471573761024,,,,,,,,,,,,,2026-07-31
CP-I-00453,INDIVIDUAL,VA,95144.39937386323,668.1382484069336,0.23249793224952425,,,,,,,,,,,,,2026-07-31
CP-I-00454,INDIVIDUAL,FL,90105.17581980122,677.9506451760051,0.3178260462707451,,,,,,,,,,,,,2026-07-31
CP-I-00455,INDIVIDUAL,CA,105971.99257874972,553.0321782501331,0.3080532187098559,,,,,,,,,,,,,2026-07-31
CP-I-00456,INDIVIDUAL,NC,85989.53245850868,822.66523820359,0.06113932256996418,,,,,,,,,,,,,2026-07-31
CP-I-00457,INDIVIDUAL,NY,91754.77626018084,606.8597770025892,0.27434291317957465,,,,,,,,,,,,,2026-07-31
CP-I-00458,INDIVIDUAL,FL,141114.85228943464,732.1055404865185,0.22870280269603843,,,,,,,,,,,,,2026-07-31
CP-I-00459,INDIVIDUAL,NC,125258.40698186221,805.867092779057,0.2217466013524444,,,,,,,,,,,,,2026-07-31
CP-I-00460,INDIVIDUAL,VA,153491.49066208123,755.448925456043,0.3898615701598228,,,,,,,,,,,,,2026-07-31
CP-I-00461,INDIVIDUAL,FL,49258.397694796455,664.3868387925343,0.21750087432679577,,,,,,,,,,,,,2026-07-31
CP-I-00462,INDIVIDUAL,FL,129813.97308549056,646.7914294863358,0.5823883002174095,,,,,,,,,,,,,2026-07-31
CP-I-00463,INDIVIDUAL,NY,88347.66618775117,741.8248461765919,0.20080969546258753,,,,,,,,,,,,,2026-07-31
CP-I-00464,INDIVIDUAL,VA,74752.515631173,650.0261486401876,0.3234274698584171,,,,,,,,,,,,,2026-07-31
CP-I-00465,INDIVIDUAL,NC,95344.01629012215,732.6747591242114,0.23236786654839148,,,,,,,,,,,,,2026-07-31
CP-I-00466,INDIVIDUAL,TX,72757.72904967928,715.2396849507236,0.28661944555943364,,,,,,,,,,,,,2026-07-31
CP-I-00467,INDIVIDUAL,VA,93768.51850743868,773.2286742415823,0.2505615736153656,,,,,,,,,,,,,2026-07-31
CP-I-00468,INDIVIDUAL,VA,108186.78697537606,752.2804414426327,0.22412097446507911,,,,,,,,,,,,,2026-07-31
CP-I-00469,INDIVIDUAL,VA,125139.61930178339,778.5695616299415,0.34496094795860094,,,,,,,,,,,,,2026-07-31
CP-I-00470,INDIVIDUAL,FL,91612.83704194972,634.6728473017173,0.32153551612861236,,,,,,,,,,,,,2026-07-31
CP-I-00471,INDIVIDUAL,FL,49646.613265826316,687.1958057841142,0.22937756607028698,,,,,,,,,,,,,2026-07-31
CP-I-00472,INDIVIDUAL,NY,159261.84910268197,625.4889920782426,0.19675025637707447,,,,,,,,,,,,,2026-07-31
CP-I-00473,INDIVIDUAL,GA,204119.85994673538,710.9287297119388,0.38105675726450017,,,,,,,,,,,,,2026-07-31
CP-I-00474,INDIVIDUAL,TX,121054.52613185022,713.8366444151118,0.22039419096516913,,,,,,,,,,,,,2026-07-31
CP-I-00475,INDIVIDUAL,CA,48960.04409818591,664.2302534849993,0.3262223103231524,,,,,,,,,,,,,2026-07-31
CP-I-00476,INDIVIDUAL,NY,296884.0307057819,752.4291327274192,0.6124178852219508,,,,,,,,,,,,,2026-07-31
CP-I-00477,INDIVIDUAL,VA,90605.3556067478,694.702029072455,0.266697018080821,,,,,,,,,,,,,2026-07-31
CP-I-00478,INDIVIDUAL,GA,59277.55483172298,746.4267653028847,0.23888320002600122,,,,,,,,,,,,,2026-07-31
CP-I-00479,INDIVIDUAL,GA,208108.81450666033,666.9492230853988,0.2962482979238743,,,,,,,,,,,,,2026-07-31
CP-I-00480,INDIVIDUAL,GA,144641.16836358196,716.0531757287283,0.3689291326474092,,,,,,,,,,,,,2026-07-31
CP-I-00481,INDIVIDUAL,NY,134721.33389436404,785.3291099634296,0.3328906729776038,,,,,,,,,,,,,2026-07-31
CP-I-00482,INDIVIDUAL,NC,98810.29837545654,675.6079621333226,0.26728776993937853,,,,,,,,,,,,,2026-07-31
CP-I-00483,INDIVIDUAL,TX,134080.5144559184,674.7367079766142,0.1496238084755803,,,,,,,,,,,,,2026-07-31
CP-I-00484,INDIVIDUAL,VA,102960.3736321345,758.9126939111842,0.15032591386283875,,,,,,,,,,,,,2026-07-31
CP-I-00485,INDIVIDUAL,VA,50954.150585944684,784.3494354102429,0.27859509647619884,,,,,,,,,,,,,2026-07-31
CP-I-00486,INDIVIDUAL,VA,101666.5729015705,710.6639884691829,0.5124421035787698,,,,,,,,,,,,,2026-07-31
CP-I-00487,INDIVIDUAL,CA,75450.97675947618,722.4202507493262,0.1965674492683086,,,,,,,,,,,,,2026-07-31
CP-I-00488,INDIVIDUAL,FL,70905.34525330784,712.2862179644052,0.20542548538086058,,,,,,,,,,,,,2026-07-31
CP-I-00489,INDIVIDUAL,GA,93456.10902298587,680.4878887509321,0.16943112518443065,,,,,,,,,,,,,2026-07-31
CP-I-00490,INDIVIDUAL,VA,69269.99151730734,679.0771916678798,0.3725986913016693,,,,,,,,,,,,,2026-07-31
CP-I-00491,INDIVIDUAL,GA,156143.1769470625,759.7891226465555,0.4244038903644468,,,,,,,,,,,,,2026-07-31
CP-I-00492,INDIVIDUAL,TX,76956.85183067582,675.4798651435666,0.13962435371996404,,,,,,,,,,,,,2026-07-31
CP-I-00493,INDIVIDUAL,TX,54601.08492303094,650.1820046847625,0.11116979804254074,,,,,,,,,,,,,2026-07-31
CP-I-00494,INDIVIDUAL,CA,231467.97224417352,773.274707134864,0.40221703815833876,,,,,,,,,,,,,2026-07-31
CP-I-00495,INDIVIDUAL,VA,70938.29743135581,693.209452969256,0.40746426293848886,,,,,,,,,,,,,2026-07-31
CP-I-00496,INDIVIDUAL,NY,134806.99204048817,739.5915178495313,0.18329453282753605,,,,,,,,,,,,,2026-07-31
CP-I-00497,INDIVIDUAL,GA,178409.26813176333,693.1289168519484,0.17152238645614476,,,,,,,,,,,,,2026-07-31
CP-I-00498,INDIVIDUAL,NY,107401.65488158338,750.6342961216784,0.20306960888288889,,,,,,,,,,,,,2026-07-31
CP-I-00499,INDIVIDUAL,VA,211368.6340735819,767.9302757855061,0.3902500735433293,,,,,,,,,,,,,2026-07-31
CP-I-00500,INDIVIDUAL,VA,74269.13571711854,727.4011593145456,0.3173147708563196,,,,,,,,,,,,,2026-07-31
CP-I-00501,INDIVIDUAL,TX,118244.16697210011,684.9778987461447,0.41524449356214294,,,,,,,,,,,,,2026-07-31
CP-I-00502,INDIVIDUAL,CA,170141.35874491005,716.5443121627907,0.1988447037547612,,,,,,,,,,,,,2026-07-31
CP-I-00503,INDIVIDUAL,CA,36818.296251370826,805.8945233850714,0.30667238985317447,,,,,,,,,,,,,2026-07-31
CP-I-00504,INDIVIDUAL,FL,167300.03341288617,792.1140669780755,0.1290871106930009,,,,,,,,,,,,,2026-07-31
CP-I-00505,INDIVIDUAL,TX,107158.78902304493,637.6944620697741,0.24872732080932353,,,,,,,,,,,,,2026-07-31
CP-I-00506,INDIVIDUAL,TX,56547.3141987609,697.486664594991,0.2537994059008102,,,,,,,,,,,,,2026-07-31
CP-I-00507,INDIVIDUAL,GA,49480.74787614117,697.9661178064829,0.42194334985986315,,,,,,,,,,,,,2026-07-31
CP-I-00508,INDIVIDUAL,FL,92681.28052728892,828.5653849358018,0.18394024737776915,,,,,,,,,,,,,2026-07-31
CP-I-00509,INDIVIDUAL,VA,83037.69324166734,681.3307056540311,0.3952864332641236,,,,,,,,,,,,,2026-07-31
CP-I-00510,INDIVIDUAL,TX,92275.58594421591,697.9439834473947,0.255828316428479,,,,,,,,,,,,,2026-07-31
CP-I-00511,INDIVIDUAL,NY,289658.54549976427,738.34362449303,0.2594962975562346,,,,,,,,,,,,,2026-07-31
CP-I-00512,INDIVIDUAL,NC,59329.79461114179,673.0203342368319,0.5885445428963695,,,,,,,,,,,,,2026-07-31
CP-I-00513,INDIVIDUAL,VA,71742.2818336917,754.9924149647057,0.1998935059199943,,,,,,,,,,,,,2026-07-31
CP-I-00514,INDIVIDUAL,NC,54567.720221555835,717.3616967850953,0.2535622470436278,,,,,,,,,,,,,2026-07-31
CP-I-00515,INDIVIDUAL,NC,130382.71840629916,842.3427636773379,0.23191025579951946,,,,,,,,,,,,,2026-07-31
CP-I-00516,INDIVIDUAL,GA,82115.6838504896,744.3594261959457,0.37388595159429616,,,,,,,,,,,,,2026-07-31
CP-I-00517,INDIVIDUAL,VA,86658.61331004661,716.489024112345,0.34306303193504617,,,,,,,,,,,,,2026-07-31
CP-I-00518,INDIVIDUAL,TX,99260.53095573449,703.3937234294337,0.29866724501912867,,,,,,,,,,,,,2026-07-31
CP-I-00519,INDIVIDUAL,FL,93095.6926548738,720.1853779862233,0.44615572755769317,,,,,,,,,,,,,2026-07-31
CP-I-00520,INDIVIDUAL,NY,37818.57018976226,610.4600265278126,0.4062011613726193,,,,,,,,,,,,,2026-07-31
CP-I-00521,INDIVIDUAL,GA,102267.06708606577,702.0838908189397,0.4932475524916773,,,,,,,,,,,,,2026-07-31
CP-I-00522,INDIVIDUAL,NC,40812.71446641018,724.0331806423088,0.49279003955794404,,,,,,,,,,,,,2026-07-31
CP-I-00523,INDIVIDUAL,VA,221424.39475863206,736.1286196904063,0.305227353800948,,,,,,,,,,,,,2026-07-31
CP-I-00524,INDIVIDUAL,TX,78688.09648561134,567.1416118226524,0.23508984748986791,,,,,,,,,,,,,2026-07-31
CP-I-00525,INDIVIDUAL,GA,96361.34025212811,720.3618626866652,0.43147455920630196,,,,,,,,,,,,,2026-07-31
CP-I-00526,INDIVIDUAL,FL,79510.82061153182,749.616862130426,0.42539180143927846,,,,,,,,,,,,,2026-07-31
CP-I-00527,INDIVIDUAL,GA,99473.2754824475,695.1868969784528,0.17424829143897946,,,,,,,,,,,,,2026-07-31
CP-I-00528,INDIVIDUAL,VA,142985.82339115939,606.8336342003249,0.31788410688754276,,,,,,,,,,,,,2026-07-31
CP-I-00529,INDIVIDUAL,NY,60882.27462742873,662.1383469182284,0.1611542415972523,,,,,,,,,,,,,2026-07-31
CP-I-00530,INDIVIDUAL,NY,71565.66724990692,728.960329791181,0.3765144947102454,,,,,,,,,,,,,2026-07-31
CP-I-00531,INDIVIDUAL,VA,97260.74043502605,739.1713673046249,0.1587500562263809,,,,,,,,,,,,,2026-07-31
CP-I-00532,INDIVIDUAL,NY,211908.09321016975,713.0904598487184,0.08508083480963513,,,,,,,,,,,,,2026-07-31
CP-I-00533,INDIVIDUAL,NY,59988.29736618707,736.3980637162505,0.25487321191546386,,,,,,,,,,,,,2026-07-31
CP-I-00534,INDIVIDUAL,FL,231517.5662174698,712.8888545936578,0.2192789074764958,,,,,,,,,,,,,2026-07-31
CP-I-00535,INDIVIDUAL,CA,102997.26967683995,774.0579889658142,0.2705773321801018,,,,,,,,,,,,,2026-07-31
CP-I-00536,INDIVIDUAL,NC,85190.9111615491,725.3446273701323,0.17992725685639782,,,,,,,,,,,,,2026-07-31
CP-I-00537,INDIVIDUAL,VA,82200.8218376992,720.8489557136579,0.2404342248943618,,,,,,,,,,,,,2026-07-31
CP-I-00538,INDIVIDUAL,GA,150801.06298771375,713.8930454779254,0.22983818241174203,,,,,,,,,,,,,2026-07-31
CP-I-00539,INDIVIDUAL,VA,151082.3030492551,694.8242490847986,0.30321019980969766,,,,,,,,,,,,,2026-07-31
CP-I-00540,INDIVIDUAL,FL,57732.699724239756,608.8655042608251,0.23233035076015252,,,,,,,,,,,,,2026-07-31
CP-I-00541,INDIVIDUAL,CA,84913.89016879542,579.596980222398,0.15632067602702251,,,,,,,,,,,,,2026-07-31
CP-I-00542,INDIVIDUAL,TX,85232.23382909968,765.076889236056,0.2666299318288525,,,,,,,,,,,,,2026-07-31
CP-I-00543,INDIVIDUAL,GA,90355.61019525994,705.8045054520303,0.41345013843478623,,,,,,,,,,,,,2026-07-31
CP-I-00544,INDIVIDUAL,GA,86260.78627686156,648.9575876494389,0.15518008567894415,,,,,,,,,,,,,2026-07-31
CP-I-00545,INDIVIDUAL,TX,109709.96748869045,711.0311978259216,0.3153466369784772,,,,,,,,,,,,,2026-07-31
CP-I-00546,INDIVIDUAL,TX,70660.71698157159,658.6669924416406,0.2515636036852857,,,,,,,,,,,,,2026-07-31
CP-I-00547,INDIVIDUAL,FL,126642.09081955992,685.789336196654,0.22911592676076656,,,,,,,,,,,,,2026-07-31
CP-I-00548,INDIVIDUAL,NC,61756.37995590293,709.5342004987571,0.321595780712826,,,,,,,,,,,,,2026-07-31
CP-I-00549,INDIVIDUAL,CA,85474.2512869508,665.5228423501492,0.29377960998457836,,,,,,,,,,,,,2026-07-31
CP-I-00550,INDIVIDUAL,CA,48975.485850019766,824.2601387281431,0.5774802513948211,,,,,,,,,,,,,2026-07-31
CP-I-00551,INDIVIDUAL,CA,92731.33839821132,713.4958060225847,0.16274992588464834,,,,,,,,,,,,,2026-07-31
CP-I-00552,INDIVIDUAL,CA,119882.53291713126,692.1754526638003,0.3109368001378628,,,,,,,,,,,,,2026-07-31
CP-I-00553,INDIVIDUAL,CA,67973.74659728212,748.6423173599783,0.36325944123990545,,,,,,,,,,,,,2026-07-31
CP-I-00554,INDIVIDUAL,CA,68943.86183397225,726.1761196506158,0.19695508583668575,,,,,,,,,,,,,2026-07-31
CP-I-00555,INDIVIDUAL,FL,149023.58547976395,711.6798927027954,0.2656348045780715,,,,,,,,,,,,,2026-07-31
CP-I-00556,INDIVIDUAL,NY,85949.29910752515,815.3834292006362,0.36360301840368064,,,,,,,,,,,,,2026-07-31
CP-I-00557,INDIVIDUAL,GA,187764.45358350925,724.0196851325356,0.23928944868670665,,,,,,,,,,,,,2026-07-31
CP-I-00558,INDIVIDUAL,FL,88226.12946140819,654.9708787286594,0.124291228670428,,,,,,,,,,,,,2026-07-31
CP-I-00559,INDIVIDUAL,NC,74225.77742880695,721.3817994884864,0.30129165166819505,,,,,,,,,,,,,2026-07-31
CP-I-00560,INDIVIDUAL,VA,61762.30857920045,671.5936475738309,0.29089158698867346,,,,,,,,,,,,,2026-07-31
CP-I-00561,INDIVIDUAL,GA,56956.093042574124,807.207541928709,0.1307956093191724,,,,,,,,,,,,,2026-07-31
CP-I-00562,INDIVIDUAL,CA,98974.74539938658,717.0354021440426,0.2791459805079066,,,,,,,,,,,,,2026-07-31
CP-I-00563,INDIVIDUAL,NC,119654.91586669884,637.8173039590138,0.6488841976965531,,,,,,,,,,,,,2026-07-31
CP-I-00564,INDIVIDUAL,FL,142400.1227011144,648.5881215576973,0.4733546794494452,,,,,,,,,,,,,2026-07-31
CP-I-00565,INDIVIDUAL,GA,85912.50505729555,838.9848269575526,0.09487755928533974,,,,,,,,,,,,,2026-07-31
CP-I-00566,INDIVIDUAL,CA,88537.29565704764,715.9381045701227,0.40224226758724957,,,,,,,,,,,,,2026-07-31
CP-I-00567,INDIVIDUAL,NY,122155.43335719775,638.3681194608127,0.1850987942478228,,,,,,,,,,,,,2026-07-31
CP-I-00568,INDIVIDUAL,FL,55536.32936619467,677.6854940832965,0.179690185966242,,,,,,,,,,,,,2026-07-31
CP-I-00569,INDIVIDUAL,NY,152910.67612814266,795.3574140879161,0.18924011640218508,,,,,,,,,,,,,2026-07-31
CP-I-00570,INDIVIDUAL,GA,59729.39718477635,769.2737418091199,0.39561938513634687,,,,,,,,,,,,,2026-07-31
CP-I-00571,INDIVIDUAL,FL,97106.32751335991,667.1424151842504,0.08875139168417134,,,,,,,,,,,,,2026-07-31
CP-I-00572,INDIVIDUAL,CA,75390.10922301195,747.9930861507694,0.25250443592078736,,,,,,,,,,,,,2026-07-31
CP-I-00573,INDIVIDUAL,TX,95947.51543947996,683.5479201514048,0.41034960390559244,,,,,,,,,,,,,2026-07-31
CP-I-00574,INDIVIDUAL,GA,104722.129186651,751.3384283170475,0.45236313521161836,,,,,,,,,,,,,2026-07-31
CP-I-00575,INDIVIDUAL,NC,48418.39708247308,717.8747029368076,0.19173157111511915,,,,,,,,,,,,,2026-07-31
CP-I-00576,INDIVIDUAL,GA,99801.54769332752,705.027564107589,0.17847682681880817,,,,,,,,,,,,,2026-07-31
CP-I-00577,INDIVIDUAL,NC,171197.78806725322,702.3244486951236,0.42034097692381145,,,,,,,,,,,,,2026-07-31
CP-I-00578,INDIVIDUAL,NY,99819.33279228769,724.5128743088304,0.31946618861121645,,,,,,,,,,,,,2026-07-31
CP-I-00579,INDIVIDUAL,CA,109926.24122566583,658.1968723844117,0.44129647932467353,,,,,,,,,,,,,2026-07-31
CP-I-00580,INDIVIDUAL,NY,39561.908982270485,672.7691185386984,0.29770936668278664,,,,,,,,,,,,,2026-07-31
CP-I-00581,INDIVIDUAL,VA,93412.5196248712,720.3321970884484,0.23504575852414317,,,,,,,,,,,,,2026-07-31
CP-I-00582,INDIVIDUAL,VA,146135.19924349737,716.3650317786182,0.45991100694510134,,,,,,,,,,,,,2026-07-31
CP-I-00583,INDIVIDUAL,NY,97984.12418055233,671.3542503244465,0.15176360123170757,,,,,,,,,,,,,2026-07-31
CP-I-00584,INDIVIDUAL,NC,75307.43543286639,760.1202821381326,0.12439556391539984,,,,,,,,,,,,,2026-07-31
CP-I-00585,INDIVIDUAL,NC,77676.79909267332,722.5212994191277,0.27266493795606217,,,,,,,,,,,,,2026-07-31
CP-I-00586,INDIVIDUAL,VA,120571.64650039114,567.0510858464888,0.3351095482240648,,,,,,,,,,,,,2026-07-31
CP-I-00587,INDIVIDUAL,NY,199769.12545077,763.0136433687139,0.21628250536448757,,,,,,,,,,,,,2026-07-31
CP-I-00588,INDIVIDUAL,VA,66541.16186526617,744.6035683592097,0.3020310077934565,,,,,,,,,,,,,2026-07-31
CP-I-00589,INDIVIDUAL,FL,108124.301312771,715.8148495226835,0.24156927347941806,,,,,,,,,,,,,2026-07-31
CP-I-00590,INDIVIDUAL,NY,232124.44199419895,669.27698245513,0.342346869245954,,,,,,,,,,,,,2026-07-31
CP-I-00591,INDIVIDUAL,NY,69378.87388922987,674.858401817215,0.37555739055291304,,,,,,,,,,,,,2026-07-31
CP-I-00592,INDIVIDUAL,FL,54009.27851626625,750.4535924737463,0.23192624842103426,,,,,,,,,,,,,2026-07-31
CP-I-00593,INDIVIDUAL,NY,80417.19768646294,589.9485438255916,0.13853646353634913,,,,,,,,,,,,,2026-07-31
CP-I-00594,INDIVIDUAL,TX,44727.245894697306,771.6605767592237,0.40079978529842686,,,,,,,,,,,,,2026-07-31
CP-I-00595,INDIVIDUAL,GA,43661.706839595216,619.5499054881714,0.3258804842421596,,,,,,,,,,,,,2026-07-31
CP-I-00596,INDIVIDUAL,VA,263063.2210506626,696.2343945471165,0.200045664464697,,,,,,,,,,,,,2026-07-31
CP-I-00597,INDIVIDUAL,TX,51494.140839239655,708.1234497826497,0.1659029139480001,,,,,,,,,,,,,2026-07-31
CP-I-00598,INDIVIDUAL,VA,79669.02640010674,598.6802561079814,0.2543496611704693,,,,,,,,,,,,,2026-07-31
CP-I-00599,INDIVIDUAL,NY,85413.71893991485,736.9624975541328,0.16230099987725632,,,,,,,,,,,,,2026-07-31
CP-I-00600,INDIVIDUAL,GA,64376.984423127455,768.1941420225065,0.2863072113235062,,,,,,,,,,,,,2026-07-31
CP-I-00601,INDIVIDUAL,NC,133906.85564200787,700.6816031175059,0.18614269299952468,,,,,,,,,,,,,2026-07-31
CP-I-00602,INDIVIDUAL,NY,109770.93979837417,567.9663556344403,0.2757227809888223,,,,,,,,,,,,,2026-07-31
CP-I-00603,INDIVIDUAL,FL,90444.54798497076,773.1011989160478,0.46067234107458,,,,,,,,,,,,,2026-07-31
CP-I-00604,INDIVIDUAL,CA,63796.325348014856,698.2398170736244,0.2686655443119632,,,,,,,,,,,,,2026-07-31
CP-I-00605,INDIVIDUAL,TX,67785.44941455507,729.0658753799772,0.11975879021727612,,,,,,,,,,,,,2026-07-31
CP-I-00606,INDIVIDUAL,TX,65679.56232472368,646.837467019505,0.4333400260813609,,,,,,,,,,,,,2026-07-31
CP-I-00607,INDIVIDUAL,FL,132048.66946332454,756.8518769885839,0.2902178085835209,,,,,,,,,,,,,2026-07-31
CP-I-00608,INDIVIDUAL,TX,39417.18088656386,584.8449500061945,0.19946604665102285,,,,,,,,,,,,,2026-07-31
CP-I-00609,INDIVIDUAL,NY,78365.68237688877,621.0610827246752,0.10697369734192286,,,,,,,,,,,,,2026-07-31
CP-I-00610,INDIVIDUAL,GA,52814.62982730018,726.4933787267422,0.2285736489946391,,,,,,,,,,,,,2026-07-31
CP-I-00611,INDIVIDUAL,CA,86451.69650992133,713.9197479917455,0.3568922526906862,,,,,,,,,,,,,2026-07-31
CP-I-00612,INDIVIDUAL,VA,50089.64221315363,655.6081916617912,0.19419911937939294,,,,,,,,,,,,,2026-07-31
CP-I-00613,INDIVIDUAL,TX,105146.26000324043,669.9479688356363,0.44464803064037944,,,,,,,,,,,,,2026-07-31
CP-I-00614,INDIVIDUAL,CA,182774.960551321,733.8687955898802,0.3651410789368403,,,,,,,,,,,,,2026-07-31
CP-I-00615,INDIVIDUAL,TX,114139.11960781516,623.2554479273041,0.41147386707541833,,,,,,,,,,,,,2026-07-31
CP-I-00616,INDIVIDUAL,GA,56898.28549363695,722.866188610648,0.41699620085838457,,,,,,,,,,,,,2026-07-31
CP-I-00617,INDIVIDUAL,FL,63529.65633465515,655.1098223730801,0.22441439809879124,,,,,,,,,,,,,2026-07-31
CP-I-00618,INDIVIDUAL,TX,101089.73045338824,613.2865665286022,0.47179508337637194,,,,,,,,,,,,,2026-07-31
CP-I-00619,INDIVIDUAL,GA,94638.63943305516,649.6018442353453,0.30450689753293236,,,,,,,,,,,,,2026-07-31
CP-I-00620,INDIVIDUAL,NC,78800.65756362326,608.1122838554287,0.12594125124208827,,,,,,,,,,,,,2026-07-31
CP-I-00621,INDIVIDUAL,GA,76581.06503258875,699.1458643350016,0.2831385185686592,,,,,,,,,,,,,2026-07-31
CP-I-00622,INDIVIDUAL,CA,110908.86011361283,736.8740924229329,0.20138412477952553,,,,,,,,,,,,,2026-07-31
CP-I-00623,INDIVIDUAL,GA,74177.92049509031,813.4144108462027,0.18475781306438224,,,,,,,,,,,,,2026-07-31
CP-I-00624,INDIVIDUAL,FL,77382.91589935077,792.041022040958,0.10844738435502527,,,,,,,,,,,,,2026-07-31
CP-I-00625,INDIVIDUAL,VA,79556.43943697192,636.4926461588681,0.32318731781190346,,,,,,,,,,,,,2026-07-31
CP-I-00626,INDIVIDUAL,NC,99192.55607855295,666.7212158920971,0.15769648108867623,,,,,,,,,,,,,2026-07-31
CP-I-00627,INDIVIDUAL,FL,65968.94662340991,682.5067574330691,0.15441625947420795,,,,,,,,,,,,,2026-07-31
CP-I-00628,INDIVIDUAL,FL,95063.92593845587,754.7618211774871,0.39582838166462464,,,,,,,,,,,,,2026-07-31
CP-I-00629,INDIVIDUAL,TX,35842.44630983669,667.7325632312301,0.15627535442664686,,,,,,,,,,,,,2026-07-31
CP-I-00630,INDIVIDUAL,FL,163233.32648651252,640.9818059681338,0.3543417943068409,,,,,,,,,,,,,2026-07-31
CP-I-00631,INDIVIDUAL,FL,99527.17881596493,668.4731562499156,0.37817148974617837,,,,,,,,,,,,,2026-07-31
CP-I-00632,INDIVIDUAL,TX,181256.6938949194,682.1512141002951,0.19175427973882347,,,,,,,,,,,,,2026-07-31
CP-I-00633,INDIVIDUAL,VA,66118.76847155872,691.3772398210945,0.4336687675016888,,,,,,,,,,,,,2026-07-31
CP-I-00634,INDIVIDUAL,GA,90857.82836920477,782.106300104663,0.10790835349804301,,,,,,,,,,,,,2026-07-31
CP-I-00635,INDIVIDUAL,NC,119364.23064149478,760.8466897104362,0.35607938555686774,,,,,,,,,,,,,2026-07-31
CP-I-00636,INDIVIDUAL,FL,76017.31386384177,681.301857280206,0.5266938015866948,,,,,,,,,,,,,2026-07-31
CP-I-00637,INDIVIDUAL,VA,149604.91655148548,666.3330454113907,0.1962947422919218,,,,,,,,,,,,,2026-07-31
CP-I-00638,INDIVIDUAL,CA,61380.98928362256,749.1650298905456,0.48886620669088793,,,,,,,,,,,,,2026-07-31
CP-I-00639,INDIVIDUAL,GA,51498.72184911423,823.6968353878254,0.08797982329619293,,,,,,,,,,,,,2026-07-31
CP-I-00640,INDIVIDUAL,NY,103927.29541898116,669.4672895695867,0.38850586613960425,,,,,,,,,,,,,2026-07-31
CP-I-00641,INDIVIDUAL,CA,68034.34085301387,634.4684562065262,0.2375062771658305,,,,,,,,,,,,,2026-07-31
CP-I-00642,INDIVIDUAL,NY,129561.61734927652,723.9730343914873,0.31682415584368256,,,,,,,,,,,,,2026-07-31
CP-I-00643,INDIVIDUAL,CA,40251.24114679862,762.5810048189352,0.28670217022861433,,,,,,,,,,,,,2026-07-31
CP-I-00644,INDIVIDUAL,GA,75196.94197554741,774.8072387404462,0.3686949892807125,,,,,,,,,,,,,2026-07-31
CP-I-00645,INDIVIDUAL,VA,39704.10106627366,778.5210007720258,0.3164794312958743,,,,,,,,,,,,,2026-07-31
CP-I-00646,INDIVIDUAL,NY,157430.3339168385,714.001792035395,0.3677631287608968,,,,,,,,,,,,,2026-07-31
CP-I-00647,INDIVIDUAL,TX,150394.16120096252,643.0783539655299,0.07733499468335601,,,,,,,,,,,,,2026-07-31
CP-I-00648,INDIVIDUAL,TX,125839.26993839597,705.6718051982209,0.3180131088311838,,,,,,,,,,,,,2026-07-31
CP-I-00649,INDIVIDUAL,CA,179769.9783691348,637.5451749004413,0.6044684573281396,,,,,,,,,,,,,2026-07-31
CP-I-00650,INDIVIDUAL,CA,129599.23192868476,738.3941077744289,0.14201888888408673,,,,,,,,,,,,,2026-07-31
CP-I-00651,INDIVIDUAL,GA,76743.8494179137,690.6082759897787,0.13561026697635212,,,,,,,,,,,,,2026-07-31
CP-I-00652,INDIVIDUAL,TX,171302.11640007247,668.3761239247212,0.49743221365140944,,,,,,,,,,,,,2026-07-31
CP-I-00653,INDIVIDUAL,GA,163313.69520880913,745.4907129512584,0.4642149953057376,,,,,,,,,,,,,2026-07-31
CP-I-00654,INDIVIDUAL,GA,55214.957991691685,705.4125337917208,0.24971750500309492,,,,,,,,,,,,,2026-07-31
CP-I-00655,INDIVIDUAL,NY,60105.93017653163,734.033798015139,0.20212086538144028,,,,,,,,,,,,,2026-07-31
CP-I-00656,INDIVIDUAL,FL,139477.7482528561,657.7404848618952,0.29129370473808286,,,,,,,,,,,,,2026-07-31
CP-I-00657,INDIVIDUAL,NC,85977.99691110512,603.6487732358464,0.32724058400074274,,,,,,,,,,,,,2026-07-31
CP-I-00658,INDIVIDUAL,FL,59670.65620289306,839.1680504512268,0.20393113683636535,,,,,,,,,,,,,2026-07-31
CP-I-00659,INDIVIDUAL,GA,111472.92963655577,638.8722205590758,0.2767016385961819,,,,,,,,,,,,,2026-07-31
CP-I-00660,INDIVIDUAL,NC,65980.51269076485,683.7427593674663,0.16191613170346897,,,,,,,,,,,,,2026-07-31
CP-I-00661,INDIVIDUAL,NY,247809.78512946112,602.5587982121936,0.05,,,,,,,,,,,,,2026-07-31
CP-I-00662,INDIVIDUAL,GA,130922.2453661695,724.7312644190389,0.2606796569633233,,,,,,,,,,,,,2026-07-31
CP-I-00663,INDIVIDUAL,GA,145561.57720227336,710.2930714286119,0.0831250144303847,,,,,,,,,,,,,2026-07-31
CP-I-00664,INDIVIDUAL,VA,157374.79319320168,671.5562789960859,0.4241658098541652,,,,,,,,,,,,,2026-07-31
CP-I-00665,INDIVIDUAL,TX,193308.5702251853,722.8408567571428,0.3513018085670985,,,,,,,,,,,,,2026-07-31
CP-I-00666,INDIVIDUAL,GA,88876.39861476178,644.8749559364014,0.19837127496907725,,,,,,,,,,,,,2026-07-31
CP-I-00667,INDIVIDUAL,GA,138841.4658459074,660.1768619574977,0.14566690778596936,,,,,,,,,,,,,2026-07-31
CP-I-00668,INDIVIDUAL,GA,70018.90568738687,768.7667558196307,0.18980685607425415,,,,,,,,,,,,,2026-07-31
CP-I-00669,INDIVIDUAL,CA,99994.97571997654,635.9793194785645,0.2652942929539884,,,,,,,,,,,,,2026-07-31
CP-I-00670,INDIVIDUAL,VA,140166.40480863658,774.5259975563741,0.10524130095785848,,,,,,,,,,,,,2026-07-31
CP-I-00671,INDIVIDUAL,NY,145921.1918852886,685.7530553649002,0.13546949286171478,,,,,,,,,,,,,2026-07-31
CP-I-00672,INDIVIDUAL,NY,55490.25896536607,673.6646219633017,0.3333220042491187,,,,,,,,,,,,,2026-07-31
CP-I-00673,INDIVIDUAL,GA,190941.59898922846,780.3883741478616,0.11138990056866928,,,,,,,,,,,,,2026-07-31
CP-I-00674,INDIVIDUAL,GA,109861.89210085684,748.4272872922646,0.19859745588328637,,,,,,,,,,,,,2026-07-31
CP-I-00675,INDIVIDUAL,FL,60341.21393161019,658.2593125164613,0.2843115214619283,,,,,,,,,,,,,2026-07-31
CP-I-00676,INDIVIDUAL,GA,174530.57427048488,760.228465356813,0.2844799391426075,,,,,,,,,,,,,2026-07-31
CP-I-00677,INDIVIDUAL,VA,43693.645112662,665.8519475121905,0.06661398889827394,,,,,,,,,,,,,2026-07-31
CP-I-00678,INDIVIDUAL,FL,45903.482747796894,727.2104501284513,0.2575921063253337,,,,,,,,,,,,,2026-07-31
CP-I-00679,INDIVIDUAL,NY,107022.30466351083,631.0938989928705,0.20534404630895448,,,,,,,,,,,,,2026-07-31
CP-I-00680,INDIVIDUAL,TX,45305.73118457844,806.4110064059723,0.21565918666034684,,,,,,,,,,,,,2026-07-31
CP-I-00681,INDIVIDUAL,NC,150534.22064130782,796.775765191226,0.4084218092528259,,,,,,,,,,,,,2026-07-31
CP-I-00682,INDIVIDUAL,NC,50681.28727725664,730.6189055621815,0.45675668067623765,,,,,,,,,,,,,2026-07-31
CP-I-00683,INDIVIDUAL,GA,212248.54603045585,684.7164074391978,0.5937286698512555,,,,,,,,,,,,,2026-07-31
CP-I-00684,INDIVIDUAL,GA,100938.47017446459,687.2597398227721,0.36459356483916233,,,,,,,,,,,,,2026-07-31
CP-I-00685,INDIVIDUAL,CA,82877.00545449072,623.3253584463114,0.3351436022658279,,,,,,,,,,,,,2026-07-31
CP-I-00686,INDIVIDUAL,CA,89090.94283041857,632.0156974492555,0.14161142844487323,,,,,,,,,,,,,2026-07-31
CP-I-00687,INDIVIDUAL,NY,56751.72003793497,686.7277649460904,0.07167784136958451,,,,,,,,,,,,,2026-07-31
CP-I-00688,INDIVIDUAL,VA,52047.69134923419,713.8055389259318,0.2913731986842291,,,,,,,,,,,,,2026-07-31
CP-I-00689,INDIVIDUAL,NY,55767.77692475391,661.5978590535735,0.39655148321381606,,,,,,,,,,,,,2026-07-31
CP-I-00690,INDIVIDUAL,TX,61796.7089970211,714.6068023411284,0.3257417757911188,,,,,,,,,,,,,2026-07-31
CP-I-00691,INDIVIDUAL,FL,199079.86263341428,678.5323225710026,0.38608520837054683,,,,,,,,,,,,,2026-07-31
CP-I-00692,INDIVIDUAL,TX,124514.41380005059,712.575196967685,0.34259343641757584,,,,,,,,,,,,,2026-07-31
CP-I-00693,INDIVIDUAL,NY,103919.51373048864,695.4252822766382,0.10717745287439291,,,,,,,,,,,,,2026-07-31
CP-I-00694,INDIVIDUAL,CA,57286.231552931575,666.1308166015779,0.06721841319966904,,,,,,,,,,,,,2026-07-31
CP-I-00695,INDIVIDUAL,CA,95616.67494947235,699.0575695316297,0.1598103647094237,,,,,,,,,,,,,2026-07-31
CP-I-00696,INDIVIDUAL,NY,34165.694947380834,668.7054363913746,0.14706775151099166,,,,,,,,,,,,,2026-07-31
CP-I-00697,INDIVIDUAL,TX,145227.22087121656,675.237265679627,0.46213076503540546,,,,,,,,,,,,,2026-07-31
CP-I-00698,INDIVIDUAL,NY,166959.68391537303,767.6482687005077,0.44465809579962834,,,,,,,,,,,,,2026-07-31
CP-I-00699,INDIVIDUAL,NY,117314.90671426815,645.2685449489163,0.2699169793560948,,,,,,,,,,,,,2026-07-31
CP-I-00700,INDIVIDUAL,NC,27217.638886456953,788.6321871267893,0.25689793055081667,,,,,,,,,,,,,2026-07-31
CP-I-00701,INDIVIDUAL,FL,169490.77503776073,793.0910796089368,0.20690175599287955,,,,,,,,,,,,,2026-07-31
CP-I-00702,INDIVIDUAL,NC,94893.63008025213,837.6677621698122,0.22405667251484154,,,,,,,,,,,,,2026-07-31
CP-I-00703,INDIVIDUAL,VA,154929.17532073712,647.7656215032623,0.38371940126569853,,,,,,,,,,,,,2026-07-31
CP-I-00704,INDIVIDUAL,TX,65804.06151074095,765.574189542973,0.12362339284722235,,,,,,,,,,,,,2026-07-31
CP-I-00705,INDIVIDUAL,NC,108063.95604935856,759.3140488676992,0.33943281924621155,,,,,,,,,,,,,2026-07-31
CP-I-00706,INDIVIDUAL,GA,107467.37189332485,699.9743682416932,0.319793927350252,,,,,,,,,,,,,2026-07-31
CP-I-00707,INDIVIDUAL,NC,109785.95607283321,702.7440911057996,0.23629074052622973,,,,,,,,,,,,,2026-07-31
CP-I-00708,INDIVIDUAL,NC,135099.22207479615,671.0052231956428,0.2507577308909704,,,,,,,,,,,,,2026-07-31
CP-I-00709,INDIVIDUAL,FL,70436.85289602201,799.5700651001754,0.18956434973199288,,,,,,,,,,,,,2026-07-31
CP-I-00710,INDIVIDUAL,GA,181703.33444109184,840.3150395435142,0.19627747192760525,,,,,,,,,,,,,2026-07-31
CP-I-00711,INDIVIDUAL,CA,138720.17301267132,748.5737079615762,0.29710722091292197,,,,,,,,,,,,,2026-07-31
CP-I-00712,INDIVIDUAL,VA,126170.01475261539,707.8270323906964,0.3061805105708195,,,,,,,,,,,,,2026-07-31
CP-I-00713,INDIVIDUAL,NC,82200.85716563491,841.2803856572529,0.3759097563549996,,,,,,,,,,,,,2026-07-31
CP-I-00714,INDIVIDUAL,CA,106778.28523492652,764.0276083626288,0.2632800814788443,,,,,,,,,,,,,2026-07-31
CP-I-00715,INDIVIDUAL,GA,46255.53261228126,798.4678581817569,0.29691866436810627,,,,,,,,,,,,,2026-07-31
CP-I-00716,INDIVIDUAL,NY,110695.20280928454,664.5789849058757,0.22822743836907966,,,,,,,,,,,,,2026-07-31
CP-I-00717,INDIVIDUAL,NC,182832.5982925762,694.5527147821177,0.21698476203522626,,,,,,,,,,,,,2026-07-31
CP-I-00718,INDIVIDUAL,TX,105295.68062762338,740.0357137238959,0.6427882627812529,,,,,,,,,,,,,2026-07-31
CP-I-00719,INDIVIDUAL,CA,50464.52753519207,661.8383392364245,0.23946813436130135,,,,,,,,,,,,,2026-07-31
CP-I-00720,INDIVIDUAL,CA,66257.5596931169,643.9351536350017,0.23895545814960184,,,,,,,,,,,,,2026-07-31
CP-I-00721,INDIVIDUAL,CA,105322.57023585236,700.5669461218097,0.26874066945918634,,,,,,,,,,,,,2026-07-31
CP-I-00722,INDIVIDUAL,TX,121977.12141766599,768.2765566913349,0.08859391708789825,,,,,,,,,,,,,2026-07-31
CP-I-00723,INDIVIDUAL,CA,75103.11987586516,703.2715272002295,0.4741652306102382,,,,,,,,,,,,,2026-07-31
CP-I-00724,INDIVIDUAL,NY,86126.58109705981,675.8011556786175,0.08090652350059761,,,,,,,,,,,,,2026-07-31
CP-I-00725,INDIVIDUAL,TX,76067.67813555604,667.1138084227315,0.31098689553893516,,,,,,,,,,,,,2026-07-31
CP-I-00726,INDIVIDUAL,NY,296808.401830456,770.0144848783377,0.4951207150105648,,,,,,,,,,,,,2026-07-31
CP-I-00727,INDIVIDUAL,CA,66141.97913577798,727.280312419213,0.3029625690062875,,,,,,,,,,,,,2026-07-31
CP-I-00728,INDIVIDUAL,CA,93527.41646111794,687.2932170208576,0.3108666305026922,,,,,,,,,,,,,2026-07-31
CP-I-00729,INDIVIDUAL,TX,135952.0931837874,725.2395828132849,0.3912335095107419,,,,,,,,,,,,,2026-07-31
CP-I-00730,INDIVIDUAL,NY,169996.47163673668,735.6204361166828,0.3807360040517258,,,,,,,,,,,,,2026-07-31
CP-I-00731,INDIVIDUAL,CA,85356.0494227362,714.6068876511325,0.1925359422380885,,,,,,,,,,,,,2026-07-31
CP-I-00732,INDIVIDUAL,FL,84142.02430114392,668.1528973504896,0.3462059499671271,,,,,,,,,,,,,2026-07-31
CP-I-00733,INDIVIDUAL,CA,101994.34688060998,733.0775148878287,0.24685182362264624,,,,,,,,,,,,,2026-07-31
CP-I-00734,INDIVIDUAL,CA,127073.42732299147,729.3312508641969,0.3851643845237775,,,,,,,,,,,,,2026-07-31
CP-I-00735,INDIVIDUAL,TX,252920.56255792308,703.7979431555473,0.18124390521951894,,,,,,,,,,,,,2026-07-31
CP-I-00736,INDIVIDUAL,VA,89617.95633805748,682.9380895091421,0.46709023254793025,,,,,,,,,,,,,2026-07-31
CP-I-00737,INDIVIDUAL,CA,116878.78732325626,657.8507643024,0.4711443504518035,,,,,,,,,,,,,2026-07-31
CP-I-00738,INDIVIDUAL,CA,35230.25587755975,656.5328273863901,0.41897347510652794,,,,,,,,,,,,,2026-07-31
CP-I-00739,INDIVIDUAL,NY,75339.38159790858,609.1057530300785,0.16951434908531604,,,,,,,,,,,,,2026-07-31
CP-I-00740,INDIVIDUAL,NC,88432.17674006203,777.8277535514435,0.23968029105136435,,,,,,,,,,,,,2026-07-31
CP-I-00741,INDIVIDUAL,NC,57155.0209861183,676.2740597588552,0.07538995419656837,,,,,,,,,,,,,2026-07-31
CP-I-00742,INDIVIDUAL,VA,126788.51359075059,680.0168531975904,0.24536301359849938,,,,,,,,,,,,,2026-07-31
CP-I-00743,INDIVIDUAL,NY,122223.25661736919,713.8193454702612,0.21583447836231667,,,,,,,,,,,,,2026-07-31
CP-I-00744,INDIVIDUAL,FL,222807.15327074542,723.3353042618078,0.4000826365046597,,,,,,,,,,,,,2026-07-31
CP-I-00745,INDIVIDUAL,VA,67962.01238272479,745.7383297674435,0.3415329542411807,,,,,,,,,,,,,2026-07-31
CP-I-00746,INDIVIDUAL,TX,158283.435586127,769.4022474093034,0.38945290755674833,,,,,,,,,,,,,2026-07-31
CP-I-00747,INDIVIDUAL,FL,55958.0433654905,646.1029369257539,0.1745145857042913,,,,,,,,,,,,,2026-07-31
CP-I-00748,INDIVIDUAL,NC,116879.67071946387,730.9673570615656,0.3215997974156838,,,,,,,,,,,,,2026-07-31
CP-I-00749,INDIVIDUAL,VA,96857.94305842785,721.7852601184079,0.31275472950452415,,,,,,,,,,,,,2026-07-31
CP-I-00750,INDIVIDUAL,TX,126011.60901932955,753.001987344283,0.13134739697739534,,,,,,,,,,,,,2026-07-31
CP-I-00751,INDIVIDUAL,NC,112104.71664476197,677.983763704099,0.06740677485804987,,,,,,,,,,,,,2026-07-31
CP-I-00752,INDIVIDUAL,NC,63417.90287812366,679.1344681990829,0.4221274775614393,,,,,,,,,,,,,2026-07-31
CP-I-00753,INDIVIDUAL,FL,94226.91296976942,830.4692086683049,0.15541800979970372,,,,,,,,,,,,,2026-07-31
CP-I-00754,INDIVIDUAL,NY,98410.76913343946,721.6430851173249,0.37852729848223865,,,,,,,,,,,,,2026-07-31
CP-I-00755,INDIVIDUAL,FL,80197.2471100514,737.9860492216576,0.4549960652024649,,,,,,,,,,,,,2026-07-31
CP-I-00756,INDIVIDUAL,VA,78171.05025888188,717.3261723541641,0.11664913333274984,,,,,,,,,,,,,2026-07-31
CP-I-00757,INDIVIDUAL,CA,46282.322544578616,647.1893681749898,0.39240972445770717,,,,,,,,,,,,,2026-07-31
CP-I-00758,INDIVIDUAL,TX,252909.95222613105,688.942844002494,0.09831664305812712,,,,,,,,,,,,,2026-07-31
CP-I-00759,INDIVIDUAL,FL,30761.002083804316,597.6332636960622,0.16945115442911635,,,,,,,,,,,,,2026-07-31
CP-I-00760,INDIVIDUAL,VA,62136.11975969602,781.6819741379405,0.4283875326444084,,,,,,,,,,,,,2026-07-31
CP-I-00761,INDIVIDUAL,VA,146347.47766403036,709.1122164064053,0.12129508856194925,,,,,,,,,,,,,2026-07-31
CP-I-00762,INDIVIDUAL,TX,93286.24356616203,779.2732116384782,0.28262315241749725,,,,,,,,,,,,,2026-07-31
CP-I-00763,INDIVIDUAL,GA,305833.7360387075,788.780248428473,0.26622299976537583,,,,,,,,,,,,,2026-07-31
CP-I-00764,INDIVIDUAL,NY,103140.96466850597,586.255561845138,0.23522050564262204,,,,,,,,,,,,,2026-07-31
CP-I-00765,INDIVIDUAL,NY,190590.61306620837,581.1516581205768,0.3128807515055393,,,,,,,,,,,,,2026-07-31
CP-I-00766,INDIVIDUAL,CA,128019.76789080916,768.7601052877541,0.10711912034316456,,,,,,,,,,,,,2026-07-31
CP-I-00767,INDIVIDUAL,VA,68698.9641428964,782.2250667106986,0.07761815585237841,,,,,,,,,,,,,2026-07-31
CP-I-00768,INDIVIDUAL,NY,76727.42020676458,756.509387799073,0.37030067061586464,,,,,,,,,,,,,2026-07-31
CP-I-00769,INDIVIDUAL,VA,135107.56449886216,726.5002810857993,0.2951669349473213,,,,,,,,,,,,,2026-07-31
CP-I-00770,INDIVIDUAL,GA,77779.18543621355,800.8380890524757,0.3353793098613062,,,,,,,,,,,,,2026-07-31
CP-I-00771,INDIVIDUAL,CA,81141.3970222336,668.1388708581765,0.2661270546528301,,,,,,,,,,,,,2026-07-31
CP-I-00772,INDIVIDUAL,CA,29512.861566987183,647.9435105118131,0.3420757735854935,,,,,,,,,,,,,2026-07-31
CP-I-00773,INDIVIDUAL,VA,84071.43532968462,694.9987428881659,0.433996653595779,,,,,,,,,,,,,2026-07-31
CP-I-00774,INDIVIDUAL,CA,118436.57869275233,677.7129152558706,0.15664315928506822,,,,,,,,,,,,,2026-07-31
CP-I-00775,INDIVIDUAL,NC,90277.75120915777,773.4516632091752,0.24312208923046225,,,,,,,,,,,,,2026-07-31
CP-I-00776,INDIVIDUAL,NY,61403.19252533265,720.9589393614507,0.24922511928488766,,,,,,,,,,,,,2026-07-31
CP-I-00777,INDIVIDUAL,CA,54962.310390446655,720.3767011398271,0.16581989395048147,,,,,,,,,,,,,2026-07-31
CP-I-00778,INDIVIDUAL,CA,156010.55533223387,689.4230899769676,0.18380116290632312,,,,,,,,,,,,,2026-07-31
CP-I-00779,INDIVIDUAL,CA,31833.37808430931,677.096763018079,0.19372382160293417,,,,,,,,,,,,,2026-07-31
CP-I-00780,INDIVIDUAL,CA,118779.73544517784,767.1417053809557,0.18781065236203692,,,,,,,,,,,,,2026-07-31
CP-I-00781,INDIVIDUAL,VA,81897.44661912823,736.1757065861456,0.09088750845862831,,,,,,,,,,,,,2026-07-31
CP-I-00782,INDIVIDUAL,NY,74812.85802916269,680.3514728499539,0.3030735197328067,,,,,,,,,,,,,2026-07-31
CP-I-00783,INDIVIDUAL,CA,137797.45054737286,637.0867213460572,0.39810792914854587,,,,,,,,,,,,,2026-07-31
CP-I-00784,INDIVIDUAL,NC,53778.440520426295,747.7181964267962,0.31002598951192256,,,,,,,,,,,,,2026-07-31
CP-I-00785,INDIVIDUAL,VA,69697.56998855996,695.8672589121898,0.3430346107512954,,,,,,,,,,,,,2026-07-31
CP-I-00786,INDIVIDUAL,FL,78702.07628145191,642.5249014230902,0.42763096673576717,,,,,,,,,,,,,2026-07-31
CP-I-00787,INDIVIDUAL,GA,96924.05883153003,709.1481280110205,0.1651635335915771,,,,,,,,,,,,,2026-07-31
CP-I-00788,INDIVIDUAL,TX,73239.1567051747,731.7251494827506,0.27087805053742314,,,,,,,,,,,,,2026-07-31
CP-I-00789,INDIVIDUAL,GA,53620.120201357386,766.7392472416974,0.25588259484352455,,,,,,,,,,,,,2026-07-31
CP-I-00790,INDIVIDUAL,GA,207728.7118698374,812.9180605171124,0.35923090358186954,,,,,,,,,,,,,2026-07-31
CP-I-00791,INDIVIDUAL,TX,101436.96003445862,696.9418127591409,0.4553547644566409,,,,,,,,,,,,,2026-07-31
CP-I-00792,INDIVIDUAL,CA,66090.92978720464,711.3135174573019,0.13430653556043096,,,,,,,,,,,,,2026-07-31
CP-I-00793,INDIVIDUAL,FL,196098.1436869774,643.880452103983,0.3121502663433632,,,,,,,,,,,,,2026-07-31
CP-I-00794,INDIVIDUAL,VA,201485.0785087545,726.3468031567849,0.3515505633099708,,,,,,,,,,,,,2026-07-31
CP-I-00795,INDIVIDUAL,NC,156871.41857382216,812.5316554238148,0.4467208306767717,,,,,,,,,,,,,2026-07-31
CP-I-00796,INDIVIDUAL,VA,130575.16147261151,617.1125149301736,0.2977676932068464,,,,,,,,,,,,,2026-07-31
CP-I-00797,INDIVIDUAL,GA,71248.07661630314,730.4945736151743,0.31377494480313217,,,,,,,,,,,,,2026-07-31
CP-I-00798,INDIVIDUAL,NY,129876.75913965523,812.7774578075124,0.2774430293288045,,,,,,,,,,,,,2026-07-31
CP-I-00799,INDIVIDUAL,NC,129483.92723434318,708.6068787475035,0.3736905937460571,,,,,,,,,,,,,2026-07-31
CP-I-00800,INDIVIDUAL,NC,85705.80237205463,679.959056053437,0.5761899438645235,,,,,,,,,,,,,2026-07-31
CP-I-00801,INDIVIDUAL,NC,69178.1620506073,694.6153083934016,0.45681802117060066,,,,,,,,,,,,,2026-07-31
CP-I-00802,INDIVIDUAL,NC,108177.31035954539,700.4134850777189,0.06688260773617141,,,,,,,,,,,,,2026-07-31
CP-I-00803,INDIVIDUAL,GA,158549.10640270842,692.8403416664361,0.5393288668792562,,,,,,,,,,,,,2026-07-31
CP-I-00804,INDIVIDUAL,CA,138741.5769646642,651.054128148582,0.1375554482742059,,,,,,,,,,,,,2026-07-31
CP-I-00805,INDIVIDUAL,GA,92858.08900815368,621.3722828537918,0.36544721161567756,,,,,,,,,,,,,2026-07-31
CP-I-00806,INDIVIDUAL,NC,119420.93567492385,707.070171759213,0.2362182335717845,,,,,,,,,,,,,2026-07-31
CP-I-00807,INDIVIDUAL,TX,96924.28621420513,744.6196398986252,0.3253323103892065,,,,,,,,,,,,,2026-07-31
CP-I-00808,INDIVIDUAL,FL,181390.46096331452,649.894996668893,0.16681700515522552,,,,,,,,,,,,,2026-07-31
CP-I-00809,INDIVIDUAL,NC,59887.02884539652,752.4357748401519,0.39354469065052844,,,,,,,,,,,,,2026-07-31
CP-I-00810,INDIVIDUAL,CA,100294.2721838912,738.2214924140318,0.3411330885723643,,,,,,,,,,,,,2026-07-31
CP-I-00811,INDIVIDUAL,FL,116894.7393268639,702.5474457435073,0.2769211846738727,,,,,,,,,,,,,2026-07-31
CP-I-00812,INDIVIDUAL,NC,71818.14631780502,638.835043482338,0.16573715376416917,,,,,,,,,,,,,2026-07-31
CP-I-00813,INDIVIDUAL,CA,135053.01055012175,607.8820990283771,0.4641324676576528,,,,,,,,,,,,,2026-07-31
CP-I-00814,INDIVIDUAL,TX,63830.35441512804,722.937836260486,0.2528899480203441,,,,,,,,,,,,,2026-07-31
CP-I-00815,INDIVIDUAL,TX,161475.48187120014,771.7455773336944,0.31589698640988584,,,,,,,,,,,,,2026-07-31
CP-I-00816,INDIVIDUAL,NC,57481.26975852851,664.5034498841362,0.27484741729340845,,,,,,,,,,,,,2026-07-31
CP-I-00817,INDIVIDUAL,CA,53548.54186552504,598.3088481599026,0.14697234608638765,,,,,,,,,,,,,2026-07-31
CP-I-00818,INDIVIDUAL,FL,97529.79955332498,707.2638288076663,0.2717526135307475,,,,,,,,,,,,,2026-07-31
CP-I-00819,INDIVIDUAL,NY,49589.69194786746,683.9862407103985,0.30442012217566566,,,,,,,,,,,,,2026-07-31
CP-I-00820,INDIVIDUAL,CA,74666.36836757154,652.3115487903756,0.2888477508106281,,,,,,,,,,,,,2026-07-31
CP-I-00821,INDIVIDUAL,VA,122689.96328527365,714.210238508815,0.3016674395852833,,,,,,,,,,,,,2026-07-31
CP-I-00822,INDIVIDUAL,FL,67657.4858717129,674.485094333493,0.47314374688897587,,,,,,,,,,,,,2026-07-31
CP-I-00823,INDIVIDUAL,CA,188123.85709003362,766.4814970295406,0.33607734380098386,,,,,,,,,,,,,2026-07-31
CP-I-00824,INDIVIDUAL,FL,134023.00371260341,750.6440162645,0.564872322992184,,,,,,,,,,,,,2026-07-31
CP-I-00825,INDIVIDUAL,FL,61654.45469862251,562.7429088029446,0.3356687020681459,,,,,,,,,,,,,2026-07-31
CP-I-00826,INDIVIDUAL,NC,137265.99357279856,728.5106651010766,0.1624474945258916,,,,,,,,,,,,,2026-07-31
CP-I-00827,INDIVIDUAL,TX,59489.20804851479,662.5429178314159,0.3580438145415976,,,,,,,,,,,,,2026-07-31
CP-I-00828,INDIVIDUAL,TX,56112.2881856651,719.9213066212,0.06752977617802802,,,,,,,,,,,,,2026-07-31
CP-I-00829,INDIVIDUAL,TX,183096.059613587,702.2753580505106,0.5384622645622458,,,,,,,,,,,,,2026-07-31
CP-I-00830,INDIVIDUAL,FL,45890.535573249916,788.7572871031365,0.10865409848621341,,,,,,,,,,,,,2026-07-31
CP-I-00831,INDIVIDUAL,TX,135010.02819433383,622.2150581865976,0.44684032388582934,,,,,,,,,,,,,2026-07-31
CP-I-00832,INDIVIDUAL,FL,110886.39045218454,653.0136972639281,0.35791421931117784,,,,,,,,,,,,,2026-07-31
CP-I-00833,INDIVIDUAL,FL,129041.77002960976,680.8985386440862,0.29423059983334393,,,,,,,,,,,,,2026-07-31
CP-I-00834,INDIVIDUAL,NC,108588.42854902013,740.7708941203961,0.30073239347875846,,,,,,,,,,,,,2026-07-31
CP-I-00835,INDIVIDUAL,FL,55086.29507572307,788.1910099874273,0.4006365995853056,,,,,,,,,,,,,2026-07-31
CP-I-00836,INDIVIDUAL,CA,53732.78737035324,705.8561349410296,0.3171839070204548,,,,,,,,,,,,,2026-07-31
CP-I-00837,INDIVIDUAL,TX,43978.01607587753,636.4014284830515,0.07837936464990594,,,,,,,,,,,,,2026-07-31
CP-I-00838,INDIVIDUAL,FL,106183.32407329978,710.1098737062948,0.33598198819186115,,,,,,,,,,,,,2026-07-31
CP-I-00839,INDIVIDUAL,VA,78173.07735050133,743.1906797043611,0.31817717897637066,,,,,,,,,,,,,2026-07-31
CP-I-00840,INDIVIDUAL,TX,45764.16953046735,742.5660094648654,0.21734763941228524,,,,,,,,,,,,,2026-07-31
CP-I-00841,INDIVIDUAL,GA,106577.21453046841,623.0604900677694,0.24477151377525322,,,,,,,,,,,,,2026-07-31
CP-I-00842,INDIVIDUAL,NY,92268.27035152672,620.5937075609623,0.15156982768563262,,,,,,,,,,,,,2026-07-31
CP-I-00843,INDIVIDUAL,FL,125662.91729270636,638.0799875348436,0.3380490648218217,,,,,,,,,,,,,2026-07-31
CP-I-00844,INDIVIDUAL,NY,93805.86254279489,830.2679845656766,0.1877753442723788,,,,,,,,,,,,,2026-07-31
CP-I-00845,INDIVIDUAL,NY,41874.449404185696,705.8295049597784,0.5224155648219326,,,,,,,,,,,,,2026-07-31
CP-I-00846,INDIVIDUAL,FL,91226.45170144974,758.2971184929373,0.3624150469175642,,,,,,,,,,,,,2026-07-31
CP-I-00847,INDIVIDUAL,TX,188524.34420677993,721.4333741140108,0.3092247836742238,,,,,,,,,,,,,2026-07-31
CP-I-00848,INDIVIDUAL,CA,241861.17927982358,706.7891550350836,0.523816376444993,,,,,,,,,,,,,2026-07-31
CP-I-00849,INDIVIDUAL,TX,135477.8859690518,667.2054786066059,0.10649767109054468,,,,,,,,,,,,,2026-07-31
CP-I-00850,INDIVIDUAL,FL,65247.74728021518,686.593987695458,0.32573437061719984,,,,,,,,,,,,,2026-07-31
CP-I-00851,INDIVIDUAL,GA,102836.34904339793,737.3226469453886,0.36114032056939277,,,,,,,,,,,,,2026-07-31
CP-I-00852,INDIVIDUAL,TX,52610.53024753059,712.6500754480469,0.30009256819514374,,,,,,,,,,,,,2026-07-31
CP-I-00853,INDIVIDUAL,TX,102222.93354628675,764.0602033754142,0.15932357391455457,,,,,,,,,,,,,2026-07-31
CP-I-00854,INDIVIDUAL,NY,89943.81215977254,770.3608628614583,0.24264231509597653,,,,,,,,,,,,,2026-07-31
CP-I-00855,INDIVIDUAL,FL,139168.7344086324,703.1033630511427,0.1681642437966496,,,,,,,,,,,,,2026-07-31
CP-I-00856,INDIVIDUAL,TX,150292.2448796796,673.8742093745105,0.2810207842103483,,,,,,,,,,,,,2026-07-31
CP-I-00857,INDIVIDUAL,GA,215659.79966696425,764.2535722784464,0.354941811015757,,,,,,,,,,,,,2026-07-31
CP-I-00858,INDIVIDUAL,NY,154019.51473446138,682.5853027772608,0.28902691852518514,,,,,,,,,,,,,2026-07-31
CP-I-00859,INDIVIDUAL,TX,69788.80472538648,696.2108383048176,0.33867022123380847,,,,,,,,,,,,,2026-07-31
CP-I-00860,INDIVIDUAL,VA,105083.22759444463,723.7370122076688,0.41849619268885574,,,,,,,,,,,,,2026-07-31
CP-I-00861,INDIVIDUAL,TX,68595.96959143778,708.4395939508013,0.4278906030819247,,,,,,,,,,,,,2026-07-31
CP-I-00862,INDIVIDUAL,NC,85392.15072141025,750.7245255769529,0.32077797288378895,,,,,,,,,,,,,2026-07-31
CP-I-00863,INDIVIDUAL,VA,79676.4797344178,693.3232245628087,0.18562548215830077,,,,,,,,,,,,,2026-07-31
CP-I-00864,INDIVIDUAL,GA,73880.27354752872,696.7781081349711,0.19360423415747852,,,,,,,,,,,,,2026-07-31
CP-I-00865,INDIVIDUAL,NY,130257.8739143038,732.6249039532817,0.4241461992061804,,,,,,,,,,,,,2026-07-31
CP-I-00866,INDIVIDUAL,GA,89796.91300863816,620.1383951807793,0.5059221206427869,,,,,,,,,,,,,2026-07-31
CP-I-00867,INDIVIDUAL,NY,178091.86570136048,733.1863231953939,0.2972295946594152,,,,,,,,,,,,,2026-07-31
CP-I-00868,INDIVIDUAL,TX,99224.928298633,789.6594448477362,0.35017193751422004,,,,,,,,,,,,,2026-07-31
CP-I-00869,INDIVIDUAL,NC,112324.596936396,780.9876535072672,0.5033155317516145,,,,,,,,,,,,,2026-07-31
CP-I-00870,INDIVIDUAL,GA,73978.7550815151,700.7226956344974,0.1195044033613821,,,,,,,,,,,,,2026-07-31
CP-I-00871,INDIVIDUAL,FL,105849.80380924675,640.8486683407716,0.37006567481238606,,,,,,,,,,,,,2026-07-31
CP-I-00872,INDIVIDUAL,NC,90195.06149701048,832.5818537394133,0.33116683085879506,,,,,,,,,,,,,2026-07-31
CP-I-00873,INDIVIDUAL,FL,93600.36287981954,728.6720407399866,0.44141383081052155,,,,,,,,,,,,,2026-07-31
CP-I-00874,INDIVIDUAL,TX,22626.49637556463,727.9899927368101,0.24991247309621858,,,,,,,,,,,,,2026-07-31
CP-I-00875,INDIVIDUAL,TX,95417.68362249421,741.3689263309602,0.1837602493876964,,,,,,,,,,,,,2026-07-31
CP-I-00876,INDIVIDUAL,FL,131333.0177809519,710.5044559749132,0.31190522362611434,,,,,,,,,,,,,2026-07-31
CP-I-00877,INDIVIDUAL,NY,136212.5523000841,722.2399008159438,0.3191242592440139,,,,,,,,,,,,,2026-07-31
CP-I-00878,INDIVIDUAL,FL,127742.7077310346,702.8223469957302,0.2685652808897808,,,,,,,,,,,,,2026-07-31
CP-I-00879,INDIVIDUAL,FL,103439.99034277358,814.0809575456722,0.23210405766562434,,,,,,,,,,,,,2026-07-31
CP-I-00880,INDIVIDUAL,FL,30484.114081910917,804.1005805550035,0.18505400490480325,,,,,,,,,,,,,2026-07-31
CP-I-00881,INDIVIDUAL,TX,100209.16009238028,790.7829544895211,0.24991234748346805,,,,,,,,,,,,,2026-07-31
CP-I-00882,INDIVIDUAL,VA,123203.21941410059,793.6040525306266,0.20532465304954844,,,,,,,,,,,,,2026-07-31
CP-I-00883,INDIVIDUAL,CA,90930.11434238164,778.281957602891,0.2517975599436907,,,,,,,,,,,,,2026-07-31
CP-I-00884,INDIVIDUAL,TX,84575.44705842891,703.3787954284506,0.5622523755695591,,,,,,,,,,,,,2026-07-31
CP-I-00885,INDIVIDUAL,NY,139237.85387212064,688.6258786883055,0.21345335107924648,,,,,,,,,,,,,2026-07-31
CP-I-00886,INDIVIDUAL,NC,51086.89368057133,679.2102724037208,0.1992291162358695,,,,,,,,,,,,,2026-07-31
CP-I-00887,INDIVIDUAL,NC,115553.93501606259,616.1253363489881,0.2673021719902763,,,,,,,,,,,,,2026-07-31
CP-I-00888,INDIVIDUAL,FL,108049.52773701584,600.3805788747391,0.07762678998009404,,,,,,,,,,,,,2026-07-31
CP-I-00889,INDIVIDUAL,FL,69477.66504558262,693.4792002564936,0.09097426538234092,,,,,,,,,,,,,2026-07-31
CP-I-00890,INDIVIDUAL,VA,61940.147588995904,720.4579228896645,0.2459614028405953,,,,,,,,,,,,,2026-07-31
CP-I-00891,INDIVIDUAL,TX,46286.93984862259,740.0191766853264,0.33984879070023344,,,,,,,,,,,,,2026-07-31
CP-I-00892,INDIVIDUAL,TX,98823.27798201471,742.9576197906619,0.16024557428324981,,,,,,,,,,,,,2026-07-31
CP-I-00893,INDIVIDUAL,NY,88846.74909529477,697.0519276717724,0.22337619767038785,,,,,,,,,,,,,2026-07-31
CP-I-00894,INDIVIDUAL,NY,34139.123038783735,650.5150054620259,0.28674519355149397,,,,,,,,,,,,,2026-07-31
CP-I-00895,INDIVIDUAL,FL,33168.565627392534,719.7282868791281,0.35453754972935336,,,,,,,,,,,,,2026-07-31
CP-I-00896,INDIVIDUAL,VA,112722.34488513207,715.3255177325053,0.15511167153297534,,,,,,,,,,,,,2026-07-31
CP-I-00897,INDIVIDUAL,GA,100109.75408000166,700.8364676162178,0.5340832898956483,,,,,,,,,,,,,2026-07-31
CP-I-00898,INDIVIDUAL,FL,68553.1153556203,638.4652389713569,0.11185149587885354,,,,,,,,,,,,,2026-07-31
CP-I-00899,INDIVIDUAL,NC,94463.56848037711,728.0017342369647,0.5970023888172264,,,,,,,,,,,,,2026-07-31
CP-I-00900,INDIVIDUAL,TX,117761.30730837653,746.5451050891041,0.2231157975949455,,,,,,,,,,,,,2026-07-31
CP-I-00901,INDIVIDUAL,NY,73212.76745189948,723.7363271309725,0.1979701066736369,,,,,,,,,,,,,2026-07-31
CP-I-00902,INDIVIDUAL,GA,50684.14020650315,634.3783431664626,0.2854998327228756,,,,,,,,,,,,,2026-07-31
CP-I-00903,INDIVIDUAL,GA,74545.24429831338,723.3298879280111,0.2091430408895746,,,,,,,,,,,,,2026-07-31
CP-I-00904,INDIVIDUAL,NY,82660.94716651364,713.9147641977444,0.05,,,,,,,,,,,,,2026-07-31
CP-I-00905,INDIVIDUAL,TX,84376.45086833343,791.5536705290069,0.09958535841483244,,,,,,,,,,,,,2026-07-31
CP-I-00906,INDIVIDUAL,VA,65025.04547899356,722.3890542300696,0.3546564749570096,,,,,,,,,,,,,2026-07-31
CP-I-00907,INDIVIDUAL,NY,169415.2477319594,733.7407280901924,0.41636516956212233,,,,,,,,,,,,,2026-07-31
CP-I-00908,INDIVIDUAL,VA,32345.57443865495,690.3422542411646,0.26365401741414546,,,,,,,,,,,,,2026-07-31
CP-I-00909,INDIVIDUAL,TX,219478.85936902955,653.2028588581784,0.29296043506302333,,,,,,,,,,,,,2026-07-31
CP-I-00910,INDIVIDUAL,NC,121617.03409273076,821.0428648922656,0.16755520317324285,,,,,,,,,,,,,2026-07-31
CP-I-00911,INDIVIDUAL,NY,202291.4790850433,690.9406224179339,0.5199645900114143,,,,,,,,,,,,,2026-07-31
CP-I-00912,INDIVIDUAL,GA,50411.31156983496,684.0970254560656,0.25546701624907353,,,,,,,,,,,,,2026-07-31
CP-I-00913,INDIVIDUAL,NC,81644.58979298554,718.3553429766603,0.22181771633902186,,,,,,,,,,,,,2026-07-31
CP-I-00914,INDIVIDUAL,TX,84799.24271833069,750.0145726230056,0.46333739621377745,,,,,,,,,,,,,2026-07-31
CP-I-00915,INDIVIDUAL,GA,115202.78941999067,788.6691606340615,0.18092116413886344,,,,,,,,,,,,,2026-07-31
CP-I-00916,INDIVIDUAL,CA,81144.3149667275,729.1801351882629,0.28329695138522804,,,,,,,,,,,,,2026-07-31
CP-I-00917,INDIVIDUAL,CA,120357.90476437489,738.3871220013397,0.11896334269100273,,,,,,,,,,,,,2026-07-31
CP-I-00918,INDIVIDUAL,CA,48194.23045751237,631.554965908845,0.3420508659931608,,,,,,,,,,,,,2026-07-31
CP-I-00919,INDIVIDUAL,GA,94871.52035556368,722.2281178038494,0.24994308865111567,,,,,,,,,,,,,2026-07-31
CP-I-00920,INDIVIDUAL,NY,115224.9287605337,621.6151082504039,0.20175670181483646,,,,,,,,,,,,,2026-07-31
CP-I-00921,INDIVIDUAL,NY,124156.66857143123,667.1278050924989,0.28154803003721723,,,,,,,,,,,,,2026-07-31
CP-I-00922,INDIVIDUAL,TX,115216.44676710115,657.8946858527551,0.156541593005863,,,,,,,,,,,,,2026-07-31
CP-I-00923,INDIVIDUAL,NC,85899.43316903563,668.1690045285015,0.5670039653016935,,,,,,,,,,,,,2026-07-31
CP-I-00924,INDIVIDUAL,NY,75875.7553245473,622.8794095057339,0.2122926379451899,,,,,,,,,,,,,2026-07-31
CP-I-00925,INDIVIDUAL,TX,123668.48207493789,814.0244098967396,0.19287189427776225,,,,,,,,,,,,,2026-07-31
CP-I-00926,INDIVIDUAL,VA,80990.48845912718,843.5488568672977,0.3446797717826499,,,,,,,,,,,,,2026-07-31
CP-I-00927,INDIVIDUAL,CA,110739.76411540816,768.8624387748245,0.17644482428563052,,,,,,,,,,,,,2026-07-31
CP-I-00928,INDIVIDUAL,VA,109467.2576051034,690.4356375941029,0.14949280055653416,,,,,,,,,,,,,2026-07-31
CP-I-00929,INDIVIDUAL,GA,86928.60660933629,792.8218186742895,0.23724984958262058,,,,,,,,,,,,,2026-07-31
CP-I-00930,INDIVIDUAL,GA,55366.84861272084,799.9663198035671,0.24055328143295318,,,,,,,,,,,,,2026-07-31
CP-I-00931,INDIVIDUAL,CA,100867.64032892874,738.0223367137799,0.20978162757123814,,,,,,,,,,,,,2026-07-31
CP-I-00932,INDIVIDUAL,NY,104698.21588408784,784.77912341138,0.3221690032284672,,,,,,,,,,,,,2026-07-31
CP-I-00933,INDIVIDUAL,NY,164591.52223448682,637.9963164985993,0.19094389213738483,,,,,,,,,,,,,2026-07-31
CP-I-00934,INDIVIDUAL,GA,74382.62883024792,692.0547567258901,0.33344890994979104,,,,,,,,,,,,,2026-07-31
CP-I-00935,INDIVIDUAL,GA,82112.63097234555,663.1459996461921,0.18822521599946557,,,,,,,,,,,,,2026-07-31
CP-I-00936,INDIVIDUAL,FL,231164.07438235584,567.1485010919398,0.20891914707096632,,,,,,,,,,,,,2026-07-31
CP-I-00937,INDIVIDUAL,NC,74461.8404015203,704.4158179029747,0.2862230863360703,,,,,,,,,,,,,2026-07-31
CP-I-00938,INDIVIDUAL,CA,35153.72032888605,595.6644733875055,0.3743796099265715,,,,,,,,,,,,,2026-07-31
CP-I-00939,INDIVIDUAL,FL,54120.514583958175,787.0973039593248,0.16338730883713307,,,,,,,,,,,,,2026-07-31
CP-I-00940,INDIVIDUAL,VA,251554.61397798924,609.9492138419218,0.27488209768423855,,,,,,,,,,,,,2026-07-31
CP-I-00941,INDIVIDUAL,VA,56779.93915778584,676.3092941615802,0.2764529615363689,,,,,,,,,,,,,2026-07-31
CP-I-00942,INDIVIDUAL,VA,70645.39954216685,778.5290835364426,0.4950384593105699,,,,,,,,,,,,,2026-07-31
CP-I-00943,INDIVIDUAL,FL,121922.96466273667,699.8540264829597,0.32864852736428996,,,,,,,,,,,,,2026-07-31
CP-I-00944,INDIVIDUAL,GA,104314.2458415189,694.6007577283035,0.5207324467892801,,,,,,,,,,,,,2026-07-31
CP-I-00945,INDIVIDUAL,TX,98959.74520195741,723.9909915422143,0.2887567705721736,,,,,,,,,,,,,2026-07-31
CP-I-00946,INDIVIDUAL,TX,100073.38385282217,701.8529406375272,0.17011489290907075,,,,,,,,,,,,,2026-07-31
CP-I-00947,INDIVIDUAL,GA,206351.6694891005,761.7373188037648,0.2905525437701276,,,,,,,,,,,,,2026-07-31
CP-I-00948,INDIVIDUAL,VA,109182.60233064166,668.9623575232646,0.12968314382199383,,,,,,,,,,,,,2026-07-31
CP-I-00949,INDIVIDUAL,TX,93149.35069878899,614.3666486172353,0.26799702307247547,,,,,,,,,,,,,2026-07-31
CP-I-00950,INDIVIDUAL,FL,41763.244943043304,632.2558304727654,0.26913011895828215,,,,,,,,,,,,,2026-07-31
CP-I-00951,INDIVIDUAL,GA,67703.02634162921,766.3587153072754,0.25432739116191233,,,,,,,,,,,,,2026-07-31
CP-I-00952,INDIVIDUAL,FL,77584.15680729522,729.0377166441885,0.35996704269005475,,,,,,,,,,,,,2026-07-31
CP-I-00953,INDIVIDUAL,NY,91117.06634775507,723.7856622513273,0.20301743722452398,,,,,,,,,,,,,2026-07-31
CP-I-00954,INDIVIDUAL,TX,79701.2785689925,758.0211983876612,0.10257128888898707,,,,,,,,,,,,,2026-07-31
CP-I-00955,INDIVIDUAL,VA,56320.46043268164,842.2023159289886,0.12858881707073866,,,,,,,,,,,,,2026-07-31
CP-I-00956,INDIVIDUAL,CA,150089.5894524464,754.9969862862839,0.14585861176834944,,,,,,,,,,,,,2026-07-31
CP-I-00957,INDIVIDUAL,NC,100586.77221666712,706.3308499974424,0.3761307825597433,,,,,,,,,,,,,2026-07-31
CP-I-00958,INDIVIDUAL,FL,168855.49593635846,655.7149413903684,0.09643203964320585,,,,,,,,,,,,,2026-07-31
CP-I-00959,INDIVIDUAL,GA,42048.708771817335,677.7241898519198,0.2559879290964524,,,,,,,,,,,,,2026-07-31
CP-I-00960,INDIVIDUAL,FL,95414.77590649037,632.4204054170066,0.6241038536304083,,,,,,,,,,,,,2026-07-31
CP-I-00961,INDIVIDUAL,NC,141182.47071507826,728.7296982232194,0.07144918556327334,,,,,,,,,,,,,2026-07-31
CP-I-00962,INDIVIDUAL,CA,198234.8751263578,764.5983045689795,0.22174149462771509,,,,,,,,,,,,,2026-07-31
CP-I-00963,INDIVIDUAL,FL,38096.029091953,718.048486635447,0.45731385018803117,,,,,,,,,,,,,2026-07-31
CP-I-00964,INDIVIDUAL,NY,85555.36942605523,785.8964459320039,0.36004105382337637,,,,,,,,,,,,,2026-07-31
CP-I-00965,INDIVIDUAL,NY,114869.02345317976,719.3312608231897,0.3526692654350123,,,,,,,,,,,,,2026-07-31
CP-I-00966,INDIVIDUAL,VA,36962.687486763534,717.318582827542,0.3211738649127424,,,,,,,,,,,,,2026-07-31
CP-I-00967,INDIVIDUAL,GA,79980.58049691645,687.5612427255649,0.4535664055566435,,,,,,,,,,,,,2026-07-31
CP-I-00968,INDIVIDUAL,GA,60909.63341085153,644.2050104957626,0.222571696627106,,,,,,,,,,,,,2026-07-31
CP-I-00969,INDIVIDUAL,CA,65178.732000924436,703.5743541140388,0.18312871832556799,,,,,,,,,,,,,2026-07-31
CP-I-00970,INDIVIDUAL,NC,65318.44049627717,738.2749216256706,0.44624123269140825,,,,,,,,,,,,,2026-07-31
CP-I-00971,INDIVIDUAL,FL,93522.75121491868,733.2065138243187,0.2691069373425927,,,,,,,,,,,,,2026-07-31
CP-I-00972,INDIVIDUAL,FL,381656.74616144004,796.0629768459066,0.2056027719842404,,,,,,,,,,,,,2026-07-31
CP-I-00973,INDIVIDUAL,GA,86100.01618211842,652.1431548409814,0.3828687338867898,,,,,,,,,,,,,2026-07-31
CP-I-00974,INDIVIDUAL,CA,125402.09282686785,698.7835679852883,0.3492905525854997,,,,,,,,,,,,,2026-07-31
CP-I-00975,INDIVIDUAL,GA,75214.10745073234,739.8668738499862,0.3844283509773592,,,,,,,,,,,,,2026-07-31
CP-I-00976,INDIVIDUAL,CA,59431.83505534917,669.497222336911,0.3272409953659491,,,,,,,,,,,,,2026-07-31
CP-I-00977,INDIVIDUAL,TX,73880.44539448089,683.2210036666206,0.27781434810001077,,,,,,,,,,,,,2026-07-31
CP-I-00978,INDIVIDUAL,TX,61461.341895062535,791.3150375990974,0.525863052821737,,,,,,,,,,,,,2026-07-31
CP-I-00979,INDIVIDUAL,VA,278057.9776600983,656.5120613111814,0.331053801646931,,,,,,,,,,,,,2026-07-31
CP-I-00980,INDIVIDUAL,NY,173641.74106193206,762.0916876017308,0.32125587011884804,,,,,,,,,,,,,2026-07-31
CP-I-00981,INDIVIDUAL,NC,121571.10953769831,704.1133872382195,0.39396930453993,,,,,,,,,,,,,2026-07-31
CP-I-00982,INDIVIDUAL,GA,256072.901476086,759.9580197045781,0.1532208681049238,,,,,,,,,,,,,2026-07-31
CP-I-00983,INDIVIDUAL,VA,193283.2994132588,663.7340717231049,0.3999161713771571,,,,,,,,,,,,,2026-07-31
CP-I-00984,INDIVIDUAL,VA,100660.47002731364,761.7747444144497,0.24059299580218985,,,,,,,,,,,,,2026-07-31
CP-I-00985,INDIVIDUAL,NY,51496.83324820129,700.2290593404741,0.31179104214101905,,,,,,,,,,,,,2026-07-31
CP-I-00986,INDIVIDUAL,CA,44032.5159645836,771.2873618920268,0.1422063833988772,,,,,,,,,,,,,2026-07-31
CP-I-00987,INDIVIDUAL,GA,55297.77891124737,669.946307913893,0.38459642438459063,,,,,,,,,,,,,2026-07-31
CP-I-00988,INDIVIDUAL,CA,109431.42515365712,786.0341695977372,0.24895134796950769,,,,,,,,,,,,,2026-07-31
CP-I-00989,INDIVIDUAL,CA,92282.42042248722,716.2128687160051,0.532951703275196,,,,,,,,,,,,,2026-07-31
CP-I-00990,INDIVIDUAL,GA,100663.4766080974,663.4291310013303,0.37336546534387494,,,,,,,,,,,,,2026-07-31
CP-I-00991,INDIVIDUAL,TX,91112.72064487064,749.1625249961733,0.2538233810749741,,,,,,,,,,,,,2026-07-31
CP-I-00992,INDIVIDUAL,NY,85292.39081791426,678.0062965196818,0.258794979664584,,,,,,,,,,,,,2026-07-31
CP-I-00993,INDIVIDUAL,FL,44270.74181586719,765.7061819062346,0.2182447442473227,,,,,,,,,,,,,2026-07-31
CP-I-00994,INDIVIDUAL,NY,39962.248415968774,723.4320397957905,0.18548072636515303,,,,,,,,,,,,,2026-07-31
CP-I-00995,INDIVIDUAL,CA,58562.86385454731,710.7510482893125,0.4091352905298097,,,,,,,,,,,,,2026-07-31
CP-I-00996,INDIVIDUAL,GA,50294.10051191985,740.8176060941249,0.36375253098206467,,,,,,,,,,,,,2026-07-31
CP-I-00997,INDIVIDUAL,VA,87463.77847480756,689.6228477299551,0.28365233171879367,,,,,,,,,,,,,2026-07-31
CP-I-00998,INDIVIDUAL,TX,109589.82435662711,700.1196613833664,0.0711894608049232,,,,,,,,,,,,,2026-07-31
CP-I-00999,INDIVIDUAL,NC,149552.86795777243,660.9183636571162,0.1963802642157385,,,,,,,,,,,,,2026-07-31
CP-I-01000,INDIVIDUAL,VA,124136.28904477206,690.8810070754522,0.28173992917232876,,,,,,,,,,,,,2026-07-31
CP-I-01001,INDIVIDUAL,CA,138304.98428526623,631.5460428021202,0.3375684547598734,,,,,,,,,,,,,2026-07-31
CP-I-01002,INDIVIDUAL,GA,73403.94434947314,761.9516372950529,0.2206553326882476,,,,,,,,,,,,,2026-07-31
CP-I-01003,INDIVIDUAL,NY,113487.78420197322,689.5449279787265,0.13331921743789588,,,,,,,,,,,,,2026-07-31
CP-I-01004,INDIVIDUAL,CA,68431.02273176992,720.7434314995687,0.26046144713900254,,,,,,,,,,,,,2026-07-31
CP-I-01005,INDIVIDUAL,TX,215095.47081983805,760.2708967159027,0.14475568793634763,,,,,,,,,,,,,2026-07-31
CP-I-01006,INDIVIDUAL,NC,56263.15735400502,702.1772037554118,0.155918903537145,,,,,,,,,,,,,2026-07-31
CP-I-01007,INDIVIDUAL,TX,153274.30527822673,633.4736635604337,0.3947600730785835,,,,,,,,,,,,,2026-07-31
CP-I-01008,INDIVIDUAL,FL,61889.18527769433,679.2473167923812,0.27049541496696866,,,,,,,,,,,,,2026-07-31
CP-I-01009,INDIVIDUAL,TX,153252.65383103493,747.4436117132125,0.437725595877304,,,,,,,,,,,,,2026-07-31
CP-I-01010,INDIVIDUAL,CA,60810.79402876886,691.9887778262969,0.30586549644318284,,,,,,,,,,,,,2026-07-31
CP-I-01011,INDIVIDUAL,GA,73129.79369339776,723.7748800137081,0.45684689526319233,,,,,,,,,,,,,2026-07-31
CP-I-01012,INDIVIDUAL,FL,130683.8177702508,679.12600904602,0.18666601905579613,,,,,,,,,,,,,2026-07-31
CP-I-01013,INDIVIDUAL,GA,104658.2276049577,707.4405682829708,0.14175316312272124,,,,,,,,,,,,,2026-07-31
CP-I-01014,INDIVIDUAL,TX,70402.16730182727,720.06706714686,0.2295793135806341,,,,,,,,,,,,,2026-07-31
CP-I-01015,INDIVIDUAL,NY,52177.42670921568,682.6160990425959,0.39105783288461016,,,,,,,,,,,,,2026-07-31
CP-I-01016,INDIVIDUAL,GA,81280.56649696745,642.7910692117034,0.47382705112338963,,,,,,,,,,,,,2026-07-31
CP-I-01017,INDIVIDUAL,NC,99932.74127526942,680.6360251729019,0.1839472440436842,,,,,,,,,,,,,2026-07-31
CP-I-01018,INDIVIDUAL,CA,61222.59392962373,693.2722553011575,0.15722227115984394,,,,,,,,,,,,,2026-07-31
CP-I-01019,INDIVIDUAL,GA,166870.31679260064,730.1446290202441,0.09177613175961973,,,,,,,,,,,,,2026-07-31
CP-I-01020,INDIVIDUAL,TX,65184.48399434589,795.9189823548464,0.333658885609412,,,,,,,,,,,,,2026-07-31
CP-I-01021,INDIVIDUAL,FL,129666.58117415823,738.6256730907811,0.349286178649453,,,,,,,,,,,,,2026-07-31
CP-I-01022,INDIVIDUAL,FL,55785.13008722873,690.037647877251,0.4206090372006934,,,,,,,,,,,,,2026-07-31
CP-I-01023,INDIVIDUAL,TX,76578.57070382917,709.0349581955154,0.5104397419191428,,,,,,,,,,,,,2026-07-31
CP-I-01024,INDIVIDUAL,GA,98289.15242439094,666.4947253453151,0.32138669221827443,,,,,,,,,,,,,2026-07-31
CP-I-01025,INDIVIDUAL,CA,99427.18014652164,637.3866737537804,0.3687573740603521,,,,,,,,,,,,,2026-07-31
CP-I-01026,INDIVIDUAL,NY,71633.09285932545,732.4636355412562,0.3022236399721553,,,,,,,,,,,,,2026-07-31
CP-I-01027,INDIVIDUAL,NY,74143.74311378998,771.621177261014,0.3656263319716336,,,,,,,,,,,,,2026-07-31
CP-I-01028,INDIVIDUAL,VA,52202.605591264386,728.4899888024287,0.40801752754106313,,,,,,,,,,,,,2026-07-31
CP-I-01029,INDIVIDUAL,NC,86495.57321622103,774.4809640482588,0.565972180695669,,,,,,,,,,,,,2026-07-31
CP-I-01030,INDIVIDUAL,GA,119303.88810687164,757.131241185727,0.33362366817735967,,,,,,,,,,,,,2026-07-31
CP-I-01031,INDIVIDUAL,FL,49816.45208414703,717.9106933632786,0.34317141114165794,,,,,,,,,,,,,2026-07-31
CP-I-01032,INDIVIDUAL,GA,78043.5051516461,700.8295947343375,0.37232784929679075,,,,,,,,,,,,,2026-07-31
CP-I-01033,INDIVIDUAL,CA,194619.1809636687,790.1451136875355,0.3073632185828512,,,,,,,,,,,,,2026-07-31
CP-I-01034,INDIVIDUAL,CA,114456.88451502066,690.5196574506663,0.4643477710813313,,,,,,,,,,,,,2026-07-31
CP-I-01035,INDIVIDUAL,NC,107134.14552009731,610.2374292589412,0.1951468756617124,,,,,,,,,,,,,2026-07-31
CP-I-01036,INDIVIDUAL,NC,149879.30668030286,714.3077455456036,0.5376450240436477,,,,,,,,,,,,,2026-07-31
CP-I-01037,INDIVIDUAL,VA,100052.78473118422,612.7837143152485,0.20318748147005153,,,,,,,,,,,,,2026-07-31
CP-I-01038,INDIVIDUAL,NC,130869.64827477206,670.3067174655698,0.16642968920857332,,,,,,,,,,,,,2026-07-31
CP-I-01039,INDIVIDUAL,CA,136470.7326214106,741.7502647080404,0.2502856976288319,,,,,,,,,,,,,2026-07-31
CP-I-01040,INDIVIDUAL,NY,38851.97784559171,721.2491368623878,0.26997692825893,,,,,,,,,,,,,2026-07-31
CP-I-01041,INDIVIDUAL,VA,156072.43845739387,777.1417343807921,0.3810726300901268,,,,,,,,,,,,,2026-07-31
CP-I-01042,INDIVIDUAL,NY,135784.938826657,745.5470281131702,0.24076325077955482,,,,,,,,,,,,,2026-07-31
CP-I-01043,INDIVIDUAL,TX,135131.8872470377,595.2405391733424,0.17871486240777085,,,,,,,,,,,,,2026-07-31
CP-I-01044,INDIVIDUAL,CA,93536.37085837698,765.8028200801637,0.3144866587161934,,,,,,,,,,,,,2026-07-31
CP-I-01045,INDIVIDUAL,GA,133751.94685678056,812.8641068279175,0.4352364966928992,,,,,,,,,,,,,2026-07-31
CP-I-01046,INDIVIDUAL,NC,144777.77093886439,672.7755807132671,0.3304120902290942,,,,,,,,,,,,,2026-07-31
CP-I-01047,INDIVIDUAL,NY,77259.35739564989,688.7488721754091,0.35739590370828356,,,,,,,,,,,,,2026-07-31
CP-I-01048,INDIVIDUAL,NY,43805.80608498322,683.730608762392,0.3518618151001942,,,,,,,,,,,,,2026-07-31
CP-I-01049,INDIVIDUAL,TX,53636.212347429086,669.1811551722088,0.19884551536651596,,,,,,,,,,,,,2026-07-31
CP-I-01050,INDIVIDUAL,FL,172828.92315987134,715.4548163580702,0.2511274311024546,,,,,,,,,,,,,2026-07-31
CP-I-01051,INDIVIDUAL,GA,101777.06859629237,626.4885707102076,0.0869685753725229,,,,,,,,,,,,,2026-07-31
CP-I-01052,INDIVIDUAL,NY,110001.33406543473,762.828588447714,0.23572664234877938,,,,,,,,,,,,,2026-07-31
CP-I-01053,INDIVIDUAL,TX,69896.51758159931,678.5248565614509,0.2955377997610133,,,,,,,,,,,,,2026-07-31
CP-I-01054,INDIVIDUAL,CA,36381.953640282365,740.246248990192,0.29451076589130504,,,,,,,,,,,,,2026-07-31
CP-I-01055,INDIVIDUAL,TX,83117.93915170267,655.4338583701397,0.25860769761927793,,,,,,,,,,,,,2026-07-31
CP-I-01056,INDIVIDUAL,GA,66594.02216866496,630.051454512605,0.5031029251877924,,,,,,,,,,,,,2026-07-31
CP-I-01057,INDIVIDUAL,NY,230146.2973476388,674.1149939199088,0.3401431597141154,,,,,,,,,,,,,2026-07-31
CP-I-01058,INDIVIDUAL,NC,70120.70888877074,748.601484568954,0.3827603992871783,,,,,,,,,,,,,2026-07-31
CP-I-01059,INDIVIDUAL,CA,78299.40570709674,784.2093880607526,0.3918558249734206,,,,,,,,,,,,,2026-07-31
CP-I-01060,INDIVIDUAL,VA,105027.56780095698,751.7452344583633,0.42777123079209106,,,,,,,,,,,,,2026-07-31
CP-I-01061,INDIVIDUAL,NC,97259.4482787757,664.2128263751148,0.05,,,,,,,,,,,,,2026-07-31
CP-I-01062,INDIVIDUAL,CA,75618.39874705716,677.8775081963903,0.3183042464530952,,,,,,,,,,,,,2026-07-31
CP-I-01063,INDIVIDUAL,NY,100760.45517737522,781.195372065466,0.14783734446998895,,,,,,,,,,,,,2026-07-31
CP-I-01064,INDIVIDUAL,NY,111188.85744501818,755.0889222222139,0.25125415194845147,,,,,,,,,,,,,2026-07-31
CP-I-01065,INDIVIDUAL,VA,46472.43374240046,700.5062996554833,0.4001307609337027,,,,,,,,,,,,,2026-07-31
CP-I-01066,INDIVIDUAL,VA,111922.9979563918,716.8623121960609,0.19303934644019694,,,,,,,,,,,,,2026-07-31
CP-I-01067,INDIVIDUAL,VA,80278.03778417081,640.578652074198,0.12927259169329833,,,,,,,,,,,,,2026-07-31
CP-I-01068,INDIVIDUAL,CA,89662.29351067606,755.6481012880043,0.11045220981176553,,,,,,,,,,,,,2026-07-31
CP-I-01069,INDIVIDUAL,NY,128030.72711764622,730.9428412325899,0.47786546127443186,,,,,,,,,,,,,2026-07-31
CP-I-01070,INDIVIDUAL,VA,155275.31288441774,748.534535284088,0.3045912579360689,,,,,,,,,,,,,2026-07-31
CP-I-01071,INDIVIDUAL,CA,104935.11584862233,650.7492234550696,0.13441352957627567,,,,,,,,,,,,,2026-07-31
CP-I-01072,INDIVIDUAL,VA,148100.29670994688,716.4406994130306,0.28967300189390277,,,,,,,,,,,,,2026-07-31
CP-I-01073,INDIVIDUAL,FL,104874.7065442997,670.3916751133918,0.18676062845021743,,,,,,,,,,,,,2026-07-31
CP-I-01074,INDIVIDUAL,VA,86680.39643909325,692.4039746070843,0.09754474879422062,,,,,,,,,,,,,2026-07-31
CP-I-01075,INDIVIDUAL,CA,80088.8620912293,668.077171083628,0.4276623134318738,,,,,,,,,,,,,2026-07-31
CP-I-01076,INDIVIDUAL,TX,322739.1866587752,819.7225947272553,0.33934938843014273,,,,,,,,,,,,,2026-07-31
CP-I-01077,INDIVIDUAL,VA,34883.95586213633,658.6244667748449,0.5623614269270771,,,,,,,,,,,,,2026-07-31
CP-I-01078,INDIVIDUAL,GA,59832.93278385906,765.0733226963624,0.24351730996067344,,,,,,,,,,,,,2026-07-31
CP-I-01079,INDIVIDUAL,VA,194655.95430890057,624.1627568706111,0.4087006904511477,,,,,,,,,,,,,2026-07-31
CP-I-01080,INDIVIDUAL,FL,142972.08751621723,746.3174179105956,0.12497293049013561,,,,,,,,,,,,,2026-07-31
CP-I-01081,INDIVIDUAL,TX,80734.30446761019,702.3928840985478,0.36827954528977436,,,,,,,,,,,,,2026-07-31
CP-I-01082,INDIVIDUAL,NC,114732.99241271995,722.1850562602102,0.2403333979634234,,,,,,,,,,,,,2026-07-31
CP-I-01083,INDIVIDUAL,FL,162198.45988010714,795.579805847957,0.177467539372343,,,,,,,,,,,,,2026-07-31
CP-I-01084,INDIVIDUAL,NC,86747.99636358085,786.2472403707192,0.38389261329664925,,,,,,,,,,,,,2026-07-31
CP-I-01085,INDIVIDUAL,CA,57729.694184907225,566.0427637106579,0.4486593043047561,,,,,,,,,,,,,2026-07-31
CP-I-01086,INDIVIDUAL,CA,115836.64078251249,777.48381040576,0.25730376536202165,,,,,,,,,,,,,2026-07-31
CP-I-01087,INDIVIDUAL,TX,152892.7541788312,740.3368432747933,0.47426499811347705,,,,,,,,,,,,,2026-07-31
CP-I-01088,INDIVIDUAL,TX,88803.58170369921,653.2969926794226,0.5061500121413585,,,,,,,,,,,,,2026-07-31
CP-I-01089,INDIVIDUAL,NY,108531.89823740735,747.9796392788332,0.5006329111320786,,,,,,,,,,,,,2026-07-31
CP-I-01090,INDIVIDUAL,NC,82576.79643002553,696.2218361873104,0.12218817357194804,,,,,,,,,,,,,2026-07-31
CP-I-01091,INDIVIDUAL,CA,197422.22581300314,715.0296875316099,0.37181161784799677,,,,,,,,,,,,,2026-07-31
CP-I-01092,INDIVIDUAL,TX,116499.69811700462,759.48353836242,0.15761851819663183,,,,,,,,,,,,,2026-07-31
CP-I-01093,INDIVIDUAL,NY,62019.23125889416,598.1676636841617,0.23673022317328546,,,,,,,,,,,,,2026-07-31
CP-I-01094,INDIVIDUAL,CA,134678.91530174232,790.3836963274581,0.05777270098104881,,,,,,,,,,,,,2026-07-31
CP-I-01095,INDIVIDUAL,GA,99658.54762705868,722.4209950602201,0.12455338453955227,,,,,,,,,,,,,2026-07-31
CP-I-01096,INDIVIDUAL,NY,73998.83572762115,760.9392798416083,0.07210384446216282,,,,,,,,,,,,,2026-07-31
CP-I-01097,INDIVIDUAL,TX,129372.46551000667,652.8449251754885,0.31079507769181725,,,,,,,,,,,,,2026-07-31
CP-I-01098,INDIVIDUAL,GA,61781.121157232796,696.026247694565,0.1921815029283855,,,,,,,,,,,,,2026-07-31
CP-I-01099,INDIVIDUAL,GA,55938.69960419234,773.9793440698255,0.31259792052450414,,,,,,,,,,,,,2026-07-31
CP-I-01100,INDIVIDUAL,CA,116156.25279240863,706.38838395109,0.38921054034901925,,,,,,,,,,,,,2026-07-31
CP-I-01101,INDIVIDUAL,NC,76938.24667169388,730.2666924809,0.38535296530822566,,,,,,,,,,,,,2026-07-31
CP-I-01102,INDIVIDUAL,GA,52248.15524764297,730.7106784540416,0.21627492503922482,,,,,,,,,,,,,2026-07-31
CP-I-01103,INDIVIDUAL,VA,40520.04087354771,625.9224362294909,0.18800307714305048,,,,,,,,,,,,,2026-07-31
CP-I-01104,INDIVIDUAL,CA,99021.16048090075,706.2134735510882,0.5135380326500127,,,,,,,,,,,,,2026-07-31
CP-I-01105,INDIVIDUAL,NC,82527.16336572781,637.3806289491027,0.2431982672897286,,,,,,,,,,,,,2026-07-31
CP-I-01106,INDIVIDUAL,TX,58519.69650644683,640.0977872400814,0.3116127634097642,,,,,,,,,,,,,2026-07-31
CP-I-01107,INDIVIDUAL,GA,34185.72441352639,680.7354753600465,0.146641503300113,,,,,,,,,,,,,2026-07-31
CP-I-01108,INDIVIDUAL,GA,47916.47994914246,731.3267549080849,0.4819420212968772,,,,,,,,,,,,,2026-07-31
CP-I-01109,INDIVIDUAL,VA,62098.04380400712,748.3313567653083,0.1282612904197955,,,,,,,,,,,,,2026-07-31
CP-I-01110,INDIVIDUAL,NY,48492.715706763716,797.825218674551,0.28126222240802595,,,,,,,,,,,,,2026-07-31
CP-I-01111,INDIVIDUAL,FL,19834.233146228533,756.6025682602694,0.2788158448804218,,,,,,,,,,,,,2026-07-31
CP-I-01112,INDIVIDUAL,FL,109627.24681232286,750.821919916784,0.09341395745231998,,,,,,,,,,,,,2026-07-31
CP-I-01113,INDIVIDUAL,TX,39744.24497148891,773.8799418895746,0.10850538446683407,,,,,,,,,,,,,2026-07-31
CP-I-01114,INDIVIDUAL,NC,150717.67217750434,625.1178398558219,0.33506385285542634,,,,,,,,,,,,,2026-07-31
CP-I-01115,INDIVIDUAL,NY,63099.78420726276,684.9638057748767,0.16841531942874333,,,,,,,,,,,,,2026-07-31
CP-I-01116,INDIVIDUAL,FL,63381.0009851078,614.6706217028849,0.14525384483472037,,,,,,,,,,,,,2026-07-31
CP-I-01117,INDIVIDUAL,FL,84719.86351943958,742.931646504729,0.3005302571910283,,,,,,,,,,,,,2026-07-31
CP-I-01118,INDIVIDUAL,NY,95966.95104341638,746.481697472542,0.326931844514043,,,,,,,,,,,,,2026-07-31
CP-I-01119,INDIVIDUAL,NC,113837.00509223678,667.6888511861312,0.349611919639248,,,,,,,,,,,,,2026-07-31
CP-I-01120,INDIVIDUAL,CA,75835.64773975022,650.7445912833927,0.35461924903380876,,,,,,,,,,,,,2026-07-31
CP-I-01121,INDIVIDUAL,NY,91007.6854384408,754.0195506091602,0.17888099476170571,,,,,,,,,,,,,2026-07-31
CP-I-01122,INDIVIDUAL,NC,53843.833663647565,756.0517424489205,0.14202972518904777,,,,,,,,,,,,,2026-07-31
CP-I-01123,INDIVIDUAL,TX,184895.64603489003,738.5079494905873,0.17715001821439505,,,,,,,,,,,,,2026-07-31
CP-I-01124,INDIVIDUAL,GA,55237.949690016336,746.2566096068296,0.30184456301060214,,,,,,,,,,,,,2026-07-31
CP-I-01125,INDIVIDUAL,VA,68199.55064973228,754.5855695080414,0.13684845045077737,,,,,,,,,,,,,2026-07-31
CP-I-01126,INDIVIDUAL,VA,65204.85834592466,721.3200089088114,0.40974756522505595,,,,,,,,,,,,,2026-07-31
CP-I-01127,INDIVIDUAL,GA,62655.917522133,758.0135280867057,0.3587535887044089,,,,,,,,,,,,,2026-07-31
CP-I-01128,INDIVIDUAL,CA,79906.18272009997,611.3764776512911,0.3413333772558663,,,,,,,,,,,,,2026-07-31
CP-I-01129,INDIVIDUAL,VA,44584.72288314841,651.2552345278679,0.3224264981310729,,,,,,,,,,,,,2026-07-31
CP-I-01130,INDIVIDUAL,VA,76729.84516364835,658.324313613137,0.47580387870855556,,,,,,,,,,,,,2026-07-31
CP-I-01131,INDIVIDUAL,TX,28638.329269190883,702.7663880009815,0.22690655593305087,,,,,,,,,,,,,2026-07-31
CP-I-01132,INDIVIDUAL,NC,76857.89090644049,698.0766277904385,0.2854916687786583,,,,,,,,,,,,,2026-07-31
CP-I-01133,INDIVIDUAL,NC,103650.40729539635,793.2215596991435,0.10617079353650344,,,,,,,,,,,,,2026-07-31
CP-I-01134,INDIVIDUAL,TX,83972.23660125429,734.2500929172968,0.05,,,,,,,,,,,,,2026-07-31
CP-I-01135,INDIVIDUAL,TX,75905.87946040768,740.6408743713686,0.5856854661389623,,,,,,,,,,,,,2026-07-31
CP-I-01136,INDIVIDUAL,TX,86508.31377308941,758.5667110255329,0.23273365292336473,,,,,,,,,,,,,2026-07-31
CP-I-01137,INDIVIDUAL,NC,103186.69404897222,761.8274175909977,0.29164835990119414,,,,,,,,,,,,,2026-07-31
CP-I-01138,INDIVIDUAL,NY,61284.39515692978,708.9021346883702,0.2702673825026109,,,,,,,,,,,,,2026-07-31
CP-I-01139,INDIVIDUAL,FL,71815.94903656587,740.7905380807434,0.36669668456200644,,,,,,,,,,,,,2026-07-31
CP-I-01140,INDIVIDUAL,FL,146635.32498801994,749.6177437362147,0.14134129529404046,,,,,,,,,,,,,2026-07-31
CP-I-01141,INDIVIDUAL,TX,122249.70392316695,736.2995868326418,0.4248335808705386,,,,,,,,,,,,,2026-07-31
CP-I-01142,INDIVIDUAL,NY,83396.84292115149,759.6878359446039,0.27747230343074253,,,,,,,,,,,,,2026-07-31
CP-I-01143,INDIVIDUAL,NY,66734.24494781242,712.7561245927703,0.2522924882861929,,,,,,,,,,,,,2026-07-31
CP-I-01144,INDIVIDUAL,CA,105214.89721716545,655.6519922521765,0.22328917793257097,,,,,,,,,,,,,2026-07-31
CP-I-01145,INDIVIDUAL,GA,58804.2489715249,707.1573058203936,0.15068601294991407,,,,,,,,,,,,,2026-07-31
CP-I-01146,INDIVIDUAL,NC,153147.33174580164,726.9499898983997,0.362267089999852,,,,,,,,,,,,,2026-07-31
CP-I-01147,INDIVIDUAL,FL,46460.08235457116,687.4682738475126,0.30438158788650393,,,,,,,,,,,,,2026-07-31
CP-I-01148,INDIVIDUAL,NC,135985.65155588833,758.8943781461754,0.3493940973525371,,,,,,,,,,,,,2026-07-31
CP-I-01149,INDIVIDUAL,FL,187119.21665253662,685.6430825716359,0.2355913905821993,,,,,,,,,,,,,2026-07-31
CP-I-01150,INDIVIDUAL,GA,133409.98271742862,652.8855303698932,0.3350915615557469,,,,,,,,,,,,,2026-07-31
CP-I-01151,INDIVIDUAL,VA,85043.30603835221,732.4938501031429,0.39741485282633215,,,,,,,,,,,,,2026-07-31
CP-I-01152,INDIVIDUAL,CA,98133.98137575157,623.678169346821,0.17790410975265467,,,,,,,,,,,,,2026-07-31
CP-I-01153,INDIVIDUAL,CA,86977.70217986037,707.9584120633518,0.09861558589611077,,,,,,,,,,,,,2026-07-31
CP-I-01154,INDIVIDUAL,VA,45036.8045200072,627.4938852525777,0.11551846864012995,,,,,,,,,,,,,2026-07-31
CP-I-01155,INDIVIDUAL,TX,151039.01727306616,765.7726622279885,0.2904412070510783,,,,,,,,,,,,,2026-07-31
CP-I-01156,INDIVIDUAL,NC,71967.61611748666,551.149878974737,0.5159938124268045,,,,,,,,,,,,,2026-07-31
CP-I-01157,INDIVIDUAL,FL,79256.21738189133,636.2057413237403,0.3934781901936304,,,,,,,,,,,,,2026-07-31
CP-I-01158,INDIVIDUAL,FL,159413.21224600944,797.6028040608378,0.34351397096775443,,,,,,,,,,,,,2026-07-31
CP-I-01159,INDIVIDUAL,NC,58182.36461409049,757.9932960855613,0.16416998436109623,,,,,,,,,,,,,2026-07-31
CP-I-01160,INDIVIDUAL,TX,88715.09114705649,677.650598034515,0.1324905827080482,,,,,,,,,,,,,2026-07-31
CP-I-01161,INDIVIDUAL,FL,113025.1116829222,673.4151717063459,0.14149202720503257,,,,,,,,,,,,,2026-07-31
CP-I-01162,INDIVIDUAL,VA,73547.91002950944,719.904514729161,0.3294342644772426,,,,,,,,,,,,,2026-07-31
CP-I-01163,INDIVIDUAL,FL,70560.05623451088,653.7047158560212,0.3076229969364928,,,,,,,,,,,,,2026-07-31
CP-I-01164,INDIVIDUAL,CA,258518.11641253356,708.4061344981195,0.21224433607642074,,,,,,,,,,,,,2026-07-31
CP-I-01165,INDIVIDUAL,NC,44949.27621376091,641.2000865751097,0.26876546616557784,,,,,,,,,,,,,2026-07-31
CP-I-01166,INDIVIDUAL,TX,91505.1285867113,841.6065426610006,0.09665937061480999,,,,,,,,,,,,,2026-07-31
CP-I-01167,INDIVIDUAL,FL,68812.9153160077,652.9711270155091,0.5265009190390856,,,,,,,,,,,,,2026-07-31
CP-I-01168,INDIVIDUAL,NC,63340.072656528886,722.0604714702306,0.5110064197707495,,,,,,,,,,,,,2026-07-31
CP-I-01169,INDIVIDUAL,NY,47337.20217402615,753.9578764338501,0.2881996895795439,,,,,,,,,,,,,2026-07-31
CP-I-01170,INDIVIDUAL,NY,68622.71560276685,586.5463111568216,0.49136559766717886,,,,,,,,,,,,,2026-07-31
CP-I-01171,INDIVIDUAL,TX,55508.24334357342,639.3053211240795,0.4094444210435726,,,,,,,,,,,,,2026-07-31
CP-I-01172,INDIVIDUAL,CA,146346.30755018082,657.7690606521373,0.3828373825749475,,,,,,,,,,,,,2026-07-31
CP-I-01173,INDIVIDUAL,NC,205737.3127934881,741.2929083510475,0.27276195132162007,,,,,,,,,,,,,2026-07-31
CP-I-01174,INDIVIDUAL,VA,76841.9591471662,618.4988272120846,0.20941329658873306,,,,,,,,,,,,,2026-07-31
CP-I-01175,INDIVIDUAL,TX,75481.87773261288,697.8115699269774,0.16615006628695697,,,,,,,,,,,,,2026-07-31
CP-I-01176,INDIVIDUAL,NC,76999.22420325299,631.6517936745893,0.21531285276538759,,,,,,,,,,,,,2026-07-31
CP-I-01177,INDIVIDUAL,CA,248023.7332874995,761.9266178709233,0.23893875501866185,,,,,,,,,,,,,2026-07-31
CP-I-01178,INDIVIDUAL,NY,67944.1082161361,663.7142409537296,0.31663136095028493,,,,,,,,,,,,,2026-07-31
CP-I-01179,INDIVIDUAL,CA,135586.91643765586,669.2809093973616,0.25119427256104704,,,,,,,,,,,,,2026-07-31
CP-I-01180,INDIVIDUAL,GA,79015.34178621274,685.1073138162373,0.16976410893040444,,,,,,,,,,,,,2026-07-31
CP-I-01181,INDIVIDUAL,TX,91736.72152397138,704.2491652131864,0.14196158552117288,,,,,,,,,,,,,2026-07-31
CP-I-01182,INDIVIDUAL,VA,94477.99674238006,734.9764775444322,0.32458624590431423,,,,,,,,,,,,,2026-07-31
CP-I-01183,INDIVIDUAL,FL,83200.92135555264,778.4251778629982,0.3244027286345247,,,,,,,,,,,,,2026-07-31
CP-I-01184,INDIVIDUAL,GA,140583.2435670732,656.7046706754714,0.22334902330157497,,,,,,,,,,,,,2026-07-31
CP-I-01185,INDIVIDUAL,VA,43217.641103040725,748.5903736199431,0.2760338949820268,,,,,,,,,,,,,2026-07-31
CP-I-01186,INDIVIDUAL,VA,56438.83974950703,782.1748135355101,0.4225958617075746,,,,,,,,,,,,,2026-07-31
CP-I-01187,INDIVIDUAL,NY,28575.31307225439,654.0262432181491,0.12168535316019613,,,,,,,,,,,,,2026-07-31
CP-I-01188,INDIVIDUAL,FL,124420.64569743707,602.7832628829536,0.2526259478004766,,,,,,,,,,,,,2026-07-31
CP-I-01189,INDIVIDUAL,NY,80364.78362681728,674.3332420948252,0.30847830713592916,,,,,,,,,,,,,2026-07-31
CP-I-01190,INDIVIDUAL,TX,67981.48497816411,755.5470098846235,0.22781152783869446,,,,,,,,,,,,,2026-07-31
CP-I-01191,INDIVIDUAL,NY,122283.21518847064,608.0516937708759,0.46574830429623126,,,,,,,,,,,,,2026-07-31
CP-I-01192,INDIVIDUAL,GA,126524.13093023536,627.6583098752027,0.4258314924796609,,,,,,,,,,,,,2026-07-31
CP-I-01193,INDIVIDUAL,GA,124783.95354019312,602.3682496661758,0.22714975265842252,,,,,,,,,,,,,2026-07-31
CP-I-01194,INDIVIDUAL,NY,43657.145505691566,710.4802865483744,0.12121176943602124,,,,,,,,,,,,,2026-07-31
CP-I-01195,INDIVIDUAL,CA,116683.07703781713,642.4196703536055,0.33877956760428435,,,,,,,,,,,,,2026-07-31
CP-I-01196,INDIVIDUAL,TX,103913.80444593115,688.2630090733469,0.07311418059643746,,,,,,,,,,,,,2026-07-31
CP-I-01197,INDIVIDUAL,FL,36189.45738676669,666.5872254174584,0.12679084948692448,,,,,,,,,,,,,2026-07-31
CP-I-01198,INDIVIDUAL,GA,86374.18145952851,690.5420190894886,0.42178668085043347,,,,,,,,,,,,,2026-07-31
CP-I-01199,INDIVIDUAL,FL,37211.351550909196,767.7430560845306,0.17759678009211463,,,,,,,,,,,,,2026-07-31
CP-I-01200,INDIVIDUAL,VA,92332.29246223824,674.5979976751571,0.2762746465461115,,,,,,,,,,,,,2026-07-31
CP-I-01201,INDIVIDUAL,CA,138594.66072662055,762.9170914052464,0.13906797992372416,,,,,,,,,,,,,2026-07-31
CP-I-01202,INDIVIDUAL,FL,132157.69672445697,711.3982124480478,0.32910981725827215,,,,,,,,,,,,,2026-07-31
CP-I-01203,INDIVIDUAL,FL,94751.85585984953,749.0572476794852,0.17330877325643756,,,,,,,,,,,,,2026-07-31
CP-I-01204,INDIVIDUAL,FL,120084.99752113994,642.6046310121128,0.35952877296765723,,,,,,,,,,,,,2026-07-31
CP-I-01205,INDIVIDUAL,TX,90388.2493804901,719.0928341353415,0.5385807120851099,,,,,,,,,,,,,2026-07-31
CP-I-01206,INDIVIDUAL,FL,113104.86043544934,640.6931583281563,0.35151570532098925,,,,,,,,,,,,,2026-07-31
CP-I-01207,INDIVIDUAL,VA,89948.77934844494,642.1335842020213,0.2064284479434286,,,,,,,,,,,,,2026-07-31
CP-I-01208,INDIVIDUAL,NY,61803.19464103116,645.6687354424346,0.059937932552210166,,,,,,,,,,,,,2026-07-31
CP-I-01209,INDIVIDUAL,TX,67029.74238355723,791.8076923767,0.18083085705893392,,,,,,,,,,,,,2026-07-31
CP-I-01210,INDIVIDUAL,NY,105784.51800345743,725.6085637926891,0.30973526498540227,,,,,,,,,,,,,2026-07-31
CP-I-01211,INDIVIDUAL,GA,141952.81500347477,720.2943198681124,0.14833190807442756,,,,,,,,,,,,,2026-07-31
CP-I-01212,INDIVIDUAL,NY,112417.44540614005,631.8016649408687,0.23353550122960381,,,,,,,,,,,,,2026-07-31
CP-I-01213,INDIVIDUAL,GA,173926.90919782952,769.3651336362581,0.24255814656425162,,,,,,,,,,,,,2026-07-31
CP-I-01214,INDIVIDUAL,NC,151157.0902444345,759.2045002497107,0.1534934971124673,,,,,,,,,,,,,2026-07-31
CP-I-01215,INDIVIDUAL,TX,78892.99399855686,729.7310237600211,0.26489793939811135,,,,,,,,,,,,,2026-07-31
CP-I-01216,INDIVIDUAL,TX,93942.23132834861,622.8428817062354,0.17868036976008325,,,,,,,,,,,,,2026-07-31
CP-I-01217,INDIVIDUAL,FL,27333.387041132493,720.6973192476868,0.2784187427970154,,,,,,,,,,,,,2026-07-31
CP-I-01218,INDIVIDUAL,GA,92027.93984584356,816.039159481457,0.17294676939156414,,,,,,,,,,,,,2026-07-31
CP-I-01219,INDIVIDUAL,NY,119749.07434076865,737.2629027827364,0.202425505605192,,,,,,,,,,,,,2026-07-31
CP-I-01220,INDIVIDUAL,VA,114208.34301031215,774.8820873325338,0.3461818290452552,,,,,,,,,,,,,2026-07-31
CP-I-01221,INDIVIDUAL,FL,35264.443434883586,814.8307600492582,0.29859799940806486,,,,,,,,,,,,,2026-07-31
CP-I-01222,INDIVIDUAL,GA,92009.42292094315,664.243027475692,0.2635214987822889,,,,,,,,,,,,,2026-07-31
CP-I-01223,INDIVIDUAL,NY,264227.16958510625,679.8532784871569,0.17587617414418102,,,,,,,,,,,,,2026-07-31
CP-I-01224,INDIVIDUAL,GA,30094.70143827173,729.9729633442216,0.4281038932201092,,,,,,,,,,,,,2026-07-31
CP-I-01225,INDIVIDUAL,NY,114389.54319112441,620.0644831455434,0.27352040278325923,,,,,,,,,,,,,2026-07-31
CP-I-01226,INDIVIDUAL,TX,85447.17484490351,672.2774490466219,0.4456698504711981,,,,,,,,,,,,,2026-07-31
CP-I-01227,INDIVIDUAL,VA,85817.24760453952,747.7503104380612,0.29168119819503485,,,,,,,,,,,,,2026-07-31
CP-I-01228,INDIVIDUAL,NC,111101.57326461725,707.7249709709101,0.4826679107789088,,,,,,,,,,,,,2026-07-31
CP-I-01229,INDIVIDUAL,TX,110382.89665382548,825.9824472745036,0.30128355872010776,,,,,,,,,,,,,2026-07-31
CP-I-01230,INDIVIDUAL,FL,57357.17279060907,669.3458159393066,0.30424256208531314,,,,,,,,,,,,,2026-07-31
CP-I-01231,INDIVIDUAL,VA,63355.18674658505,771.8810987691461,0.42253137839928856,,,,,,,,,,,,,2026-07-31
CP-I-01232,INDIVIDUAL,NY,165814.18636493088,639.4101991422637,0.4796876859698781,,,,,,,,,,,,,2026-07-31
CP-I-01233,INDIVIDUAL,NC,92011.01319727626,716.2162959804864,0.2656673969934179,,,,,,,,,,,,,2026-07-31
CP-I-01234,INDIVIDUAL,VA,132699.85535379424,745.3511404639779,0.21773341700355903,,,,,,,,,,,,,2026-07-31
CP-I-01235,INDIVIDUAL,NC,38053.81965316728,656.3291664285891,0.2044821640094009,,,,,,,,,,,,,2026-07-31
CP-I-01236,INDIVIDUAL,FL,61770.99837485777,792.6908903148856,0.19873901001821323,,,,,,,,,,,,,2026-07-31
CP-I-01237,INDIVIDUAL,TX,80049.93322385568,718.820214072309,0.41404045396673467,,,,,,,,,,,,,2026-07-31
CP-I-01238,INDIVIDUAL,VA,91788.57114908374,650.1940534139968,0.17658617579688418,,,,,,,,,,,,,2026-07-31
CP-I-01239,INDIVIDUAL,VA,81707.31536816682,747.5531071664934,0.18929669448711056,,,,,,,,,,,,,2026-07-31
CP-I-01240,INDIVIDUAL,FL,114172.58411758112,594.9134329583429,0.3633382240020294,,,,,,,,,,,,,2026-07-31
CP-I-01241,INDIVIDUAL,CA,99537.9327041067,761.6177259292324,0.39761640795302977,,,,,,,,,,,,,2026-07-31
CP-I-01242,INDIVIDUAL,TX,264279.83161842095,656.6872724442884,0.24629030979635047,,,,,,,,,,,,,2026-07-31
CP-I-01243,INDIVIDUAL,TX,71020.53659402533,705.6200259328459,0.24099072948908476,,,,,,,,,,,,,2026-07-31
CP-I-01244,INDIVIDUAL,VA,86525.57122451045,707.4917052558075,0.39821940311550574,,,,,,,,,,,,,2026-07-31
CP-I-01245,INDIVIDUAL,FL,81526.32940704042,716.716642052581,0.41916165971017,,,,,,,,,,,,,2026-07-31
CP-I-01246,INDIVIDUAL,CA,131508.12789045507,691.4278660203396,0.28729184966223703,,,,,,,,,,,,,2026-07-31
CP-I-01247,INDIVIDUAL,NC,252823.1344154866,758.7307937319663,0.31807906104992273,,,,,,,,,,,,,2026-07-31
CP-I-01248,INDIVIDUAL,NY,104069.72454077563,739.3332824641415,0.49136919073560104,,,,,,,,,,,,,2026-07-31
CP-I-01249,INDIVIDUAL,GA,76451.21465316643,746.2506528543822,0.13489178051658118,,,,,,,,,,,,,2026-07-31
CP-I-01250,INDIVIDUAL,CA,118475.60557972302,751.0820035700218,0.2390667940338525,,,,,,,,,,,,,2026-07-31
CP-I-01251,INDIVIDUAL,GA,385714.95941238105,719.5984896352279,0.2410007660003152,,,,,,,,,,,,,2026-07-31
CP-I-01252,INDIVIDUAL,NY,96966.89805080197,736.1737359782356,0.07919495458441138,,,,,,,,,,,,,2026-07-31
CP-I-01253,INDIVIDUAL,NC,96350.91549961461,664.1962795959209,0.4404269885795882,,,,,,,,,,,,,2026-07-31
CP-I-01254,INDIVIDUAL,FL,47876.7226556337,623.7456330266036,0.3700835212554574,,,,,,,,,,,,,2026-07-31
CP-I-01255,INDIVIDUAL,TX,67957.16034456591,716.1147402814756,0.10716075061779037,,,,,,,,,,,,,2026-07-31
CP-I-01256,INDIVIDUAL,FL,96259.33805939158,692.4664121449905,0.08790943103787965,,,,,,,,,,,,,2026-07-31
CP-I-01257,INDIVIDUAL,CA,75078.03553330796,659.9988030617789,0.6677901121246272,,,,,,,,,,,,,2026-07-31
CP-I-01258,INDIVIDUAL,FL,76861.08728687504,643.1999871199148,0.18212234436494634,,,,,,,,,,,,,2026-07-31
CP-I-01259,INDIVIDUAL,TX,80533.9381778679,690.5162618091149,0.20693141889696803,,,,,,,,,,,,,2026-07-31
CP-I-01260,INDIVIDUAL,CA,156025.68765324098,714.7809050322277,0.2189217762976169,,,,,,,,,,,,,2026-07-31
CP-I-01261,INDIVIDUAL,FL,42977.490363468525,673.0383712650424,0.5361381973341571,,,,,,,,,,,,,2026-07-31
CP-I-01262,INDIVIDUAL,GA,108129.18439581316,807.1584302180855,0.4124260330151178,,,,,,,,,,,,,2026-07-31
CP-I-01263,INDIVIDUAL,VA,135863.41929857232,720.6044954209789,0.3905140284981097,,,,,,,,,,,,,2026-07-31
CP-I-01264,INDIVIDUAL,TX,94723.8569720975,682.7686560380931,0.29044296192405816,,,,,,,,,,,,,2026-07-31
CP-I-01265,INDIVIDUAL,TX,47885.27430051218,713.6683318911747,0.38579810941698134,,,,,,,,,,,,,2026-07-31
CP-I-01266,INDIVIDUAL,NC,71552.14979210086,753.3873573801051,0.41975120556529477,,,,,,,,,,,,,2026-07-31
CP-I-01267,INDIVIDUAL,CA,91266.46875265,753.70749018352,0.16566778275134666,,,,,,,,,,,,,2026-07-31
CP-I-01268,INDIVIDUAL,GA,26469.177535096533,629.4856296589522,0.409333384476023,,,,,,,,,,,,,2026-07-31
CP-I-01269,INDIVIDUAL,FL,86068.93437847262,696.5415666162191,0.2076529303315824,,,,,,,,,,,,,2026-07-31
CP-I-01270,INDIVIDUAL,TX,75639.08847202499,669.6525016139863,0.5191676154962694,,,,,,,,,,,,,2026-07-31
CP-I-01271,INDIVIDUAL,FL,75303.48021840915,696.8268828706653,0.33780019238269954,,,,,,,,,,,,,2026-07-31
CP-I-01272,INDIVIDUAL,FL,73336.31429030158,766.8443657537002,0.5246622540062686,,,,,,,,,,,,,2026-07-31
CP-I-01273,INDIVIDUAL,VA,49023.81098621223,779.493473974568,0.48662216155483046,,,,,,,,,,,,,2026-07-31
CP-I-01274,INDIVIDUAL,CA,122530.03907786803,697.9253556754394,0.2519869840521486,,,,,,,,,,,,,2026-07-31
CP-I-01275,INDIVIDUAL,NY,67393.28672143303,677.3587298645234,0.21308754435716148,,,,,,,,,,,,,2026-07-31
CP-I-01276,INDIVIDUAL,NC,83611.5961624153,620.2137372511974,0.35104506362947185,,,,,,,,,,,,,2026-07-31
CP-I-01277,INDIVIDUAL,GA,61777.70511212852,664.386103837768,0.2048441793273526,,,,,,,,,,,,,2026-07-31
CP-I-01278,INDIVIDUAL,FL,103048.39276966586,556.7337414164397,0.29031893664895925,,,,,,,,,,,,,2026-07-31
CP-I-01279,INDIVIDUAL,TX,84049.13894837443,697.0178849055936,0.30719109212475393,,,,,,,,,,,,,2026-07-31
CP-I-01280,INDIVIDUAL,FL,80615.4387248319,634.8606350039396,0.26614519690011573,,,,,,,,,,,,,2026-07-31
CP-I-01281,INDIVIDUAL,CA,82499.40369608541,726.2009876859505,0.2423125283215895,,,,,,,,,,,,,2026-07-31
CP-I-01282,INDIVIDUAL,VA,74737.65402480822,609.4498304104955,0.16293104893244298,,,,,,,,,,,,,2026-07-31
CP-I-01283,INDIVIDUAL,NY,66450.6780306011,666.2078104466784,0.24352081062848205,,,,,,,,,,,,,2026-07-31
CP-I-01284,INDIVIDUAL,FL,91111.04051917787,689.768652028672,0.2535033856282142,,,,,,,,,,,,,2026-07-31
CP-I-01285,INDIVIDUAL,GA,178275.49082641708,574.328598100491,0.324444159974208,,,,,,,,,,,,,2026-07-31
CP-I-01286,INDIVIDUAL,NC,115833.2196678685,756.2111723142124,0.13623038504078328,,,,,,,,,,,,,2026-07-31
CP-I-01287,INDIVIDUAL,NC,60007.65920220553,678.1425669992207,0.18452123131100728,,,,,,,,,,,,,2026-07-31
CP-I-01288,INDIVIDUAL,CA,68204.82750223708,769.1625166778149,0.41586365489166555,,,,,,,,,,,,,2026-07-31
CP-I-01289,INDIVIDUAL,TX,142175.44730406714,702.507736818061,0.47181576679861953,,,,,,,,,,,,,2026-07-31
CP-I-01290,INDIVIDUAL,GA,168099.60040716064,672.0189020694169,0.11883763198043101,,,,,,,,,,,,,2026-07-31
CP-I-01291,INDIVIDUAL,CA,58524.4984900874,840.3160701489514,0.16659897138552415,,,,,,,,,,,,,2026-07-31
CP-I-01292,INDIVIDUAL,VA,83509.29771379604,663.6357889694578,0.12107917441793153,,,,,,,,,,,,,2026-07-31
CP-I-01293,INDIVIDUAL,CA,53108.91593581518,614.8725355062322,0.24761297477145766,,,,,,,,,,,,,2026-07-31
CP-I-01294,INDIVIDUAL,CA,79920.0631425786,718.3873917662848,0.1435570333022923,,,,,,,,,,,,,2026-07-31
CP-I-01295,INDIVIDUAL,NY,96641.04192032701,691.1613240583525,0.31668889941788286,,,,,,,,,,,,,2026-07-31
CP-I-01296,INDIVIDUAL,TX,171458.41813362116,665.4333833635558,0.32552952172267047,,,,,,,,,,,,,2026-07-31
CP-I-01297,INDIVIDUAL,NC,105198.93484412928,687.7513076951914,0.3399590741815536,,,,,,,,,,,,,2026-07-31
CP-I-01298,INDIVIDUAL,NY,85215.96365778714,722.4642437438137,0.286107542588971,,,,,,,,,,,,,2026-07-31
CP-I-01299,INDIVIDUAL,VA,106663.00456026214,703.2670311639657,0.3088408028244902,,,,,,,,,,,,,2026-07-31
CP-I-01300,INDIVIDUAL,NY,36323.2432242998,750.5260822853824,0.05119036897871285,,,,,,,,,,,,,2026-07-31
CP-I-01301,INDIVIDUAL,GA,77312.82030332036,619.7837245039973,0.40392288243103386,,,,,,,,,,,,,2026-07-31
CP-I-01302,INDIVIDUAL,GA,108756.8949239253,754.1665633438915,0.2015882282793671,,,,,,,,,,,,,2026-07-31
CP-I-01303,INDIVIDUAL,CA,117810.17068155028,655.0492788500256,0.30057639129640035,,,,,,,,,,,,,2026-07-31
CP-I-01304,INDIVIDUAL,FL,66209.35502839397,743.5932071071402,0.3998180640146739,,,,,,,,,,,,,2026-07-31
CP-I-01305,INDIVIDUAL,GA,85923.03059120862,739.3725570420661,0.317927667914386,,,,,,,,,,,,,2026-07-31
CP-I-01306,INDIVIDUAL,FL,92445.52695755726,715.5826637967124,0.167376335686731,,,,,,,,,,,,,2026-07-31
CP-I-01307,INDIVIDUAL,GA,89244.42140458402,645.4954489517067,0.1783109059183617,,,,,,,,,,,,,2026-07-31
CP-I-01308,INDIVIDUAL,CA,123129.4502194594,610.3173180384024,0.1151694382102702,,,,,,,,,,,,,2026-07-31
CP-I-01309,INDIVIDUAL,FL,73045.07438157796,690.0735129649843,0.22238645933695128,,,,,,,,,,,,,2026-07-31
CP-I-01310,INDIVIDUAL,FL,84322.89503798912,792.8154799586005,0.16715199249624105,,,,,,,,,,,,,2026-07-31
CP-I-01311,INDIVIDUAL,GA,62441.66293360117,734.7131386697861,0.24166366426781188,,,,,,,,,,,,,2026-07-31
CP-I-01312,INDIVIDUAL,TX,108491.9352457778,683.9336109477816,0.15941520202587478,,,,,,,,,,,,,2026-07-31
CP-I-01313,INDIVIDUAL,NC,80950.32036733754,687.7584126433907,0.21503831812573598,,,,,,,,,,,,,2026-07-31
CP-I-01314,INDIVIDUAL,TX,177696.3312964497,750.6992062391253,0.34197973943392557,,,,,,,,,,,,,2026-07-31
CP-I-01315,INDIVIDUAL,CA,132879.440933612,675.0148958589882,0.32666737773640486,,,,,,,,,,,,,2026-07-31
CP-I-01316,INDIVIDUAL,GA,227091.54997667656,745.383960736755,0.36578650450227235,,,,,,,,,,,,,2026-07-31
CP-I-01317,INDIVIDUAL,VA,54254.01341004714,617.9913080771321,0.4022388124358611,,,,,,,,,,,,,2026-07-31
CP-I-01318,INDIVIDUAL,NC,125283.0484086427,691.1215817880395,0.11561188693152552,,,,,,,,,,,,,2026-07-31
CP-I-01319,INDIVIDUAL,NY,71665.32732218878,691.5480568500159,0.5756355308645776,,,,,,,,,,,,,2026-07-31
CP-I-01320,INDIVIDUAL,VA,55124.50679217552,704.2087729151976,0.42702970737023205,,,,,,,,,,,,,2026-07-31
CP-I-01321,INDIVIDUAL,VA,179950.309010758,766.1374123656327,0.14941911399963792,,,,,,,,,,,,,2026-07-31
CP-I-01322,INDIVIDUAL,NY,152980.2974278194,606.7010248044533,0.3311967552341636,,,,,,,,,,,,,2026-07-31
CP-I-01323,INDIVIDUAL,GA,93403.62002045602,744.780295499124,0.24843129947564951,,,,,,,,,,,,,2026-07-31
CP-I-01324,INDIVIDUAL,FL,175320.40935393499,681.9541311160739,0.17274371952324108,,,,,,,,,,,,,2026-07-31
CP-I-01325,INDIVIDUAL,CA,82124.48345234452,703.6276615047091,0.45332568228186143,,,,,,,,,,,,,2026-07-31
CP-I-01326,INDIVIDUAL,CA,190791.6752059965,736.464249858741,0.23561962651108814,,,,,,,,,,,,,2026-07-31
CP-I-01327,INDIVIDUAL,FL,117483.67090570972,618.4742267138693,0.21648593876997535,,,,,,,,,,,,,2026-07-31
CP-I-01328,INDIVIDUAL,GA,115368.77167949521,738.9063408330119,0.14594487418640556,,,,,,,,,,,,,2026-07-31
CP-I-01329,INDIVIDUAL,FL,84192.86114352566,713.9111068044219,0.26407502834155816,,,,,,,,,,,,,2026-07-31
CP-I-01330,INDIVIDUAL,TX,129123.12876372492,759.6404996706939,0.19002021741852013,,,,,,,,,,,,,2026-07-31
CP-I-01331,INDIVIDUAL,TX,80256.84217734211,720.5661505984979,0.17462514533118698,,,,,,,,,,,,,2026-07-31
CP-I-01332,INDIVIDUAL,TX,110924.77002579618,660.3311507449604,0.2951937084779443,,,,,,,,,,,,,2026-07-31
CP-I-01333,INDIVIDUAL,NY,40924.76113677334,701.3387176463855,0.24396786861639108,,,,,,,,,,,,,2026-07-31
CP-I-01334,INDIVIDUAL,NY,96468.38674086351,738.3177043556827,0.3903928021622976,,,,,,,,,,,,,2026-07-31
CP-I-01335,INDIVIDUAL,NC,139712.5468680194,762.3739263762518,0.3435788432293879,,,,,,,,,,,,,2026-07-31
CP-I-01336,INDIVIDUAL,VA,79094.84225117201,613.2629435175812,0.19933789988174533,,,,,,,,,,,,,2026-07-31
CP-I-01337,INDIVIDUAL,NC,103670.05575903377,738.5595496551979,0.19264815748765995,,,,,,,,,,,,,2026-07-31
CP-I-01338,INDIVIDUAL,NY,181227.93061111635,758.3086897823478,0.08740965670004958,,,,,,,,,,,,,2026-07-31
CP-I-01339,INDIVIDUAL,VA,46843.233083816114,734.9161586173939,0.09068494713698107,,,,,,,,,,,,,2026-07-31
CP-I-01340,INDIVIDUAL,VA,102739.70168959988,659.089743284476,0.2552078607515582,,,,,,,,,,,,,2026-07-31
CP-I-01341,INDIVIDUAL,CA,138298.40303630647,663.2435602222596,0.4420903386198315,,,,,,,,,,,,,2026-07-31
CP-I-01342,INDIVIDUAL,NY,128105.17949485246,811.7291091222082,0.05,,,,,,,,,,,,,2026-07-31
CP-I-01343,INDIVIDUAL,VA,53360.10715965292,670.6275281971639,0.467096039956349,,,,,,,,,,,,,2026-07-31
CP-I-01344,INDIVIDUAL,NC,56945.90216877985,575.9975612623882,0.3821957886551237,,,,,,,,,,,,,2026-07-31
CP-I-01345,INDIVIDUAL,VA,163316.30819472877,675.9576277919848,0.4389209427700467,,,,,,,,,,,,,2026-07-31
CP-I-01346,INDIVIDUAL,NY,94804.2473297578,697.457505169897,0.39359788433729037,,,,,,,,,,,,,2026-07-31
CP-I-01347,INDIVIDUAL,CA,190748.32267342816,712.3896706110894,0.24107116454419902,,,,,,,,,,,,,2026-07-31
CP-I-01348,INDIVIDUAL,NC,72756.42055182517,685.7673119493502,0.2741528446021868,,,,,,,,,,,,,2026-07-31
CP-I-01349,INDIVIDUAL,NC,97239.94759252587,579.2849076017801,0.43796093425994503,,,,,,,,,,,,,2026-07-31
CP-I-01350,INDIVIDUAL,FL,63892.71260632089,607.1055257892635,0.07873736552342005,,,,,,,,,,,,,2026-07-31
CP-I-01351,INDIVIDUAL,VA,100159.83899631386,822.7204571190537,0.12308834740355089,,,,,,,,,,,,,2026-07-31
CP-I-01352,INDIVIDUAL,TX,57521.84424498609,712.7245206912336,0.25462386319315833,,,,,,,,,,,,,2026-07-31
CP-I-01353,INDIVIDUAL,NY,190159.17780273454,769.7193085188959,0.2755474951028597,,,,,,,,,,,,,2026-07-31
CP-I-01354,INDIVIDUAL,FL,95803.54252488066,763.2426810727044,0.48035034921045844,,,,,,,,,,,,,2026-07-31
CP-I-01355,INDIVIDUAL,NY,101155.0089044376,633.6979618133116,0.40845132806128337,,,,,,,,,,,,,2026-07-31
CP-I-01356,INDIVIDUAL,TX,67678.27085552076,692.9108589470463,0.17457905796494577,,,,,,,,,,,,,2026-07-31
CP-I-01357,INDIVIDUAL,TX,68237.82088322002,683.8038560153216,0.1450959591488876,,,,,,,,,,,,,2026-07-31
CP-I-01358,INDIVIDUAL,GA,84193.29352972268,700.5100521208324,0.4531738172488323,,,,,,,,,,,,,2026-07-31
CP-I-01359,INDIVIDUAL,NY,46938.30511236272,760.3470822990494,0.1937733870424666,,,,,,,,,,,,,2026-07-31
CP-I-01360,INDIVIDUAL,TX,111412.08752746876,706.7134673418986,0.2699911431884111,,,,,,,,,,,,,2026-07-31
CP-I-01361,INDIVIDUAL,FL,52193.89430125013,742.5672892288102,0.18013289760864745,,,,,,,,,,,,,2026-07-31
CP-I-01362,INDIVIDUAL,VA,83270.83492538554,695.4663298584551,0.37828476885655465,,,,,,,,,,,,,2026-07-31
CP-I-01363,INDIVIDUAL,CA,64224.50092036122,698.1450141775604,0.07332354600522487,,,,,,,,,,,,,2026-07-31
CP-I-01364,INDIVIDUAL,FL,101331.18565416416,743.1490610198772,0.1644539648495456,,,,,,,,,,,,,2026-07-31
CP-I-01365,INDIVIDUAL,FL,104709.99479011526,769.7332788091225,0.21111838681180206,,,,,,,,,,,,,2026-07-31
CP-I-01366,INDIVIDUAL,CA,116738.1612276187,753.0385887416661,0.44363593750702746,,,,,,,,,,,,,2026-07-31
CP-I-01367,INDIVIDUAL,NY,67376.76876953762,723.5065241327833,0.4684753818896932,,,,,,,,,,,,,2026-07-31
CP-I-01368,INDIVIDUAL,NC,70758.05523976096,668.41303407676,0.3155012859841676,,,,,,,,,,,,,2026-07-31
CP-I-01369,INDIVIDUAL,TX,216534.6821635516,784.0072514384866,0.24707362206897165,,,,,,,,,,,,,2026-07-31
CP-I-01370,INDIVIDUAL,NY,26170.97290860289,702.737116149951,0.25871158181210957,,,,,,,,,,,,,2026-07-31
CP-I-01371,INDIVIDUAL,FL,70275.48323991636,695.0776255907491,0.3013231012410655,,,,,,,,,,,,,2026-07-31
CP-I-01372,INDIVIDUAL,VA,111007.5393708983,612.5162337566445,0.2331400332258317,,,,,,,,,,,,,2026-07-31
CP-I-01373,INDIVIDUAL,NC,99998.37041659326,712.7720536570306,0.24203992259494198,,,,,,,,,,,,,2026-07-31
CP-I-01374,INDIVIDUAL,VA,71569.73117192785,801.2069538424189,0.2428632826231083,,,,,,,,,,,,,2026-07-31
CP-I-01375,INDIVIDUAL,VA,97050.86125643046,689.0961596517121,0.2571007916336072,,,,,,,,,,,,,2026-07-31
CP-I-01376,INDIVIDUAL,NC,66165.98464258101,707.1751680096406,0.354172066568073,,,,,,,,,,,,,2026-07-31
CP-I-01377,INDIVIDUAL,GA,75153.13597261881,689.1483884613258,0.19350461169708333,,,,,,,,,,,,,2026-07-31
CP-I-01378,INDIVIDUAL,CA,185452.23691619548,780.9264785585061,0.13012521053077866,,,,,,,,,,,,,2026-07-31
CP-I-01379,INDIVIDUAL,CA,90593.78119691151,659.5465283929575,0.31956117289140296,,,,,,,,,,,,,2026-07-31
CP-I-01380,INDIVIDUAL,CA,101388.26768406594,656.9938605414993,0.15547235257477443,,,,,,,,,,,,,2026-07-31
CP-I-01381,INDIVIDUAL,FL,122735.95460283171,671.1437909066921,0.39392477090871797,,,,,,,,,,,,,2026-07-31
CP-I-01382,INDIVIDUAL,NC,80041.5495728776,697.2795261756391,0.1786202755520558,,,,,,,,,,,,,2026-07-31
CP-I-01383,INDIVIDUAL,VA,200489.29833641901,749.766423454904,0.36960774509108224,,,,,,,,,,,,,2026-07-31
CP-I-01384,INDIVIDUAL,TX,93147.86768538645,786.3538334749435,0.11293849261962416,,,,,,,,,,,,,2026-07-31
CP-I-01385,INDIVIDUAL,TX,58242.57314784603,692.3098190222255,0.4533856460330878,,,,,,,,,,,,,2026-07-31
CP-I-01386,INDIVIDUAL,VA,82691.59425055851,593.8921952311351,0.1222210445424819,,,,,,,,,,,,,2026-07-31
CP-I-01387,INDIVIDUAL,CA,76628.60406243104,771.0886806127786,0.1574107106283656,,,,,,,,,,,,,2026-07-31
CP-I-01388,INDIVIDUAL,GA,41185.09468928574,720.2365018765216,0.2877557000246208,,,,,,,,,,,,,2026-07-31
CP-I-01389,INDIVIDUAL,GA,33954.73364018407,691.6313085283832,0.20361893710230988,,,,,,,,,,,,,2026-07-31
CP-I-01390,INDIVIDUAL,NY,68086.8365525348,737.4110668091688,0.294533355984588,,,,,,,,,,,,,2026-07-31
CP-I-01391,INDIVIDUAL,NC,78195.3199784775,691.8204926536913,0.09831101000416353,,,,,,,,,,,,,2026-07-31
CP-I-01392,INDIVIDUAL,NC,95832.05490283454,663.781855459479,0.2829754832301177,,,,,,,,,,,,,2026-07-31
CP-I-01393,INDIVIDUAL,GA,66513.29247504867,662.6768078108761,0.12087070131914573,,,,,,,,,,,,,2026-07-31
CP-I-01394,INDIVIDUAL,TX,73786.94169244597,700.5758750341498,0.27465373817954225,,,,,,,,,,,,,2026-07-31
CP-I-01395,INDIVIDUAL,VA,130209.86723303197,726.1213114584344,0.07655613744629526,,,,,,,,,,,,,2026-07-31
CP-I-01396,INDIVIDUAL,NY,127278.4281061788,771.08733354952,0.5797335593561601,,,,,,,,,,,,,2026-07-31
CP-I-01397,INDIVIDUAL,VA,136507.30648013167,682.0135487602145,0.17261466607145065,,,,,,,,,,,,,2026-07-31
CP-I-01398,INDIVIDUAL,TX,102681.33945922602,830.9837778026902,0.13443772878727583,,,,,,,,,,,,,2026-07-31
CP-I-01399,INDIVIDUAL,CA,95757.67834666253,727.1436585521693,0.3565189632699805,,,,,,,,,,,,,2026-07-31
CP-I-01400,INDIVIDUAL,NC,115420.85630062678,771.8527422319587,0.3229045939874203,,,,,,,,,,,,,2026-07-31
CP-I-01401,INDIVIDUAL,GA,90771.07337374808,659.0406646802895,0.3253410641583306,,,,,,,,,,,,,2026-07-31
CP-I-01402,INDIVIDUAL,VA,90661.10925226065,662.713033027856,0.28343171549526003,,,,,,,,,,,,,2026-07-31
CP-I-01403,INDIVIDUAL,NC,161595.15635642523,689.8374919395706,0.19544443013428547,,,,,,,,,,,,,2026-07-31
CP-I-01404,INDIVIDUAL,NY,54147.22508818662,676.1719326656723,0.05235762935579858,,,,,,,,,,,,,2026-07-31
CP-I-01405,INDIVIDUAL,NC,92206.73857306536,774.5603449304682,0.21932739988122896,,,,,,,,,,,,,2026-07-31
CP-I-01406,INDIVIDUAL,NC,82253.01456705283,654.0620104041931,0.341368668033536,,,,,,,,,,,,,2026-07-31
CP-I-01407,INDIVIDUAL,NY,72040.79935039728,736.8171455022105,0.36423237995230917,,,,,,,,,,,,,2026-07-31
CP-I-01408,INDIVIDUAL,NY,47251.068198907014,702.4434917631479,0.0788477130116822,,,,,,,,,,,,,2026-07-31
CP-I-01409,INDIVIDUAL,NY,86587.716208967,700.8437545061983,0.23575192119156535,,,,,,,,,,,,,2026-07-31
CP-I-01410,INDIVIDUAL,FL,78446.86106584131,685.9844548553201,0.2503281180564563,,,,,,,,,,,,,2026-07-31
CP-I-01411,INDIVIDUAL,FL,73863.44710146662,730.3777001603122,0.4384497942417167,,,,,,,,,,,,,2026-07-31
CP-I-01412,INDIVIDUAL,GA,101375.8219563928,812.4161040851112,0.42594425385648055,,,,,,,,,,,,,2026-07-31
CP-I-01413,INDIVIDUAL,CA,132557.82422107767,658.5587351243294,0.5021147652475819,,,,,,,,,,,,,2026-07-31
CP-I-01414,INDIVIDUAL,CA,58001.96370367721,704.5335826620599,0.39462192368959237,,,,,,,,,,,,,2026-07-31
CP-I-01415,INDIVIDUAL,CA,125486.3121957368,729.5325823273951,0.057408883607492744,,,,,,,,,,,,,2026-07-31
CP-I-01416,INDIVIDUAL,CA,56593.29266726458,733.6445424648932,0.17489652064519406,,,,,,,,,,,,,2026-07-31
CP-I-01417,INDIVIDUAL,FL,61670.84029755775,738.6837109637627,0.2547967939465345,,,,,,,,,,,,,2026-07-31
CP-I-01418,INDIVIDUAL,VA,78826.09118809065,709.3736585712471,0.12848510870220956,,,,,,,,,,,,,2026-07-31
CP-I-01419,INDIVIDUAL,TX,104181.55170276582,719.9302769503076,0.23019329878117428,,,,,,,,,,,,,2026-07-31
CP-I-01420,INDIVIDUAL,NC,106000.36900739555,701.152835015992,0.23460913548974732,,,,,,,,,,,,,2026-07-31
CP-I-01421,INDIVIDUAL,CA,70575.05388544673,695.7033505282591,0.13494905352439313,,,,,,,,,,,,,2026-07-31
CP-I-01422,INDIVIDUAL,NC,74657.89115784447,735.4768373370835,0.14978707240504563,,,,,,,,,,,,,2026-07-31
CP-I-01423,INDIVIDUAL,VA,35914.10201857782,698.3350542330345,0.22027814054326467,,,,,,,,,,,,,2026-07-31
CP-I-01424,INDIVIDUAL,NC,106075.23771517826,729.8767604081652,0.09042766570597939,,,,,,,,,,,,,2026-07-31
CP-I-01425,INDIVIDUAL,CA,74831.9532613709,712.67213462416,0.33906359018090015,,,,,,,,,,,,,2026-07-31
CP-I-01426,INDIVIDUAL,CA,119219.36075875962,706.3488788086559,0.24832864206791816,,,,,,,,,,,,,2026-07-31
CP-I-01427,INDIVIDUAL,GA,29138.796245020993,624.654726277038,0.2023414393239164,,,,,,,,,,,,,2026-07-31
CP-I-01428,INDIVIDUAL,VA,53677.27775171346,642.1099099142169,0.33745642324113034,,,,,,,,,,,,,2026-07-31
CP-I-01429,INDIVIDUAL,GA,76336.42095797062,714.6956815598842,0.38560087726210523,,,,,,,,,,,,,2026-07-31
CP-I-01430,INDIVIDUAL,NC,48253.346981310446,705.6728440817584,0.4716879198968893,,,,,,,,,,,,,2026-07-31
CP-I-01431,INDIVIDUAL,NY,108918.97968399877,703.6939349097789,0.2026042855732097,,,,,,,,,,,,,2026-07-31
CP-I-01432,INDIVIDUAL,GA,130126.1928620759,600.9494879120099,0.11579110931767575,,,,,,,,,,,,,2026-07-31
CP-I-01433,INDIVIDUAL,CA,100316.43169998872,706.1999999770327,0.3181921524265533,,,,,,,,,,,,,2026-07-31
CP-I-01434,INDIVIDUAL,FL,66500.61802768915,751.5758884407181,0.47888334233953134,,,,,,,,,,,,,2026-07-31
CP-I-01435,INDIVIDUAL,FL,126273.90138364825,669.976983902608,0.1269516057647268,,,,,,,,,,,,,2026-07-31
CP-I-01436,INDIVIDUAL,NC,76106.82159578672,660.966176302055,0.1646883016971652,,,,,,,,,,,,,2026-07-31
CP-I-01437,INDIVIDUAL,NC,90243.62056611857,752.7227378531366,0.42379533461348085,,,,,,,,,,,,,2026-07-31
CP-I-01438,INDIVIDUAL,NC,171753.76346504028,742.6474369376978,0.5076479388196984,,,,,,,,,,,,,2026-07-31
CP-I-01439,INDIVIDUAL,TX,68734.27171230374,763.5740403055372,0.3766203805454891,,,,,,,,,,,,,2026-07-31
CP-I-01440,INDIVIDUAL,NC,94793.11615724493,713.7608757468206,0.1800416616539565,,,,,,,,,,,,,2026-07-31
CP-I-01441,INDIVIDUAL,CA,114257.28591639346,722.464426830071,0.4008481334049737,,,,,,,,,,,,,2026-07-31
CP-I-01442,INDIVIDUAL,CA,62083.00958327743,660.0104601207073,0.300539023932824,,,,,,,,,,,,,2026-07-31
CP-I-01443,INDIVIDUAL,NC,197306.61485695367,800.1114793771374,0.44083366549314407,,,,,,,,,,,,,2026-07-31
CP-I-01444,INDIVIDUAL,NC,62025.18866837877,783.4815816211576,0.275493902040745,,,,,,,,,,,,,2026-07-31
CP-I-01445,INDIVIDUAL,VA,97875.33850948453,688.4834336628397,0.3376725308065286,,,,,,,,,,,,,2026-07-31
CP-I-01446,INDIVIDUAL,NY,97109.12853201167,650.3299986219594,0.3535432854085304,,,,,,,,,,,,,2026-07-31
CP-I-01447,INDIVIDUAL,NY,137028.02304692796,703.8515094596291,0.212271944492088,,,,,,,,,,,,,2026-07-31
CP-I-01448,INDIVIDUAL,FL,96949.86377340315,717.4595414022865,0.27679574656718436,,,,,,,,,,,,,2026-07-31
CP-I-01449,INDIVIDUAL,NC,83376.7274901545,630.8535503794942,0.11854785679181096,,,,,,,,,,,,,2026-07-31
CP-I-01450,INDIVIDUAL,NC,110604.88758137736,734.1488872567652,0.43971896775927594,,,,,,,,,,,,,2026-07-31
CP-I-01451,INDIVIDUAL,GA,148939.58436585363,774.9642639057914,0.311412244833156,,,,,,,,,,,,,2026-07-31
CP-I-01452,INDIVIDUAL,NC,63690.08033076095,766.4940088842774,0.158160154226557,,,,,,,,,,,,,2026-07-31
CP-I-01453,INDIVIDUAL,VA,70848.052157456,761.6982489098103,0.09260288141577633,,,,,,,,,,,,,2026-07-31
CP-I-01454,INDIVIDUAL,TX,76880.77973541924,658.7253627629251,0.4256190847561867,,,,,,,,,,,,,2026-07-31
CP-I-01455,INDIVIDUAL,TX,118179.37589465543,704.0861018208216,0.09172463351490118,,,,,,,,,,,,,2026-07-31
CP-I-01456,INDIVIDUAL,VA,98724.32845784242,654.831173495524,0.22867761321531335,,,,,,,,,,,,,2026-07-31
CP-I-01457,INDIVIDUAL,FL,156604.05710534987,655.6756235903539,0.4165441321222496,,,,,,,,,,,,,2026-07-31
CP-I-01458,INDIVIDUAL,FL,214501.34195289906,574.9903810785123,0.24761419222863373,,,,,,,,,,,,,2026-07-31
CP-I-01459,INDIVIDUAL,FL,63326.85612319585,694.7310805729365,0.4015808629777322,,,,,,,,,,,,,2026-07-31
CP-I-01460,INDIVIDUAL,TX,211181.65015871575,635.4558614130334,0.34867188437983604,,,,,,,,,,,,,2026-07-31
CP-I-01461,INDIVIDUAL,CA,115348.51365543355,698.2519746218467,0.506968905783116,,,,,,,,,,,,,2026-07-31
CP-I-01462,INDIVIDUAL,NY,126659.19200666026,746.2965465284873,0.4962263001721856,,,,,,,,,,,,,2026-07-31
CP-I-01463,INDIVIDUAL,NC,171152.06693206818,754.4772280076594,0.16830988350098397,,,,,,,,,,,,,2026-07-31
CP-I-01464,INDIVIDUAL,NY,85444.93853622694,625.0916989682321,0.40825073217718866,,,,,,,,,,,,,2026-07-31
CP-I-01465,INDIVIDUAL,FL,141332.87775971775,628.805151965032,0.12511635118968956,,,,,,,,,,,,,2026-07-31
CP-I-01466,INDIVIDUAL,NY,103637.46796759892,640.0552813521251,0.16344942301751586,,,,,,,,,,,,,2026-07-31
CP-I-01467,INDIVIDUAL,FL,44038.82465752851,700.0200373175929,0.2775916220771888,,,,,,,,,,,,,2026-07-31
CP-I-01468,INDIVIDUAL,CA,178857.18169780212,638.8473717719437,0.31473893320295876,,,,,,,,,,,,,2026-07-31
CP-I-01469,INDIVIDUAL,TX,187616.48933328505,729.0007234089627,0.3507936746228962,,,,,,,,,,,,,2026-07-31
CP-I-01470,INDIVIDUAL,TX,92889.64262210895,733.0298900240349,0.46835511769464455,,,,,,,,,,,,,2026-07-31
CP-I-01471,INDIVIDUAL,CA,167004.37612978625,772.187561867977,0.12234389852549257,,,,,,,,,,,,,2026-07-31
CP-I-01472,INDIVIDUAL,VA,98308.38199687561,655.9740167333556,0.19990790422413118,,,,,,,,,,,,,2026-07-31
CP-I-01473,INDIVIDUAL,CA,54323.798599747985,779.5050758542332,0.3805904669092283,,,,,,,,,,,,,2026-07-31
CP-I-01474,INDIVIDUAL,TX,119321.52185184135,650.2953861906776,0.1566644361158127,,,,,,,,,,,,,2026-07-31
CP-I-01475,INDIVIDUAL,NY,52277.318121191216,657.9006654366259,0.16718864851988333,,,,,,,,,,,,,2026-07-31
CP-I-01476,INDIVIDUAL,VA,60678.66728224587,733.35927391343,0.3638729625964906,,,,,,,,,,,,,2026-07-31
CP-I-01477,INDIVIDUAL,GA,75410.90157973774,737.0756918524281,0.23874303343395323,,,,,,,,,,,,,2026-07-31
CP-I-01478,INDIVIDUAL,FL,86092.50670987513,651.0791842281554,0.23600197910318407,,,,,,,,,,,,,2026-07-31
CP-I-01479,INDIVIDUAL,TX,95124.59131735658,668.653309613311,0.15986164225940294,,,,,,,,,,,,,2026-07-31
CP-I-01480,INDIVIDUAL,GA,115662.39560865564,714.9344017353455,0.5437504748738042,,,,,,,,,,,,,2026-07-31
CP-I-01481,INDIVIDUAL,FL,84401.3141033998,776.2434053412703,0.5215574295207708,,,,,,,,,,,,,2026-07-31
CP-I-01482,INDIVIDUAL,NC,87729.03912910512,646.9113637253076,0.33044350358632973,,,,,,,,,,,,,2026-07-31
CP-I-01483,INDIVIDUAL,TX,103271.23028937196,705.567740933276,0.3055056887915254,,,,,,,,,,,,,2026-07-31
CP-I-01484,INDIVIDUAL,GA,54160.2326411998,740.1857711907957,0.4044155638536252,,,,,,,,,,,,,2026-07-31
CP-I-01485,INDIVIDUAL,CA,241528.69153899953,708.8976427215222,0.06042215701765132,,,,,,,,,,,,,2026-07-31
CP-I-01486,INDIVIDUAL,CA,97402.35748241698,801.7780812666157,0.45236462804843186,,,,,,,,,,,,,2026-07-31
CP-I-01487,INDIVIDUAL,NC,73233.96673782181,701.1960882374743,0.136235605612594,,,,,,,,,,,,,2026-07-31
CP-I-01488,INDIVIDUAL,NY,73228.0785992387,642.3585767343691,0.2948996617881404,,,,,,,,,,,,,2026-07-31
CP-I-01489,INDIVIDUAL,NY,204215.9215201894,768.6729172860022,0.43969443710199474,,,,,,,,,,,,,2026-07-31
CP-I-01490,INDIVIDUAL,TX,72973.28790320929,739.7134688368652,0.25116532234361727,,,,,,,,,,,,,2026-07-31
CP-I-01491,INDIVIDUAL,VA,100806.07830036346,655.1137533466546,0.41125246917621716,,,,,,,,,,,,,2026-07-31
CP-I-01492,INDIVIDUAL,NC,78139.27000500628,660.465051722042,0.22050146489946437,,,,,,,,,,,,,2026-07-31
CP-I-01493,INDIVIDUAL,NC,145838.36484255022,600.5667621292587,0.46795443151432914,,,,,,,,,,,,,2026-07-31
CP-I-01494,INDIVIDUAL,NY,235614.16903226142,640.1369391951636,0.43980032061249874,,,,,,,,,,,,,2026-07-31
CP-I-01495,INDIVIDUAL,GA,73353.3532139272,665.2943645894661,0.38969909820367293,,,,,,,,,,,,,2026-07-31
CP-I-01496,INDIVIDUAL,NY,58379.320248262695,681.6165231045201,0.35946326383038213,,,,,,,,,,,,,2026-07-31
CP-I-01497,INDIVIDUAL,TX,179820.29452732817,614.4270359683105,0.268300099144261,,,,,,,,,,,,,2026-07-31
CP-I-01498,INDIVIDUAL,CA,92211.68106557253,637.6629165351018,0.3716346313052314,,,,,,,,,,,,,2026-07-31
CP-I-01499,INDIVIDUAL,GA,72217.26904422179,798.1530003662567,0.2345403828436823,,,,,,,,,,,,,2026-07-31
CP-I-01500,INDIVIDUAL,CA,122900.11292413865,616.3131844717656,0.42001146865346395,,,,,,,,,,,,,2026-07-31
CP-I-01501,INDIVIDUAL,GA,106996.48699533059,744.7923719530493,0.11742868825408559,,,,,,,,,,,,,2026-07-31
CP-I-01502,INDIVIDUAL,FL,145122.20733251327,669.2176677955928,0.15293086072504827,,,,,,,,,,,,,2026-07-31
CP-I-01503,INDIVIDUAL,NY,100878.15603141939,646.4089954186245,0.27535015722791456,,,,,,,,,,,,,2026-07-31
CP-I-01504,INDIVIDUAL,TX,81372.35557292937,766.090820352483,0.24834462688593703,,,,,,,,,,,,,2026-07-31
CP-I-01505,INDIVIDUAL,GA,119811.7431003048,830.8850220666947,0.32414974733696117,,,,,,,,,,,,,2026-07-31
CP-I-01506,INDIVIDUAL,FL,93153.06732709322,708.7736878060333,0.28246972692432304,,,,,,,,,,,,,2026-07-31
CP-I-01507,INDIVIDUAL,NC,71243.70403961746,675.5993202027435,0.34617470747572765,,,,,,,,,,,,,2026-07-31
CP-I-01508,INDIVIDUAL,TX,114604.97042876805,610.4808325923801,0.35030802097800107,,,,,,,,,,,,,2026-07-31
CP-I-01509,INDIVIDUAL,GA,47734.5353107946,762.0655748926582,0.1277754517382962,,,,,,,,,,,,,2026-07-31
CP-I-01510,INDIVIDUAL,TX,116941.47022664035,697.1607256260522,0.3053812897487377,,,,,,,,,,,,,2026-07-31
CP-I-01511,INDIVIDUAL,VA,53840.60721040107,702.4903831119384,0.35196718871276034,,,,,,,,,,,,,2026-07-31
CP-I-01512,INDIVIDUAL,TX,88823.80307019161,674.3875780856459,0.3156083661852443,,,,,,,,,,,,,2026-07-31
CP-I-01513,INDIVIDUAL,CA,90123.44208327992,814.4568063951615,0.2070819241568016,,,,,,,,,,,,,2026-07-31
CP-I-01514,INDIVIDUAL,NY,55326.33899945538,666.4265925581543,0.38789197414137505,,,,,,,,,,,,,2026-07-31
CP-I-01515,INDIVIDUAL,GA,63541.4565766573,734.1010540283671,0.1420072331393376,,,,,,,,,,,,,2026-07-31
CP-I-01516,INDIVIDUAL,NY,120081.03001011375,722.1176921704962,0.28781254240312515,,,,,,,,,,,,,2026-07-31
CP-I-01517,INDIVIDUAL,NC,63102.54372597911,718.605618482794,0.30708436313508913,,,,,,,,,,,,,2026-07-31
CP-I-01518,INDIVIDUAL,NY,187026.61656406868,699.4783229955044,0.1918815394681263,,,,,,,,,,,,,2026-07-31
CP-I-01519,INDIVIDUAL,NY,60418.89252357629,752.7798525568053,0.24391299043189701,,,,,,,,,,,,,2026-07-31
CP-I-01520,INDIVIDUAL,FL,201887.02846204207,651.863616913766,0.35076335519017654,,,,,,,,,,,,,2026-07-31
CP-I-01521,INDIVIDUAL,GA,162380.83292094158,671.6603808604153,0.3755763398682772,,,,,,,,,,,,,2026-07-31
CP-I-01522,INDIVIDUAL,FL,84714.44443450423,780.0587924216675,0.13900505768833585,,,,,,,,,,,,,2026-07-31
CP-I-01523,INDIVIDUAL,NY,160602.91946882498,698.5967461227089,0.46530639624493864,,,,,,,,,,,,,2026-07-31
CP-I-01524,INDIVIDUAL,NC,72452.4697851026,698.4973223445887,0.3941685467076068,,,,,,,,,,,,,2026-07-31
CP-I-01525,INDIVIDUAL,TX,98489.10265428152,720.0171394297757,0.28344930367493804,,,,,,,,,,,,,2026-07-31
CP-I-01526,INDIVIDUAL,FL,110932.43389118268,674.4979076870164,0.18945821333323523,,,,,,,,,,,,,2026-07-31
CP-I-01527,INDIVIDUAL,CA,90437.9122010915,733.1279162016452,0.30398296408133885,,,,,,,,,,,,,2026-07-31
CP-I-01528,INDIVIDUAL,TX,47378.54217325412,709.8154221395362,0.31600867023313833,,,,,,,,,,,,,2026-07-31
CP-I-01529,INDIVIDUAL,FL,119628.00461680123,622.5044096196435,0.23134936779625404,,,,,,,,,,,,,2026-07-31
CP-I-01530,INDIVIDUAL,VA,105103.31149773352,722.3621109400503,0.30312992259702487,,,,,,,,,,,,,2026-07-31
CP-I-01531,INDIVIDUAL,VA,89500.20584201819,780.1886513467235,0.29425543091265427,,,,,,,,,,,,,2026-07-31
CP-I-01532,INDIVIDUAL,CA,104482.25816772328,738.549065047358,0.5463661158263577,,,,,,,,,,,,,2026-07-31
CP-I-01533,INDIVIDUAL,FL,173967.93581171703,747.6472802978486,0.1394817536482259,,,,,,,,,,,,,2026-07-31
CP-I-01534,INDIVIDUAL,VA,113852.73228728073,691.3567892121707,0.4561070671232148,,,,,,,,,,,,,2026-07-31
CP-I-01535,INDIVIDUAL,TX,51117.30205767577,694.1135156910972,0.2489843963114725,,,,,,,,,,,,,2026-07-31
CP-I-01536,INDIVIDUAL,NC,132171.01384114404,714.1924179808566,0.2423748943799081,,,,,,,,,,,,,2026-07-31
CP-I-01537,INDIVIDUAL,CA,46410.047711671694,749.4853778314312,0.3676904091047759,,,,,,,,,,,,,2026-07-31
CP-I-01538,INDIVIDUAL,GA,120411.0425654148,714.0318202678825,0.5541585722583212,,,,,,,,,,,,,2026-07-31
CP-I-01539,INDIVIDUAL,NY,85934.86783046088,706.6316736858982,0.43126638364078435,,,,,,,,,,,,,2026-07-31
CP-I-01540,INDIVIDUAL,TX,43053.01741643621,637.5992132307466,0.5525066624514179,,,,,,,,,,,,,2026-07-31
CP-I-01541,INDIVIDUAL,VA,42426.3773514839,658.1504653583871,0.4534823261437624,,,,,,,,,,,,,2026-07-31
CP-I-01542,INDIVIDUAL,FL,29285.251781474835,668.2444723494406,0.15397075280066824,,,,,,,,,,,,,2026-07-31
CP-I-01543,INDIVIDUAL,NC,201969.71392656033,776.2416091041904,0.18985227552138798,,,,,,,,,,,,,2026-07-31
CP-I-01544,INDIVIDUAL,NC,72442.3714163148,637.9269838145851,0.39477351364876634,,,,,,,,,,,,,2026-07-31
CP-I-01545,INDIVIDUAL,VA,54474.12429926498,686.4828213269192,0.2885934629655953,,,,,,,,,,,,,2026-07-31
CP-I-01546,INDIVIDUAL,FL,64850.135934611164,674.3316602516701,0.3065290142328475,,,,,,,,,,,,,2026-07-31
CP-I-01547,INDIVIDUAL,NY,110409.24657578793,716.131463097221,0.29920256856705224,,,,,,,,,,,,,2026-07-31
CP-I-01548,INDIVIDUAL,TX,55665.207040771595,658.6401683033465,0.1872684768580488,,,,,,,,,,,,,2026-07-31
CP-I-01549,INDIVIDUAL,TX,70249.38914497939,752.9862799706126,0.3784404533306451,,,,,,,,,,,,,2026-07-31
CP-I-01550,INDIVIDUAL,NC,30409.529463488783,779.1773665540733,0.4414999990874223,,,,,,,,,,,,,2026-07-31
CP-I-01551,INDIVIDUAL,GA,113994.886230822,705.040427401873,0.4952525644385045,,,,,,,,,,,,,2026-07-31
CP-I-01552,INDIVIDUAL,NY,60550.43733193823,723.766561205747,0.3097587142010663,,,,,,,,,,,,,2026-07-31
CP-I-01553,INDIVIDUAL,TX,89765.08944303177,805.0740151384044,0.33885765960542136,,,,,,,,,,,,,2026-07-31
CP-I-01554,INDIVIDUAL,TX,84281.6288305983,658.6132532493515,0.2805171382199468,,,,,,,,,,,,,2026-07-31
CP-I-01555,INDIVIDUAL,NC,99084.30417859834,627.1909950339589,0.1259922316958946,,,,,,,,,,,,,2026-07-31
CP-I-01556,INDIVIDUAL,NY,68969.92124582626,703.273430386732,0.4239803610064144,,,,,,,,,,,,,2026-07-31
CP-I-01557,INDIVIDUAL,GA,87790.58268395187,794.7919307625617,0.3555485865283958,,,,,,,,,,,,,2026-07-31
CP-I-01558,INDIVIDUAL,NC,98139.09237871689,711.3822217661129,0.22047358244028092,,,,,,,,,,,,,2026-07-31
CP-I-01559,INDIVIDUAL,NY,79880.63634584648,728.1474723262603,0.4027893109322426,,,,,,,,,,,,,2026-07-31
CP-I-01560,INDIVIDUAL,CA,48357.711595078224,808.6738875820583,0.26481518436834817,,,,,,,,,,,,,2026-07-31
CP-I-01561,INDIVIDUAL,VA,107472.8955958589,612.7679618464881,0.43719241764863515,,,,,,,,,,,,,2026-07-31
CP-I-01562,INDIVIDUAL,GA,82716.62527155425,743.2818235608249,0.25530837544197466,,,,,,,,,,,,,2026-07-31
CP-I-01563,INDIVIDUAL,NC,112434.97406928739,624.6558823375822,0.3743897077957826,,,,,,,,,,,,,2026-07-31
CP-I-01564,INDIVIDUAL,NY,49471.04489903261,669.7208270493397,0.21265249570119346,,,,,,,,,,,,,2026-07-31
CP-I-01565,INDIVIDUAL,TX,80040.72561637592,725.7896537984118,0.4229447402546983,,,,,,,,,,,,,2026-07-31
CP-I-01566,INDIVIDUAL,NY,73704.74668610137,617.183748462298,0.3017749625187701,,,,,,,,,,,,,2026-07-31
CP-I-01567,INDIVIDUAL,NY,50078.99341205964,699.6529395050599,0.22641863875392665,,,,,,,,,,,,,2026-07-31
CP-I-01568,INDIVIDUAL,CA,166475.58169973103,696.3100912144091,0.15888717043555214,,,,,,,,,,,,,2026-07-31
CP-I-01569,INDIVIDUAL,NY,100770.42731538256,744.7732381128427,0.48434225325842173,,,,,,,,,,,,,2026-07-31
CP-I-01570,INDIVIDUAL,TX,80931.41510448491,722.0036230031423,0.34603562823972545,,,,,,,,,,,,,2026-07-31
CP-I-01571,INDIVIDUAL,TX,123040.65963654795,784.9761281849362,0.46190173852500055,,,,,,,,,,,,,2026-07-31
CP-I-01572,INDIVIDUAL,GA,171437.4351356447,728.4152375714266,0.4825312730105821,,,,,,,,,,,,,2026-07-31
CP-I-01573,INDIVIDUAL,NY,224568.66436593633,736.7663681081174,0.09320277446336064,,,,,,,,,,,,,2026-07-31
CP-I-01574,INDIVIDUAL,TX,88835.83684563708,758.0643204469816,0.18642544642401485,,,,,,,,,,,,,2026-07-31
CP-I-01575,INDIVIDUAL,NC,98136.2072048377,626.6993990006922,0.12965257111994688,,,,,,,,,,,,,2026-07-31
CP-I-01576,INDIVIDUAL,GA,90254.28319613994,732.7872106707594,0.19290837342025965,,,,,,,,,,,,,2026-07-31
CP-I-01577,INDIVIDUAL,VA,158186.85888307012,711.9811124208261,0.5281710225531433,,,,,,,,,,,,,2026-07-31
CP-I-01578,INDIVIDUAL,TX,124051.84068421576,697.026153980025,0.34578272698369716,,,,,,,,,,,,,2026-07-31
CP-I-01579,INDIVIDUAL,GA,41010.70120034552,699.6471966342004,0.14040310708792395,,,,,,,,,,,,,2026-07-31
CP-I-01580,INDIVIDUAL,CA,97172.67768071132,616.96517192042,0.5532752449067031,,,,,,,,,,,,,2026-07-31
CP-I-01581,INDIVIDUAL,GA,81972.03955036834,624.3845316437184,0.4013292000415982,,,,,,,,,,,,,2026-07-31
CP-I-01582,INDIVIDUAL,NY,50727.15654688398,630.1325399999582,0.3534575736396481,,,,,,,,,,,,,2026-07-31
CP-I-01583,INDIVIDUAL,TX,113036.48288785854,796.1062423955309,0.26665699222097894,,,,,,,,,,,,,2026-07-31
CP-I-01584,INDIVIDUAL,FL,98622.23247574855,710.7596177797758,0.36919309870704575,,,,,,,,,,,,,2026-07-31
CP-I-01585,INDIVIDUAL,CA,150729.8919779608,678.8623747011039,0.35622933326793954,,,,,,,,,,,,,2026-07-31
CP-I-01586,INDIVIDUAL,VA,79942.41716095273,758.3286853791705,0.2286760997732768,,,,,,,,,,,,,2026-07-31
CP-I-01587,INDIVIDUAL,GA,64526.85893234176,755.5093306154337,0.15201621663671916,,,,,,,,,,,,,2026-07-31
CP-I-01588,INDIVIDUAL,FL,65972.84615863794,577.1802388539387,0.34513323315207933,,,,,,,,,,,,,2026-07-31
CP-I-01589,INDIVIDUAL,NY,243231.7311300026,669.78453679345,0.29525200604669344,,,,,,,,,,,,,2026-07-31
CP-I-01590,INDIVIDUAL,GA,249042.89467955133,782.1885590182374,0.3182144335978042,,,,,,,,,,,,,2026-07-31
CP-I-01591,INDIVIDUAL,GA,109021.12741982762,669.6709848965069,0.3488402267354451,,,,,,,,,,,,,2026-07-31
CP-I-01592,INDIVIDUAL,NC,75180.88831636061,781.0329026921867,0.34567442330968373,,,,,,,,,,,,,2026-07-31
CP-I-01593,INDIVIDUAL,FL,92417.42745446821,729.9422834808641,0.25825024604264474,,,,,,,,,,,,,2026-07-31
CP-I-01594,INDIVIDUAL,NC,71511.35943453271,725.643611405969,0.37393119614084963,,,,,,,,,,,,,2026-07-31
CP-I-01595,INDIVIDUAL,VA,93401.03591362594,706.8417960362816,0.5775227917880343,,,,,,,,,,,,,2026-07-31
CP-I-01596,INDIVIDUAL,NC,85429.82197488256,719.0156322831205,0.18534894575237776,,,,,,,,,,,,,2026-07-31
CP-I-01597,INDIVIDUAL,NY,45880.44697167246,722.2661289998567,0.560861606923947,,,,,,,,,,,,,2026-07-31
CP-I-01598,INDIVIDUAL,NC,107931.12948853045,805.1348310885522,0.31238445111794827,,,,,,,,,,,,,2026-07-31
CP-I-01599,INDIVIDUAL,GA,186822.05775935767,835.3701155231311,0.3124306870016479,,,,,,,,,,,,,2026-07-31
CP-I-01600,INDIVIDUAL,NY,216813.81536883037,751.3745301224823,0.21823845730355992,,,,,,,,,,,,,2026-07-31
CP-I-01601,INDIVIDUAL,NY,95496.04298151593,751.5821162653451,0.2182243681988391,,,,,,,,,,,,,2026-07-31
CP-I-01602,INDIVIDUAL,NY,169474.143163854,813.080200249796,0.2728117141185799,,,,,,,,,,,,,2026-07-31
CP-I-01603,INDIVIDUAL,FL,60125.37898908332,642.0252292833205,0.31292502988851184,,,,,,,,,,,,,2026-07-31
CP-I-01604,INDIVIDUAL,VA,121933.1515502589,628.531806880908,0.2699621597151448,,,,,,,,,,,,,2026-07-31
CP-I-01605,INDIVIDUAL,NY,106486.65899221924,714.6279266225001,0.47136441450087374,,,,,,,,,,,,,2026-07-31
CP-I-01606,INDIVIDUAL,FL,108867.33910070553,740.4849672507763,0.24237350788077272,,,,,,,,,,,,,2026-07-31
CP-I-01607,INDIVIDUAL,NY,114256.1524145018,791.3852187933824,0.3416663265380111,,,,,,,,,,,,,2026-07-31
CP-I-01608,INDIVIDUAL,GA,80510.01730616529,645.7031232571129,0.3139615876257272,,,,,,,,,,,,,2026-07-31
CP-I-01609,INDIVIDUAL,GA,86008.27101133195,748.2254746161577,0.09774575935591179,,,,,,,,,,,,,2026-07-31
CP-I-01610,INDIVIDUAL,NC,84025.12532053646,704.1034864000871,0.24221992304679685,,,,,,,,,,,,,2026-07-31
CP-I-01611,INDIVIDUAL,VA,85924.32688506205,714.648730529228,0.20331688448610663,,,,,,,,,,,,,2026-07-31
CP-I-01612,INDIVIDUAL,FL,69696.54842936638,839.4205256387323,0.07124307984492793,,,,,,,,,,,,,2026-07-31
CP-I-01613,INDIVIDUAL,CA,93131.30487972042,690.7245611535051,0.38332552152267474,,,,,,,,,,,,,2026-07-31
CP-I-01614,INDIVIDUAL,FL,72357.31238432474,768.6808546508346,0.23045276212960503,,,,,,,,,,,,,2026-07-31
CP-I-01615,INDIVIDUAL,GA,146529.44510832173,612.0857498587085,0.5624560732077242,,,,,,,,,,,,,2026-07-31
CP-I-01616,INDIVIDUAL,NC,127427.77260026126,810.9364833566286,0.28621071841525636,,,,,,,,,,,,,2026-07-31
CP-I-01617,INDIVIDUAL,VA,32284.415556750915,606.5065377601712,0.49820094733802267,,,,,,,,,,,,,2026-07-31
CP-I-01618,INDIVIDUAL,TX,74596.99494948285,674.6820409767536,0.2441722292962714,,,,,,,,,,,,,2026-07-31
CP-I-01619,INDIVIDUAL,FL,96222.7702365733,691.4917600852895,0.3508458303519602,,,,,,,,,,,,,2026-07-31
CP-I-01620,INDIVIDUAL,VA,61757.58841918515,817.426897870033,0.1881035460661863,,,,,,,,,,,,,2026-07-31
CP-I-01621,INDIVIDUAL,GA,147149.02206303136,717.361357360716,0.2207840472606063,,,,,,,,,,,,,2026-07-31
CP-I-01622,INDIVIDUAL,CA,94673.6308645728,711.0659988763553,0.29818485578802356,,,,,,,,,,,,,2026-07-31
CP-I-01623,INDIVIDUAL,CA,117545.97073558894,729.5128499274928,0.3375922158819848,,,,,,,,,,,,,2026-07-31
CP-I-01624,INDIVIDUAL,TX,160701.63833367155,723.325108670086,0.34480350856962594,,,,,,,,,,,,,2026-07-31
CP-I-01625,INDIVIDUAL,NY,148840.0841888117,747.7566871302845,0.48647669950428774,,,,,,,,,,,,,2026-07-31
CP-I-01626,INDIVIDUAL,NC,45944.44424520945,728.7473013695678,0.2896231104261719,,,,,,,,,,,,,2026-07-31
CP-I-01627,INDIVIDUAL,VA,51090.41334941527,746.5356460823045,0.4466461812217115,,,,,,,,,,,,,2026-07-31
CP-I-01628,INDIVIDUAL,NY,72610.81763065433,754.6499786513098,0.3486447741675031,,,,,,,,,,,,,2026-07-31
CP-I-01629,INDIVIDUAL,NY,73572.03148541863,724.637770608535,0.21295851474587502,,,,,,,,,,,,,2026-07-31
CP-I-01630,INDIVIDUAL,NC,53611.130461283334,726.1952878536677,0.35636229177775725,,,,,,,,,,,,,2026-07-31
CP-I-01631,INDIVIDUAL,FL,62328.14716703133,758.0529586928936,0.10731597581678076,,,,,,,,,,,,,2026-07-31
CP-I-01632,INDIVIDUAL,NC,72788.79832376115,625.2948966884921,0.32021663357816077,,,,,,,,,,,,,2026-07-31
CP-I-01633,INDIVIDUAL,FL,120155.81351161851,699.5399235087555,0.18125356315700286,,,,,,,,,,,,,2026-07-31
CP-I-01634,INDIVIDUAL,NC,45374.68182233035,689.0466248893738,0.23636779903936497,,,,,,,,,,,,,2026-07-31
CP-I-01635,INDIVIDUAL,FL,184461.94240355794,714.0940094015377,0.14280743098380597,,,,,,,,,,,,,2026-07-31
CP-I-01636,INDIVIDUAL,NY,81266.20921570346,756.9337127710361,0.1900254212041963,,,,,,,,,,,,,2026-07-31
CP-I-01637,INDIVIDUAL,NC,106027.29885713478,768.6463635737074,0.10684034703103557,,,,,,,,,,,,,2026-07-31
CP-I-01638,INDIVIDUAL,TX,47853.88696863463,656.5615192109202,0.4188204828492086,,,,,,,,,,,,,2026-07-31
CP-I-01639,INDIVIDUAL,NC,43901.22350456159,740.2383445905781,0.4209689966037709,,,,,,,,,,,,,2026-07-31
CP-I-01640,INDIVIDUAL,FL,57947.26178639562,836.3865085720856,0.2867682431054429,,,,,,,,,,,,,2026-07-31
CP-I-01641,INDIVIDUAL,CA,29797.502840674573,704.5688902960815,0.35446943119156166,,,,,,,,,,,,,2026-07-31
CP-I-01642,INDIVIDUAL,CA,66358.83615908572,785.3046913201628,0.15086553911081593,,,,,,,,,,,,,2026-07-31
CP-I-01643,INDIVIDUAL,NC,128082.00886727596,722.541827365175,0.291433119412053,,,,,,,,,,,,,2026-07-31
CP-I-01644,INDIVIDUAL,NC,140146.26631526725,787.6432796021315,0.47109835686637674,,,,,,,,,,,,,2026-07-31
CP-I-01645,INDIVIDUAL,NY,56724.413488950166,587.055496462738,0.17554007908571898,,,,,,,,,,,,,2026-07-31
CP-I-01646,INDIVIDUAL,NY,83453.612506208,732.2446483918839,0.12005220150668466,,,,,,,,,,,,,2026-07-31
CP-I-01647,INDIVIDUAL,NY,61030.107672849466,735.331660435526,0.15002755607211649,,,,,,,,,,,,,2026-07-31
CP-I-01648,INDIVIDUAL,NC,66091.70684049722,677.6142338912658,0.2977548196625964,,,,,,,,,,,,,2026-07-31
CP-I-01649,INDIVIDUAL,CA,83270.40658069977,735.8289548044352,0.17869860828674208,,,,,,,,,,,,,2026-07-31
CP-I-01650,INDIVIDUAL,NC,96304.55375502162,714.6352308803371,0.13625915024659535,,,,,,,,,,,,,2026-07-31
CP-I-01651,INDIVIDUAL,NY,123767.76760232335,709.5515325449907,0.22421381852225208,,,,,,,,,,,,,2026-07-31
CP-I-01652,INDIVIDUAL,FL,91882.4645357012,722.5990138899504,0.2804860809606419,,,,,,,,,,,,,2026-07-31
CP-I-01653,INDIVIDUAL,TX,167993.866649641,761.2040577177073,0.2917285712795873,,,,,,,,,,,,,2026-07-31
CP-I-01654,INDIVIDUAL,FL,98144.74553171708,657.9653362928007,0.15738945476925967,,,,,,,,,,,,,2026-07-31
CP-I-01655,INDIVIDUAL,VA,62612.51880452436,667.0272067389635,0.35836511252934683,,,,,,,,,,,,,2026-07-31
CP-I-01656,INDIVIDUAL,CA,88436.57474129737,625.7007101498746,0.3673352188057309,,,,,,,,,,,,,2026-07-31
CP-I-01657,INDIVIDUAL,FL,128288.76962072129,677.6870675294123,0.10113490518887322,,,,,,,,,,,,,2026-07-31
CP-I-01658,INDIVIDUAL,TX,206580.58589556982,820.5056116289194,0.2113843877989789,,,,,,,,,,,,,2026-07-31
CP-I-01659,INDIVIDUAL,TX,63822.57124895832,681.0225500391873,0.1895802867557037,,,,,,,,,,,,,2026-07-31
CP-I-01660,INDIVIDUAL,NY,82278.00349967349,741.8245955029787,0.2283421911980963,,,,,,,,,,,,,2026-07-31
CP-I-01661,INDIVIDUAL,VA,153784.74427203063,702.2462818371761,0.15810765122201614,,,,,,,,,,,,,2026-07-31
CP-I-01662,INDIVIDUAL,NY,66380.87938450428,683.5621320892059,0.14947738119436174,,,,,,,,,,,,,2026-07-31
CP-I-01663,INDIVIDUAL,TX,199455.5667646631,633.7596149491936,0.34037671959172544,,,,,,,,,,,,,2026-07-31
CP-I-01664,INDIVIDUAL,FL,86444.99557463161,757.8321362941587,0.3733944976701366,,,,,,,,,,,,,2026-07-31
CP-I-01665,INDIVIDUAL,NY,137930.99217953152,716.7440440572333,0.06073520559483636,,,,,,,,,,,,,2026-07-31
CP-I-01666,INDIVIDUAL,GA,128556.78706036053,708.4421827435098,0.39661963612845696,,,,,,,,,,,,,2026-07-31
CP-I-01667,INDIVIDUAL,NY,325033.84965951846,658.1712462723043,0.2929272687201604,,,,,,,,,,,,,2026-07-31
CP-I-01668,INDIVIDUAL,NC,82904.07252770339,665.6220007843425,0.35478273902198926,,,,,,,,,,,,,2026-07-31
CP-I-01669,INDIVIDUAL,NY,95112.89755628018,653.0639819198814,0.1455834690741405,,,,,,,,,,,,,2026-07-31
CP-I-01670,INDIVIDUAL,CA,83127.80177729632,707.1112885773592,0.263335253333174,,,,,,,,,,,,,2026-07-31
CP-I-01671,INDIVIDUAL,NC,31465.040784866476,676.4551759633844,0.6303749308053602,,,,,,,,,,,,,2026-07-31
CP-I-01672,INDIVIDUAL,NY,82881.60781522367,678.2868462679203,0.38930555310273907,,,,,,,,,,,,,2026-07-31
CP-I-01673,INDIVIDUAL,VA,78871.6995335233,689.5762090632113,0.26339888401665024,,,,,,,,,,,,,2026-07-31
CP-I-01674,INDIVIDUAL,TX,83246.27315127931,738.6393451743832,0.3087695033569971,,,,,,,,,,,,,2026-07-31
CP-I-01675,INDIVIDUAL,CA,62510.84871285582,661.8889561813705,0.2237034772562544,,,,,,,,,,,,,2026-07-31
CP-I-01676,INDIVIDUAL,CA,55013.70960108872,667.4206009225825,0.5022138399242584,,,,,,,,,,,,,2026-07-31
CP-I-01677,INDIVIDUAL,VA,129179.87153627313,832.0751941559693,0.4412400573938824,,,,,,,,,,,,,2026-07-31
CP-I-01678,INDIVIDUAL,TX,116861.98895785314,756.0522191210412,0.3084859523405204,,,,,,,,,,,,,2026-07-31
CP-I-01679,INDIVIDUAL,NY,62765.807908194074,685.7048867232684,0.22670571500343284,,,,,,,,,,,,,2026-07-31
CP-I-01680,INDIVIDUAL,NY,76261.08651862243,646.249713955602,0.17169917270480733,,,,,,,,,,,,,2026-07-31
CP-I-01681,INDIVIDUAL,NY,124930.32142718753,698.9077868989416,0.4688382766640269,,,,,,,,,,,,,2026-07-31
CP-I-01682,INDIVIDUAL,VA,116446.19411052956,781.5159197094893,0.05,,,,,,,,,,,,,2026-07-31
CP-I-01683,INDIVIDUAL,NC,106719.27254371798,620.7836131276099,0.28134094876967797,,,,,,,,,,,,,2026-07-31
CP-I-01684,INDIVIDUAL,CA,68399.13536390758,729.9587640709885,0.22702015149563504,,,,,,,,,,,,,2026-07-31
CP-I-01685,INDIVIDUAL,TX,179614.46759055974,776.7583812635368,0.19338832629740238,,,,,,,,,,,,,2026-07-31
CP-I-01686,INDIVIDUAL,CA,92988.50138335793,707.3002061038168,0.4104752623842174,,,,,,,,,,,,,2026-07-31
CP-I-01687,INDIVIDUAL,TX,75273.2635153917,745.7721358119145,0.3800180437498003,,,,,,,,,,,,,2026-07-31
CP-I-01688,INDIVIDUAL,GA,177939.9712889926,712.0652574271909,0.34378813135231745,,,,,,,,,,,,,2026-07-31
CP-I-01689,INDIVIDUAL,FL,59316.315393392535,668.7565637360789,0.3667294246916626,,,,,,,,,,,,,2026-07-31
CP-I-01690,INDIVIDUAL,CA,66229.2981562649,772.8709083674295,0.3545324955473097,,,,,,,,,,,,,2026-07-31
CP-I-01691,INDIVIDUAL,VA,65099.474874677915,614.614322454375,0.13793600900174188,,,,,,,,,,,,,2026-07-31
CP-I-01692,INDIVIDUAL,CA,95380.58211708692,695.4801120399601,0.42526447864957684,,,,,,,,,,,,,2026-07-31
CP-I-01693,INDIVIDUAL,FL,76474.21934796986,703.0135746115534,0.1528097816514038,,,,,,,,,,,,,2026-07-31
CP-I-01694,INDIVIDUAL,VA,173668.70180267133,764.6887148878342,0.12282431819807973,,,,,,,,,,,,,2026-07-31
CP-I-01695,INDIVIDUAL,FL,206795.22526637645,632.6363558017526,0.3200194802001875,,,,,,,,,,,,,2026-07-31
CP-I-01696,INDIVIDUAL,VA,234053.74831093257,665.0593214572345,0.2885780239035042,,,,,,,,,,,,,2026-07-31
CP-I-01697,INDIVIDUAL,TX,60848.1131702518,775.7881996245202,0.38701464821858556,,,,,,,,,,,,,2026-07-31
CP-I-01698,INDIVIDUAL,CA,172158.1385984176,679.0866739133277,0.36134786892163345,,,,,,,,,,,,,2026-07-31
CP-I-01699,INDIVIDUAL,VA,45088.21100890424,725.914774976182,0.5346909672863837,,,,,,,,,,,,,2026-07-31
CP-I-01700,INDIVIDUAL,NY,47800.037106241085,710.7454551341956,0.45777545696988686,,,,,,,,,,,,,2026-07-31
CP-C-00001,CORPORATE,NC,,,,9265336.98732354,9504732.493744692,5818225.215971031,1899170.4873101707,60.0,Healthcare,4.0,BBB+,Baa1,1.5782486721373707,14.427138519377607,2.667789808559891,2026-07-31
CP-C-00002,CORPORATE,NC,,,,86839755.61589861,124955969.7875525,64277461.61617967,17466442.397642087,441.0,Retail,5.0,BBB,Baa2,1.0593118313759857,1.152343799816954,1.943158311881284,2026-07-31
CP-C-00003,CORPORATE,GA,,,,133704575.87757356,202964344.89453536,111455755.99335235,21237178.73376748,564.0,Manufacturing,4.0,BBB+,Baa1,1.2179813647187763,2.065328240834431,1.362998799837859,2026-07-31
CP-C-00004,CORPORATE,FL,,,,59441326.301732585,69367221.59727474,31735289.10052432,13583270.92184394,345.0,Construction,5.0,BBB,Baa2,0.8433074518101009,2.549093751659687,1.594440144881391,2026-07-31
CP-C-00005,CORPORATE,CA,,,,159967102.07855585,167457206.77603856,119051551.01257813,29965739.082775578,654.0,Hospitality,7.0,BB+,Ba1,2.4594553907984777,2.9711830635525027,2.1677944095806243,2026-07-31
CP-C-00006,CORPORATE,TX,,,,16698755.571958613,15650983.897715546,12474606.432955276,2747399.650475013,64.0,Retail,7.0,BB+,Ba1,4.425713626458353,4.012404556552773,0.6277515035810106,2026-07-31
CP-C-00007,CORPORATE,NC,,,,51272735.1748011,61659800.65731663,31173496.49359898,11506328.812188227,229.0,Retail,4.0,BBB+,Baa1,1.0225410179663288,3.2560762477900864,1.0273751659067947,2026-07-31
CP-C-00008,CORPORATE,FL,,,,131702388.4359135,122078070.47102566,77681993.19424035,24320412.064568628,499.0,Transportation,6.0,BBB-,Baa3,1.7497490309771175,2.1532385621965906,1.8390635802574615,2026-07-31
CP-C-00009,CORPORATE,FL,,,,32047372.239162456,26860752.703550637,15883594.285123056,2652640.831851917,120.0,Real Estate,5.0,BBB,Baa2,1.4469677561051626,1.7970444508333876,2.135393423116831,2026-07-31
CP-C-00010,CORPORATE,NY,,,,59388536.544956714,41923962.65426632,35689566.59191967,14348114.05998255,235.0,Healthcare,5.0,BBB,Baa2,5.724622920168781,1.6716090040593377,1.8072109603946982,2026-07-31
CP-C-00011,CORPORATE,NC,,,,25534467.315205734,21980524.379694708,13481876.745629637,3024622.267569594,110.0,Real Estate,5.0,BBB,Baa2,1.5863555386848038,4.176340970202663,1.2936906660622862,2026-07-31
CP-C-00012,CORPORATE,VA,,,,39922056.864177264,30988767.01684375,20204561.742004085,3925692.0875285296,127.0,Technology,5.0,BBB,Baa2,1.8735327478551238,8.683145591781184,1.6677197623123676,2026-07-31
CP-C-00013,CORPORATE,NY,,,,43953627.287749775,32520090.01442034,14228347.682013659,4518837.601775126,257.0,Hospitality,4.0,BBB+,Baa1,0.7778563366708876,3.0985392659127706,2.004558817290574,2026-07-31
CP-C-00014,CORPORATE,NC,,,,24828263.541194852,23233919.46691997,13233445.923477896,2614968.1392096663,160.0,Manufacturing,5.0,BBB,Baa2,1.3232819291998312,2.491550111685296,1.6668774839555183,2026-07-31
CP-C-00015,CORPORATE,CA,,,,46055607.98348513,59807784.19084899,34687154.69822034,10456924.286815073,138.0,Retail,5.0,BBB,Baa2,1.380823466561571,0.7734249031264151,2.2234905026739806,2026-07-31
CP-C-00016,CORPORATE,NY,,,,25957132.09239104,40092601.45910042,19434694.400120746,4796247.025598055,159.0,Hospitality,5.0,BBB,Baa2,0.9407871932346983,2.241232445002471,1.669629762930175,2026-07-31
CP-C-00017,CORPORATE,VA,,,,29884944.11125163,41148934.73800906,29377731.82373689,2459345.9084339137,130.0,Technology,6.0,BBB-,Baa3,2.757620839175312,7.108208982896672,1.3753076478284192,2026-07-31
CP-C-00018,CORPORATE,FL,,,,48463472.74564369,56458859.29481112,32471227.953510664,5751835.6928496715,148.0,Technology,3.0,A,A2,1.3536654574811509,5.391226485144418,1.2607711623654982,2026-07-31
CP-C-00019,CORPORATE,FL,,,,42788735.7362195,52686331.61654005,23382313.730258673,6563358.326220175,248.0,Transportation,6.0,BBB-,Baa3,0.7979217669398524,0.9071690337499883,2.0187849429158344,2026-07-31
CP-C-00020,CORPORATE,TX,,,,117065049.3496685,139479497.23206624,80706583.93233621,10516504.87357094,460.0,Manufacturing,5.0,BBB,Baa2,1.3731935240431061,2.7242596624128677,1.6975959301470198,2026-07-31
CP-C-00021,CORPORATE,FL,,,,28127335.24167178,30053119.71680313,20374279.440739546,1951907.7400614845,99.0,Construction,8.0,BB,Ba2,2.1050331299635654,1.9621830881855673,1.9745664034313304,2026-07-31
CP-C-00022,CORPORATE,VA,,,,114185822.3939737,178568442.38568044,117131320.86843117,24606419.078775227,386.0,Construction,6.0,BBB-,Baa3,1.906523580137865,8.213197687932942,1.909243751430769,2026-07-31
CP-C-00023,CORPORATE,NY,,,,82899226.52837786,99209217.09637356,66260881.16874596,13593899.229251567,330.0,Technology,7.0,BB+,Ba1,2.0110539516863843,2.9378079104360464,1.4685931651270492,2026-07-31
CP-C-00024,CORPORATE,NY,,,,33520296.773876574,43613005.09801429,29948203.515255947,4954966.082918613,125.0,Transportation,5.0,BBB,Baa2,2.191631055444179,1.3461643060119048,1.831640168056587,2026-07-31
CP-C-00025,CORPORATE,CA,,,,79101663.16964324,85812077.49431907,59658043.73880836,14051444.661943704,382.0,Transportation,5.0,BBB,Baa2,2.281026487022802,2.604545006327971,2.2563393183601126,2026-07-31
CP-C-00026,CORPORATE,VA,,,,82617078.38410853,70106877.31013206,43516645.58150493,10941116.351451872,271.0,Real Estate,4.0,BBB+,Baa1,1.6365651125429943,5.643605512995412,1.7164181225335307,2026-07-31
CP-C-00027,CORPORATE,CA,,,,17155397.643476557,28294968.65209048,22315063.008924026,3216597.2100788946,61.0,Transportation,6.0,BBB-,Baa3,3.7316747688861267,1.6224973258400772,1.5378023979545437,2026-07-31
CP-C-00028,CORPORATE,FL,,,,37228902.639063686,43238445.62165885,24472629.03768345,8379233.571566654,162.0,Manufacturing,3.0,A,A2,1.3041068012239467,2.3883297853739043,2.835277489432766,2026-07-31
CP-C-00029,CORPORATE,NC,,,,131689567.24895142,100433919.37649778,75813406.54286073,25815258.582786005,524.0,Healthcare,6.0,BBB-,Baa3,3.0792781228863326,3.0378290792374316,2.087011458042734,2026-07-31
CP-C-00030,CORPORATE,VA,,,,87258111.98157431,140388803.27985328,74161911.90685675,8981135.36560915,267.0,Hospitality,7.0,BB+,Ba1,1.2453783355879011,1.1396878278792673,2.1745434295614263,2026-07-31
CP-C-00031,CORPORATE,NY,,,,89720344.12145236,127369833.74822824,87638969.99721171,13457873.89382467,261.0,Real Estate,5.0,BBB,Baa2,2.205815875195248,3.2553062348423727,2.2900912357082506,2026-07-31
CP-C-00032,CORPORATE,TX,,,,18819127.11653951,27163591.924708176,13186564.86782012,2284559.841218581,76.0,Technology,6.0,BBB-,Baa3,0.9434456135878775,1.2878470386074439,1.2595886434378551,2026-07-31
CP-C-00033,CORPORATE,GA,,,,127201244.5183848,163414573.70178774,125305874.83453387,9287951.27321574,437.0,Construction,5.0,BBB,Baa2,3.288117373700393,3.209104338694183,1.7090258954990851,2026-07-31
CP-C-00034,CORPORATE,NY,,,,58008833.96041885,41604855.79751789,20610461.266521137,8434758.366780229,200.0,Retail,6.0,BBB-,Baa3,0.9817125821890806,3.981263563614525,0.7654266274023457,2026-07-31
CP-C-00035,CORPORATE,TX,,,,10787086.39595615,17506441.130529597,10760650.274906848,1056420.7779868266,48.0,Real Estate,5.0,BBB,Baa2,1.5951651192888128,2.1261567609459235,1.5193991218567133,2026-07-31
CP-C-00036,CORPORATE,VA,,,,104177486.60966231,73922126.70529287,43905027.77180133,8106301.278804617,536.0,Real Estate,4.0,BBB+,Baa1,1.4626672573882336,1.0458829273617511,1.5179315814880074,2026-07-31
CP-C-00037,CORPORATE,TX,,,,32993662.417708427,27788663.649192147,17760394.715429157,7461172.916550584,196.0,Construction,5.0,BBB,Baa2,1.7710329502267121,5.316732641992855,2.921473945140294,2026-07-31
CP-C-00038,CORPORATE,NY,,,,4728693.850893854,4354263.780355407,3351470.0667496123,377542.3665343087,18.0,Healthcare,6.0,BBB-,Baa3,3.3421331040245223,2.4760393983993967,1.1966867450056666,2026-07-31
CP-C-00039,CORPORATE,TX,,,,7495607.128579622,5833025.942253752,3801560.367034074,1337535.6935970443,27.0,Retail,6.0,BBB-,Baa3,2.1919141637397215,3.238038241247647,1.6705418930420368,2026-07-31
CP-C-00040,CORPORATE,NY,,,,18872555.665718745,14922991.758043198,7591508.863073652,3463952.5639195843,80.0,Transportation,6.0,BBB-,Baa3,1.035467036045671,1.003155452797073,1.5288041192112423,2026-07-31
CP-C-00041,CORPORATE,NY,,,,69745840.1575968,94184443.08333814,51227362.42475109,10836385.816541675,214.0,Hospitality,6.0,BBB-,Baa3,1.1925242972606616,3.0270697387815684,1.606790021036138,2026-07-31
CP-C-00042,CORPORATE,NY,,,,158658568.61208358,207334269.45108804,152459902.84636065,10653559.299781939,705.0,Technology,7.0,BB+,Ba1,2.7783446494164434,5.310647616044026,2.502420661527952,2026-07-31
CP-C-00043,CORPORATE,NC,,,,16225057.597115487,20855457.852060106,9857209.034411773,3239610.20198455,91.0,Retail,7.0,BB+,Ba1,0.9628216427321868,3.173610945053236,2.166905238016393,2026-07-31
CP-C-00044,CORPORATE,TX,,,,3853415.4877226437,4835414.829492625,2858516.1686799987,692437.6947418102,14.0,Transportation,6.0,BBB-,Baa3,1.4459598892666423,2.4707413840901213,2.55273726401597,2026-07-31
CP-C-00045,CORPORATE,TX,,,,496530295.5825338,637792439.4730865,491493764.8028228,49082802.09620819,1516.0,Healthcare,6.0,BBB-,Baa3,3.359523016258209,2.221279606171776,0.8934703650422184,2026-07-31
CP-C-00046,CORPORATE,GA,,,,25431170.90673259,34100247.8801467,16701032.270283015,3921679.6152856844,76.0,Transportation,5.0,BBB,Baa2,0.9598727117798999,1.9656830902393134,1.4732495238502947,2026-07-31
CP-C-00047,CORPORATE,CA,,,,9260919.94838886,8828758.880431928,4336448.25597077,589342.7128573968,31.0,Construction,6.0,BBB-,Baa3,0.9653046323997054,0.7832427217927764,1.245445023205306,2026-07-31
CP-C-00048,CORPORATE,NY,,,,36376045.638955876,55193425.313647546,37807278.630344294,8164276.2559191175,212.0,Hospitality,6.0,BBB-,Baa3,2.1745634221901757,1.0143380755961302,1.2983363992897115,2026-07-31
CP-C-00049,CORPORATE,TX,,,,20465716.84752779,27527613.03380923,12745446.13217965,3644148.124591557,92.0,Construction,7.0,BB+,Ba1,0.8622177125313473,1.7103072418597942,0.9400138643119234,2026-07-31
CP-C-00050,CORPORATE,GA,,,,34728551.05792998,41256963.93882621,31821201.90220873,7023290.899237521,148.0,Transportation,4.0,BBB+,Baa1,3.372404028283015,0.9962951582001434,1.6961991264425127,2026-07-31
CP-C-00051,CORPORATE,NC,,,,6320007.504658356,8886239.035949107,6452524.5949927475,460794.3136043499,29.0,Healthcare,5.0,BBB,Baa2,2.651307189703466,4.023797157985691,2.424881388847039,2026-07-31
CP-C-00052,CORPORATE,NC,,,,29370330.15722895,49121983.114358455,34733880.647056915,5621214.041530167,87.0,Retail,5.0,BBB,Baa2,2.4140695915943926,6.135216921714879,2.2707822692264363,2026-07-31
CP-C-00053,CORPORATE,NC,,,,71487513.08755049,116865785.04421885,65128248.9017254,13735020.495682811,352.0,Manufacturing,4.0,BBB+,Baa1,1.2588200706417825,1.3666883781265193,1.0048464855434793,2026-07-31
CP-C-00054,CORPORATE,TX,,,,83717437.00247166,78040065.8445223,46395055.416896105,5245787.6684256345,377.0,Technology,5.0,BBB,Baa2,1.466109658045588,4.9039660076160745,2.004768604305083,2026-07-31
CP-C-00055,CORPORATE,CA,,,,35704735.283765376,26215540.47706044,15625918.86951118,6724660.604938559,133.0,Transportation,7.0,BB+,Ba1,1.4755880284118537,3.09719772948335,1.3304224220416525,2026-07-31
CP-C-00056,CORPORATE,TX,,,,253309571.62369192,255363115.74535006,155039673.06915838,58186644.887063555,822.0,Manufacturing,5.0,BBB,Baa2,1.5453982532235382,2.0548263336790167,2.23316510732945,2026-07-31
CP-C-00057,CORPORATE,NC,,,,43531856.78977294,58174323.924652256,42457202.673728086,10086112.008834684,186.0,Retail,4.0,BBB+,Baa1,2.7013345507677884,3.3519486814528476,1.3759324612616581,2026-07-31
CP-C-00058,CORPORATE,VA,,,,47386492.890348226,66849938.64023458,36712601.12128017,6804950.976895129,155.0,Real Estate,4.0,BBB+,Baa1,1.218176658710822,2.315714580188967,1.914457172307572,2026-07-31
CP-C-00059,CORPORATE,NY,,,,74695625.74419232,100299869.1442952,66333834.05265149,10442693.219503073,220.0,Transportation,5.0,BBB,Baa2,1.9529460495956115,3.7022954031379554,1.7679274113737682,2026-07-31
CP-C-00060,CORPORATE,TX,,,,19857184.90382766,19382008.693230767,10876076.157546943,4755961.933554812,91.0,Hospitality,6.0,BBB-,Baa3,1.2786459464520754,1.5389743772151727,2.182331203593733,2026-07-31
CP-C-00061,CORPORATE,FL,,,,62480671.37854591,47420746.25341987,27734184.13405569,11341075.603249192,363.0,Construction,3.0,A,A2,1.40878757631205,3.336466179771121,1.4313545184169292,2026-07-31
CP-C-00062,CORPORATE,NC,,,,102832867.74009293,174272182.78723535,73041221.12248898,19486358.531598363,308.0,Construction,3.0,A,A2,0.7215304480104088,1.9775333422136827,1.586118175407259,2026-07-31
CP-C-00063,CORPORATE,CA,,,,70923131.48617153,117095989.7516692,75320582.35182917,16002297.139352236,338.0,Technology,5.0,BBB,Baa2,1.8029885772488625,2.2798532008402357,1.7576536753974619,2026-07-31
CP-C-00064,CORPORATE,TX,,,,75513853.50729303,54301098.02694196,20517245.22158284,9971037.878624521,401.0,Healthcare,7.0,BB+,Ba1,0.6073092178026598,1.4961850019695881,1.5374676758342676,2026-07-31
CP-C-00065,CORPORATE,GA,,,,119669626.11436132,145490752.11921418,60533610.60176952,19821562.120452657,441.0,Real Estate,5.0,BBB,Baa2,0.7125193894304914,1.9043414847086937,1.59379426532856,2026-07-31
CP-C-00066,CORPORATE,TX,,,,22976855.577005114,29601241.283614628,15967595.370317997,4765867.4527207725,91.0,Healthcare,6.0,BBB-,Baa3,1.1711904117111558,1.9853215081107267,2.4597608220735534,2026-07-31
CP-C-00067,CORPORATE,CA,,,,34903579.12300359,54224853.71407773,25428272.467109263,7581490.822041125,172.0,Hospitality,5.0,BBB,Baa2,0.9568161316265651,2.5560191847048186,0.8130749091217326,2026-07-31
CP-C-00068,CORPORATE,NC,,,,33018640.253072105,52917261.44340407,30818235.41354368,8115343.591198847,113.0,Manufacturing,4.0,BBB+,Baa1,1.394551749561353,3.463558898331289,1.7701610188875398,2026-07-31
CP-C-00069,CORPORATE,FL,,,,41472300.846282445,32992441.94547134,12210613.708603226,10240109.633571973,260.0,Retail,3.0,A,A2,0.5875620551487823,6.735078130941941,1.5970742879492965,2026-07-31
CP-C-00070,CORPORATE,VA,,,,180979164.52361998,253205823.38456357,147921212.28896984,16405833.090402216,973.0,Transportation,4.0,BBB+,Baa1,1.4049651772438425,1.01072511718037,0.5946511555485496,2026-07-31
CP-C-00071,CORPORATE,NY,,,,47440291.86333973,78110163.25471029,52681118.35495053,4484437.1293906495,175.0,Retail,5.0,BBB,Baa2,2.071690799344503,3.4148580057405433,1.3129046650125038,2026-07-31
CP-C-00072,CORPORATE,NY,,,,28129846.5558366,45060770.42728246,23889041.127978213,2893341.8048047284,104.0,Retail,4.0,BBB+,Baa1,1.1283462389991576,2.312069757740986,1.3884001194390485,2026-07-31
CP-C-00073,CORPORATE,CA,,,,58610559.93734979,44909959.85004447,33152061.540638633,8528878.817587646,178.0,Manufacturing,5.0,BBB,Baa2,2.8195567497057143,1.9677077648026926,2.702679839384299,2026-07-31
CP-C-00074,CORPORATE,FL,,,,46297016.125406764,75075558.06456378,48499199.339180216,7378533.432350534,307.0,Hospitality,5.0,BBB,Baa2,1.8249000865892795,2.1058842247982517,1.474249092655982,2026-07-31
CP-C-00075,CORPORATE,GA,,,,34356069.92967474,35309449.9509981,22091307.71610065,4745734.917360814,132.0,Technology,3.0,A,A2,1.671286881584388,1.4915559569257566,1.5471826424102104,2026-07-31
CP-C-00076,CORPORATE,NY,,,,162414135.2673248,239124086.9092729,143066325.56361386,21855835.315700654,630.0,Hospitality,5.0,BBB,Baa2,1.7612785196227818,2.396484773754211,1.1343825388700821,2026-07-31
CP-C-00077,CORPORATE,VA,,,,38446818.05400426,36665543.03363625,20930432.291206528,9105966.976671774,140.0,Retail,4.0,BBB+,Baa1,1.3301738153496194,2.924022129245731,1.00966972010372,2026-07-31
CP-C-00078,CORPORATE,GA,,,,279220917.52314395,331795731.8673993,197773718.64115247,50646403.230658926,1452.0,Transportation,1.0,AAA,Aaa,1.475680851826068,3.2893744823751985,2.5696464945004447,2026-07-31
CP-C-00079,CORPORATE,VA,,,,19619505.645217247,25800104.51881688,15470699.65312831,4674773.531255882,87.0,Hospitality,5.0,BBB,Baa2,1.4977338824734907,4.946681335489487,2.0368124386883077,2026-07-31
CP-C-00080,CORPORATE,NY,,,,103503303.33812779,111007005.01209705,87357192.06823838,11416500.30805035,334.0,Transportation,5.0,BBB,Baa2,3.6937794085565137,1.942824732976415,2.260974093240179,2026-07-31
CP-C-00081,CORPORATE,CA,,,,42136861.44125708,38949656.566687025,18052752.686757848,7082163.678633133,168.0,Real Estate,5.0,BBB,Baa2,0.8638960484522756,1.9492890830313438,2.398956456865495,2026-07-31
CP-C-00082,CORPORATE,VA,,,,67000722.062162325,69605647.98863345,37739888.957563765,16602557.578896249,426.0,Real Estate,5.0,BBB,Baa2,1.1843398715457143,1.6778219439934905,1.7591028517661615,2026-07-31
CP-C-00083,CORPORATE,NC,,,,65568621.948094256,66962948.879011564,45119571.45555081,5437893.962250983,201.0,Construction,6.0,BBB-,Baa3,2.065595012202206,2.07880303571755,2.0477739771611305,2026-07-31
CP-C-00084,CORPORATE,GA,,,,74755860.01437786,69573168.42646864,29927567.420481607,14691375.048602464,290.0,Technology,4.0,BBB+,Baa1,0.7548773801149372,2.4308336814742026,1.5702835670191508,2026-07-31
CP-C-00085,CORPORATE,TX,,,,55697311.5114774,78250024.38309816,43834226.66466825,7981276.650193356,184.0,Hospitality,5.0,BBB,Baa2,1.2736658619188335,0.8310550160822482,1.8028890294487419,2026-07-31
CP-C-00086,CORPORATE,VA,,,,32380704.75161097,53231080.128897585,26921868.859614085,2919058.5424748305,211.0,Manufacturing,7.0,BB+,Ba1,1.0232868094774803,1.8452993198550354,2.381467098746794,2026-07-31
CP-C-00087,CORPORATE,CA,,,,118284997.62268978,88772793.3661259,62245658.04135631,12351165.39437412,554.0,Transportation,5.0,BBB,Baa2,2.3464900102965407,1.087055778209223,1.8997245360988142,2026-07-31
CP-C-00088,CORPORATE,TX,,,,24294724.504091017,25141941.019014675,16658090.832128862,2771210.917105246,88.0,Transportation,5.0,BBB,Baa2,1.9635060102639075,8.004241323699748,2.05071591920293,2026-07-31
CP-C-00089,CORPORATE,NC,,,,210651130.49588796,180001965.88743865,107344136.60873102,49288703.410936676,863.0,Technology,5.0,BBB,Baa2,1.4773925628437152,3.2823248037247845,2.021960123808501,2026-07-31
CP-C-00090,CORPORATE,FL,,,,40922158.3226697,53949981.26299015,36712588.666023925,6633607.214767114,133.0,Manufacturing,7.0,BB+,Ba1,2.1298226201847563,2.382978326859906,1.3790621766337225,2026-07-31
CP-C-00091,CORPORATE,GA,,,,7108267.874655917,5543997.2993214885,3179137.216307669,1661283.263072908,34.0,Real Estate,6.0,BBB-,Baa3,1.3443235983145858,1.5650268186648397,1.3551247134748239,2026-07-31
CP-C-00092,CORPORATE,VA,,,,20650113.007578917,31809778.522285707,20961381.747021195,5047364.809538121,87.0,Construction,6.0,BBB-,Baa3,1.9322100934596478,1.5236751478452057,1.7560003513265383,2026-07-31
CP-C-00093,CORPORATE,NY,,,,83234309.68601158,104748147.362536,78628366.99147533,15155700.59766806,427.0,Healthcare,6.0,BBB-,Baa3,3.0102996990966795,1.919775640521269,1.8914779114209161,2026-07-31
CP-C-00094,CORPORATE,GA,,,,20210016.738362577,32281617.811491944,20682509.978138853,3759343.7161963824,67.0,Technology,6.0,BBB-,Baa3,1.7831121389066278,1.48195392894653,1.6272324858653602,2026-07-31
CP-C-00095,CORPORATE,TX,,,,35697300.08753728,25647277.400662716,19039487.63689556,7304959.982049345,138.0,Real Estate,6.0,BBB-,Baa3,2.8813700673855855,1.6088654650447265,1.1914781673653045,2026-07-31
CP-C-00096,CORPORATE,NC,,,,135787150.3811954,121896255.33265851,67144840.44762722,20633105.869768377,509.0,Retail,5.0,BBB,Baa2,1.226358087523766,1.013061010809677,2.2971249359388017,2026-07-31
CP-C-00097,CORPORATE,NC,,,,5956572.468357465,5318220.770310747,3546107.6289741527,1482256.6758935081,20.0,Construction,5.0,BBB,Baa2,2.0010616400595866,7.514478468502569,1.2463544437870047,2026-07-31
CP-C-00098,CORPORATE,TX,,,,311437527.77456117,408550560.1961397,230464104.69838622,28491870.343457967,1666.0,Manufacturing,6.0,BBB-,Baa3,1.2941136037226224,0.6333516508955761,1.6608713166086488,2026-07-31
CP-C-00099,CORPORATE,VA,,,,37395624.310645126,31845415.38208892,20040613.495863657,3598607.0366922067,163.0,Hospitality,5.0,BBB,Baa2,1.6976662284564528,2.7433720168194657,2.1020067155944107,2026-07-31
CP-C-00100,CORPORATE,NY,,,,41757606.85000934,68490540.62599458,38131203.58842976,5910310.281990846,169.0,Transportation,4.0,BBB+,Baa1,1.25599592445805,15.0,1.4341318397967167,2026-07-31
CP-C-00101,CORPORATE,FL,,,,6898744.001148866,9732990.454379508,5628257.34385888,858256.2091568472,33.0,Real Estate,5.0,BBB,Baa2,1.3711627997039282,3.224187434740804,1.902011503270812,2026-07-31
CP-C-00102,CORPORATE,GA,,,,26608596.926211566,41159855.28704659,20114687.35447546,4743999.688842426,110.0,Hospitality,4.0,BBB+,Baa1,0.9557864978280557,4.4157379449628955,1.2941612399902076,2026-07-31
CP-C-00103,CORPORATE,NY,,,,9009987.929448407,12763936.199618291,5201915.346604762,1636847.960399223,46.0,Construction,1.0,AAA,Aaa,0.6879001589279873,2.6183377941688555,1.7751935354061725,2026-07-31
CP-C-00104,CORPORATE,NC,,,,24258821.04917881,19871867.70196408,15361197.854895027,5649652.324098533,116.0,Healthcare,6.0,BBB-,Baa3,3.4055247614445627,1.1718813709445572,0.4,2026-07-31
CP-C-00105,CORPORATE,NY,,,,54510923.17481099,75388648.60632238,38432580.99230933,4640404.786126116,325.0,Healthcare,5.0,BBB,Baa2,1.0399532058907808,1.5150114087039146,1.6100855346253131,2026-07-31
CP-C-00106,CORPORATE,TX,,,,34510874.86003062,53403112.54155016,22144401.498436075,7034424.274617236,178.0,Real Estate,4.0,BBB+,Baa1,0.7084233725406351,1.7845770118349316,0.7674769642217643,2026-07-31
CP-C-00107,CORPORATE,FL,,,,297223748.5961988,472139224.74201524,217031957.71418616,63789447.98694575,1012.0,Construction,5.0,BBB,Baa2,0.8507478451819667,1.1521266805347339,0.9529695071559849,2026-07-31
CP-C-00108,CORPORATE,FL,,,,13453508.17921532,20618564.70699183,13551014.43205088,3355310.323325394,41.0,Manufacturing,4.0,BBB+,Baa1,1.9173566377161853,3.4883890899712138,1.3423237849326084,2026-07-31
CP-C-00109,CORPORATE,TX,,,,51554201.12276524,41161134.8422453,28093468.96057146,12567796.474010158,245.0,Hospitality,6.0,BBB-,Baa3,2.1498459797606144,2.244511657445409,1.0921400025974375,2026-07-31
CP-C-00110,CORPORATE,NY,,,,81959070.06356038,58754960.96192457,32387714.571290754,15790368.133051042,289.0,Hospitality,7.0,BB+,Ba1,1.2283313202851371,0.7204915785882808,2.287578850121469,2026-07-31
CP-C-00111,CORPORATE,NC,,,,39228183.83499599,62163405.4229081,45063167.471101075,7319264.3146067625,260.0,Hospitality,6.0,BBB-,Baa3,2.6352362813956707,4.073065626834933,1.8309749979515062,2026-07-31
CP-C-00112,CORPORATE,VA,,,,119949872.40521696,95602009.65764609,49293889.37282236,12428824.471888158,376.0,Manufacturing,5.0,BBB,Baa2,1.0644761452124225,1.590166572238478,1.7636808701796416,2026-07-31
CP-C-00113,CORPORATE,NY,,,,33926196.70633132,38019730.95831201,27036952.405206524,6546299.009433782,153.0,Hospitality,7.0,BB+,Ba1,2.461758859515706,1.670950295894343,1.1068005163132162,2026-07-31
CP-C-00114,CORPORATE,GA,,,,50598825.89040849,45180663.79378634,36154332.08699811,12009168.398858702,182.0,Retail,4.0,BBB+,Baa1,4.005429144578007,4.866790673902956,0.5198511563210046,2026-07-31
CP-C-00115,CORPORATE,NY,,,,232454505.38286847,291743877.9095442,175389881.56699997,51684079.00125287,856.0,Hospitality,7.0,BB+,Ba1,1.5073816721400357,1.2261249732111237,1.6493890397725302,2026-07-31
CP-C-00116,CORPORATE,NC,,,,9238934.371970832,7423452.599961641,5438273.667221397,2106896.370779202,42.0,Healthcare,5.0,BBB,Baa2,2.73943752753545,2.96933554684903,2.6555761519652057,2026-07-31
CP-C-00117,CORPORATE,NC,,,,49934261.84670401,56764211.189922765,19595961.706583306,9655217.369754847,170.0,Construction,4.0,BBB+,Baa1,0.5272231536049911,5.77261811130989,1.7804198467725076,2026-07-31
CP-C-00118,CORPORATE,VA,,,,90792459.44926026,77588730.77532402,47305718.40818083,5960945.700523844,349.0,Real Estate,5.0,BBB,Baa2,1.562120631681515,3.22470310458884,1.0290439529360296,2026-07-31
CP-C-00119,CORPORATE,CA,,,,30870284.40071872,51247667.1983695,33387036.21971338,2884891.292204644,108.0,Hospitality,5.0,BBB,Baa2,1.86930888721746,5.835224708268617,2.113815508651665,2026-07-31
CP-C-00120,CORPORATE,GA,,,,87911734.74165882,125169619.48835719,75945000.81678127,6342727.540375391,331.0,Construction,2.0,AA,Aa2,1.5428255792793915,1.632343355381482,2.758001677624865,2026-07-31
CP-C-00121,CORPORATE,GA,,,,26977359.380874224,30544893.445572257,21662995.722382184,3344157.9870690773,143.0,Transportation,5.0,BBB,Baa2,2.4390053114236467,2.0743073179597165,1.390395941428441,2026-07-31
CP-C-00122,CORPORATE,VA,,,,112576956.20322439,85540748.01051104,46315660.86554399,16269807.993918344,631.0,Retail,6.0,BBB-,Baa3,1.1807662961811092,6.194960642968991,1.9855821832228273,2026-07-31
CP-C-00123,CORPORATE,NC,,,,21115570.947481938,22337944.700530756,14724232.488347918,1477532.236960661,75.0,Construction,7.0,BB+,Ba1,1.9339097772552272,4.965469356066806,2.202835631051544,2026-07-31
CP-C-00124,CORPORATE,NY,,,,12691057.126414947,12009311.206093747,5804969.097157116,1814729.0915083764,37.0,Technology,6.0,BBB-,Baa3,1.0725720471456375,1.6668501475639328,2.1275656283724502,2026-07-31
CP-C-00125,CORPORATE,TX,,,,45014203.378384575,47951146.559213996,27556376.536889493,8910338.731244743,239.0,Technology,5.0,BBB,Baa2,1.3511491674937128,3.117578179079614,1.9683354418191727,2026-07-31
CP-C-00126,CORPORATE,TX,,,,51758310.81950851,51369358.96484422,31899195.586113323,5092413.001989702,184.0,Manufacturing,6.0,BBB-,Baa3,1.6383630155338003,0.8953412965205675,1.6391285905624164,2026-07-31
CP-C-00127,CORPORATE,TX,,,,24977003.950627767,30101878.240126114,21926299.32424726,4824308.127978102,91.0,Transportation,7.0,BB+,Ba1,2.6819262036186027,0.791815692045672,0.9335052550471208,2026-07-31
CP-C-00128,CORPORATE,NC,,,,20864254.881905384,33106159.779794626,16112868.39961217,2097100.5899699107,118.0,Manufacturing,6.0,BBB-,Baa3,0.9481899673893055,2.0672325402709277,2.3856060550905696,2026-07-31
CP-C-00129,CORPORATE,NC,,,,127972487.08484931,131148993.69344893,83770128.60732292,12338242.367256345,577.0,Hospitality,6.0,BBB-,Baa3,1.7680906550852225,4.057700583710767,1.9395768551503731,2026-07-31
CP-C-00130,CORPORATE,GA,,,,153316620.28432572,115933136.21266174,63337971.34088881,27943038.024154477,551.0,Healthcare,4.0,BBB+,Baa1,1.2042546400473664,1.5772809357278645,0.9918609902790753,2026-07-31
CP-C-00131,CORPORATE,FL,,,,204409821.67667028,204444139.53443667,127256298.37133062,48170127.03239237,636.0,Construction,4.0,BBB+,Baa1,1.6486573073396962,4.504858631336608,1.8866295954509118,2026-07-31
CP-C-00132,CORPORATE,TX,,,,219421534.80964884,282871819.85020006,170069713.1562184,16978581.05394081,815.0,Construction,4.0,BBB+,Baa1,1.5076820649954419,1.4924880096551305,1.5120508707532103,2026-07-31
CP-C-00133,CORPORATE,NC,,,,109710771.22151555,158442426.7412123,98919565.27506289,8732235.697280446,374.0,Manufacturing,7.0,BB+,Ba1,1.66187516591954,4.38868646959442,1.6770275299088426,2026-07-31
CP-C-00134,CORPORATE,TX,,,,77668858.66449921,54703476.381990254,35016808.05927184,12278395.901422936,384.0,Retail,6.0,BBB-,Baa3,1.77870666002243,3.6027154987319885,1.8236331323660264,2026-07-31
CP-C-00135,CORPORATE,FL,,,,39322611.66555982,29571371.434203207,16130736.452809019,3665334.186100328,141.0,Healthcare,5.0,BBB,Baa2,1.2001469034118346,4.251924721791115,1.3126498485896503,2026-07-31
CP-C-00136,CORPORATE,FL,,,,21513226.230335347,23390324.167921215,12608199.19038179,4358389.596047928,65.0,Healthcare,8.0,BB,Ba2,1.1693612545436372,1.6608280745206954,1.566483064819679,2026-07-31
CP-C-00137,CORPORATE,TX,,,,57822277.22474397,77515091.70691341,51657887.47163041,6968444.552940555,286.0,Manufacturing,6.0,BBB-,Baa3,1.9978141102022742,3.223655297498757,1.359174018685935,2026-07-31
CP-C-00138,CORPORATE,VA,,,,29908632.88202825,49089419.42680651,24807589.24434647,3525690.2206575023,99.0,Technology,3.0,A,A2,1.0216523654903993,1.4875540133196337,1.0165000214754638,2026-07-31
CP-C-00139,CORPORATE,NY,,,,28297361.32715221,20366658.33049408,11710052.594347652,6623337.595284836,177.0,Construction,6.0,BBB-,Baa3,1.3970440681901068,1.706019405088315,1.3063018274155653,2026-07-31
CP-C-00140,CORPORATE,NY,,,,37939143.49968896,55371285.96874156,27010134.397362653,8252935.513913444,147.0,Hospitality,4.0,BBB+,Baa1,0.9523638110879937,1.5870629166564096,0.9275463842488333,2026-07-31
CP-C-00141,CORPORATE,TX,,,,37772764.59861863,50571708.60835019,25859013.47612814,7948693.293908136,122.0,Manufacturing,4.0,BBB+,Baa1,1.046385808499351,3.4626486389240045,1.3981979569512584,2026-07-31
CP-C-00142,CORPORATE,TX,,,,111975583.22210272,183161447.63258365,134464778.88191578,7687018.751930901,612.0,Construction,3.0,A,A2,2.761272635924846,2.5251066800933186,0.9695754828831472,2026-07-31
CP-C-00143,CORPORATE,VA,,,,14489098.662729183,22326097.599906486,13529279.557389596,3081737.795779418,53.0,Manufacturing,5.0,BBB,Baa2,1.5379742415950535,2.7427499157475235,2.1852020235602643,2026-07-31
CP-C-00144,CORPORATE,TX,,,,18977103.026373558,22478554.118990082,11635791.77575792,1895825.4450667317,120.0,Hospitality,4.0,BBB+,Baa1,1.0731390587953589,1.3104089323602008,2.0339499047797696,2026-07-31
CP-C-00145,CORPORATE,NY,,,,60968736.95385123,60288350.41165308,40047113.3186858,14787593.061391495,225.0,Hospitality,2.0,AA,Aa2,1.9784913903607197,3.085788578837487,0.8900327900452306,2026-07-31
CP-C-00146,CORPORATE,FL,,,,42880680.00783032,32980083.644882664,22879429.766820587,9216377.93292946,207.0,Transportation,8.0,BB,Ba2,2.2651434296261876,1.4958365939293428,1.531072738054028,2026-07-31
CP-C-00147,CORPORATE,VA,,,,50840917.13488053,42275012.474701114,27435920.75723219,10939562.7840877,274.0,Transportation,6.0,BBB-,Baa3,1.84889488383807,1.7142824480987517,1.666418551111982,2026-07-31
CP-C-00148,CORPORATE,NY,,,,32263530.584879983,32843466.816704277,17443326.507211663,5634394.977845414,121.0,Technology,4.0,BBB+,Baa1,1.1326732196368126,1.9163405217363885,1.7537831354059412,2026-07-31
CP-C-00149,CORPORATE,FL,,,,108695572.39950871,157493376.45113713,107366493.69380116,20963469.91475141,351.0,Technology,6.0,BBB-,Baa3,2.1418944843141747,4.482061673816093,1.1914753024831268,2026-07-31
CP-C-00150,CORPORATE,NY,,,,29069192.27653346,30283763.120628063,14271442.086560125,4105587.46939078,142.0,Construction,6.0,BBB-,Baa3,0.8912787881404634,2.120901663262961,2.1432128210018346,2026-07-31
CP-C-00151,CORPORATE,TX,,,,120723094.2707977,93261260.7497584,52195267.26200243,18616513.34248925,382.0,Real Estate,3.0,A,A2,1.2710094856846632,1.0882168267013685,0.7247248492592756,2026-07-31
CP-C-00152,CORPORATE,TX,,,,10261841.077176398,12329613.621159704,7248218.168287768,1528040.290100297,41.0,Manufacturing,6.0,BBB-,Baa3,1.4264227682163912,2.864735533778474,2.136414897174941,2026-07-31
CP-C-00153,CORPORATE,GA,,,,41928601.20995374,41098680.15993338,28659771.87446955,3919065.4957381827,181.0,Transportation,4.0,BBB+,Baa1,2.3040423819155804,2.1766468006079513,0.4,2026-07-31
CP-C-00154,CORPORATE,CA,,,,11596407.695135692,17940980.6348492,12658431.290769331,883448.8510460053,47.0,Transportation,5.0,BBB,Baa2,2.3962731753666606,2.951950383838811,1.852229335392832,2026-07-31
CP-C-00155,CORPORATE,NY,,,,51523963.48554909,86646134.30373228,44703839.9097949,9846327.810587939,184.0,Hospitality,5.0,BBB,Baa2,1.0658415462425608,2.6792522921964324,2.2195677563335883,2026-07-31
CP-C-00156,CORPORATE,FL,,,,40394193.40718104,34048928.26769294,17571373.29203153,5107071.844648631,237.0,Technology,2.0,AA,Aa2,1.255144441653475,2.886743865133385,1.7196178267642477,2026-07-31
CP-C-00157,CORPORATE,NY,,,,10823899.002744528,8731010.491626507,5442338.142178414,1312349.4509240806,42.0,Manufacturing,8.0,BB,Ba2,1.7760564879917702,4.840622611556766,1.247481677163986,2026-07-31
CP-C-00158,CORPORATE,CA,,,,526366910.90602297,777527458.8252792,451125477.2512415,42942691.73847598,2488.0,Hospitality,6.0,BBB-,Baa3,1.382116233105383,3.857184388857128,1.576527633053851,2026-07-31
CP-C-00159,CORPORATE,TX,,,,32998957.3264707,51622537.633026235,31832012.380151518,7507202.354498589,104.0,Healthcare,6.0,BBB-,Baa3,1.6084470711825942,5.013482826452982,0.706665841965962,2026-07-31
CP-C-00160,CORPORATE,FL,,,,34082426.76798027,28325946.91087631,19308536.39062148,6261487.54986235,215.0,Construction,8.0,BB,Ba2,2.5110905374072097,2.0153092174377387,2.0401259793113806,2026-07-31
CP-C-00161,CORPORATE,FL,,,,21243593.532293703,21990289.72084959,10721140.722172476,2485369.129295644,118.0,Retail,4.0,BBB+,Baa1,0.9513709263610796,3.6808327800848133,0.6742659424449822,2026-07-31
CP-C-00162,CORPORATE,NY,,,,12762164.199006932,17052377.45895265,10099154.710795023,1397999.9579722325,42.0,Construction,6.0,BBB-,Baa3,1.4524422813106281,1.040841147382314,1.2165283791283261,2026-07-31
CP-C-00163,CORPORATE,CA,,,,162694250.66814354,232644470.4751193,134230998.8859032,23781765.69982801,854.0,Retail,6.0,BBB-,Baa3,1.3639494341403957,4.147513549160615,1.293624997516545,2026-07-31
CP-C-00164,CORPORATE,NY,,,,57794490.82535855,60180125.411504336,37563236.893405065,5852721.232972542,333.0,Technology,5.0,BBB,Baa2,1.6608490095065427,4.259756641152458,1.261071207029886,2026-07-31
CP-C-00165,CORPORATE,VA,,,,189478743.97422838,312900295.32871693,215649891.0749054,16442853.961067086,1193.0,Transportation,6.0,BBB-,Baa3,2.217470382046802,1.2257039896014719,1.6582538766680393,2026-07-31
CP-C-00166,CORPORATE,TX,,,,73763233.27666819,54409929.13563437,37822817.60880639,11179978.40513632,293.0,Construction,6.0,BBB-,Baa3,2.2802534092588567,1.6973535179183599,2.3741963548584266,2026-07-31
CP-C-00167,CORPORATE,FL,,,,24606401.52806945,19370809.893572226,10749369.66409298,1521159.3402334861,74.0,Construction,6.0,BBB-,Baa3,1.2468183247780016,4.141119450486362,2.1925117394324865,2026-07-31
CP-C-00168,CORPORATE,FL,,,,39721083.42660132,41278223.444810465,29185251.81434316,8078329.02223797,208.0,Real Estate,4.0,BBB+,Baa1,2.413406125985872,2.6567219087326475,1.6601287687036177,2026-07-31
CP-C-00169,CORPORATE,NC,,,,13987355.435810562,15571173.4512803,8560169.038923765,3406683.2009277893,65.0,Retail,6.0,BBB-,Baa3,1.2209618672949207,2.940330476467463,0.80853545339805,2026-07-31
CP-C-00170,CORPORATE,VA,,,,58937366.68360501,62899122.361672096,38520687.92835658,5812156.8384895185,191.0,Manufacturing,5.0,BBB,Baa2,1.8204916096040353,10.783014705893931,1.7580540080447544,2026-07-31
CP-C-00171,CORPORATE,TX,,,,31280276.26217179,31588129.873017844,16446646.413424354,7030943.68645957,97.0,Construction,5.0,BBB,Baa2,1.0861978258150078,1.154249353010532,1.5997158706695351,2026-07-31
CP-C-00172,CORPORATE,CA,,,,28037656.83848098,28599226.010801267,11334884.55374236,3812071.97691546,82.0,Retail,4.0,BBB+,Baa1,0.6565489093189734,2.932916486991172,1.7025531388514452,2026-07-31
CP-C-00173,CORPORATE,NC,,,,28304474.473952536,30280524.105188344,12749718.581374623,5699065.8258307595,117.0,Real Estate,4.0,BBB+,Baa1,0.7272751137450871,3.775236314391726,0.9839963808789309,2026-07-31
CP-C-00174,CORPORATE,CA,,,,21671598.19616106,34273568.88679122,22293134.839673996,3661587.1300690123,90.0,Manufacturing,6.0,BBB-,Baa3,1.860795255998112,1.1808239793196027,1.5929274105110274,2026-07-31
CP-C-00175,CORPORATE,GA,,,,31713162.86776913,47592444.98412866,25572510.093241166,2091413.4007667168,96.0,Manufacturing,6.0,BBB-,Baa3,1.161334500758394,1.36268469329028,0.8225660825472321,2026-07-31
CP-C-00176,CORPORATE,FL,,,,14149460.426106442,10179442.050507484,6784623.689465134,2663359.6462745005,44.0,Retail,6.0,BBB-,Baa3,1.9985233281765253,3.1023060666379045,1.1710552011794055,2026-07-31
CP-C-00177,CORPORATE,NY,,,,18884209.098911833,20136622.538143877,16141256.3453932,3850248.5131357037,63.0,Manufacturing,7.0,BB+,Ba1,4.039994224980034,2.1003252314295544,1.5995943362308418,2026-07-31
CP-C-00178,CORPORATE,TX,,,,67713734.7726515,111022410.49475458,70546390.12425737,9248500.721970944,306.0,Real Estate,2.0,AA,Aa2,1.742918139641967,2.8171956538281497,2.138806861418301,2026-07-31
CP-C-00179,CORPORATE,FL,,,,26279452.754427515,31913775.905842237,18479424.20380247,5315055.461716644,99.0,Healthcare,5.0,BBB,Baa2,1.3755352408257036,2.700056696645289,2.7592587100193553,2026-07-31
CP-C-00180,CORPORATE,GA,,,,39951835.06835883,52094852.58183136,20336469.327451084,3842871.8328229925,128.0,Manufacturing,4.0,BBB+,Baa1,0.6403496413705559,4.494083912462539,2.0769574439786225,2026-07-31
CP-C-00181,CORPORATE,VA,,,,56317088.87974294,74720665.84306149,52731403.23218764,12083389.630869618,179.0,Retail,6.0,BBB-,Baa3,2.3980523660721382,1.3435127174318142,2.5412100461677403,2026-07-31
CP-C-00182,CORPORATE,NY,,,,114625258.22916405,158924887.93083692,102285613.13762204,23578631.89879807,604.0,Construction,3.0,A,A2,1.8059131849950056,2.1600703742297798,1.633349872256702,2026-07-31
CP-C-00183,CORPORATE,VA,,,,17695539.753317855,26245157.287495915,16941056.143166173,3186388.2862484753,104.0,Technology,4.0,BBB+,Baa1,1.8208159907516346,1.792786834688614,0.7052591482535089,2026-07-31
CP-C-00184,CORPORATE,CA,,,,21828722.558955517,19350092.985529557,10251794.101602085,2007776.3973097717,85.0,Healthcare,7.0,BB+,Ba1,1.1267814162175205,1.020267435408457,0.5831520467274676,2026-07-31
CP-C-00185,CORPORATE,CA,,,,20102793.206127703,28412527.389469065,18268136.93460111,3837424.056372612,76.0,Transportation,8.0,BB,Ba2,1.8008116915329138,3.575610283803144,1.7524061057677474,2026-07-31
CP-C-00186,CORPORATE,FL,,,,21598365.531812787,24785313.690726995,10625029.145546464,4176487.436753737,64.0,Construction,7.0,BB+,Ba1,0.7503400875629089,2.1235216105373333,2.130842111890422,2026-07-31
CP-C-00187,CORPORATE,VA,,,,127612128.57868756,213242294.0779544,112329787.74396507,12221538.376352977,475.0,Manufacturing,6.0,BBB-,Baa3,1.1131404007763723,1.5476547122912678,1.5127138254728298,2026-07-31
CP-C-00188,CORPORATE,TX,,,,149655140.98090824,108744550.76107143,74450386.34310934,10432345.962543022,674.0,Technology,7.0,BB+,Ba1,2.1709345483896616,1.678920977748205,1.428654331213071,2026-07-31
CP-C-00189,CORPORATE,NY,,,,79181137.29054563,74151703.73086515,43960985.5759934,9851780.216625184,293.0,Retail,3.0,A,A2,1.5711761165704077,3.5256179168090385,1.8918973081778174,2026-07-31
CP-C-00190,CORPORATE,GA,,,,22818331.276353203,30413985.968210995,16884497.063516907,2320618.6864467408,134.0,Real Estate,6.0,BBB-,Baa3,1.2479774500320404,2.932494223687402,1.4218717076610687,2026-07-31
CP-C-00191,CORPORATE,TX,,,,20358426.50901399,24187710.917932272,17593462.63059882,4901122.765996662,73.0,Hospitality,5.0,BBB,Baa2,2.6680012435068896,3.5321499538030636,1.4051157163081023,2026-07-31
CP-C-00192,CORPORATE,NY,,,,74877723.5854391,113007540.01503459,74764775.8542612,8017029.544325464,418.0,Real Estate,4.0,BBB+,Baa1,1.9550044954896186,1.6741554948152804,1.6068606558917227,2026-07-31
CP-C-00193,CORPORATE,NY,,,,30788230.68602518,43040310.94993162,26212041.888508618,6631475.270267564,90.0,Real Estate,8.0,BB,Ba2,1.641140278894125,1.3022666507918799,1.8397241558164958,2026-07-31
CP-C-00194,CORPORATE,GA,,,,495821805.48457026,394724061.0517269,267091403.55753812,52249264.9169123,1825.0,Manufacturing,5.0,BBB,Baa2,2.0926572305344275,2.057956482003517,1.5205848022930055,2026-07-31
CP-C-00195,CORPORATE,FL,,,,59966001.77043615,77944949.14655328,49242739.370303795,8169312.365048787,287.0,Transportation,6.0,BBB-,Baa3,1.867226029384161,2.8258514703321955,1.2506152657031853,2026-07-31
CP-C-00196,CORPORATE,CA,,,,22157122.669761434,25401100.32317582,18800694.065993607,3000488.2392041935,96.0,Construction,5.0,BBB,Baa2,2.848414678344334,3.5699069739603666,2.00299829266456,2026-07-31
CP-C-00197,CORPORATE,FL,,,,17358681.160874564,25811031.47459491,12118304.334779058,2928259.379027799,56.0,Retail,3.0,A,A2,0.8850175871497012,4.15489278590058,0.8011631558486094,2026-07-31
CP-C-00198,CORPORATE,FL,,,,18539687.95144258,22702056.188732192,14188207.308649907,3768238.883122894,94.0,Transportation,4.0,BBB+,Baa1,1.66648568802325,7.192052115873691,1.1825090211384288,2026-07-31
CP-C-00199,CORPORATE,TX,,,,70928474.28492504,84571475.27519535,61069527.09160553,9931814.80657507,297.0,Healthcare,5.0,BBB,Baa2,2.5984878621359226,1.1590232469401938,2.2921723685256623,2026-07-31
CP-C-00200,CORPORATE,CA,,,,143723166.79146877,191777065.54814482,100883811.13650364,20060994.578667063,465.0,Real Estate,5.0,BBB,Baa2,1.10991527137555,1.0992551835692341,1.517421125810865,2026-07-31
CP-C-00201,CORPORATE,CA,,,,32215780.2845766,51603102.56600778,33385948.959959812,3967765.5318426345,109.0,Transportation,5.0,BBB,Baa2,1.8326655020834823,2.492909029617508,1.9622025294601184,2026-07-31
CP-C-00202,CORPORATE,FL,,,,62846353.522504486,101832984.16847341,58355318.28015523,10654223.60386194,199.0,Manufacturing,5.0,BBB,Baa2,1.3421906877442207,2.5203833713167394,2.029734593401136,2026-07-31
CP-C-00203,CORPORATE,TX,,,,7832839.086142166,7271268.1588436775,3752437.0315953153,1302046.1064697243,43.0,Healthcare,6.0,BBB-,Baa3,1.1275213546281044,1.220403170340035,0.9264743958930629,2026-07-31
CP-C-00204,CORPORATE,NY,,,,23043181.036317296,35931188.77876028,28032137.119983364,4632286.258816789,73.0,Healthcare,6.0,BBB-,Baa3,3.54879779635773,3.8376822513571502,1.1099477247579115,2026-07-31
CP-C-00205,CORPORATE,GA,,,,17958308.42074457,13111680.360630305,8442356.541021384,2575214.4589029187,57.0,Healthcare,8.0,BB,Ba2,1.808046917964339,3.1496832184536774,3.1942291459736545,2026-07-31
CP-C-00206,CORPORATE,NC,,,,50844972.06691242,59533629.53054157,50593138.77359535,6770934.606545177,168.0,Hospitality,6.0,BBB-,Baa3,5.658877140976578,6.761499289718479,1.3323304914520113,2026-07-31
CP-C-00207,CORPORATE,NC,,,,147685049.28245673,171020808.73008132,100580822.67870234,20533289.41532399,504.0,Healthcare,4.0,BBB+,Baa1,1.4278938471870024,4.066710215295512,2.3243760234754456,2026-07-31
CP-C-00208,CORPORATE,GA,,,,26900898.328490246,37597703.84953405,30579167.908589784,5990468.750862454,82.0,Technology,5.0,BBB,Baa2,4.356915482928438,2.9772305411520574,1.4979426362996349,2026-07-31
CP-C-00209,CORPORATE,TX,,,,44135860.01510704,55698997.11156661,37123874.13544631,6335570.567125366,219.0,Hospitality,7.0,BB+,Ba1,1.998580261523533,3.2786342466585254,2.1011349858301083,2026-07-31
CP-C-00210,CORPORATE,GA,,,,305699356.5986323,287040475.73383087,200273564.84033138,65717652.26026872,1897.0,Retail,4.0,BBB+,Baa1,2.3081790371234217,3.7876950863701233,1.5699742812794204,2026-07-31
CP-C-00211,CORPORATE,NC,,,,47874225.277526475,64857807.50916944,41704863.01927677,4507354.207792333,147.0,Transportation,6.0,BBB-,Baa3,1.8012768543319775,2.0871486891686266,1.4198956116112713,2026-07-31
CP-C-00212,CORPORATE,NC,,,,17155658.35360314,16725394.483862856,9864214.377959134,1124735.722590567,102.0,Real Estate,5.0,BBB,Baa2,1.437684804319805,1.4149679760179334,1.7534791050329739,2026-07-31
CP-C-00213,CORPORATE,FL,,,,60204657.78914913,96083168.00050087,71771899.02694808,13851967.331669338,242.0,Hospitality,4.0,BBB+,Baa1,2.95220702403588,2.9389918783750786,1.511554520858879,2026-07-31
CP-C-00214,CORPORATE,TX,,,,91961137.25171463,129568473.15198508,77732712.29540777,12419318.639139807,268.0,Hospitality,5.0,BBB,Baa2,1.49959624419296,2.788068865424745,2.5685976878221144,2026-07-31
CP-C-00215,CORPORATE,GA,,,,12446959.736233272,11685541.658176983,7383876.168108846,2828831.396834402,49.0,Real Estate,6.0,BBB-,Baa3,1.7165156577509446,2.1769245441163596,1.9299959610147217,2026-07-31
CP-C-00216,CORPORATE,FL,,,,41108384.72606734,41372572.59512273,28108196.315642036,6224973.449671133,125.0,Manufacturing,7.0,BB+,Ba1,2.404078375762792,1.0398118613967748,0.8823308842247977,2026-07-31
CP-C-00217,CORPORATE,FL,,,,21224538.7476108,25329915.795506835,12410068.650610477,4449298.057128832,95.0,Transportation,4.0,BBB+,Baa1,0.9605429933830714,4.25376111898647,1.0647973668230009,2026-07-31
CP-C-00218,CORPORATE,VA,,,,4358842.815189722,7170797.577374719,5171491.389026889,425852.205245968,13.0,Construction,6.0,BBB-,Baa3,2.5866430160457115,2.6129563071953408,1.9197802177829422,2026-07-31
CP-C-00219,CORPORATE,NC,,,,134300415.50895658,133215911.21706487,74756444.37105481,9679744.614591,584.0,Technology,6.0,BBB-,Baa3,1.2787739677471428,1.8518641375329858,0.9890347376026917,2026-07-31
CP-C-00220,CORPORATE,GA,,,,9749165.837053064,16502230.237604225,8571196.711779526,1080758.3608635103,52.0,Construction,6.0,BBB-,Baa3,1.080716237533274,1.7970185836455332,1.468310749757317,2026-07-31
CP-C-00221,CORPORATE,GA,,,,17750661.278782286,28016987.326634392,19414666.819412276,1725300.9345916512,62.0,Technology,3.0,A,A2,2.256910423543578,6.0361200793290255,1.5188077396885882,2026-07-31
CP-C-00222,CORPORATE,GA,,,,27453628.26607279,32464503.580702905,22715914.746337514,3914754.102003775,105.0,Manufacturing,4.0,BBB+,Baa1,2.3301746675642074,3.1640902416740877,1.6486241912580786,2026-07-31
CP-C-00223,CORPORATE,GA,,,,121184913.60029653,158429121.51497754,63169858.18222151,8447819.998292979,513.0,Transportation,2.0,AA,Aa2,0.6631361189678631,5.212936479806462,1.833856835744068,2026-07-31
CP-C-00224,CORPORATE,CA,,,,157532593.0488626,210538825.6179268,163481772.63087928,23742056.786851536,733.0,Transportation,5.0,BBB,Baa2,3.474118378723755,4.119001735531451,1.3307028667376968,2026-07-31
CP-C-00225,CORPORATE,NC,,,,63411585.82476473,67990478.67954431,35047435.69984298,14728697.519359196,331.0,Construction,6.0,BBB-,Baa3,1.0638797308869832,1.2911205937278531,0.8249882073800081,2026-07-31
CP-C-00226,CORPORATE,TX,,,,20665812.43756208,25360154.293720543,14379247.869443955,3463461.2380736773,62.0,Manufacturing,7.0,BB+,Ba1,1.3094773157937412,2.557559487209557,0.5827784491257177,2026-07-31
CP-C-00227,CORPORATE,NC,,,,17550457.975140244,14249888.435600122,8828679.668947324,3170925.31684432,61.0,Hospitality,5.0,BBB,Baa2,1.6285444905303643,1.510757437846438,1.1957495430947755,2026-07-31
CP-C-00228,CORPORATE,FL,,,,149599189.49288955,129462841.99334505,70015717.77057087,26940225.018866405,526.0,Healthcare,6.0,BBB-,Baa3,1.1777814097144816,2.980804340213504,1.7382186768563925,2026-07-31
CP-C-00229,CORPORATE,GA,,,,38127202.78809218,35740977.78678687,19221260.282086715,3941261.660884303,192.0,Transportation,3.0,A,A2,1.163534441591869,3.4310168042074154,2.140931610526035,2026-07-31
CP-C-00230,CORPORATE,TX,,,,37415883.56766822,42549314.206563555,29210932.103570804,6199247.007897522,190.0,Hospitality,5.0,BBB,Baa2,2.1899906508913634,2.6743775611211995,1.9770343129194752,2026-07-31
CP-C-00231,CORPORATE,GA,,,,60448540.040603645,74819281.89348567,59778321.2318989,15002885.934254717,173.0,Healthcare,7.0,BB+,Ba1,3.9743685644074094,1.404662527880614,1.4940741904288672,2026-07-31
CP-C-00232,CORPORATE,VA,,,,95018823.79326366,137127267.3036615,90960745.47838615,8201591.744608029,575.0,Real Estate,3.0,A,A2,1.9702750365869404,3.188696815793243,2.2570478447763787,2026-07-31
CP-C-00233,CORPORATE,NY,,,,90804249.98816645,133606601.8307788,77501529.96941815,9014987.196330672,494.0,Healthcare,7.0,BB+,Ba1,1.3813640620749863,2.742211210681847,0.6672129955996865,2026-07-31
CP-C-00234,CORPORATE,GA,,,,17401433.886462603,14291058.044430848,7777008.142339015,1467363.7335107657,66.0,Hospitality,7.0,BB+,Ba1,1.1938821868468665,1.7591658516685615,1.2240227485189838,2026-07-31
CP-C-00235,CORPORATE,NY,,,,103534634.47500834,114676785.31859651,79893890.29709807,7537037.196510183,483.0,Transportation,5.0,BBB,Baa2,2.296930438013215,3.7001116134544647,1.1768882110678667,2026-07-31
CP-C-00236,CORPORATE,NC,,,,8784215.500857366,13595221.154826388,9275286.94464081,980823.0567259854,44.0,Retail,7.0,BB+,Ba1,2.3856971787781345,4.898509408656568,1.3654359351748737,2026-07-31
CP-C-00237,CORPORATE,VA,,,,24613791.424439155,19468762.83205615,9346844.683397295,5656347.933184125,153.0,Construction,4.0,BBB+,Baa1,0.923426226741,1.7231682316928902,1.5884096153060219,2026-07-31
CP-C-00238,CORPORATE,NY,,,,32820983.404632404,44473044.25725021,33541458.506444674,4281262.652636879,164.0,Hospitality,5.0,BBB,Baa2,3.0683067645490545,1.424983012078688,2.1713088674770082,2026-07-31
CP-C-00239,CORPORATE,TX,,,,29654714.508511372,41245146.480959,22795716.61864126,3437287.7819039198,84.0,Healthcare,3.0,A,A2,1.2355783776928875,1.4905120736771769,1.2221592327191886,2026-07-31
CP-C-00240,CORPORATE,VA,,,,85816898.2737543,113773380.65248321,47813392.69540579,13584534.510526108,416.0,Hospitality,7.0,BB+,Ba1,0.7248848002598138,1.5897924704510098,2.037364912464951,2026-07-31
CP-C-00241,CORPORATE,NC,,,,17361078.54899017,13006376.06868814,7743241.461671779,2416985.4078453667,67.0,Construction,8.0,BB,Ba2,1.4712223873866255,1.773117050137002,1.448150635903048,2026-07-31
CP-C-00242,CORPORATE,TX,,,,61564546.00517292,90714283.5006845,44910977.30267865,3909154.028382403,370.0,Manufacturing,4.0,BBB+,Baa1,0.9805182426903923,3.6962957248066175,1.9924384216066238,2026-07-31
CP-C-00243,CORPORATE,GA,,,,105849215.44373684,103638192.349272,80339391.99562323,19153731.878215995,679.0,Construction,8.0,BB,Ba2,3.448220113317614,1.0332051672846305,1.4408332928232166,2026-07-31
CP-C-00244,CORPORATE,VA,,,,77554988.807812,66579303.40416525,29487298.11169964,10702575.024313856,332.0,Transportation,4.0,BBB+,Baa1,0.7949771892675027,4.912877840895285,1.1509722233971293,2026-07-31
CP-C-00245,CORPORATE,FL,,,,43148670.23248808,70460767.84684475,33768891.012081265,10654491.79933776,161.0,Technology,6.0,BBB-,Baa3,0.9203369771504069,2.1709665634439608,2.027145793647325,2026-07-31
CP-C-00246,CORPORATE,NC,,,,65933078.046407335,82592995.47306527,35725351.12282472,5651815.712427495,218.0,Real Estate,6.0,BBB-,Baa3,0.7622604382641937,1.1018840758415844,2.031721898320009,2026-07-31
CP-C-00247,CORPORATE,GA,,,,219697886.64207953,234128496.97579217,150137189.5090157,50412205.617378026,843.0,Hospitality,3.0,A,A2,1.7875324725526376,2.7031291278454144,1.4625324800609583,2026-07-31
CP-C-00248,CORPORATE,VA,,,,27037590.9246909,43416063.214058824,30838935.620105855,3731371.6739891507,110.0,Manufacturing,7.0,BB+,Ba1,2.4519855896932374,2.190333814578977,2.578142980551343,2026-07-31
CP-C-00249,CORPORATE,FL,,,,220025352.56146556,341601763.87928164,241199685.8519343,54498109.79257246,1016.0,Retail,6.0,BBB-,Baa3,2.402337586939554,0.8341813932825498,1.9703600580699971,2026-07-31
CP-C-00250,CORPORATE,VA,,,,57847801.92841729,46019663.04834192,31950825.906400025,13341579.563748926,280.0,Construction,3.0,A,A2,2.2710353090340707,1.026532741585131,0.9445893611242858,2026-07-31
CP-C-00251,CORPORATE,GA,,,,52648411.26561539,84110839.9001943,49304907.10991792,7824587.371991975,223.0,Transportation,3.0,A,A2,1.4165661758587333,3.7939708650768296,2.45542258928555,2026-07-31
CP-C-00252,CORPORATE,NC,,,,56291907.0327316,63785095.53856583,39862008.142850146,5068940.688599454,366.0,Technology,3.0,A,A2,1.6662568456774076,8.866098860495557,1.2068479589778596,2026-07-31
CP-C-00253,CORPORATE,FL,,,,36668132.16988708,48393560.528317,33770008.10905613,8219417.451833444,125.0,Transportation,3.0,A,A2,2.309288956668096,2.8575019180163093,0.9215531573504565,2026-07-31
CP-C-00254,CORPORATE,TX,,,,37569071.46804186,31545618.286491804,17271913.6686466,6438119.498470747,129.0,Retail,5.0,BBB,Baa2,1.2100512187321708,3.150913348996983,1.5602412065417128,2026-07-31
CP-C-00255,CORPORATE,FL,,,,70279409.16051169,96891380.16224971,57410015.64099219,16552810.908319803,271.0,Hospitality,5.0,BBB,Baa2,1.538018061179073,2.5270828475460814,1.933262337052461,2026-07-31
CP-C-00256,CORPORATE,VA,,,,48972348.029134415,69020306.07265043,43015276.22095488,5051977.149487507,276.0,Real Estate,9.0,BB-,Ba3,1.7389132919258252,0.9737613714561086,1.5640728078285246,2026-07-31
CP-C-00257,CORPORATE,NC,,,,68291547.30944835,81243043.83809638,54330129.57135577,9142961.991647478,211.0,Construction,6.0,BBB-,Baa3,2.018738254537442,1.2274115928227665,1.741325245709919,2026-07-31
CP-C-00258,CORPORATE,NC,,,,78833942.39408788,118200318.81430136,71561630.54880637,15454456.104039658,442.0,Transportation,4.0,BBB+,Baa1,1.5343834316573235,2.452371658045896,2.0090496329060663,2026-07-31
CP-C-00259,CORPORATE,NC,,,,315764764.34544206,277978982.44378674,147833358.23197797,48378712.84637334,1512.0,Technology,4.0,BBB+,Baa1,1.135907251029684,5.03189436227779,1.2566968040962654,2026-07-31
CP-C-00260,CORPORATE,VA,,,,28981786.835099448,37198748.60688195,26981012.124130294,4901511.004509986,87.0,Manufacturing,7.0,BB+,Ba1,3.0884880125942535,1.0164579233872322,2.066857073452095,2026-07-31
CP-C-00261,CORPORATE,CA,,,,86365679.78785923,116799399.47092885,63197367.12468711,10161931.076930052,283.0,Technology,5.0,BBB,Baa2,1.1790106523660224,2.2104393971783414,1.3462429240433964,2026-07-31
CP-C-00262,CORPORATE,VA,,,,114909739.95062417,87980005.16686623,58583668.496041834,17591862.98678461,385.0,Hospitality,6.0,BBB-,Baa3,1.992890105731631,2.0333988928417686,1.7386061232313792,2026-07-31
CP-C-00263,CORPORATE,FL,,,,22606674.132639814,32078645.774232935,21783345.791690003,2776943.798283341,122.0,Retail,5.0,BBB,Baa2,2.1158534310439325,1.607361100262036,0.9281252326102277,2026-07-31
CP-C-00264,CORPORATE,CA,,,,84043580.10443084,70549449.65295494,30831058.539543096,18343380.485822793,382.0,Retail,3.0,A,A2,0.7762413752235869,2.2569747800168884,2.0034573957056314,2026-07-31
CP-C-00265,CORPORATE,VA,,,,23415406.096124653,18062121.977289487,12066434.092136752,4134099.2518946836,84.0,Manufacturing,5.0,BBB,Baa2,2.340937956059767,7.453539504671167,1.2690119813390408,2026-07-31
CP-C-00266,CORPORATE,NC,,,,107039063.90981694,177843826.57190076,89668640.5754248,10469002.193544406,598.0,Manufacturing,5.0,BBB,Baa2,1.0169373567185733,2.367418304310293,1.7126283043041592,2026-07-31
CP-C-00267,CORPORATE,CA,,,,46476758.90169329,70819745.01172249,47000746.192103714,4507910.288996206,180.0,Transportation,3.0,A,A2,1.9732460859518182,6.134987305768447,1.9885316377421587,2026-07-31
CP-C-00268,CORPORATE,GA,,,,47664211.634134315,45578728.904431865,30413463.282187838,4444430.204775717,266.0,Healthcare,5.0,BBB,Baa2,2.0054685516077044,6.235796634077626,2.06887401904914,2026-07-31
CP-C-00269,CORPORATE,FL,,,,23169379.965285044,25326399.364554297,18162209.961192925,1570271.667558556,126.0,Construction,6.0,BBB-,Baa3,2.535138162688912,4.902576064211036,1.638855948103429,2026-07-31
CP-C-00270,CORPORATE,VA,,,,92129731.23369795,99437428.10533284,62090066.55025235,12061276.02695242,468.0,Retail,7.0,BB+,Ba1,1.6625020875619538,3.1506055372823756,1.512243205944788,2026-07-31
CP-C-00271,CORPORATE,FL,,,,5266750.193435436,4615286.257609215,2010402.4021094947,1308973.6060225007,20.0,Hospitality,4.0,BBB+,Baa1,0.7717819732595409,1.778425054136648,1.7770833044503467,2026-07-31
CP-C-00272,CORPORATE,GA,,,,66123216.26410695,49588249.769678205,30584767.35966978,7705270.797187055,269.0,Hospitality,4.0,BBB+,Baa1,1.6094296139933761,1.3373112612048514,2.1412019510728983,2026-07-31
CP-C-00273,CORPORATE,VA,,,,11954785.172751354,19672923.48509575,9943566.446998322,792108.8205181207,61.0,Hospitality,4.0,BBB+,Baa1,1.0220168103670275,4.93041569069003,0.4,2026-07-31
CP-C-00274,CORPORATE,NY,,,,56068016.13069635,82174835.41295734,41556649.43039204,6667526.393772805,221.0,Transportation,6.0,BBB-,Baa3,1.0231045140280164,1.381180797469855,1.1838568559998817,2026-07-31
CP-C-00275,CORPORATE,GA,,,,57064966.66807613,91427658.99969737,71006871.11846146,8902111.939805588,228.0,Real Estate,6.0,BBB-,Baa3,3.477185676254329,1.4427256058698954,1.3176338917176684,2026-07-31
CP-C-00276,CORPORATE,FL,,,,617459913.5187647,810356826.42533,303472626.2716012,80283598.1053911,2094.0,Retail,4.0,BBB+,Baa1,0.5987020826049883,3.044037882191958,2.997462895868402,2026-07-31
CP-C-00277,CORPORATE,CA,,,,29905694.175200906,32724844.386891022,21566156.392042268,1977961.49250513,90.0,Technology,3.0,A,A2,1.9326785014508852,3.774454144524716,2.540908517086113,2026-07-31
CP-C-00278,CORPORATE,VA,,,,25995278.379358154,25055510.652297854,11478626.476163087,3056325.5836554025,94.0,Construction,4.0,BBB+,Baa1,0.8454536642759339,1.5937136947065902,1.6246701434591306,2026-07-31
CP-C-00279,CORPORATE,CA,,,,69999834.37657343,61257767.80402216,35710840.78244379,8447921.5510501,307.0,Hospitality,4.0,BBB+,Baa1,1.3978526948576009,3.7415617365743787,1.510310515442706,2026-07-31
CP-C-00280,CORPORATE,NC,,,,84764724.45771179,90690599.87852915,56274547.14218641,6083470.038828982,290.0,Retail,8.0,BB,Ba2,1.9122248602424048,3.3008183690035096,0.5668349000238935,2026-07-31
CP-C-00281,CORPORATE,FL,,,,31662518.734031618,52060320.5275117,24238511.968768664,4586759.050486714,97.0,Transportation,6.0,BBB-,Baa3,0.8712054760060409,4.411810496352483,2.0051413832954887,2026-07-31
CP-C-00282,CORPORATE,NY,,,,24354070.62620255,35484848.395353116,24043186.595303684,5873373.368797537,69.0,Manufacturing,6.0,BBB-,Baa3,2.1013718999454962,3.156023185970625,1.6031903917170292,2026-07-31
CP-C-00283,CORPORATE,CA,,,,71059491.13106072,90570553.76571721,69626497.48536457,6590454.099541649,256.0,Real Estate,9.0,BB-,Ba3,3.3244036662888634,2.2246098643211725,2.1097729863194035,2026-07-31
CP-C-00284,CORPORATE,NC,,,,7624361.684759865,8675569.565690415,4029388.7112405766,705572.5200193996,30.0,Hospitality,5.0,BBB,Baa2,0.8672474958398285,4.938235562839403,1.3903916982798579,2026-07-31
CP-C-00285,CORPORATE,CA,,,,53183320.79739846,39592595.678055726,19558213.485574454,9395545.266298998,155.0,Manufacturing,3.0,A,A2,0.9762324237237765,11.518581648734646,0.8568509779004978,2026-07-31
CP-C-00286,CORPORATE,TX,,,,65462021.74330528,88310090.64318709,46057448.29848448,12868983.76851653,200.0,Transportation,6.0,BBB-,Baa3,1.0900489470632808,1.1538679890532089,1.957860741702215,2026-07-31
CP-C-00287,CORPORATE,GA,,,,13641060.237718653,15117447.15664198,9636696.23315835,2986163.554989242,63.0,Construction,5.0,BBB,Baa2,1.7582802735784873,2.7046171780729487,1.157004182856177,2026-07-31
CP-C-00288,CORPORATE,CA,,,,20716395.500196755,33576008.682998426,24235251.8665237,2657469.856917923,80.0,Construction,3.0,A,A2,2.594570476749685,3.147222357259713,1.9034788055016814,2026-07-31
CP-C-00289,CORPORATE,CA,,,,335531722.8512032,324640746.2125088,222185913.4471179,37170983.16808861,1912.0,Retail,7.0,BB+,Ba1,2.168623064915802,2.498277246552261,0.8014055759029712,2026-07-31
CP-C-00290,CORPORATE,GA,,,,30342978.564011283,44103926.70147007,29745255.07010186,2308406.367122869,125.0,Construction,6.0,BBB-,Baa3,2.0715882244371304,1.8840545214374267,0.961312805781039,2026-07-31
CP-C-00291,CORPORATE,FL,,,,35549055.91321312,47208433.424628094,19330334.22717722,3866662.3757645176,225.0,Healthcare,5.0,BBB,Baa2,0.6933878127869191,2.0195778863272635,1.2368729976553188,2026-07-31
CP-C-00292,CORPORATE,VA,,,,158895676.15533745,264332425.26613885,162527926.14866003,29927839.657071486,625.0,Manufacturing,6.0,BBB-,Baa3,1.5964709571539524,2.265130668810368,1.445321110975225,2026-07-31
CP-C-00293,CORPORATE,FL,,,,22510086.201799057,35281645.98478656,19302415.72839439,2493744.4984554746,90.0,Real Estate,5.0,BBB,Baa2,1.2079690585016036,2.67749587525438,1.7997820612170177,2026-07-31
CP-C-00294,CORPORATE,NC,,,,28464212.106768206,43214290.02289339,23039502.03325165,4357401.2683879575,149.0,Technology,2.0,AA,Aa2,1.1419947533069856,2.4915747384047817,1.613286956722008,2026-07-31
CP-C-00295,CORPORATE,FL,,,,543778876.5068351,531299064.96792674,338958200.87243545,56066218.0212534,3485.0,Manufacturing,6.0,BBB-,Baa3,1.7622786632805878,1.8091785672645477,1.9096568090018557,2026-07-31
CP-C-00296,CORPORATE,FL,,,,16847398.946583625,21939997.493058775,14253698.053896502,2947607.4709357284,59.0,Hospitality,4.0,BBB+,Baa1,1.8544291914094369,6.262059372653637,1.6845198522608986,2026-07-31
CP-C-00297,CORPORATE,GA,,,,13286298.151130252,12390679.450058963,6244781.321316935,864358.8739204616,40.0,Construction,4.0,BBB+,Baa1,1.016089298993172,3.135714606730013,1.6286047505619343,2026-07-31
CP-C-00298,CORPORATE,GA,,,,85816188.63821004,89419357.95814002,38868623.97525533,20432910.93975833,368.0,Manufacturing,5.0,BBB,Baa2,0.7689032564475791,2.822193950936975,1.9986280528589828,2026-07-31
CP-C-00299,CORPORATE,NC,,,,67345955.71870157,77431284.360537,54743472.01428717,9763110.391038366,410.0,Transportation,3.0,A,A2,2.4129021863730267,3.082001236111469,1.7432047413793055,2026-07-31
CP-C-00300,CORPORATE,CA,,,,30617658.42755718,27359400.725713782,15752483.440697704,5579437.598231616,135.0,Healthcare,7.0,BB+,Ba1,1.4416222904193579,3.161268462260955,2.0191648739161536,2026-07-31
CP-C-00301,CORPORATE,TX,,,,74772650.97396724,68859879.00417192,51402070.97923281,15240849.712533738,357.0,Construction,5.0,BBB,Baa2,2.9443599623620025,9.801382949921766,2.2712350531954346,2026-07-31
CP-C-00302,CORPORATE,CA,,,,54618378.723308206,74548645.33958872,48609980.583808884,6695106.466069722,220.0,Retail,5.0,BBB,Baa2,1.8740355774472657,2.207519969572318,1.979134723826672,2026-07-31
CP-C-00303,CORPORATE,GA,,,,46673973.15188131,49090828.89429365,34675660.31966941,4554968.544305326,139.0,Technology,7.0,BB+,Ba1,2.4054980793433627,3.5461832950587007,2.135504945998838,2026-07-31
CP-C-00304,CORPORATE,GA,,,,28069036.547386844,30854477.03612033,17230902.65249107,3634408.6491038245,181.0,Healthcare,4.0,BBB+,Baa1,1.2647857432478624,3.873991908604454,1.199074105643787,2026-07-31
CP-C-00305,CORPORATE,FL,,,,45403513.17164138,45726792.62503172,24477911.741463594,9553130.079313627,239.0,Real Estate,6.0,BBB-,Baa3,1.1519623963063628,2.4374523040103826,1.313479527089588,2026-07-31
CP-C-00306,CORPORATE,CA,,,,19194358.839147855,28716180.715004217,14850123.194292093,3638083.1862514317,63.0,Healthcare,4.0,BBB+,Baa1,1.070969392136881,1.6695416165795398,2.0115195628197085,2026-07-31
CP-C-00307,CORPORATE,NY,,,,181732224.96148467,274775451.80883324,191448376.9906862,12206994.585373731,682.0,Healthcare,6.0,BBB-,Baa3,2.29755307513798,2.9697362729294454,2.5174203658584045,2026-07-31
CP-C-00308,CORPORATE,VA,,,,23943078.899909116,38187926.739585966,23452284.7195546,5768096.751702679,81.0,Construction,4.0,BBB+,Baa1,1.5915346401381076,1.822880401942066,1.6741904112923658,2026-07-31
CP-C-00309,CORPORATE,FL,,,,110729887.21012866,100886580.6313891,50561010.993632324,19993741.33051326,683.0,Transportation,4.0,BBB+,Baa1,1.004678364449131,2.27123292350535,0.4,2026-07-31
CP-C-00310,CORPORATE,GA,,,,35604037.60846139,58888581.60348294,35518376.65531457,3185283.2328816624,165.0,Transportation,5.0,BBB,Baa2,1.5198145131413714,3.291741267819139,1.0645924291685116,2026-07-31
CP-C-00311,CORPORATE,VA,,,,185994844.632306,136248124.23613423,77931372.18755402,40894075.4460324,882.0,Real Estate,4.0,BBB+,Baa1,1.3363462375722512,4.138752339114091,1.5306765611733217,2026-07-31
CP-C-00312,CORPORATE,GA,,,,103569237.96958503,141719368.79700682,104894074.3302584,15948926.21023501,376.0,Hospitality,6.0,BBB-,Baa3,2.848424591009666,1.0996068472984886,1.45595003027663,2026-07-31
CP-C-00313,CORPORATE,NY,,,,41587307.28435496,46876078.08168965,31277538.535704702,5245206.5732091665,120.0,Manufacturing,8.0,BB,Ba2,2.005158139548745,2.0244416322892183,2.0867470882130124,2026-07-31
CP-C-00314,CORPORATE,TX,,,,74681560.8093569,68101627.8073732,31115059.30263766,18166845.037873868,215.0,Transportation,2.0,AA,Aa2,0.8412529347958808,2.683004065273351,1.3738329037314858,2026-07-31
CP-C-00315,CORPORATE,VA,,,,54846382.86948307,78509931.9012809,36833826.18760589,6245275.937992574,218.0,Manufacturing,5.0,BBB,Baa2,1.0180059310573044,3.6168608352969573,1.6632391005738325,2026-07-31
CP-C-00316,CORPORATE,TX,,,,215158182.43910074,208978136.51292533,127518297.71426284,42012771.712995164,725.0,Real Estate,6.0,BBB-,Baa3,1.5654130869254381,4.675324386610593,2.2012251296642904,2026-07-31
CP-C-00317,CORPORATE,NC,,,,27079451.682456587,33112611.848129705,17189798.711102024,6350814.353512704,115.0,Transportation,5.0,BBB,Baa2,1.0795704605191923,1.7463184088904522,1.091194408308246,2026-07-31
CP-C-00318,CORPORATE,NC,,,,105620483.71828163,148065023.84801313,93142534.17703852,16046659.288103014,362.0,Transportation,5.0,BBB,Baa2,1.6958906039225385,1.5659863833775356,1.5899432987218065,2026-07-31
CP-C-00319,CORPORATE,VA,,,,43633247.26379865,46112744.07191943,30130489.98883915,6806487.217107412,229.0,Retail,3.0,A,A2,2.05485179969672,5.5891327432430185,2.186248832314865,2026-07-31
CP-C-00320,CORPORATE,NC,,,,669442498.3992779,1042485361.6639509,705339934.9785317,93976601.89390986,4329.0,Transportation,7.0,BB+,Ba1,2.092094031685218,2.8141284966086877,2.182955907051599,2026-07-31
CP-C-00321,CORPORATE,GA,,,,32046486.167679284,32257743.39666417,22883720.925637636,2715412.270371825,102.0,Real Estate,5.0,BBB,Baa2,2.441184773811586,2.683304679499059,1.344795127321564,2026-07-31
CP-C-00322,CORPORATE,TX,,,,14039354.879529586,23097473.58991097,16881000.830841526,3025579.965984295,54.0,Manufacturing,4.0,BBB+,Baa1,2.715527194454961,1.8710232692796642,1.4431429743019668,2026-07-31
CP-C-00323,CORPORATE,NC,,,,23712534.519109454,20372217.40678672,13069463.017944507,5540642.161351244,72.0,Hospitality,5.0,BBB,Baa2,1.9377316645802307,1.5600814942133943,1.5585873548656162,2026-07-31
CP-C-00324,CORPORATE,GA,,,,84506179.97317576,117106365.78308411,34896160.46666123,10177689.373026991,337.0,Retail,5.0,BBB,Baa2,0.4244748000853141,1.498570966566883,2.094541379020863,2026-07-31
CP-C-00325,CORPORATE,CA,,,,14457517.841666112,22541055.48631549,15885881.440278238,1327875.4726308573,44.0,Healthcare,5.0,BBB,Baa2,2.386997143934546,5.336974759866403,2.3527216328198173,2026-07-31
CP-C-00326,CORPORATE,CA,,,,98440454.93473087,138009153.47202256,111890596.69444466,13954529.566807799,282.0,Healthcare,5.0,BBB,Baa2,4.283950206257177,5.185763234677419,2.0286780993389977,2026-07-31
CP-C-00327,CORPORATE,NY,,,,28922754.187064275,38519702.83029277,21973506.781068053,2305148.6649766015,135.0,Hospitality,5.0,BBB,Baa2,1.4086480399096832,3.6088669927914614,2.096854975437785,2026-07-31
CP-C-00328,CORPORATE,FL,,,,41768635.952512614,45512659.50538274,28401432.148043707,9806484.182599148,183.0,Construction,5.0,BBB,Baa2,1.659812680582628,5.327321657652964,2.1351528487256974,2026-07-31
CP-C-00329,CORPORATE,VA,,,,32417318.2872005,31681606.099880066,22179591.40025408,2478468.673158697,144.0,Construction,4.0,BBB+,Baa1,2.334198809556368,1.9192851696422888,1.4757499988986744,2026-07-31
CP-C-00330,CORPORATE,CA,,,,51251358.10462185,49264519.65425041,31466431.87073432,7961998.303070252,180.0,Healthcare,6.0,BBB-,Baa3,1.9900054757979695,8.53548884165316,2.75767267544232,2026-07-31
CP-C-00331,CORPORATE,GA,,,,47207494.22600197,79763136.8090727,57345036.29769081,6250148.587604694,238.0,Technology,5.0,BBB,Baa2,2.5579792662886924,2.029184179914587,1.991999796198199,2026-07-31
CP-C-00332,CORPORATE,CA,,,,15439417.119128656,25050551.022417244,17195861.427081905,3139080.840446735,45.0,Healthcare,5.0,BBB,Baa2,2.189247737720152,4.582179287772925,0.8427406588674708,2026-07-31
CP-C-00333,CORPORATE,FL,,,,138539855.85073876,108836577.22621474,70011858.52516457,34389393.78047138,422.0,Healthcare,6.0,BBB-,Baa3,1.8032805096221052,7.265744700284821,1.938303730351798,2026-07-31
CP-C-00334,CORPORATE,GA,,,,47944113.59701518,43769315.322739154,19743334.207128037,5859481.118741358,279.0,Healthcare,2.0,AA,Aa2,0.9262289105759078,2.028081647155633,1.5398428584517758,2026-07-31
CP-C-00335,CORPORATE,VA,,,,28939327.91052803,41363449.17409447,20503632.2112126,6054518.799070057,131.0,Technology,7.0,BB+,Ba1,1.1120015892223991,1.7656395143959396,0.9213603466947026,2026-07-31
CP-C-00336,CORPORATE,VA,,,,55102437.20963348,75282788.1147493,39803608.05788748,7105716.906302816,297.0,Construction,5.0,BBB,Baa2,1.1983965449153837,7.073338961148795,0.9774584953451646,2026-07-31
CP-C-00337,CORPORATE,NY,,,,21964564.207966797,21584686.857350998,15734316.75185705,3381411.568393634,132.0,Technology,7.0,BB+,Ba1,2.689456644303805,2.0998260230223798,1.5142682323599397,2026-07-31
CP-C-00338,CORPORATE,CA,,,,42794563.12879498,45430199.75319982,24199435.797336504,6603826.415826797,190.0,Construction,2.0,AA,Aa2,1.1398287808976055,1.3822117951594222,1.4534312811244974,2026-07-31
CP-C-00339,CORPORATE,TX,,,,106060908.00529093,126564738.20503575,68569269.35185856,19471944.29651681,333.0,Retail,6.0,BBB-,Baa3,1.1823211486650842,2.09391357786091,2.7555320731256767,2026-07-31
CP-C-00340,CORPORATE,TX,,,,33950584.641362436,57374007.5866095,44487744.93164256,7309183.633088983,107.0,Healthcare,7.0,BB+,Ba1,3.452338829559322,1.7835269125667716,2.2017030617458064,2026-07-31
CP-C-00341,CORPORATE,VA,,,,38600572.64160162,42693354.11032635,31582972.570095807,9583376.519418012,151.0,Retail,5.0,BBB,Baa2,2.842654183903072,2.7482763271051978,1.5613492600416619,2026-07-31
CP-C-00342,CORPORATE,VA,,,,25852230.505926803,38863629.621822625,21457295.79711332,6184787.879134474,152.0,Technology,3.0,A,A2,1.2327291900292894,1.566164662042342,1.3977793455543432,2026-07-31
CP-C-00343,CORPORATE,NY,,,,31468499.936877854,44993353.9066295,35030655.43604587,7801316.45616615,110.0,Transportation,6.0,BBB-,Baa3,3.516181438139391,7.638873677437067,1.3494215196286405,2026-07-31
CP-C-00344,CORPORATE,TX,,,,15900800.38738379,18918560.248093065,9772178.360193413,1368378.6979156837,46.0,Hospitality,5.0,BBB,Baa2,1.0684201119047592,1.000703377070673,1.586125346673266,2026-07-31
CP-C-00345,CORPORATE,NY,,,,20863891.98258874,26578879.43201648,16658814.947449518,1806343.638951652,67.0,Retail,4.0,BBB+,Baa1,1.6793051066720683,4.42137715753338,1.571416017889381,2026-07-31
CP-C-00346,CORPORATE,TX,,,,15889145.730261335,12089284.43633282,6642925.436462497,1304807.9582766003,77.0,Construction,7.0,BB+,Ba1,1.21970025050142,3.0322185311108787,1.58998510395709,2026-07-31
CP-C-00347,CORPORATE,TX,,,,28063173.10823867,26698490.773074366,19319874.698453933,6382092.098936608,102.0,Retail,7.0,BB+,Ba1,2.618360205094122,2.285947328885232,1.7626846185733764,2026-07-31
CP-C-00348,CORPORATE,NC,,,,206810184.92452458,223734916.2188893,147139482.94943517,43689378.37040612,618.0,Real Estate,4.0,BBB+,Baa1,1.9209955041551243,1.3783527391212598,1.8272185847275069,2026-07-31
CP-C-00349,CORPORATE,NY,,,,22671126.209520854,26215521.797509205,18075247.76481769,3631145.1289907754,89.0,Construction,6.0,BBB-,Baa3,2.220471656387377,1.0629293797783848,1.5332656092670938,2026-07-31
CP-C-00350,CORPORATE,CA,,,,347472120.71205264,292295487.69065994,175606686.30174047,32942619.719716176,1738.0,Real Estate,6.0,BBB-,Baa3,1.5049146465773515,1.6852965335876169,2.1503260966791196,2026-07-31
CP-C-00351,CORPORATE,NC,,,,19105932.209783886,20488301.14146591,11176937.952263385,3818053.8514114777,66.0,Manufacturing,3.0,A,A2,1.2003546339191433,1.7637650429730691,1.3289496782309016,2026-07-31
CP-C-00352,CORPORATE,GA,,,,123489272.3197245,143184013.350967,90125468.211546,12094351.303661251,436.0,Real Estate,4.0,BBB+,Baa1,1.698604211154394,0.8941552200752783,1.7856444084115726,2026-07-31
CP-C-00353,CORPORATE,VA,,,,21323848.215632003,31849316.675403055,18638931.016662374,2464204.12427985,106.0,Technology,5.0,BBB,Baa2,1.5053079560580003,1.5969616692812665,1.809246190170062,2026-07-31
CP-C-00354,CORPORATE,CA,,,,233444922.20844272,395884341.3155987,152486439.32668537,30252587.435393598,732.0,Real Estate,5.0,BBB,Baa2,0.6264903603550004,1.9904674364526689,1.7136764130858846,2026-07-31
CP-C-00355,CORPORATE,VA,,,,16274262.570928112,26368242.822245598,20426027.90094908,3074392.1024831706,82.0,Technology,6.0,BBB-,Baa3,3.43744347376994,1.3130711744316594,1.0490576457038663,2026-07-31
CP-C-00356,CORPORATE,CA,,,,67618121.09981164,70478283.3399313,45982867.49672069,8297629.298261911,278.0,Real Estate,7.0,BB+,Ba1,1.8772029750809776,1.1012666313186046,1.8384763410286986,2026-07-31
CP-C-00357,CORPORATE,NY,,,,40278816.83633767,38135911.51408843,26126084.06037545,2899872.170827257,149.0,Technology,8.0,BB,Ba2,2.5189004617199253,1.8020838590797956,1.5480056043996175,2026-07-31
CP-C-00358,CORPORATE,TX,,,,19958132.68805959,17326813.096061222,10090715.184146404,2138723.502783429,75.0,Transportation,7.0,BB+,Ba1,1.3944967725673294,1.9127410472677056,2.6744978258049623,2026-07-31
CP-C-00359,CORPORATE,TX,,,,57949435.39193513,42264588.135193296,31972290.256651334,3489796.1192642706,285.0,Retail,5.0,BBB,Baa2,3.10642877168462,5.30056580575409,2.3607784455848266,2026-07-31
CP-C-00360,CORPORATE,GA,,,,12979381.478969924,9127906.288392019,4632770.25518855,1241478.5961769982,51.0,Healthcare,5.0,BBB,Baa2,1.076910505073653,2.078335010293453,1.6080278021855046,2026-07-31
CP-C-00361,CORPORATE,CA,,,,124818177.49419948,190078782.94218317,101709666.32739787,29273592.130377773,404.0,Hospitality,5.0,BBB,Baa2,1.1509639365386675,1.699938542209297,1.08152976125074,2026-07-31
CP-C-00362,CORPORATE,NC,,,,32296992.73438508,43358034.37323946,31508644.913247894,3558963.1967893178,197.0,Manufacturing,6.0,BBB-,Baa3,2.6590943794728075,1.5995652402118512,1.43162113915638,2026-07-31
CP-C-00363,CORPORATE,TX,,,,18667500.50926572,25892009.632465202,17947986.508751713,3402167.3282626295,107.0,Construction,5.0,BBB,Baa2,2.2593069316698813,2.420445590196308,1.9559563223778649,2026-07-31
CP-C-00364,CORPORATE,CA,,,,125372132.05544175,176692211.88936988,108033470.19219226,24523144.44268783,394.0,Healthcare,4.0,BBB+,Baa1,1.5734845632429233,1.404162999194451,2.4374978644555,2026-07-31
CP-C-00365,CORPORATE,VA,,,,27808415.24049801,28219602.347690288,20548909.29032365,5534117.333882675,111.0,Hospitality,5.0,BBB,Baa2,2.678885615242975,1.4412378127420817,1.3388992860392548,2026-07-31
CP-C-00366,CORPORATE,NC,,,,90348037.25121102,75419768.6873088,52451375.34933274,9296234.733468506,568.0,Technology,6.0,BBB-,Baa3,2.2836327546955304,2.425844406195966,2.114749820912174,2026-07-31
CP-C-00367,CORPORATE,VA,,,,36483658.35487201,34677734.37584141,15725032.17795021,5594809.105419951,171.0,Retail,5.0,BBB,Baa2,0.8296986895989893,5.391077367501444,0.944767201729626,2026-07-31
CP-C-00368,CORPORATE,NY,,,,50645997.23844349,68214918.73461325,39510897.369397216,5533416.1798184095,151.0,Healthcare,2.0,AA,Aa2,1.456586977188506,1.3003178100401613,2.2009350518961064,2026-07-31
CP-C-00369,CORPORATE,CA,,,,24328908.000735756,29875687.70740777,15155266.836388478,4203775.940000078,97.0,Transportation,5.0,BBB,Baa2,1.0809090024615162,3.6275019697656705,1.2986601409826837,2026-07-31
CP-C-00370,CORPORATE,NY,,,,85542824.92207332,64056236.89490733,46307525.303234115,18316426.613430947,427.0,Technology,2.0,AA,Aa2,2.6090640474973528,5.953375214174869,1.131601517357015,2026-07-31
CP-C-00371,CORPORATE,TX,,,,66744334.59959964,108119384.37451169,59189618.54744563,9896404.32733202,253.0,Healthcare,6.0,BBB-,Baa3,1.2831902161934963,3.2497960370837466,1.63706084060032,2026-07-31
CP-C-00372,CORPORATE,NC,,,,71474207.45494156,72847924.44695443,40529400.37160029,15374149.392650979,288.0,Transportation,4.0,BBB+,Baa1,1.2540609922996977,1.664076419128298,1.0829789010487378,2026-07-31
CP-C-00373,CORPORATE,GA,,,,20766549.58821782,25522226.517982803,16710859.832247484,2472096.418915981,130.0,Transportation,5.0,BBB,Baa2,1.896511679544629,3.567089324257696,1.3289593687496115,2026-07-31
CP-C-00374,CORPORATE,TX,,,,150763386.75334433,180318419.7327637,96536348.53786735,10404060.018498736,435.0,Healthcare,7.0,BB+,Ba1,1.3814904421722711,2.4676040205046585,1.2813554911855236,2026-07-31
CP-C-00375,CORPORATE,TX,,,,59147483.1857403,77412788.15066607,38106765.91909665,10504852.92231115,228.0,Real Estate,5.0,BBB,Baa2,0.9694892475914397,2.3506181805672375,2.5575558018591957,2026-07-31
CP-C-00376,CORPORATE,NC,,,,38499260.78884358,39289337.00127248,27211087.5078322,6627590.385192359,149.0,Construction,6.0,BBB-,Baa3,2.2528999357572967,2.304536500633583,2.085148163048012,2026-07-31
CP-C-00377,CORPORATE,CA,,,,69059915.00899959,96368413.14587146,78635368.94194967,4513240.368770712,217.0,Real Estate,8.0,BB,Ba2,4.880719285135383,1.0636502960378018,1.8602052608121018,2026-07-31
CP-C-00378,CORPORATE,TX,,,,23697341.43883905,24863247.46239062,12623410.870850474,2905366.726673812,100.0,Hospitality,2.0,AA,Aa2,1.031338186293716,4.074231058776854,2.3434844754451274,2026-07-31
CP-C-00379,CORPORATE,CA,,,,88691558.80621858,85126556.09753126,39901461.48147911,17610957.636241104,295.0,Real Estate,5.0,BBB,Baa2,0.8822858596589095,4.207083491428068,1.5855363835494138,2026-07-31
CP-C-00380,CORPORATE,GA,,,,60425506.88029322,101023460.87791742,52135994.5436506,12823031.618699739,238.0,Technology,4.0,BBB+,Baa1,1.2301783625678586,1.1639133852815788,1.6935346047206814,2026-07-31
CP-C-00381,CORPORATE,NY,,,,12590133.158987267,21352584.732451998,13486854.02612672,1246604.9973525293,53.0,Transportation,4.0,BBB+,Baa1,1.7146346003532993,4.080536216980304,1.673016969072743,2026-07-31
CP-C-00382,CORPORATE,FL,,,,15044666.699364716,11936476.480194017,5554134.53830952,1680320.7386033826,51.0,Technology,4.0,BBB+,Baa1,0.870234561056684,7.108952897662159,1.8683689824597147,2026-07-31
CP-C-00383,CORPORATE,TX,,,,129311131.48290603,192111746.7550736,148614762.65406832,24598599.623783544,406.0,Retail,5.0,BBB,Baa2,3.4166682064431604,3.467800025606854,1.128840646264094,2026-07-31
CP-C-00384,CORPORATE,NY,,,,13035362.39919173,18877136.428859018,14539352.401818456,854761.8438953764,79.0,Real Estate,7.0,BB+,Ba1,3.35179259990449,3.058413534855567,1.5790937369710745,2026-07-31
CP-C-00385,CORPORATE,GA,,,,30940794.242813658,41255186.160491705,27526327.429122876,4380200.861408431,96.0,Transportation,5.0,BBB,Baa2,2.004997499626714,1.315594651830505,1.4058012984899484,2026-07-31
CP-C-00386,CORPORATE,VA,,,,101788038.5380248,90584960.44175138,55290435.002825506,23827681.17648731,342.0,Healthcare,5.0,BBB,Baa2,1.5665442250668822,0.9348254564054455,1.4598407898516692,2026-07-31
CP-C-00387,CORPORATE,VA,,,,54641111.7579295,56237716.6350685,38325656.11461009,4697987.371006379,227.0,Technology,4.0,BBB+,Baa1,2.139656466146713,2.642472892287308,2.255873429478078,2026-07-31
CP-C-00388,CORPORATE,FL,,,,61560154.24635245,60277949.96135324,33852182.49966571,14648034.975461926,227.0,Healthcare,2.0,AA,Aa2,1.2810293040209748,6.809354155355246,1.6849367275533615,2026-07-31
CP-C-00389,CORPORATE,FL,,,,81509967.51715823,83022844.41485834,44564223.56794887,15106023.185618244,236.0,Retail,6.0,BBB-,Baa3,1.1587577137865577,1.5738224964552043,0.807122809808786,2026-07-31
CP-C-00390,CORPORATE,CA,,,,19138679.21793148,28211483.508430906,19188867.13993996,2478342.01797773,67.0,Healthcare,6.0,BBB-,Baa3,2.1267519704098135,2.656221305165103,1.3616703678040885,2026-07-31
CP-C-00391,CORPORATE,FL,,,,24563030.1536864,35611815.19422798,22805646.46750941,3401115.2786552454,100.0,Retail,5.0,BBB,Baa2,1.9599877324725834,1.9202710692030365,1.2824974834300222,2026-07-31
CP-C-00392,CORPORATE,FL,,,,64507293.42943889,85683944.61632317,50482809.26706155,16044655.374860857,352.0,Retail,6.0,BBB-,Baa3,1.4341244612191315,2.4266169777772895,2.014843051455111,2026-07-31
CP-C-00393,CORPORATE,TX,,,,80899967.60521284,97498948.4058098,63417543.47245565,5033017.018711259,279.0,Transportation,7.0,BB+,Ba1,1.8607667024428138,2.0366259712852224,0.5352534241984697,2026-07-31
CP-C-00394,CORPORATE,CA,,,,41032644.32080562,66171835.238131106,53178074.80974898,9599647.05254329,246.0,Real Estate,5.0,BBB,Baa2,4.092585445364428,2.0234957959438225,2.3628586920047505,2026-07-31
CP-C-00395,CORPORATE,TX,,,,33581883.183546826,26000913.442382224,14852475.038969044,2928613.205471516,147.0,Manufacturing,5.0,BBB,Baa2,1.3322471274920304,2.6961187526338755,1.9313596327486189,2026-07-31
CP-C-00396,CORPORATE,NY,,,,24339008.034208056,32186644.145615716,23112531.04465868,2327250.3252665508,112.0,Real Estate,4.0,BBB+,Baa1,2.5470843031723978,1.9731425602745893,1.6940006631006872,2026-07-31
CP-C-00397,CORPORATE,NC,,,,10362583.744475828,17370340.73592035,10214897.540140936,1947987.8313483386,64.0,Real Estate,7.0,BB+,Ba1,1.6008513860041342,3.510932406166638,1.5726714146450378,2026-07-31
CP-C-00398,CORPORATE,VA,,,,11765593.621523894,12910545.00076106,7975878.740381109,2318130.745609805,39.0,Hospitality,5.0,BBB,Baa2,1.6162954736004767,2.589705601301958,1.5584679383950517,2026-07-31
CP-C-00399,CORPORATE,GA,,,,65935558.670377836,91722057.08805187,51604269.00910387,4406163.994858694,224.0,Manufacturing,3.0,A,A2,1.2863188994256505,4.282447089136408,0.8582981275858756,2026-07-31
CP-C-00400,CORPORATE,NY,,,,70528380.77565949,110618213.68459105,67838822.4633053,14945092.661739329,390.0,Technology,6.0,BBB-,Baa3,1.5857827922887953,6.1485059778476785,2.439691860754695,2026-07-31
CP-C-00401,CORPORATE,FL,,,,15865871.23566421,22916292.15888512,13990453.065676168,3095993.019223376,54.0,Healthcare,6.0,BBB-,Baa3,1.5674104047338835,2.4922643813849867,1.6791639784167418,2026-07-31
CP-C-00402,CORPORATE,CA,,,,44089113.37693293,50324942.6278447,32924062.598141562,7452779.051018686,152.0,Construction,7.0,BB+,Ba1,1.8920918104107667,4.330366373613766,2.16864844691824,2026-07-31
CP-C-00403,CORPORATE,CA,,,,59131207.85817486,78535934.30850714,51920353.626473375,14413877.766752917,348.0,Retail,5.0,BBB,Baa2,2.113512930385007,1.0594646201556353,1.7666431001616876,2026-07-31
CP-C-00404,CORPORATE,CA,,,,22533440.046678104,16563377.33646308,9700273.825232752,3886754.0992278657,120.0,Construction,3.0,A,A2,1.4133946558375323,10.054880061517531,2.089488550726144,2026-07-31
CP-C-00405,CORPORATE,VA,,,,42033330.39449679,29996624.35916614,12567460.055088982,8719940.667277087,151.0,Manufacturing,2.0,AA,Aa2,0.7210592450579577,2.7400586706599572,1.6669341804347362,2026-07-31
CP-C-00406,CORPORATE,GA,,,,20839498.589491878,27342686.177501243,16051808.572001692,1885335.6787825953,133.0,Real Estate,4.0,BBB+,Baa1,1.421661728418984,3.405866362931983,1.4370076209292664,2026-07-31
CP-C-00407,CORPORATE,NY,,,,35786418.38572113,45043286.89299583,34617080.13060554,6896932.077450245,177.0,Hospitality,7.0,BB+,Ba1,3.320198891074869,1.6061402790100325,1.4007114342352243,2026-07-31
CP-C-00408,CORPORATE,CA,,,,93104026.58236961,142091821.11226273,89515940.90168366,8350080.323265907,492.0,Hospitality,4.0,BBB+,Baa1,1.7026047028247695,1.9210409111802016,2.1886954973971924,2026-07-31
CP-C-00409,CORPORATE,NY,,,,42804844.53038668,33021860.349755935,22463132.65852586,3092379.7693201564,135.0,Real Estate,6.0,BBB-,Baa3,2.127446915520268,1.1296436219254913,0.9563274421301555,2026-07-31
CP-C-00410,CORPORATE,CA,,,,29886530.5566587,21657439.66141595,13261246.33757384,1898230.1815608533,90.0,Technology,6.0,BBB-,Baa3,1.5794355639616777,4.444897498997093,0.6480804203074115,2026-07-31
CP-C-00411,CORPORATE,VA,,,,63319171.136344746,100610930.47581328,38125914.41366481,8744419.054806098,189.0,Healthcare,5.0,BBB,Baa2,0.6101609124296974,1.7614756153742315,1.2307659817685557,2026-07-31
CP-C-00412,CORPORATE,NC,,,,55666905.11838475,56243892.78554722,35822468.81164384,5635568.641647851,257.0,Manufacturing,7.0,BB+,Ba1,1.7541611621903306,1.4104852929859717,1.8192773867846144,2026-07-31
CP-C-00413,CORPORATE,NC,,,,17674364.15028265,21711559.3768666,18736636.602494527,1617795.8866020266,87.0,Construction,10.0,B+,B1,6.298192599789193,1.0486424759423993,1.8219694716848849,2026-07-31
CP-C-00414,CORPORATE,FL,,,,18539738.859147653,17849341.126635842,11228441.27494872,3928045.5621226584,68.0,Manufacturing,5.0,BBB,Baa2,1.695908641797008,3.1556674607620367,1.7039273092118001,2026-07-31
CP-C-00415,CORPORATE,GA,,,,95318183.10804617,135457072.37952027,65713033.5573716,16747967.530769372,542.0,Healthcare,1.0,AAA,Aaa,0.9422028701971739,6.992854718675711,2.062866862529776,2026-07-31
CP-C-00416,CORPORATE,TX,,,,38375034.36936085,33619702.18566426,15626033.815493958,3779733.276544386,134.0,Technology,5.0,BBB,Baa2,0.9091529972563754,1.3197767024401943,1.8413066439474528,2026-07-31
CP-C-00417,CORPORATE,FL,,,,57901995.994058244,75633977.25873303,51269810.52647825,12139245.314663995,219.0,Technology,3.0,A,A2,2.104312086265775,1.7112877036432745,1.7279870669206365,2026-07-31
CP-C-00418,CORPORATE,GA,,,,77509017.56309144,79827983.49911809,37399799.32720065,7980864.435604771,261.0,Manufacturing,6.0,BBB-,Baa3,0.881484797361538,1.089729902085116,1.4314400048790277,2026-07-31
CP-C-00419,CORPORATE,FL,,,,116896394.11977227,109643803.40877992,61006931.10536046,12832373.710444584,740.0,Manufacturing,7.0,BB+,Ba1,1.2543349976283589,1.6184321966365411,2.5125696291355752,2026-07-31
CP-C-00420,CORPORATE,VA,,,,24219065.98551628,24244402.319559067,12035361.806927467,5856360.5295096105,98.0,Healthcare,5.0,BBB,Baa2,0.9857745819153892,3.7680445237645888,0.9854357528091553,2026-07-31
CP-C-00421,CORPORATE,FL,,,,27585397.190539673,27377103.374760266,17282520.192604944,6150853.346450157,135.0,Retail,6.0,BBB-,Baa3,1.7871970173117417,0.6371910933219044,1.9349212084636997,2026-07-31
CP-C-00422,CORPORATE,NY,,,,57568955.31625269,43090580.65697998,23935684.83824631,5794775.405078632,189.0,Healthcare,7.0,BB+,Ba1,1.3666657762255223,1.3374570239744312,1.9908936881246122,2026-07-31
CP-C-00423,CORPORATE,NY,,,,114702509.8373451,125320882.87441291,64805118.014257826,24777483.538380004,387.0,Construction,5.0,BBB,Baa2,1.0708799296185867,2.3249577446715604,1.1604436105553613,2026-07-31
CP-C-00424,CORPORATE,NY,,,,43327174.23052276,72073322.6113406,48184643.168874554,7121998.946831339,281.0,Retail,5.0,BBB,Baa2,2.0170492590401823,1.196248147378019,1.956387005650225,2026-07-31
CP-C-00425,CORPORATE,FL,,,,44175986.37233487,35737718.896854065,20924846.810244214,7404444.650413524,148.0,Retail,4.0,BBB+,Baa1,1.4126124014234418,2.608292145741636,1.6488568439501714,2026-07-31
CP-C-00426,CORPORATE,VA,,,,25734307.4371811,33220473.142385963,24706693.47372803,2833210.0774389603,77.0,Technology,6.0,BBB-,Baa3,2.901965335640717,1.443172087550333,1.9287753410417723,2026-07-31
CP-C-00427,CORPORATE,TX,,,,473494482.2529542,394970584.5311436,243482122.18326473,76995202.5756475,2040.0,Hospitality,5.0,BBB,Baa2,1.6072651237566278,4.56272968339674,1.5586570282223124,2026-07-31
CP-C-00428,CORPORATE,FL,,,,169980717.37025318,252779291.06230998,147895015.74447727,26191756.16460255,782.0,Technology,5.0,BBB,Baa2,1.4100780626677196,3.4946455775652607,1.2612243218519585,2026-07-31
CP-C-00429,CORPORATE,NC,,,,65029748.00876778,101069709.55313736,52560550.84051606,8731901.259434339,211.0,Technology,4.0,BBB+,Baa1,1.083518086798744,4.212904128710599,1.7371556732258728,2026-07-31
CP-C-00430,CORPORATE,CA,,,,56291062.79984351,65419054.13587848,41641965.83469151,8477557.309978938,169.0,Healthcare,6.0,BBB-,Baa3,1.979607145257438,2.2893666822739562,1.7106106012322677,2026-07-31
CP-C-00431,CORPORATE,TX,,,,19406739.33267927,29868068.24006735,15642817.728303831,3315061.8515631505,119.0,Hospitality,5.0,BBB,Baa2,1.0996514764620882,2.469201102316989,2.276767501468349,2026-07-31
CP-C-00432,CORPORATE,CA,,,,30391503.708248723,43259028.90184712,29323424.28800687,2496786.491048923,110.0,Manufacturing,5.0,BBB,Baa2,2.1042089741039356,2.114717060916397,1.8678135593965768,2026-07-31
CP-C-00433,CORPORATE,TX,,,,64009065.336420655,71032279.7845674,35538470.851186626,6085709.245059794,211.0,Real Estate,4.0,BBB+,Baa1,1.0012583016347911,1.2546988312995764,1.8410075089948048,2026-07-31
CP-C-00434,CORPORATE,FL,,,,17521458.34526515,22342498.743454568,14864090.188747087,2110730.955506681,50.0,Manufacturing,6.0,BBB-,Baa3,2.0329577255981226,3.162684744357649,1.2113735343991683,2026-07-31
CP-C-00435,CORPORATE,FL,,,,23971178.981950004,27722377.012615267,15135278.978135971,2953358.245183985,75.0,Construction,6.0,BBB-,Baa3,1.3887988995020562,2.3051294471729356,2.030904354092388,2026-07-31
CP-C-00436,CORPORATE,VA,,,,148574740.87702018,137657547.38402414,92108523.29603893,18864357.764576174,589.0,Retail,8.0,BB,Ba2,2.0221843418229244,2.508885474065521,1.3471480122012884,2026-07-31
CP-C-00437,CORPORATE,GA,,,,21675420.18002194,20368888.88075695,13794428.485753246,4460779.204561808,80.0,Manufacturing,4.0,BBB+,Baa1,2.098184133291973,1.163778001756377,1.0582534969357407,2026-07-31
CP-C-00438,CORPORATE,NC,,,,121713205.90611291,182514789.77486408,76870570.12064491,21801163.52817178,749.0,Technology,4.0,BBB+,Baa1,0.7276363096083024,2.8928089647997965,1.7316667671521693,2026-07-31
CP-C-00439,CORPORATE,CA,,,,46535317.12429316,45619304.6768472,30798351.569789354,11320576.827824177,236.0,Healthcare,6.0,BBB-,Baa3,2.0780277319090197,2.288668832005809,1.5107839368802887,2026-07-31
CP-C-00440,CORPORATE,NY,,,,45394292.97475832,62540190.27040542,45675682.7101235,7103092.234270023,133.0,Hospitality,5.0,BBB,Baa2,2.81953875677678,3.3313488030359597,1.9880607210221743,2026-07-31
CP-C-00441,CORPORATE,NC,,,,14851842.422881575,17216413.42038941,11228446.259408288,3361298.570041315,64.0,Technology,5.0,BBB,Baa2,1.8751683096352385,2.132502561594581,1.9181023753289006,2026-07-31
CP-C-00442,CORPORATE,GA,,,,117855369.53807294,181387610.32262522,139113699.250643,22186665.710364733,410.0,Healthcare,6.0,BBB-,Baa3,3.2907695484755597,0.9169235875461157,1.0719649238420497,2026-07-31
CP-C-00443,CORPORATE,CA,,,,43475774.217376046,64516082.93186556,34357788.66524671,3284460.930041946,195.0,Real Estate,4.0,BBB+,Baa1,1.1392484058117354,2.693690426271369,1.5930924674315639,2026-07-31
CP-C-00444,CORPORATE,NY,,,,10942068.9950744,10932393.478867415,7291752.772727392,2140135.6743138293,31.0,Hospitality,7.0,BB+,Ba1,2.002876241104947,7.832397731426273,1.9620001213852856,2026-07-31
CP-C-00445,CORPORATE,VA,,,,20932167.460717544,31085125.64291934,16821224.225503713,1782352.6864609474,138.0,Manufacturing,7.0,BB+,Ba1,1.1792863490325094,2.4910624432257493,1.4513992466046244,2026-07-31
CP-C-00446,CORPORATE,NC,,,,61269166.19356014,102990238.90016228,54487942.21367098,13692560.630259447,178.0,Hospitality,6.0,BBB-,Baa3,1.1234095277151437,1.1922863628622375,1.5056587004780129,2026-07-31
CP-C-00447,CORPORATE,TX,,,,21095503.229784925,22277123.84868379,14589049.114148702,1544553.5341639735,98.0,Hospitality,6.0,BBB-,Baa3,1.8976206160710447,2.3881104878741977,1.7309732633011692,2026-07-31
CP-C-00448,CORPORATE,CA,,,,65153428.56768412,82979741.86248963,55472946.500309736,9285366.442098908,226.0,Technology,5.0,BBB,Baa2,2.0166997198292878,1.8644055937708817,2.375539621035898,2026-07-31
CP-C-00449,CORPORATE,NY,,,,13007889.192522105,16968631.265329976,9283284.777381405,1912544.8852189758,62.0,Transportation,6.0,BBB-,Baa3,1.2079201363189767,3.3642518817920313,1.4319457047334825,2026-07-31
CP-C-00450,CORPORATE,FL,,,,41402136.0028717,56342407.4212616,27261400.012839545,5421425.9618273415,247.0,Real Estate,8.0,BB,Ba2,0.9620363764114424,3.2592992362711164,1.744304680871461,2026-07-31
CP-C-00451,CORPORATE,CA,,,,11797225.186462423,9876690.719207564,6739903.511593912,1918789.8328103533,45.0,Real Estate,5.0,BBB,Baa2,2.148664562018975,2.5048563626056732,1.24383383956784,2026-07-31
CP-C-00452,CORPORATE,FL,,,,23722255.416788343,34452084.145054124,22106854.73021324,2257497.0969533804,70.0,Retail,6.0,BBB-,Baa3,2.03859907228921,0.7789050122178426,0.792112460289322,2026-07-31
CP-C-00453,CORPORATE,NY,,,,32305552.928735763,24848266.672903575,13669074.882223038,5519455.310374009,117.0,Transportation,4.0,BBB+,Baa1,1.2227247853121348,2.5427164397739324,1.434992976717198,2026-07-31
CP-C-00454,CORPORATE,GA,,,,14333587.604034357,18919473.12596497,13155418.137173044,3579890.389291319,82.0,Real Estate,6.0,BBB-,Baa3,2.282320026917414,1.7653176547414722,2.2353764319443106,2026-07-31
CP-C-00455,CORPORATE,NY,,,,44549974.09486704,43439753.202021,31505220.486896176,5316752.621898631,199.0,Construction,6.0,BBB-,Baa3,3.1042221596699853,2.351197892027528,1.8179439263807184,2026-07-31
CP-C-00456,CORPORATE,VA,,,,74943227.58300559,120331810.79747012,78380927.00269912,7595215.472658139,294.0,Construction,6.0,BBB-,Baa3,1.868397514249007,3.1912874320668156,0.7181067127643184,2026-07-31
CP-C-00457,CORPORATE,NC,,,,29695600.22573591,42790662.573478684,25518055.06532535,3521119.5465950444,93.0,Healthcare,3.0,A,A2,1.4773713264357944,3.059473280775976,1.6038179805218988,2026-07-31
CP-C-00458,CORPORATE,GA,,,,195646498.71360344,203818336.8709312,130660653.49702123,38028674.963474296,610.0,Retail,5.0,BBB,Baa2,1.7860140927264292,1.7805732309391207,1.5001561627058413,2026-07-31
CP-C-00459,CORPORATE,NY,,,,40166368.96540004,34344174.57621618,22650962.599042516,2981593.6730074105,140.0,Transportation,5.0,BBB,Baa2,1.9371035642952066,6.111693025954095,1.165325617808824,2026-07-31
CP-C-00460,CORPORATE,FL,,,,63092448.132820494,55969848.627399854,34614094.88156856,11637023.316292726,213.0,Transportation,5.0,BBB,Baa2,1.6208322728166564,4.426676120449674,1.5839232518902076,2026-07-31
CP-C-00461,CORPORATE,FL,,,,61931356.579687536,96317000.70930386,55173992.051422134,11311690.765045302,258.0,Technology,8.0,BB,Ba2,1.4814192400632575,1.3941391139866737,0.9072020065068175,2026-07-31
CP-C-00462,CORPORATE,NC,,,,9297928.750146756,12907028.094730806,9834065.65892617,574447.8968929678,58.0,Real Estate,7.0,BB+,Ba1,3.2001906513221607,2.2125555122375773,1.7255794086082825,2026-07-31
CP-C-00463,CORPORATE,CA,,,,101978465.15311418,122053448.24720794,77933138.6564273,14933102.898622416,643.0,Construction,8.0,BB,Ba2,1.8554781482743345,2.9564754162961484,1.697721125357694,2026-07-31
CP-C-00464,CORPORATE,NC,,,,51086790.71991271,63757770.04736613,32224040.131547112,11814742.767088749,281.0,Healthcare,4.0,BBB+,Baa1,1.0218911691566748,3.2979763814228256,1.7909558040591116,2026-07-31
CP-C-00465,CORPORATE,CA,,,,32538061.733668324,31254761.55560195,20595449.314782094,3750785.6847974844,160.0,Technology,6.0,BBB-,Baa3,1.932155550891153,1.3082215353488187,0.9589731676744706,2026-07-31
CP-C-00466,CORPORATE,NY,,,,176646614.08565035,198080810.23224172,132904556.55820148,13878596.944399826,569.0,Technology,5.0,BBB,Baa2,2.0391561200016852,2.7235053449042854,2.906140381454148,2026-07-31
CP-C-00467,CORPORATE,CA,,,,99829918.46280186,163765920.98510322,108690845.99107292,11809432.73086042,514.0,Retail,4.0,BBB+,Baa1,1.9735033679546363,2.0742078430284443,1.1584023808967783,2026-07-31
CP-C-00468,CORPORATE,NC,,,,37167404.26285224,51589840.8036228,35814383.86206595,7506997.357375952,181.0,Manufacturing,5.0,BBB,Baa2,2.270259682159894,1.6100657237989533,2.0395717985482658,2026-07-31
CP-C-00469,CORPORATE,VA,,,,62131716.297283836,69085574.54908049,50958531.10121213,7491153.787903434,222.0,Construction,5.0,BBB,Baa2,2.811188225358647,1.1878049456007806,1.7707732835503345,2026-07-31
CP-C-00470,CORPORATE,VA,,,,16562077.38886414,17341315.18044231,13018404.08678003,2128371.4119649595,86.0,Healthcare,6.0,BBB-,Baa3,3.011490128924004,5.463181458086854,1.320121538883811,2026-07-31
CP-C-00471,CORPORATE,GA,,,,32493518.26735219,23495613.83674112,17475800.75347249,3493159.4318653084,114.0,Transportation,5.0,BBB,Baa2,2.9030470733459217,3.0281030513738396,1.698255841307306,2026-07-31
CP-C-00472,CORPORATE,CA,,,,143912960.8920419,107146593.98246671,70840119.24414621,10904415.586418146,474.0,Manufacturing,6.0,BBB-,Baa3,2.2116897213402154,2.4818864337019955,1.407736206227485,2026-07-31
CP-C-00473,CORPORATE,NY,,,,39446333.53492416,63413518.2557471,40346721.754247166,6632030.240278834,113.0,Construction,7.0,BB+,Ba1,1.749125490903065,1.3492950778349087,1.6908652627990295,2026-07-31
CP-C-00474,CORPORATE,FL,,,,21622782.68006514,27518722.095008966,15013546.811736038,3035146.499744674,89.0,Technology,3.0,A,A2,1.2005866748479994,6.1570102136666875,1.3038371389377281,2026-07-31
CP-C-00475,CORPORATE,FL,,,,65958696.447611295,48076582.67994907,33226546.576928735,9995745.150309457,295.0,Healthcare,6.0,BBB-,Baa3,2.2374724442704097,3.637719353687895,1.7006790770073812,2026-07-31
CP-C-00476,CORPORATE,GA,,,,151507562.61290914,209105425.64872655,107476246.45090356,32988431.952148497,975.0,Retail,4.0,BBB+,Baa1,1.0575333511421867,3.150385140711696,1.5754318382810042,2026-07-31
CP-C-00477,CORPORATE,TX,,,,103566913.71006544,87893035.16007896,47825070.81139737,11338393.914299015,499.0,Retail,7.0,BB+,Ba1,1.193598716301419,1.013959045039962,1.341162442190672,2026-07-31
CP-C-00478,CORPORATE,TX,,,,25146790.622572243,29588203.085325018,17365620.12031944,1604050.43108524,138.0,Manufacturing,6.0,BBB-,Baa3,1.4207815295702118,1.0401188650933082,1.9004163363135984,2026-07-31
CP-C-00479,CORPORATE,CA,,,,37911232.85125377,29705628.062309533,21825237.383351084,6991284.541643104,215.0,Hospitality,7.0,BB+,Ba1,2.7695628646466717,2.8795171834959246,2.0324419450745377,2026-07-31
CP-C-00480,CORPORATE,TX,,,,266975204.62092432,237058883.69414124,124690564.05678661,18364364.186185364,794.0,Construction,4.0,BBB+,Baa1,1.109659416988698,1.2805382447298368,2.0973364827672114,2026-07-31
CP-C-00481,CORPORATE,GA,,,,34323789.82212744,37850158.98310958,24429322.171260983,6512362.964354762,121.0,Healthcare,6.0,BBB-,Baa3,1.8202532758384746,2.6858992506308677,0.92463108715469,2026-07-31
CP-C-00482,CORPORATE,FL,,,,59817792.68797783,79250409.84770662,28883156.236544393,7661264.039900225,355.0,Retail,2.0,AA,Aa2,0.5734510850943718,2.2986434184709164,1.6946602503171524,2026-07-31
CP-C-00483,CORPORATE,GA,,,,144888430.60008773,142931456.12028843,66618263.75365629,12544590.574277535,484.0,Transportation,5.0,BBB,Baa2,0.8729586810312114,1.3300970684205122,1.9487874426343388,2026-07-31
CP-C-00484,CORPORATE,VA,,,,97398896.42633463,84035213.90148182,58380316.910608105,12244868.17965344,595.0,Manufacturing,4.0,BBB+,Baa1,2.275601298706282,1.5375938105580604,0.7672366111777262,2026-07-31
CP-C-00485,CORPORATE,FL,,,,87999580.6130395,84329157.20876715,48508215.05503072,15540436.648035387,367.0,Construction,8.0,BB,Ba2,1.5833142926783508,1.7434563738554838,2.091747570616829,2026-07-31
CP-C-00486,CORPORATE,NC,,,,85911701.50151747,62603566.46775575,38781594.94512815,21103595.400964744,486.0,Healthcare,6.0,BBB-,Baa3,1.6279758754765943,1.4281427149560206,2.6055889813114543,2026-07-31
CP-C-00487,CORPORATE,GA,,,,9317688.769413233,15764878.24024607,10682047.488564156,1066555.6465701223,45.0,Technology,8.0,BB,Ba2,2.1015941727017875,2.933505542015896,1.3868353470630423,2026-07-31
CP-C-00488,CORPORATE,GA,,,,134163949.94747831,199248422.90891117,111933437.62792972,14113458.492550666,743.0,Hospitality,3.0,A,A2,1.2819499112062556,9.573004822574216,1.7381244091015513,2026-07-31
CP-C-00489,CORPORATE,GA,,,,27618191.928632353,34860998.25002153,22986548.068773683,5762618.519283072,86.0,Construction,7.0,BB+,Ba1,1.9357989395647202,1.6633806207041602,1.1265357230492337,2026-07-31
CP-C-00490,CORPORATE,VA,,,,89285031.99517493,65263173.02137844,40419014.14040073,16054827.116822846,256.0,Transportation,5.0,BBB,Baa2,1.626902095339124,5.853908590257628,1.350624727957809,2026-07-31
CP-C-00491,CORPORATE,NC,,,,90769787.32709497,70781930.97684832,34151994.293632954,16041867.903877862,295.0,Technology,4.0,BBB+,Baa1,0.932351988183538,2.1710307766001633,1.368703113526364,2026-07-31
CP-C-00492,CORPORATE,NY,,,,401348724.7939106,292428982.3468221,170924768.27636096,53067380.77272925,1154.0,Real Estate,1.0,AAA,Aaa,1.4067394253275893,5.128475160085149,1.538373320975878,2026-07-31
CP-C-00493,CORPORATE,NY,,,,80695780.011588,58942182.3543069,35373089.40620758,10420400.974415096,446.0,Retail,3.0,A,A2,1.5008252326087141,5.178344402204698,0.9225200545895347,2026-07-31
CP-C-00494,CORPORATE,GA,,,,27342905.31348119,46267794.315744095,32565100.383327395,6636491.9843599945,122.0,Construction,4.0,BBB+,Baa1,2.376547308430174,2.8637794745102103,1.5045071058254034,2026-07-31
CP-C-00495,CORPORATE,NC,,,,18174981.260874994,18353102.808790572,11532981.7532168,1706795.0693816,65.0,Technology,3.0,A,A2,1.6910230271926654,2.1876327889668645,1.8306498792357195,2026-07-31
CP-C-00496,CORPORATE,CA,,,,44548963.82387949,35406829.67923888,14525350.579582833,6561455.7825908,128.0,Hospitality,5.0,BBB,Baa2,0.695609277018221,1.4446830917973128,0.901466841073926,2026-07-31
CP-C-00497,CORPORATE,NC,,,,15955651.264297988,18732453.52155858,10001432.301503487,3553818.617475475,91.0,Hospitality,6.0,BBB-,Baa3,1.1455054396764341,3.0890661351322195,2.115450725847517,2026-07-31
CP-C-00498,CORPORATE,CA,,,,31568180.52049721,31673598.70496079,18748788.268987,2205115.9356174073,174.0,Technology,6.0,BBB-,Baa3,1.450604506879518,2.3428260300072603,2.3893940535757148,2026-07-31
CP-C-00499,CORPORATE,NY,,,,66596192.457534775,83067650.03787306,65809123.58427913,9822880.637773108,433.0,Real Estate,7.0,BB+,Ba1,3.8131368724457304,3.645338720274398,0.9864701881326178,2026-07-31
CP-C-00500,CORPORATE,FL,,,,78805018.77945039,55180949.066373914,39215908.804313205,8651811.093208075,451.0,Hospitality,8.0,BB,Ba2,2.8582798443037998,1.6445595931376151,0.9976066229127473,2026-07-31
CP-C-00501,CORPORATE,FL,,,,152013062.33637962,168838473.7758571,59318681.320040725,37113400.93239726,645.0,Real Estate,4.0,BBB+,Baa1,0.5416252166837486,3.0104944964656415,1.0966804915010244,2026-07-31
CP-C-00502,CORPORATE,CA,,,,160603817.31475395,166195686.36557338,121464196.83700867,37010710.620625235,470.0,Real Estate,7.0,BB+,Ba1,3.0589038098132972,2.9204775511751904,2.421856214342467,2026-07-31
CP-C-00503,CORPORATE,FL,,,,342278025.4804047,261299601.7015857,144371236.08713415,71030554.21296787,1194.0,Healthcare,6.0,BBB-,Baa3,1.2346981447014334,2.902452092123356,1.1910918989516763,2026-07-31
CP-C-00504,CORPORATE,NY,,,,41512310.78069257,69177542.21408176,47557417.000215754,7108912.8218189245,193.0,Manufacturing,6.0,BBB-,Baa3,2.199682773794248,1.617633287822761,1.9834226985594157,2026-07-31
CP-C-00505,CORPORATE,FL,,,,51426728.521209516,78531612.93757941,42022865.88589011,9141933.97973092,172.0,Retail,4.0,BBB+,Baa1,1.151035553928868,2.500272270078967,1.9274472342512459,2026-07-31
CP-C-00506,CORPORATE,VA,,,,128764728.90449092,107515180.71788967,63784145.688004956,27437445.726764865,570.0,Retail,2.0,AA,Aa2,1.458555592027869,1.8298229664113204,1.800236955690237,2026-07-31
CP-C-00507,CORPORATE,NC,,,,31388981.9274075,29974526.545392495,19248045.017984558,6359057.508934169,145.0,Technology,4.0,BBB+,Baa1,1.7944416320302812,2.5938365081617536,2.086702334876234,2026-07-31
CP-C-00508,CORPORATE,CA,,,,23859853.575631347,30521289.752890322,16108224.09907437,3290821.7996176146,99.0,Manufacturing,7.0,BB+,Ba1,1.1176126221842064,2.813064165910826,2.038225953294676,2026-07-31
CP-C-00509,CORPORATE,NC,,,,24264970.674345948,39056197.25235316,30676596.665414676,5747431.15763678,83.0,Manufacturing,6.0,BBB-,Baa3,3.660866212791948,0.4888037689684838,1.9994499436089752,2026-07-31
CP-C-00510,CORPORATE,NY,,,,29812226.95063916,28427395.207915228,13884479.611282935,4196388.6380193345,143.0,Real Estate,7.0,BB+,Ba1,0.954724623066517,1.8173543180365146,2.210035353235539,2026-07-31
CP-C-00511,CORPORATE,NY,,,,13825620.118397746,13352185.00196809,9005047.046970366,3419065.619997313,40.0,Construction,5.0,BBB,Baa2,2.071488676042046,2.0073111535933204,1.726107754761331,2026-07-31
CP-C-00512,CORPORATE,GA,,,,5483498.819779694,7768685.855560022,6473406.005949252,426027.5048871471,17.0,Construction,5.0,BBB,Baa2,4.997689115517782,2.885744086917684,1.3102945015597693,2026-07-31
CP-C-00513,CORPORATE,NY,,,,51893970.62161089,73695594.737005,44374801.159524545,8634920.57552653,257.0,Construction,3.0,A,A2,1.513424288543342,1.277446238786584,1.0634166975851955,2026-07-31
CP-C-00514,CORPORATE,VA,,,,55059642.9117914,38766462.56163676,23185085.769887336,3484127.283038485,182.0,Healthcare,4.0,BBB+,Baa1,1.487999814121958,3.166623378394174,0.4,2026-07-31
CP-C-00515,CORPORATE,NY,,,,14955305.59685945,12947497.26742243,8413832.424599687,2673317.234381265,72.0,Hospitality,6.0,BBB-,Baa3,1.8558567331944806,1.734755663446486,0.7064549569963009,2026-07-31
CP-C-00516,CORPORATE,TX,,,,31844757.38645838,23136467.082527395,14480310.456453117,4998483.542838916,99.0,Technology,4.0,BBB+,Baa1,1.6728336930543952,1.3438043591706177,1.6627699781342256,2026-07-31
CP-C-00517,CORPORATE,NC,,,,29033120.128225848,48174461.49815666,36201887.32025213,2702423.037281167,120.0,Technology,5.0,BBB,Baa2,3.023734644055327,2.181987716024745,1.9719293936481437,2026-07-31
CP-C-00518,CORPORATE,CA,,,,7889686.988671885,12191362.97481921,8566937.202015366,608644.2637997546,34.0,Manufacturing,4.0,BBB+,Baa1,2.363667443901883,1.7338843081237558,0.9172443133230171,2026-07-31
CP-C-00519,CORPORATE,NC,,,,129599498.18769212,149526557.98465103,104481617.39740019,18385565.92510217,450.0,Hospitality,4.0,BBB+,Baa1,2.319497285050739,4.184809378878505,1.4457394890329067,2026-07-31
CP-C-00520,CORPORATE,FL,,,,17227801.87795857,25791056.298798833,16875911.597298,1368260.7836060058,68.0,Construction,3.0,A,A2,1.8929487027234682,3.144676615309834,0.9915640539114694,2026-07-31
CP-C-00521,CORPORATE,NC,,,,41572672.058953255,55688987.69680732,27841817.18246602,6660205.1626306,155.0,Healthcare,6.0,BBB-,Baa3,1.1741125846331442,2.884760425564083,1.3638211208396982,2026-07-31
CP-C-00522,CORPORATE,TX,,,,21553167.087854713,19247480.07080173,12168901.99528226,1855840.8714590054,132.0,Technology,6.0,BBB-,Baa3,1.876237001571001,3.855959829434223,2.3335532521278504,2026-07-31
CP-C-00523,CORPORATE,TX,,,,30033015.533489194,28423386.823257428,19755447.94008554,2103857.36637682,121.0,Construction,5.0,BBB,Baa2,2.2791401977278785,4.082992798229192,0.8994107109663256,2026-07-31
CP-C-00524,CORPORATE,FL,,,,7112870.77887398,7416491.471734143,4775739.834110822,1345608.7196991085,41.0,Transportation,4.0,BBB+,Baa1,1.80847746757775,3.7105167944804283,1.7304479865523597,2026-07-31
CP-C-00525,CORPORATE,CA,,,,24592807.093543913,22421803.136027724,14175118.849128999,4604567.814145689,97.0,Construction,2.0,AA,Aa2,1.7188870527817601,3.027507903093087,1.3541333047471749,2026-07-31
CP-C-00526,CORPORATE,FL,,,,45989854.92227805,38727939.308696106,30045168.29577081,10374706.30534946,254.0,Construction,8.0,BB,Ba2,3.460320242356402,3.0280286621774435,2.1556936470879307,2026-07-31
CP-C-00527,CORPORATE,VA,,,,97519004.54653926,120954327.11610396,83285434.85171051,12426543.973579641,326.0,Manufacturing,4.0,BBB+,Baa1,2.210987099571179,1.5367776361918906,1.550202535620402,2026-07-31
CP-C-00528,CORPORATE,FL,,,,20571084.68788697,15571766.559320992,7126372.849169655,3530960.7446104614,90.0,Manufacturing,4.0,BBB+,Baa1,0.8438177181252993,2.006296470261107,1.1194003110258,2026-07-31
CP-C-00529,CORPORATE,CA,,,,27475025.182657164,27150309.535695132,15581218.74699911,3192661.85455002,98.0,Healthcare,6.0,BBB-,Baa3,1.3467971711504998,0.9874257883205553,1.5730614801460605,2026-07-31
CP-C-00530,CORPORATE,NY,,,,74658187.8531675,90718386.99609365,62847389.49704303,8681684.321578423,223.0,Retail,5.0,BBB,Baa2,2.254938650803001,2.0989488924300734,0.9943985917626006,2026-07-31
CP-C-00531,CORPORATE,TX,,,,87223309.16028726,131865873.63873214,81288495.04718179,20661460.31411587,353.0,Real Estate,6.0,BBB-,Baa3,1.8611035209778866,4.679641035532919,2.2778268515599436,2026-07-31
CP-C-00532,CORPORATE,NC,,,,89666330.96719252,125734359.08349888,72161268.54476658,16910634.610049862,337.0,Technology,7.0,BB+,Ba1,1.3469685586385087,2.1636897054192183,1.8430145832976705,2026-07-31
CP-C-00533,CORPORATE,NY,,,,266440781.751052,239715575.7291843,108372599.68236043,45938051.09866715,1119.0,Manufacturing,4.0,BBB+,Baa1,0.9419715389333367,1.5193356612041813,1.0310707037063602,2026-07-31
CP-C-00534,CORPORATE,NC,,,,14600803.815847248,14673668.694972482,8749588.531125203,3588407.657993108,95.0,Transportation,7.0,BB+,Ba1,1.4769530946797573,1.5723570940340137,1.1678957054526493,2026-07-31
CP-C-00535,CORPORATE,FL,,,,80508223.7674816,79000194.69842792,47674544.98059967,12889785.845042909,289.0,Transportation,6.0,BBB-,Baa3,1.521901234612441,3.596657404078825,1.7550382274404128,2026-07-31
CP-C-00536,CORPORATE,VA,,,,113137592.50104702,90896791.25943272,65670622.27373056,25219302.132601324,429.0,Transportation,7.0,BB+,Ba1,2.6032737000593222,1.448658898922906,1.6282589999581587,2026-07-31
CP-C-00537,CORPORATE,VA,,,,28634573.401665963,37531375.28485193,17445663.779637184,2240138.424612176,97.0,Healthcare,6.0,BBB-,Baa3,0.8685609058512992,2.390811164918912,2.0335466830200426,2026-07-31
CP-C-00538,CORPORATE,VA,,,,46334830.82136813,42102593.98291386,19711811.376601186,10786162.275992291,216.0,Healthcare,6.0,BBB-,Baa3,0.8803538368079998,1.0905825328592489,1.4231819280300413,2026-07-31
CP-C-00539,CORPORATE,GA,,,,64541851.78661933,63174212.19910708,38555298.909794584,10113014.392505411,354.0,Construction,5.0,BBB,Baa2,1.5660845162703474,1.2898013908633352,1.5022306462995563,2026-07-31
CP-C-00540,CORPORATE,VA,,,,236930477.42714274,300268472.30057126,178896259.140095,18416045.15577638,1206.0,Technology,7.0,BB+,Ba1,1.473947409227526,2.7070697649411706,1.088870192419194,2026-07-31
CP-C-00541,CORPORATE,NY,,,,103557570.71349292,119609034.50010046,40735109.929613814,19005745.550928187,308.0,Retail,6.0,BBB-,Baa3,0.5164585146667882,1.1410709923185907,1.2406801272202255,2026-07-31
CP-C-00542,CORPORATE,NY,,,,56234682.64511518,81116269.0682149,37450600.46907824,9564935.153732106,178.0,Real Estate,3.0,A,A2,0.8576669422581268,5.435984320817901,1.721240955801637,2026-07-31
CP-C-00543,CORPORATE,CA,,,,38634682.65076624,32936564.545503836,20790913.147849347,5692716.051487633,111.0,Retail,6.0,BBB-,Baa3,1.7117989366848114,2.8415266658499116,1.5162154375534014,2026-07-31
CP-C-00544,CORPORATE,CA,,,,32356245.598090563,36387424.551739946,28849130.32398965,7685893.91146548,109.0,Construction,7.0,BB+,Ba1,3.8270103888740485,1.3620445268962025,1.7500627799581296,2026-07-31
CP-C-00545,CORPORATE,GA,,,,46197536.51722413,43917660.023426555,31916326.649976045,4777265.385770254,176.0,Hospitality,5.0,BBB,Baa2,2.659398389897386,1.1750749028481453,1.2636864762439393,2026-07-31
CP-C-00546,CORPORATE,GA,,,,235634949.8670912,268467213.9485234,162777115.28401777,16477093.14583942,1214.0,Transportation,3.0,A,A2,1.5401359005324116,2.1917183508873443,2.229671042515978,2026-07-31
CP-C-00547,CORPORATE,FL,,,,76361611.16791084,85001787.46112329,55211543.89673724,8189833.356175919,365.0,Technology,6.0,BBB-,Baa3,1.8533431516733925,2.3570881589083617,2.271734594969116,2026-07-31
CP-C-00548,CORPORATE,GA,,,,29601892.441104457,42222576.7648655,24978338.045241095,2269398.1677717464,92.0,Retail,6.0,BBB-,Baa3,1.4485033785118668,2.4025381124369107,1.790216028011366,2026-07-31
CP-C-00549,CORPORATE,TX,,,,33195359.400250364,55289380.06566456,32285382.908498406,4157214.667125622,125.0,Healthcare,3.0,A,A2,1.40346839238071,2.15494902785687,1.9329347412927818,2026-07-31
CP-C-00550,CORPORATE,VA,,,,41910974.44797729,42655480.226769365,22118447.459105052,5750505.170112743,171.0,Construction,4.0,BBB+,Baa1,1.0770030758255733,2.6469121224670524,1.5971329081988366,2026-07-31
CP-C-00551,CORPORATE,TX,,,,22319207.501037624,33158218.77536881,21179826.54753699,2127133.4387576794,69.0,Manufacturing,3.0,A,A2,1.768169395749591,1.9540413813198052,1.5040198764472672,2026-07-31
CP-C-00552,CORPORATE,GA,,,,128492994.29864725,122855097.52696867,67430058.54464972,24925680.95908374,835.0,Transportation,7.0,BB+,Ba1,1.2165992082776969,2.108011021066514,1.189036322266822,2026-07-31
CP-C-00553,CORPORATE,GA,,,,152291925.00017834,116999201.74469194,72611616.71990904,13666669.557789594,645.0,Manufacturing,7.0,BB+,Ba1,1.8830980700790934,1.6026220638711017,1.2116320260719216,2026-07-31
CP-C-00554,CORPORATE,VA,,,,28260009.816990215,27622583.450439166,16512415.81914259,2780472.7473131604,91.0,Hospitality,4.0,BBB+,Baa1,1.4862436254002367,1.1788953547123722,0.7250563297606969,2026-07-31
CP-C-00555,CORPORATE,TX,,,,42255142.93735514,67722071.1628189,54208122.17252627,6208105.229111584,150.0,Manufacturing,7.0,BB+,Ba1,4.372241773028884,1.8089733748196986,0.49378231109753523,2026-07-31
CP-C-00556,CORPORATE,TX,,,,149030216.15016598,138670376.4169089,89977375.67375991,12083057.664518366,481.0,Hospitality,4.0,BBB+,Baa1,2.091584344686861,3.757900360898137,1.4513951970005552,2026-07-31
CP-C-00557,CORPORATE,CA,,,,7407900.022918488,8235552.127429776,5658750.581285383,1477679.8762183718,38.0,Real Estate,4.0,BBB+,Baa1,2.1960366291119455,4.59504408809444,1.2387129861151802,2026-07-31
CP-C-00558,CORPORATE,NC,,,,68166409.28938358,65053501.831734814,36489268.8367156,7408588.439641897,248.0,Real Estate,6.0,BBB-,Baa3,1.2774461279278282,2.132727545941783,1.8146545270103633,2026-07-31
CP-C-00559,CORPORATE,NY,,,,18877634.044845413,30035306.699220836,14528788.734093605,4124154.854314664,71.0,Construction,3.0,A,A2,1.0149209545542675,3.4409558621714713,2.3109136363399925,2026-07-31
CP-C-00560,CORPORATE,FL,,,,10625513.545663359,9490532.900471494,7287728.643143313,1679612.3207093754,36.0,Construction,5.0,BBB,Baa2,3.859067213367671,3.0829816676968727,1.686785137326724,2026-07-31
CP-C-00561,CORPORATE,GA,,,,51544712.30029756,46859188.96371389,21762416.96481409,8031169.183868721,165.0,Transportation,7.0,BB+,Ba1,0.8671400834245979,1.25380913674543,1.5572311124792386,2026-07-31
CP-C-00562,CORPORATE,NC,,,,70946864.01353174,84098965.53059904,57544045.11128898,17470714.221216477,358.0,Manufacturing,5.0,BBB,Baa2,2.1669823973354645,5.067240246663394,1.67915952013179,2026-07-31
CP-C-00563,CORPORATE,TX,,,,47132027.504465505,70562526.62219357,43436295.05084858,8007757.6792405695,230.0,Technology,5.0,BBB,Baa2,1.601265363255722,3.8657573036176296,1.3713032215943086,2026-07-31
CP-C-00564,CORPORATE,TX,,,,14800027.49999981,20698184.720318526,14117834.612959795,1999356.5726725815,51.0,Retail,7.0,BB+,Ba1,2.548845257424926,2.8136610107937146,1.1040218180088075,2026-07-31
CP-C-00565,CORPORATE,NY,,,,34282066.90827436,45156871.92040621,31413074.479103953,3746059.5566102616,117.0,Retail,5.0,BBB,Baa2,2.2856182662226066,4.920682081628589,0.4,2026-07-31
CP-C-00566,CORPORATE,FL,,,,177848601.4458852,185197448.8012148,128393117.4770998,21442123.799747135,739.0,Healthcare,6.0,BBB-,Baa3,2.260269850630094,2.912415813475291,0.6149403905106948,2026-07-31
CP-C-00567,CORPORATE,NY,,,,44711961.80564524,47646277.77641164,25041489.728588242,3021638.9852414588,128.0,Technology,7.0,BB+,Ba1,1.1077958207619414,1.8031497980127509,1.406811137866373,2026-07-31
CP-C-00568,CORPORATE,GA,,,,187269756.17248213,261274098.36587167,198690479.1850687,28315107.150061708,580.0,Technology,8.0,BB,Ba2,3.4568185664521547,0.7160070663176227,0.9444853610389299,2026-07-31
CP-C-00569,CORPORATE,TX,,,,46490927.87200013,66027802.42307059,37336699.53024993,5546663.581551501,178.0,Manufacturing,3.0,A,A2,1.3013337155328615,2.3846435425917902,1.8195742867501736,2026-07-31
CP-C-00570,CORPORATE,TX,,,,48460117.98331354,75525266.28742948,43795366.15739615,3674200.866968986,285.0,Construction,2.0,AA,Aa2,1.3802554050884797,2.6141728520439815,1.3482288083031666,2026-07-31
CP-C-00571,CORPORATE,FL,,,,110290857.91486019,95502539.18066372,62323502.7371256,16148657.03003478,456.0,Healthcare,5.0,BBB,Baa2,1.878400020542598,3.7689476279262757,0.839405263103261,2026-07-31
CP-C-00572,CORPORATE,VA,,,,351387894.60701174,553960760.7061621,299827991.966079,59368203.917601235,1005.0,Construction,5.0,BBB,Baa2,1.1798084656793362,4.337206547137018,1.8983460423763163,2026-07-31
CP-C-00573,CORPORATE,NC,,,,55729782.098286755,66835773.87218939,35056972.99684002,10611877.389787082,160.0,Retail,5.0,BBB,Baa2,1.1031559414198508,1.4817296325383076,2.551556154650504,2026-07-31
CP-C-00574,CORPORATE,TX,,,,73589864.0988471,113912669.20387684,72760797.3346901,10120648.820693187,223.0,Hospitality,6.0,BBB-,Baa3,1.7681041962315,2.574849367222054,1.4610969207921791,2026-07-31
CP-C-00575,CORPORATE,VA,,,,20178924.71433419,18307708.01220101,13084889.890058236,3390112.893474872,78.0,Construction,6.0,BBB-,Baa3,2.5053313334008793,3.301217366979458,1.5071116122177208,2026-07-31
CP-C-00576,CORPORATE,NY,,,,39760663.02238059,30041926.014473237,19446486.15288231,3929370.1798231476,193.0,Hospitality,7.0,BB+,Ba1,1.8353637420355653,2.266982103950195,1.4629218885408397,2026-07-31
CP-C-00577,CORPORATE,FL,,,,35837338.555362545,48062015.699437164,36111246.73292204,6392933.314765912,172.0,Healthcare,5.0,BBB,Baa2,3.0216672110474385,2.395624145520002,2.870510208456923,2026-07-31
CP-C-00578,CORPORATE,NC,,,,103645047.49291845,77126935.83724631,42927456.60699531,10815019.170608185,544.0,Real Estate,6.0,BBB-,Baa3,1.255207902961984,2.9186596117437755,1.6960864538090539,2026-07-31
CP-C-00579,CORPORATE,CA,,,,85989670.52567177,102754264.13644315,76675053.197554,15661986.646299973,273.0,Manufacturing,6.0,BBB-,Baa3,2.9400833245003075,1.9514660612792434,1.1108689806872054,2026-07-31
CP-C-00580,CORPORATE,TX,,,,101262459.76538524,90214632.07165216,31797901.15947574,23748212.343079112,298.0,Healthcare,6.0,BBB-,Baa3,0.5443286651435636,2.233571535429898,1.2298954921849279,2026-07-31
CP-C-00581,CORPORATE,CA,,,,112376448.39102443,133334628.19071887,52068859.91705257,26372697.330103014,433.0,Technology,3.0,A,A2,0.6407231608480982,2.3351770008437938,1.6049142029789376,2026-07-31
CP-C-00582,CORPORATE,NY,,,,50007888.006953396,67810200.11707442,50461829.72366246,4244620.278974181,320.0,Healthcare,4.0,BBB+,Baa1,2.908736012624295,1.1908000872167854,1.409491208211777,2026-07-31
CP-C-00583,CORPORATE,VA,,,,24746350.47535226,22401308.265604533,11072721.298924036,5073984.525434282,133.0,Manufacturing,5.0,BBB,Baa2,0.977414158667007,3.2070690989304667,1.5694297215026678,2026-07-31
CP-C-00584,CORPORATE,FL,,,,9627248.921970237,13240722.98182158,7793342.269521741,658675.0266177215,52.0,Healthcare,4.0,BBB+,Baa1,1.430658637815578,5.756712396313772,1.459826290458911,2026-07-31
CP-C-00585,CORPORATE,GA,,,,91160044.96437943,141475069.8404808,97757934.96298829,18184519.203431595,322.0,Construction,5.0,BBB,Baa2,2.2361468846696613,5.331861098948701,1.6762701684532366,2026-07-31
CP-C-00586,CORPORATE,CA,,,,68293214.90153565,84492387.2664281,50528386.55986536,7586834.923188868,339.0,Manufacturing,6.0,BBB-,Baa3,1.4877042017638973,3.12819368060515,1.6057110864646775,2026-07-31
CP-C-00587,CORPORATE,CA,,,,138285984.59258467,198317921.70465913,76484228.61879513,34524969.932842925,906.0,Real Estate,7.0,BB+,Ba1,0.6277756725710661,3.538987504282579,1.6379281968608237,2026-07-31
CP-C-00588,CORPORATE,FL,,,,10083285.790234132,12978064.173923653,6563095.927881523,867193.1009169593,51.0,Retail,5.0,BBB,Baa2,1.0230909454510213,1.8201585369672253,1.5726916614499118,2026-07-31
CP-C-00589,CORPORATE,TX,,,,9022990.935111988,8871814.551227732,4401363.767417858,2225207.6877817647,33.0,Hospitality,6.0,BBB-,Baa3,0.9845458501316646,3.0721078936402684,1.8183659027313206,2026-07-31
CP-C-00590,CORPORATE,VA,,,,32722323.188022774,25291469.72838822,14812810.292945512,2126889.1871300484,113.0,Hospitality,5.0,BBB,Baa2,1.558989605159055,4.239906993700456,2.401663983575182,2026-07-31
CP-C-00591,CORPORATE,NC,,,,63256827.04743466,75553649.87794422,55962357.45478892,8096000.7693052,207.0,Manufacturing,6.0,BBB-,Baa3,2.8564913557538474,3.2363050205788055,1.4445213175397242,2026-07-31
CP-C-00592,CORPORATE,TX,,,,25084674.464326065,34661610.040028006,22739928.590025038,4455838.663799115,84.0,Transportation,7.0,BB+,Ba1,1.9074430637483084,1.5403671029472412,1.3216246908537026,2026-07-31
CP-C-00593,CORPORATE,TX,,,,116103022.97268075,173677166.33947244,119086068.78129207,13173043.594139643,397.0,Healthcare,4.0,BBB+,Baa1,2.181419207671659,0.7861529110240144,1.6030425902077035,2026-07-31
CP-C-00594,CORPORATE,VA,,,,8752424.586029226,6332618.207299051,2942974.3634441993,1742802.8167031757,48.0,Construction,5.0,BBB,Baa2,0.8682252469620291,1.919433381817736,1.6665213836979373,2026-07-31
CP-C-00595,CORPORATE,VA,,,,11773356.71112301,16210579.951511035,10267590.977751827,1143979.4070316125,62.0,Transportation,6.0,BBB-,Baa3,1.7276813103789275,1.3007126856639677,1.9419294637137492,2026-07-31
CP-C-00596,CORPORATE,NC,,,,67410400.65182957,114244763.90286058,54164059.9078401,11060677.16398353,266.0,Transportation,6.0,BBB-,Baa3,0.9015217250505129,2.2485770194010457,1.507089256692116,2026-07-31
CP-C-00597,CORPORATE,VA,,,,117812798.15146956,131237044.11885436,83135396.91930011,13131439.978325136,378.0,Real Estate,5.0,BBB,Baa2,1.7283274432246578,3.4418165889221632,1.0957298077017192,2026-07-31
CP-C-00598,CORPORATE,NY,,,,131621075.75143595,157058046.878942,71085451.00440602,30842171.62060757,411.0,Technology,4.0,BBB+,Baa1,0.8268384859303827,1.2678416350937918,1.8103761168973116,2026-07-31
CP-C-00599,CORPORATE,FL,,,,94063190.72995412,156856710.2748528,64836410.60944475,16301770.755990054,478.0,Transportation,4.0,BBB+,Baa1,0.7045881272414267,2.318495842444808,1.2592848183061105,2026-07-31
CP-C-00600,CORPORATE,VA,,,,165053417.72057635,250530360.8211092,161650254.0388806,18771966.830285914,687.0,Retail,3.0,A,A2,1.8187450475836084,2.8838218121528,2.311472855377346,2026-07-31
CP-C-00601,CORPORATE,NY,,,,111005432.77762824,166588520.11209944,93993900.71669398,24244256.261013247,325.0,Hospitality,8.0,BB,Ba2,1.4086043821343768,5.365708105000592,2.339660574894796,2026-07-31
CP-C-00602,CORPORATE,NY,,,,30126571.65742382,39113910.403535135,25205514.557759587,5470954.29091236,139.0,Retail,5.0,BBB,Baa2,1.8122517389678228,1.9606712550962095,1.662112039880011,2026-07-31
CP-C-00603,CORPORATE,CA,,,,42011823.00245063,39208286.50377428,19567604.70371019,5064550.430491899,196.0,Technology,2.0,AA,Aa2,1.1143256110279032,2.158853829174023,1.2427489205347921,2026-07-31
CP-C-00604,CORPORATE,VA,,,,48706637.54323308,77895709.48024389,39660695.45972556,7279622.609927184,171.0,Manufacturing,5.0,BBB,Baa2,1.1100927600156325,0.5701710783103732,0.7333589185282454,2026-07-31
CP-C-00605,CORPORATE,GA,,,,5634486.532038727,6360555.970085764,3461774.999779728,742980.5431012387,18.0,Technology,6.0,BBB-,Baa3,1.194217512547784,1.7189681398867735,1.5604118504230238,2026-07-31
CP-C-00606,CORPORATE,CA,,,,12815952.95998052,13561647.712004047,9724370.70893709,2250025.0289091626,45.0,Retail,4.0,BBB+,Baa1,2.5341852311326116,1.8170284735751236,1.4932512838641412,2026-07-31
CP-C-00607,CORPORATE,TX,,,,83733709.93810427,66626245.834808655,47547617.972380124,7349132.915628426,478.0,Hospitality,5.0,BBB,Baa2,2.492192746524265,1.9852786889694538,1.9532534918976425,2026-07-31
CP-C-00608,CORPORATE,VA,,,,43758302.63534052,72448385.7571021,50893261.813172095,2802952.9630839513,274.0,Retail,4.0,BBB+,Baa1,2.3610748862107007,3.2606084766529317,1.8166970559699172,2026-07-31
CP-C-00609,CORPORATE,GA,,,,19808001.290210746,33028022.69320022,24137328.82736704,1493723.2337623714,97.0,Healthcare,3.0,A,A2,2.7148982061036295,3.106149473318525,1.173613788021415,2026-07-31
CP-C-00610,CORPORATE,VA,,,,25744966.488272533,28540941.168839384,18322737.746194005,3047812.3530588886,158.0,Real Estate,6.0,BBB-,Baa3,1.7931466998971188,2.7825838262842577,1.1197540432712425,2026-07-31
CP-C-00611,CORPORATE,GA,,,,85704315.36329757,116718755.66156541,74156558.20508872,17894689.57778486,428.0,Hospitality,5.0,BBB,Baa2,1.7423103748559936,1.8304970636439906,1.4333240804504876,2026-07-31
CP-C-00612,CORPORATE,NY,,,,21194019.5003346,33126606.132567164,16455173.377582397,2528579.1053715395,112.0,Real Estate,4.0,BBB+,Baa1,0.9870281468557219,2.082784426496783,0.9174246305788248,2026-07-31
CP-C-00613,CORPORATE,NC,,,,113602599.77001026,120001424.11160193,80060270.58324018,24458569.087397207,476.0,Manufacturing,5.0,BBB,Baa2,2.0044556431348513,4.301264949278849,0.9812887109794894,2026-07-31
CP-C-00614,CORPORATE,FL,,,,14449530.96654568,22260860.793765023,12407645.058995552,3587782.222137027,79.0,Healthcare,6.0,BBB-,Baa3,1.2592482893896413,1.0318777711146436,1.1047507283025073,2026-07-31
CP-C-00615,CORPORATE,FL,,,,24346258.044834837,40815223.1169303,23100874.089280777,3914260.912411487,161.0,Technology,5.0,BBB,Baa2,1.304076940858717,1.679314070237657,1.0357464700992502,2026-07-31
CP-C-00616,CORPORATE,NY,,,,34603535.21798782,40942295.92783333,26979210.088066377,3997221.547517713,142.0,Construction,5.0,BBB,Baa2,1.9321810663964711,1.170996330861224,1.5988077159638772,2026-07-31
CP-C-00617,CORPORATE,FL,,,,225995907.64873126,201692769.01188275,131463040.38545899,13699885.881420065,989.0,Real Estate,4.0,BBB+,Baa1,1.871900161892358,3.0241459054126327,1.7564913923546908,2026-07-31
CP-C-00618,CORPORATE,GA,,,,20693081.55857436,23674246.343151182,18642166.705996286,4865952.353589556,110.0,Retail,8.0,BB,Ba2,3.704664482721986,3.1049258732910325,1.7157331014830606,2026-07-31
CP-C-00619,CORPORATE,NY,,,,129258951.19486235,169942282.59500465,106923841.69003104,23380464.853311975,434.0,Manufacturing,6.0,BBB-,Baa3,1.6967071884761955,6.252938814322895,1.6844471911676837,2026-07-31
CP-C-00620,CORPORATE,FL,,,,97184897.15668222,143554796.97309145,85574494.69841988,12328051.736012906,479.0,Manufacturing,5.0,BBB,Baa2,1.4759235695775723,1.7363348396821288,1.5509156772232293,2026-07-31
CP-C-00621,CORPORATE,VA,,,,70144749.83235767,93733258.78846751,40367482.33780928,10269936.14098622,445.0,Transportation,8.0,BB,Ba2,0.8726127023419098,2.636392818832214,0.9531892865134678,2026-07-31
CP-C-00622,CORPORATE,TX,,,,63175620.938962504,74329413.59307362,56371564.45140778,7365325.791043841,188.0,Transportation,3.0,A,A2,3.139104466615347,3.369804022596084,0.7046103110282587,2026-07-31
CP-C-00623,CORPORATE,GA,,,,18062109.964384433,13780885.540218443,9766141.554682652,3315847.8200291907,112.0,Construction,5.0,BBB,Baa2,2.432568948323439,1.9704127535485814,0.4,2026-07-31
CP-C-00624,CORPORATE,NY,,,,58722014.01763346,78873369.29840301,38970888.22918958,7850982.3254487105,215.0,Hospitality,7.0,BB+,Ba1,0.9766532602720135,5.566704944127033,1.5890123650564465,2026-07-31
CP-C-00625,CORPORATE,NY,,,,78913700.70892924,110924301.28913905,44691464.87196433,8177346.3144906,311.0,Technology,6.0,BBB-,Baa3,0.674762961840714,0.65876976926477,1.8923424692567594,2026-07-31
CP-C-00626,CORPORATE,GA,,,,163365310.02974343,230592492.68213904,106632135.78817779,13998781.109930018,491.0,Real Estate,5.0,BBB,Baa2,0.8602115907055152,2.8957674390659833,1.853532105395188,2026-07-31
CP-C-00627,CORPORATE,CA,,,,8107720.775447249,6366924.071519456,3442949.1149103595,1303021.2906859526,45.0,Healthcare,5.0,BBB,Baa2,1.2708080835733913,2.003074259158272,1.5283699530202939,2026-07-31
CP-C-00628,CORPORATE,CA,,,,40075560.20905197,34356987.39027698,18114171.319919378,7937841.6672717985,127.0,Construction,4.0,BBB+,Baa1,1.11521125656141,3.0880553029379603,1.9154011585900983,2026-07-31
CP-C-00629,CORPORATE,GA,,,,27294771.775447275,42168308.97543404,25844198.837519553,6722237.208286156,84.0,Retail,8.0,BB,Ba2,1.5831918934125322,3.034820483242769,2.3623073076414,2026-07-31
CP-C-00630,CORPORATE,FL,,,,45178974.05661312,70167183.84059896,43267349.13404267,5316720.653554673,150.0,Construction,3.0,A,A2,1.608461524244874,1.1562474544032666,1.9262647225270277,2026-07-31
CP-C-00631,CORPORATE,FL,,,,194284440.1952435,136281488.63431475,55856812.76160645,38868424.89253168,836.0,Construction,5.0,BBB,Baa2,0.6945233183160541,1.8697581441807356,1.7303024884258358,2026-07-31
CP-C-00632,CORPORATE,NY,,,,8581794.833668374,10917501.21436356,6100642.699480641,1116368.5868405304,34.0,Real Estate,7.0,BB+,Ba1,1.2665189730259134,3.2297221901355724,1.9976768516706949,2026-07-31
CP-C-00633,CORPORATE,VA,,,,27754880.02663417,25213349.058096778,12646860.025282832,2932491.5205201847,123.0,Transportation,5.0,BBB,Baa2,1.0063956600971853,1.6130875331401326,0.4,2026-07-31
CP-C-00634,CORPORATE,VA,,,,13315142.280473057,20792928.08188166,14309689.950964145,2104832.145960378,57.0,Real Estate,4.0,BBB+,Baa1,2.207182531630844,3.7759547268018925,1.2984180853430787,2026-07-31
CP-C-00635,CORPORATE,TX,,,,97394761.47024348,122962659.72006871,80520379.58031097,22991909.816800475,387.0,Real Estate,4.0,BBB+,Baa1,1.8971737455001536,3.339679955966969,1.2723705983844151,2026-07-31
CP-C-00636,CORPORATE,NY,,,,76033574.1841696,79994629.78083867,40801482.691044174,17486578.269813795,251.0,Real Estate,3.0,A,A2,1.041036143322833,2.1461561498509667,2.1263063492335665,2026-07-31
CP-C-00637,CORPORATE,CA,,,,140252065.54267737,115467181.30442087,78800319.49115983,17761246.002555694,890.0,Technology,4.0,BBB+,Baa1,2.149088184652351,0.946745257637424,1.9005276568241678,2026-07-31
CP-C-00638,CORPORATE,VA,,,,42656113.393323325,32971396.93732725,20348263.25503596,8637033.325497387,194.0,Technology,7.0,BB+,Ba1,1.8883580721699884,9.293565606881488,1.7546163534370738,2026-07-31
CP-C-00639,CORPORATE,VA,,,,21761546.120329827,33847968.27750548,22684208.93986448,3153397.1441781973,102.0,Healthcare,5.0,BBB,Baa2,2.031950730376265,4.070345248901839,2.3242840410799928,2026-07-31
CP-C-00640,CORPORATE,CA,,,,86915376.37109558,106619790.26280846,65426338.653039336,20474047.205208365,561.0,Construction,3.0,A,A2,1.588270370563542,1.2627952449790492,1.3743652813097782,2026-07-31
CP-C-00641,CORPORATE,NY,,,,76836483.22631861,106527384.09397545,71110756.20318352,18631006.076145332,228.0,Technology,9.0,BB-,Ba3,2.3017153427749486,1.3376284404749594,2.0293839914931278,2026-07-31
CP-C-00642,CORPORATE,NY,,,,113858258.56400011,189058910.6060637,125866495.81254409,21616433.00845998,689.0,Real Estate,6.0,BBB-,Baa3,2.360875686941821,1.558984176966949,1.257955060985009,2026-07-31
CP-C-00643,CORPORATE,NY,,,,34752273.129967466,52710596.94011053,33443155.48529428,5922154.541565511,217.0,Real Estate,4.0,BBB+,Baa1,2.028220276894101,2.864289216697636,0.871604284546936,2026-07-31
CP-C-00644,CORPORATE,NY,,,,949688351.8216058,893630182.97467,460424528.05162865,217652246.0969288,2974.0,Healthcare,4.0,BBB+,Baa1,1.06283129691237,7.919740554463047,1.5926975970304755,2026-07-31
CP-C-00645,CORPORATE,NC,,,,70322618.03286378,98888417.67964713,52938146.30503735,15146738.27768665,225.0,Transportation,6.0,BBB-,Baa3,1.1520747260328212,3.4928599913347007,2.2213775562677753,2026-07-31
CP-C-00646,CORPORATE,CA,,,,114344802.66580567,142341225.63158777,91008483.88561746,21311417.79306577,599.0,Construction,5.0,BBB,Baa2,1.7729129750362842,4.143725171491985,1.3876807050399245,2026-07-31
CP-C-00647,CORPORATE,NC,,,,39209494.590397775,47501614.182079114,33442391.959385455,7274820.590438109,146.0,Hospitality,5.0,BBB,Baa2,2.378680088390985,2.454831676742881,1.8800465669737325,2026-07-31
CP-C-00648,CORPORATE,FL,,,,25238412.730034146,24886795.10686513,16807196.08087525,3151716.327875172,128.0,Manufacturing,8.0,BB,Ba2,2.0802017559053434,3.357254213923698,1.3848385975631639,2026-07-31
CP-C-00649,CORPORATE,FL,,,,34548298.44259374,27232389.080347575,18111244.339604042,2476851.2203285,123.0,Hospitality,4.0,BBB+,Baa1,1.985632818510416,4.683360881139146,1.686606042227458,2026-07-31
CP-C-00650,CORPORATE,FL,,,,62088084.797403604,89570501.69823012,66242689.633143045,7623648.154471243,247.0,Transportation,6.0,BBB-,Baa3,3.3819773045029042,3.460281046784711,1.5332084492322935,2026-07-31
CP-I-00001,INDIVIDUAL,TX,80846.7433204078,743.5882974898801,0.2018373052419189,,,,,,,,,,,,,2026-08-31
CP-I-00002,INDIVIDUAL,NY,101912.37755256222,804.8082113271911,0.39720177114933297,,,,,,,,,,,,,2026-08-31
CP-I-00003,INDIVIDUAL,NC,144002.61826776605,750.4908809665526,0.22988346137125787,,,,,,,,,,,,,2026-08-31
CP-I-00004,INDIVIDUAL,VA,81408.69924115842,728.0879607865628,0.13474692372890806,,,,,,,,,,,,,2026-08-31
CP-I-00005,INDIVIDUAL,GA,106537.15489638878,688.2896474487839,0.11032164691284171,,,,,,,,,,,,,2026-08-31
CP-I-00006,INDIVIDUAL,NY,75828.95572938785,675.4846307411709,0.31360750152698247,,,,,,,,,,,,,2026-08-31
CP-I-00007,INDIVIDUAL,NY,34699.16350882755,780.4955834820555,0.14319440409882117,,,,,,,,,,,,,2026-08-31
CP-I-00008,INDIVIDUAL,FL,117916.49261714485,778.4872514120308,0.45340996652697224,,,,,,,,,,,,,2026-08-31
CP-I-00009,INDIVIDUAL,VA,121979.39606679244,736.4583959544518,0.15059278421077268,,,,,,,,,,,,,2026-08-31
CP-I-00010,INDIVIDUAL,NC,158119.09144668144,671.3234423504923,0.4801165847546856,,,,,,,,,,,,,2026-08-31
CP-I-00011,INDIVIDUAL,NC,99162.38902936397,735.0865107173004,0.20298322958966544,,,,,,,,,,,,,2026-08-31
CP-I-00012,INDIVIDUAL,NC,81676.50396854618,702.7012390888091,0.4125074358682505,,,,,,,,,,,,,2026-08-31
CP-I-00013,INDIVIDUAL,NY,68053.48283391295,711.9785331340586,0.3286247405978278,,,,,,,,,,,,,2026-08-31
CP-I-00014,INDIVIDUAL,NY,140732.81788262285,661.7412014845667,0.1950942786309901,,,,,,,,,,,,,2026-08-31
CP-I-00015,INDIVIDUAL,VA,110556.66242346939,680.1086922050715,0.15289847580652727,,,,,,,,,,,,,2026-08-31
CP-I-00016,INDIVIDUAL,VA,80196.6764324243,761.1612796558853,0.37044594702304423,,,,,,,,,,,,,2026-08-31
CP-I-00017,INDIVIDUAL,VA,122832.13122874734,624.7257165415551,0.21597942639731593,,,,,,,,,,,,,2026-08-31
CP-I-00018,INDIVIDUAL,NC,73439.86267056204,701.3920551444866,0.17039373842937977,,,,,,,,,,,,,2026-08-31
CP-I-00019,INDIVIDUAL,TX,113789.39858026546,754.1719485388545,0.3222916838601957,,,,,,,,,,,,,2026-08-31
CP-I-00020,INDIVIDUAL,CA,71592.20170653584,640.4367907960647,0.38483904052782236,,,,,,,,,,,,,2026-08-31
CP-I-00021,INDIVIDUAL,GA,101770.8583415053,787.3756255240709,0.3159675903786855,,,,,,,,,,,,,2026-08-31
CP-I-00022,INDIVIDUAL,CA,58854.46776177519,752.7443827431093,0.12628334059484303,,,,,,,,,,,,,2026-08-31
CP-I-00023,INDIVIDUAL,FL,43079.50364515153,708.8349520453074,0.16654281830327894,,,,,,,,,,,,,2026-08-31
CP-I-00024,INDIVIDUAL,TX,97877.59402761188,711.4137408957263,0.2269072148030188,,,,,,,,,,,,,2026-08-31
CP-I-00025,INDIVIDUAL,CA,100174.47918099043,654.9711467500821,0.36960163317023703,,,,,,,,,,,,,2026-08-31
CP-I-00026,INDIVIDUAL,GA,40118.29963519568,758.121006589592,0.23002667961007495,,,,,,,,,,,,,2026-08-31
CP-I-00027,INDIVIDUAL,FL,85863.25134965361,697.3194637302819,0.17451618965836796,,,,,,,,,,,,,2026-08-31
CP-I-00028,INDIVIDUAL,TX,98516.34273431622,623.944131533569,0.3292528409273162,,,,,,,,,,,,,2026-08-31
CP-I-00029,INDIVIDUAL,VA,64048.54785761853,750.231992504095,0.0507576600856043,,,,,,,,,,,,,2026-08-31
CP-I-00030,INDIVIDUAL,GA,114470.94294517337,697.7520512004295,0.19851532539263914,,,,,,,,,,,,,2026-08-31
CP-I-00031,INDIVIDUAL,FL,162822.12338816852,581.9029202467655,0.22253392394445826,,,,,,,,,,,,,2026-08-31
CP-I-00032,INDIVIDUAL,TX,92658.15233948178,723.925159755141,0.40368574307577254,,,,,,,,,,,,,2026-08-31
CP-I-00033,INDIVIDUAL,FL,140117.07660465298,771.0954315811255,0.11103314182236303,,,,,,,,,,,,,2026-08-31
CP-I-00034,INDIVIDUAL,GA,83173.69160222412,627.3848115515552,0.22566781409758802,,,,,,,,,,,,,2026-08-31
CP-I-00035,INDIVIDUAL,GA,97142.06745745544,669.5624868955407,0.24925902304330189,,,,,,,,,,,,,2026-08-31
CP-I-00036,INDIVIDUAL,FL,61741.430111654096,647.6527963557523,0.4262161002999848,,,,,,,,,,,,,2026-08-31
CP-I-00037,INDIVIDUAL,CA,53083.80998198374,708.8597116961253,0.46306267726646466,,,,,,,,,,,,,2026-08-31
CP-I-00038,INDIVIDUAL,CA,116200.6083340576,796.996979811323,0.3023798719447366,,,,,,,,,,,,,2026-08-31
CP-I-00039,INDIVIDUAL,VA,222943.29894576952,697.2380159855072,0.31219363343570294,,,,,,,,,,,,,2026-08-31
CP-I-00040,INDIVIDUAL,FL,71552.39530814275,611.5824398411517,0.29339770117711117,,,,,,,,,,,,,2026-08-31
CP-I-00041,INDIVIDUAL,VA,61679.49654906338,630.7692445355965,0.4860619606344075,,,,,,,,,,,,,2026-08-31
CP-I-00042,INDIVIDUAL,FL,112471.6966961864,658.6208279670922,0.37972629904955135,,,,,,,,,,,,,2026-08-31
CP-I-00043,INDIVIDUAL,NC,74262.04909436128,663.1245848050818,0.22978353324151063,,,,,,,,,,,,,2026-08-31
CP-I-00044,INDIVIDUAL,NY,169805.01973470443,722.621410042702,0.17141994382037143,,,,,,,,,,,,,2026-08-31
CP-I-00045,INDIVIDUAL,FL,220669.45376784817,766.3344134619497,0.36750501385192724,,,,,,,,,,,,,2026-08-31
CP-I-00046,INDIVIDUAL,FL,115950.33097304197,685.4563087601625,0.4926197166337771,,,,,,,,,,,,,2026-08-31
CP-I-00047,INDIVIDUAL,GA,70579.66470800656,771.2994733731716,0.3447436755615271,,,,,,,,,,,,,2026-08-31
CP-I-00048,INDIVIDUAL,NY,84187.19755666533,590.3242465599498,0.16357738817461365,,,,,,,,,,,,,2026-08-31
CP-I-00049,INDIVIDUAL,CA,171569.52149634395,746.9309585791507,0.34734651084197293,,,,,,,,,,,,,2026-08-31
CP-I-00050,INDIVIDUAL,NY,71298.92850873232,613.6204600798878,0.12071743545826627,,,,,,,,,,,,,2026-08-31
CP-I-00051,INDIVIDUAL,GA,107120.0412475441,739.7308350113635,0.4422100981861144,,,,,,,,,,,,,2026-08-31
CP-I-00052,INDIVIDUAL,NC,68932.38080219024,712.8884358356879,0.2374382331074268,,,,,,,,,,,,,2026-08-31
CP-I-00053,INDIVIDUAL,NC,88952.4333267982,627.2107944062515,0.11066072778515355,,,,,,,,,,,,,2026-08-31
CP-I-00054,INDIVIDUAL,GA,60240.96457493119,623.4829265560883,0.1489901719054762,,,,,,,,,,,,,2026-08-31
CP-I-00055,INDIVIDUAL,NC,77456.37612766212,650.3288633996893,0.34593401604000373,,,,,,,,,,,,,2026-08-31
CP-I-00056,INDIVIDUAL,NC,75329.12522552325,771.2799643935489,0.4291472615445513,,,,,,,,,,,,,2026-08-31
CP-I-00057,INDIVIDUAL,TX,34929.05073618586,741.7839238833033,0.3701430099035593,,,,,,,,,,,,,2026-08-31
CP-I-00058,INDIVIDUAL,CA,70901.9412112272,747.191748735051,0.3703834175204201,,,,,,,,,,,,,2026-08-31
CP-I-00059,INDIVIDUAL,VA,161283.84134304017,731.7263832392025,0.1448698119077847,,,,,,,,,,,,,2026-08-31
CP-I-00060,INDIVIDUAL,NC,83188.54221645233,795.0883569364861,0.4642435164000714,,,,,,,,,,,,,2026-08-31
CP-I-00061,INDIVIDUAL,NY,105953.82018091327,716.447832659683,0.4951942460301067,,,,,,,,,,,,,2026-08-31
CP-I-00062,INDIVIDUAL,VA,179113.63770058355,784.6479574558612,0.23735020878161062,,,,,,,,,,,,,2026-08-31
CP-I-00063,INDIVIDUAL,FL,84751.78028261029,761.0912184793165,0.15218359353681377,,,,,,,,,,,,,2026-08-31
CP-I-00064,INDIVIDUAL,CA,59641.36874479509,709.5666470084199,0.27629728486622945,,,,,,,,,,,,,2026-08-31
CP-I-00065,INDIVIDUAL,FL,62839.11927360684,741.3391847353092,0.24294905327129673,,,,,,,,,,,,,2026-08-31
CP-I-00066,INDIVIDUAL,CA,58540.414071417195,787.439622392212,0.4053446378291175,,,,,,,,,,,,,2026-08-31
CP-I-00067,INDIVIDUAL,GA,29450.74553104327,696.2024648371548,0.37179615291350904,,,,,,,,,,,,,2026-08-31
CP-I-00068,INDIVIDUAL,GA,47527.00271332256,777.6235733803867,0.40853144339355885,,,,,,,,,,,,,2026-08-31
CP-I-00069,INDIVIDUAL,NY,126982.09559307549,630.9647005639513,0.10970061988986221,,,,,,,,,,,,,2026-08-31
CP-I-00070,INDIVIDUAL,VA,189884.3374940459,694.7322085632493,0.34863191616141637,,,,,,,,,,,,,2026-08-31
CP-I-00071,INDIVIDUAL,GA,130385.37701284957,707.7955628252708,0.38497353658514466,,,,,,,,,,,,,2026-08-31
CP-I-00072,INDIVIDUAL,NC,124599.38108927965,672.1042401768976,0.40546220583527187,,,,,,,,,,,,,2026-08-31
CP-I-00073,INDIVIDUAL,NY,95257.88034059366,696.4815296457745,0.42792646412946567,,,,,,,,,,,,,2026-08-31
CP-I-00074,INDIVIDUAL,GA,74770.16271112523,790.992191635246,0.293123926079362,,,,,,,,,,,,,2026-08-31
CP-I-00075,INDIVIDUAL,FL,64713.717544113584,739.2252952852731,0.24102845309401233,,,,,,,,,,,,,2026-08-31
CP-I-00076,INDIVIDUAL,FL,60693.205305620446,652.0293904351831,0.3770728068398338,,,,,,,,,,,,,2026-08-31
CP-I-00077,INDIVIDUAL,NY,63669.83547659111,724.996392191882,0.30221886503780043,,,,,,,,,,,,,2026-08-31
CP-I-00078,INDIVIDUAL,CA,147919.57670472527,647.9687710212106,0.22200400181523922,,,,,,,,,,,,,2026-08-31
CP-I-00079,INDIVIDUAL,VA,56357.589589299794,697.7008700954357,0.31769404724537925,,,,,,,,,,,,,2026-08-31
CP-I-00080,INDIVIDUAL,TX,97150.04394248824,732.6841600775249,0.1749169490163407,,,,,,,,,,,,,2026-08-31
CP-I-00081,INDIVIDUAL,VA,107931.88746884113,760.623775383573,0.2739366508443317,,,,,,,,,,,,,2026-08-31
CP-I-00082,INDIVIDUAL,GA,81871.43276785636,538.9451233206348,0.4251286311351792,,,,,,,,,,,,,2026-08-31
CP-I-00083,INDIVIDUAL,NY,126623.54246374195,733.1423950889398,0.25127573199786624,,,,,,,,,,,,,2026-08-31
CP-I-00084,INDIVIDUAL,NC,128028.26888866961,729.7916961290115,0.17866339173392748,,,,,,,,,,,,,2026-08-31
CP-I-00085,INDIVIDUAL,FL,85558.92012829582,641.6122098663388,0.5582910175595832,,,,,,,,,,,,,2026-08-31
CP-I-00086,INDIVIDUAL,TX,61848.73273390132,652.3049627441875,0.48320133870736137,,,,,,,,,,,,,2026-08-31
CP-I-00087,INDIVIDUAL,NC,91537.26969831875,690.2012325463637,0.2655761851771004,,,,,,,,,,,,,2026-08-31
CP-I-00088,INDIVIDUAL,GA,129983.41430794423,658.5083016981041,0.22409031345339372,,,,,,,,,,,,,2026-08-31
CP-I-00089,INDIVIDUAL,NY,152997.57853399744,794.4376680620304,0.1803349200688519,,,,,,,,,,,,,2026-08-31
CP-I-00090,INDIVIDUAL,VA,122965.2438121856,701.5693776349532,0.5487575737216331,,,,,,,,,,,,,2026-08-31
CP-I-00091,INDIVIDUAL,CA,224484.26938313327,664.9868785648943,0.21186036526492455,,,,,,,,,,,,,2026-08-31
CP-I-00092,INDIVIDUAL,CA,70800.35013336845,682.5277128648851,0.26326855828086215,,,,,,,,,,,,,2026-08-31
CP-I-00093,INDIVIDUAL,NC,46610.71795407643,660.6234202421155,0.31769998482295914,,,,,,,,,,,,,2026-08-31
CP-I-00094,INDIVIDUAL,GA,49166.992983245014,689.2699322119032,0.40650533092320573,,,,,,,,,,,,,2026-08-31
CP-I-00095,INDIVIDUAL,GA,36919.41066136855,711.9188395975727,0.1901737575931028,,,,,,,,,,,,,2026-08-31
CP-I-00096,INDIVIDUAL,VA,67812.82389325832,731.4072123751588,0.3889305827145672,,,,,,,,,,,,,2026-08-31
CP-I-00097,INDIVIDUAL,NC,47399.03149273275,766.5786209040742,0.2137504367228682,,,,,,,,,,,,,2026-08-31
CP-I-00098,INDIVIDUAL,VA,175654.18850664282,650.2178147729422,0.4483987626295188,,,,,,,,,,,,,2026-08-31
CP-I-00099,INDIVIDUAL,TX,96437.26420490534,731.680267481848,0.15664044452601922,,,,,,,,,,,,,2026-08-31
CP-I-00100,INDIVIDUAL,NC,93441.94742415841,749.5908357086386,0.37294830486648206,,,,,,,,,,,,,2026-08-31
CP-I-00101,INDIVIDUAL,NY,159460.56994899927,617.3906789271339,0.5257193695978555,,,,,,,,,,,,,2026-08-31
CP-I-00102,INDIVIDUAL,FL,47649.35707548582,748.5619985081903,0.30069296018403846,,,,,,,,,,,,,2026-08-31
CP-I-00103,INDIVIDUAL,VA,170128.17315793087,746.6090028116406,0.3581685612948321,,,,,,,,,,,,,2026-08-31
CP-I-00104,INDIVIDUAL,GA,84515.53065648612,701.30617658473,0.4414322541693864,,,,,,,,,,,,,2026-08-31
CP-I-00105,INDIVIDUAL,VA,79688.71029333201,704.4624257689131,0.39074251091547285,,,,,,,,,,,,,2026-08-31
CP-I-00106,INDIVIDUAL,VA,94078.00757903299,717.9657420089242,0.22548069694428546,,,,,,,,,,,,,2026-08-31
CP-I-00107,INDIVIDUAL,NC,99562.7061045288,705.6804521885978,0.44768356405855525,,,,,,,,,,,,,2026-08-31
CP-I-00108,INDIVIDUAL,FL,152351.9802136576,669.30102556378,0.27330935775133525,,,,,,,,,,,,,2026-08-31
CP-I-00109,INDIVIDUAL,TX,62717.748226714386,707.822136546056,0.5071363113276818,,,,,,,,,,,,,2026-08-31
CP-I-00110,INDIVIDUAL,NY,40231.08748709577,782.9657117440785,0.3022394486971246,,,,,,,,,,,,,2026-08-31
CP-I-00111,INDIVIDUAL,FL,122582.13561814767,659.0492433075484,0.16328381487696322,,,,,,,,,,,,,2026-08-31
CP-I-00112,INDIVIDUAL,NC,110801.36892655873,652.2050542912654,0.15174170329216025,,,,,,,,,,,,,2026-08-31
CP-I-00113,INDIVIDUAL,CA,72964.65673046191,769.8152305869663,0.26803774140712033,,,,,,,,,,,,,2026-08-31
CP-I-00114,INDIVIDUAL,CA,136833.06515969866,652.9430515283382,0.23751198744833904,,,,,,,,,,,,,2026-08-31
CP-I-00115,INDIVIDUAL,CA,130546.19484672183,709.669946197676,0.45780749744311633,,,,,,,,,,,,,2026-08-31
CP-I-00116,INDIVIDUAL,NY,59637.96422400772,708.4163386401585,0.5061590251949639,,,,,,,,,,,,,2026-08-31
CP-I-00117,INDIVIDUAL,FL,64804.714247282216,617.21841880914,0.29273093252134696,,,,,,,,,,,,,2026-08-31
CP-I-00118,INDIVIDUAL,CA,61448.77775860219,752.8230993897259,0.18903761189879048,,,,,,,,,,,,,2026-08-31
CP-I-00119,INDIVIDUAL,CA,54866.20932280289,736.671108249525,0.36416075150639377,,,,,,,,,,,,,2026-08-31
CP-I-00120,INDIVIDUAL,CA,108518.3121534055,688.6140582325521,0.3702198045132854,,,,,,,,,,,,,2026-08-31
CP-I-00121,INDIVIDUAL,VA,87180.43436622049,670.8010234413139,0.2915307554592529,,,,,,,,,,,,,2026-08-31
CP-I-00122,INDIVIDUAL,NC,86455.07261887875,649.8692231306047,0.46930956810843383,,,,,,,,,,,,,2026-08-31
CP-I-00123,INDIVIDUAL,GA,83446.7787611527,611.3156628871327,0.14091489308754762,,,,,,,,,,,,,2026-08-31
CP-I-00124,INDIVIDUAL,NY,116123.20278275828,784.1629133768334,0.23021020273851928,,,,,,,,,,,,,2026-08-31
CP-I-00125,INDIVIDUAL,VA,140741.79387953816,711.9074495217686,0.2260888481386556,,,,,,,,,,,,,2026-08-31
CP-I-00126,INDIVIDUAL,CA,46090.62606068755,653.9415702753267,0.2857481171026429,,,,,,,,,,,,,2026-08-31
CP-I-00127,INDIVIDUAL,VA,109447.85401366433,670.012785815218,0.28108532110257073,,,,,,,,,,,,,2026-08-31
CP-I-00128,INDIVIDUAL,NY,163981.9217816785,728.4126044205719,0.11250562385671413,,,,,,,,,,,,,2026-08-31
CP-I-00129,INDIVIDUAL,NY,153928.17399753732,709.9119762970827,0.10074132488131836,,,,,,,,,,,,,2026-08-31
CP-I-00130,INDIVIDUAL,CA,92831.5299537361,735.6745144777994,0.25305128736304944,,,,,,,,,,,,,2026-08-31
CP-I-00131,INDIVIDUAL,GA,151788.0707964786,698.9174789652583,0.3303336658151414,,,,,,,,,,,,,2026-08-31
CP-I-00132,INDIVIDUAL,CA,53230.3675237717,741.3329635784789,0.19868209472087356,,,,,,,,,,,,,2026-08-31
CP-I-00133,INDIVIDUAL,NC,174167.4683166019,779.4219987115862,0.30466173213673586,,,,,,,,,,,,,2026-08-31
CP-I-00134,INDIVIDUAL,FL,96069.97732250045,810.5227705589455,0.10973647589768173,,,,,,,,,,,,,2026-08-31
CP-I-00135,INDIVIDUAL,GA,75777.56469659101,810.9428424921557,0.21308461608453172,,,,,,,,,,,,,2026-08-31
CP-I-00136,INDIVIDUAL,NC,85167.32206253598,707.3573677488974,0.2755213286423753,,,,,,,,,,,,,2026-08-31
CP-I-00137,INDIVIDUAL,GA,90727.97226540529,762.1417239795427,0.19651045298634262,,,,,,,,,,,,,2026-08-31
CP-I-00138,INDIVIDUAL,CA,71927.10420871111,681.5712147379927,0.3554145939064093,,,,,,,,,,,,,2026-08-31
CP-I-00139,INDIVIDUAL,NY,67450.60712034443,720.948029648117,0.161212809826597,,,,,,,,,,,,,2026-08-31
CP-I-00140,INDIVIDUAL,NY,158197.69966891196,712.8940378869116,0.2227319285119141,,,,,,,,,,,,,2026-08-31
CP-I-00141,INDIVIDUAL,CA,96352.21731414692,662.7269546617623,0.31099962802509873,,,,,,,,,,,,,2026-08-31
CP-I-00142,INDIVIDUAL,FL,136896.6322363904,691.1276642644135,0.2012618909858373,,,,,,,,,,,,,2026-08-31
CP-I-00143,INDIVIDUAL,CA,189198.05057063114,745.4455452766286,0.19150340967335497,,,,,,,,,,,,,2026-08-31
CP-I-00144,INDIVIDUAL,CA,87747.60979861546,721.3409827639525,0.49629878534991756,,,,,,,,,,,,,2026-08-31
CP-I-00145,INDIVIDUAL,FL,102601.27257959447,752.3961313880043,0.2594283469772016,,,,,,,,,,,,,2026-08-31
CP-I-00146,INDIVIDUAL,NC,118709.0631127415,664.3872934491571,0.23123579202565003,,,,,,,,,,,,,2026-08-31
CP-I-00147,INDIVIDUAL,NY,51094.067784606355,714.5181802474166,0.5440114784576988,,,,,,,,,,,,,2026-08-31
CP-I-00148,INDIVIDUAL,TX,168358.94906674713,716.0969952940735,0.42704580550924076,,,,,,,,,,,,,2026-08-31
CP-I-00149,INDIVIDUAL,NY,125632.59119937844,685.3278664354759,0.33502654545880073,,,,,,,,,,,,,2026-08-31
CP-I-00150,INDIVIDUAL,VA,59862.07477949912,768.5521004893901,0.5394192750369217,,,,,,,,,,,,,2026-08-31
CP-I-00151,INDIVIDUAL,GA,103663.70557880022,725.6042104217114,0.22221156546236245,,,,,,,,,,,,,2026-08-31
CP-I-00152,INDIVIDUAL,NY,128990.91126343759,708.3730332055048,0.11572093724053936,,,,,,,,,,,,,2026-08-31
CP-I-00153,INDIVIDUAL,NC,82652.01087997408,570.3746897036054,0.3402200260341951,,,,,,,,,,,,,2026-08-31
CP-I-00154,INDIVIDUAL,FL,65996.08937821296,682.3213800079642,0.5639054161006936,,,,,,,,,,,,,2026-08-31
CP-I-00155,INDIVIDUAL,CA,90271.95518108713,720.3120513281057,0.18183066018044008,,,,,,,,,,,,,2026-08-31
CP-I-00156,INDIVIDUAL,NY,124407.39732657571,703.0784349126349,0.20283858047263567,,,,,,,,,,,,,2026-08-31
CP-I-00157,INDIVIDUAL,GA,42656.917894768834,693.6954834140616,0.1291447155637323,,,,,,,,,,,,,2026-08-31
CP-I-00158,INDIVIDUAL,FL,210056.47048084196,717.3732965176674,0.24002133543403475,,,,,,,,,,,,,2026-08-31
CP-I-00159,INDIVIDUAL,GA,153955.5260392455,714.728716019079,0.5921748403427677,,,,,,,,,,,,,2026-08-31
CP-I-00160,INDIVIDUAL,TX,103514.19162110204,625.6804261437852,0.4917967631396399,,,,,,,,,,,,,2026-08-31
CP-I-00161,INDIVIDUAL,NC,56911.8879711241,751.5407776216779,0.4068369848809385,,,,,,,,,,,,,2026-08-31
CP-I-00162,INDIVIDUAL,NY,31431.419038789838,742.7890104626622,0.19157911534744282,,,,,,,,,,,,,2026-08-31
CP-I-00163,INDIVIDUAL,CA,86727.11798705408,773.6120211851517,0.17406642672108466,,,,,,,,,,,,,2026-08-31
CP-I-00164,INDIVIDUAL,GA,58069.95696005055,718.3897771746645,0.4894433219091717,,,,,,,,,,,,,2026-08-31
CP-I-00165,INDIVIDUAL,TX,192618.2276302472,698.5059020874913,0.18236244073152208,,,,,,,,,,,,,2026-08-31
CP-I-00166,INDIVIDUAL,NY,121166.33657245124,718.6784906625132,0.3348299133888431,,,,,,,,,,,,,2026-08-31
CP-I-00167,INDIVIDUAL,NC,104768.75070139531,655.2835675551638,0.2285715429953789,,,,,,,,,,,,,2026-08-31
CP-I-00168,INDIVIDUAL,FL,84038.25980672894,740.5850180194066,0.2115164154271969,,,,,,,,,,,,,2026-08-31
CP-I-00169,INDIVIDUAL,FL,50733.53843178953,619.1164988754725,0.16555910650512598,,,,,,,,,,,,,2026-08-31
CP-I-00170,INDIVIDUAL,NY,104651.69399412154,719.8151496884913,0.2699461710179933,,,,,,,,,,,,,2026-08-31
CP-I-00171,INDIVIDUAL,NC,138780.3995081914,752.8596951322139,0.31841350226496073,,,,,,,,,,,,,2026-08-31
CP-I-00172,INDIVIDUAL,TX,54913.21834302516,665.7989865494505,0.316867423505579,,,,,,,,,,,,,2026-08-31
CP-I-00173,INDIVIDUAL,TX,109781.3337033959,670.9402281745407,0.1716552477765112,,,,,,,,,,,,,2026-08-31
CP-I-00174,INDIVIDUAL,TX,85319.02600574476,704.1558591261693,0.315135095689847,,,,,,,,,,,,,2026-08-31
CP-I-00175,INDIVIDUAL,TX,82401.94866064674,759.2817399649891,0.2651486146223107,,,,,,,,,,,,,2026-08-31
CP-I-00176,INDIVIDUAL,TX,55040.18951367815,653.9751540644176,0.36091643509927124,,,,,,,,,,,,,2026-08-31
CP-I-00177,INDIVIDUAL,NY,187952.6203368403,822.6048704574987,0.20875398657355917,,,,,,,,,,,,,2026-08-31
CP-I-00178,INDIVIDUAL,VA,110264.58943948091,657.6114620785393,0.35731077967107383,,,,,,,,,,,,,2026-08-31
CP-I-00179,INDIVIDUAL,VA,138284.55235308674,610.8186743546759,0.18404099266617321,,,,,,,,,,,,,2026-08-31
CP-I-00180,INDIVIDUAL,GA,101217.50627145509,783.3797572290324,0.2652975504257618,,,,,,,,,,,,,2026-08-31
CP-I-00181,INDIVIDUAL,VA,133718.17847280364,609.4588057768055,0.3385367872612014,,,,,,,,,,,,,2026-08-31
CP-I-00182,INDIVIDUAL,NC,59088.34010524015,718.9780047024856,0.38998171490606015,,,,,,,,,,,,,2026-08-31
CP-I-00183,INDIVIDUAL,FL,111574.13463932817,711.6854663209914,0.1002102446105356,,,,,,,,,,,,,2026-08-31
CP-I-00184,INDIVIDUAL,TX,77099.50955364818,654.8861901588845,0.24795789941626656,,,,,,,,,,,,,2026-08-31
CP-I-00185,INDIVIDUAL,TX,90789.3257221567,651.3822610629827,0.48224665369105174,,,,,,,,,,,,,2026-08-31
CP-I-00186,INDIVIDUAL,FL,194279.5663449398,711.8972640092403,0.417234312295405,,,,,,,,,,,,,2026-08-31
CP-I-00187,INDIVIDUAL,NC,101703.16642910396,709.5868457307021,0.10890284028415553,,,,,,,,,,,,,2026-08-31
CP-I-00188,INDIVIDUAL,VA,168690.922576448,798.0810990041078,0.1018766564904557,,,,,,,,,,,,,2026-08-31
CP-I-00189,INDIVIDUAL,CA,145881.8124354201,680.6774678655927,0.15729723474731838,,,,,,,,,,,,,2026-08-31
CP-I-00190,INDIVIDUAL,VA,127984.1995813615,653.9977003087182,0.2517217879093873,,,,,,,,,,,,,2026-08-31
CP-I-00191,INDIVIDUAL,GA,48126.728163461084,731.0049541269437,0.05959381238463039,,,,,,,,,,,,,2026-08-31
CP-I-00192,INDIVIDUAL,GA,88911.61242509125,656.5371053718766,0.19823396309758126,,,,,,,,,,,,,2026-08-31
CP-I-00193,INDIVIDUAL,NY,61077.82167246322,706.7388802734104,0.4572498408199608,,,,,,,,,,,,,2026-08-31
CP-I-00194,INDIVIDUAL,GA,128355.1274333743,761.533865239994,0.39968344989619975,,,,,,,,,,,,,2026-08-31
CP-I-00195,INDIVIDUAL,TX,136469.38268102397,618.129764513104,0.3493590662981318,,,,,,,,,,,,,2026-08-31
CP-I-00196,INDIVIDUAL,NY,68678.3685129345,749.3408591818306,0.2513927716674802,,,,,,,,,,,,,2026-08-31
CP-I-00197,INDIVIDUAL,VA,91916.34411598292,711.947684385502,0.3237378708765269,,,,,,,,,,,,,2026-08-31
CP-I-00198,INDIVIDUAL,NY,118311.49750166312,812.482463981533,0.5020353122809944,,,,,,,,,,,,,2026-08-31
CP-I-00199,INDIVIDUAL,NY,117741.27477785207,605.5152247159097,0.3353157340040784,,,,,,,,,,,,,2026-08-31
CP-I-00200,INDIVIDUAL,FL,116447.03730915197,658.7144826554152,0.22814135585634204,,,,,,,,,,,,,2026-08-31
CP-I-00201,INDIVIDUAL,CA,63477.200206899135,625.7082754853517,0.29302181610752304,,,,,,,,,,,,,2026-08-31
CP-I-00202,INDIVIDUAL,TX,96346.97825106943,753.4554675610357,0.20986054012812208,,,,,,,,,,,,,2026-08-31
CP-I-00203,INDIVIDUAL,CA,49611.727522689725,783.7114859602128,0.295102704226419,,,,,,,,,,,,,2026-08-31
CP-I-00204,INDIVIDUAL,GA,81516.2441257124,755.2827133925038,0.19698738446446182,,,,,,,,,,,,,2026-08-31
CP-I-00205,INDIVIDUAL,NC,71745.16642153746,696.5607978685147,0.2528977615394375,,,,,,,,,,,,,2026-08-31
CP-I-00206,INDIVIDUAL,NY,67734.91236416111,750.3212279743516,0.3763385650929373,,,,,,,,,,,,,2026-08-31
CP-I-00207,INDIVIDUAL,GA,271758.11179328576,680.6825850477265,0.42081320427924096,,,,,,,,,,,,,2026-08-31
CP-I-00208,INDIVIDUAL,NC,84670.70951321168,632.7350799837404,0.2976770581029694,,,,,,,,,,,,,2026-08-31
CP-I-00209,INDIVIDUAL,FL,42552.38217634604,754.8449490491248,0.3329749024460653,,,,,,,,,,,,,2026-08-31
CP-I-00210,INDIVIDUAL,FL,30565.893908741196,760.2738161009222,0.16527482159567264,,,,,,,,,,,,,2026-08-31
CP-I-00211,INDIVIDUAL,NC,150413.1466096056,640.4595869439638,0.16043668695329644,,,,,,,,,,,,,2026-08-31
CP-I-00212,INDIVIDUAL,GA,59148.612765904174,656.948195622106,0.3822559904953132,,,,,,,,,,,,,2026-08-31
CP-I-00213,INDIVIDUAL,GA,94810.99633619474,775.7978321733135,0.469023875190427,,,,,,,,,,,,,2026-08-31
CP-I-00214,INDIVIDUAL,GA,183127.85804931517,728.8102212492926,0.3471768018495306,,,,,,,,,,,,,2026-08-31
CP-I-00215,INDIVIDUAL,VA,96308.79560523703,792.3375939615535,0.3365255523111882,,,,,,,,,,,,,2026-08-31
CP-I-00216,INDIVIDUAL,NC,69996.37624347718,688.2377735050773,0.32319763276853186,,,,,,,,,,,,,2026-08-31
CP-I-00217,INDIVIDUAL,VA,160997.8561180274,643.270492466578,0.4089901666008804,,,,,,,,,,,,,2026-08-31
CP-I-00218,INDIVIDUAL,VA,93798.74714742428,565.4243049841888,0.386911191569002,,,,,,,,,,,,,2026-08-31
CP-I-00219,INDIVIDUAL,NC,99653.06387833263,817.83301595771,0.3113469193840376,,,,,,,,,,,,,2026-08-31
CP-I-00220,INDIVIDUAL,FL,159686.8289891862,753.5925829336836,0.23002245565410062,,,,,,,,,,,,,2026-08-31
CP-I-00221,INDIVIDUAL,NC,83312.79872615357,710.2532938071485,0.5047215502583178,,,,,,,,,,,,,2026-08-31
CP-I-00222,INDIVIDUAL,FL,93362.94654144676,738.9990380140989,0.09869085971971583,,,,,,,,,,,,,2026-08-31
CP-I-00223,INDIVIDUAL,TX,158069.59601455662,708.9717533091334,0.32659031600409344,,,,,,,,,,,,,2026-08-31
CP-I-00224,INDIVIDUAL,TX,122548.52134256958,657.2746187517233,0.2501050627862538,,,,,,,,,,,,,2026-08-31
CP-I-00225,INDIVIDUAL,NY,47766.780537608,761.7921382812104,0.1577369477347063,,,,,,,,,,,,,2026-08-31
CP-I-00226,INDIVIDUAL,TX,42776.838490179114,774.0067706354215,0.2298417277811728,,,,,,,,,,,,,2026-08-31
CP-I-00227,INDIVIDUAL,FL,151566.05484424008,678.6326693042026,0.19191830517169195,,,,,,,,,,,,,2026-08-31
CP-I-00228,INDIVIDUAL,GA,64676.70507918245,807.7695173078023,0.40082080931355696,,,,,,,,,,,,,2026-08-31
CP-I-00229,INDIVIDUAL,GA,90239.2108698662,682.8189978731316,0.14656996073272283,,,,,,,,,,,,,2026-08-31
CP-I-00230,INDIVIDUAL,CA,86638.98596148593,789.227679471311,0.5292963165201378,,,,,,,,,,,,,2026-08-31
CP-I-00231,INDIVIDUAL,NC,117706.74534180062,642.5789190126851,0.0867621923761038,,,,,,,,,,,,,2026-08-31
CP-I-00232,INDIVIDUAL,NY,91311.71222588317,731.8357899115304,0.2810761416110763,,,,,,,,,,,,,2026-08-31
CP-I-00233,INDIVIDUAL,GA,80259.11983266307,791.1459039462106,0.33225809892242,,,,,,,,,,,,,2026-08-31
CP-I-00234,INDIVIDUAL,TX,57905.92199074075,677.4835278985569,0.2735690442256683,,,,,,,,,,,,,2026-08-31
CP-I-00235,INDIVIDUAL,CA,144377.97487020347,699.0237204318233,0.23584599523136404,,,,,,,,,,,,,2026-08-31
CP-I-00236,INDIVIDUAL,TX,143837.26266774547,669.9986324629871,0.44066516543515777,,,,,,,,,,,,,2026-08-31
CP-I-00237,INDIVIDUAL,GA,65082.517768489466,671.0144233171676,0.23129773022009723,,,,,,,,,,,,,2026-08-31
CP-I-00238,INDIVIDUAL,CA,76917.93358126415,710.9309019961545,0.29749665497161704,,,,,,,,,,,,,2026-08-31
CP-I-00239,INDIVIDUAL,GA,43570.459071606194,753.5812047544798,0.3303997580956506,,,,,,,,,,,,,2026-08-31
CP-I-00240,INDIVIDUAL,VA,42414.69023988275,678.017915452634,0.20087552529792807,,,,,,,,,,,,,2026-08-31
CP-I-00241,INDIVIDUAL,GA,69155.0165434286,702.0776930984775,0.09740778101242943,,,,,,,,,,,,,2026-08-31
CP-I-00242,INDIVIDUAL,FL,112663.62838016258,707.7742862991129,0.13571612827507773,,,,,,,,,,,,,2026-08-31
CP-I-00243,INDIVIDUAL,GA,265753.9764833384,651.8199305554945,0.21840941305844364,,,,,,,,,,,,,2026-08-31
CP-I-00244,INDIVIDUAL,TX,176752.32894594816,749.031596382203,0.2574384512350488,,,,,,,,,,,,,2026-08-31
CP-I-00245,INDIVIDUAL,GA,50424.34319954746,780.5904130640076,0.19453234402174485,,,,,,,,,,,,,2026-08-31
CP-I-00246,INDIVIDUAL,GA,116062.72119587568,735.7788508298647,0.3294398019152338,,,,,,,,,,,,,2026-08-31
CP-I-00247,INDIVIDUAL,CA,77162.50218029499,654.971043101376,0.11987522877156769,,,,,,,,,,,,,2026-08-31
CP-I-00248,INDIVIDUAL,CA,99911.03082812128,646.6571490727102,0.2501543249932495,,,,,,,,,,,,,2026-08-31
CP-I-00249,INDIVIDUAL,TX,121387.01486996519,754.7728243066862,0.0631867154307403,,,,,,,,,,,,,2026-08-31
CP-I-00250,INDIVIDUAL,FL,161347.98458211226,662.2262928375875,0.31185990199881375,,,,,,,,,,,,,2026-08-31
CP-I-00251,INDIVIDUAL,VA,54679.089462106254,658.3662085338559,0.18683150299343243,,,,,,,,,,,,,2026-08-31
CP-I-00252,INDIVIDUAL,NC,158420.21712176994,746.3704216377683,0.1333117160184425,,,,,,,,,,,,,2026-08-31
CP-I-00253,INDIVIDUAL,TX,49267.96179554911,660.8476602873304,0.25714857833098614,,,,,,,,,,,,,2026-08-31
CP-I-00254,INDIVIDUAL,TX,94422.68344301019,665.1985866493733,0.4219793323377096,,,,,,,,,,,,,2026-08-31
CP-I-00255,INDIVIDUAL,NC,84476.20565650225,688.9903669987942,0.2688804431952327,,,,,,,,,,,,,2026-08-31
CP-I-00256,INDIVIDUAL,VA,75995.38539438024,671.943923963439,0.08731013984412826,,,,,,,,,,,,,2026-08-31
CP-I-00257,INDIVIDUAL,FL,271819.561621881,663.7900250368407,0.5140087069310146,,,,,,,,,,,,,2026-08-31
CP-I-00258,INDIVIDUAL,NC,87342.16421064187,694.4428125505563,0.06426255022744846,,,,,,,,,,,,,2026-08-31
CP-I-00259,INDIVIDUAL,NY,83069.45775754342,682.7661425610817,0.40161453458273344,,,,,,,,,,,,,2026-08-31
CP-I-00260,INDIVIDUAL,VA,112377.093926143,673.0869390526306,0.206250806507811,,,,,,,,,,,,,2026-08-31
CP-I-00261,INDIVIDUAL,NY,79058.83496167477,666.0551283079574,0.44719015115690686,,,,,,,,,,,,,2026-08-31
CP-I-00262,INDIVIDUAL,NY,87262.26360214759,734.6227494384527,0.4322513264498363,,,,,,,,,,,,,2026-08-31
CP-I-00263,INDIVIDUAL,VA,99497.15248532523,748.7768547485895,0.2906277366637925,,,,,,,,,,,,,2026-08-31
CP-I-00264,INDIVIDUAL,CA,49490.402172356815,709.9732968050884,0.27258906191731125,,,,,,,,,,,,,2026-08-31
CP-I-00265,INDIVIDUAL,NC,102822.32382857714,718.5889506099518,0.44910029428609133,,,,,,,,,,,,,2026-08-31
CP-I-00266,INDIVIDUAL,FL,117629.905353368,684.5422476286443,0.2596244068717235,,,,,,,,,,,,,2026-08-31
CP-I-00267,INDIVIDUAL,FL,80408.71387954854,608.8343791730978,0.16696742635808348,,,,,,,,,,,,,2026-08-31
CP-I-00268,INDIVIDUAL,CA,99582.77190763416,628.0751424790843,0.05413254625526535,,,,,,,,,,,,,2026-08-31
CP-I-00269,INDIVIDUAL,CA,51667.08395332068,748.445282798823,0.13564381864670522,,,,,,,,,,,,,2026-08-31
CP-I-00270,INDIVIDUAL,CA,52002.5675734374,773.276455001655,0.339261597860076,,,,,,,,,,,,,2026-08-31
CP-I-00271,INDIVIDUAL,GA,123011.75746379377,627.8298387112106,0.32690842863216785,,,,,,,,,,,,,2026-08-31
CP-I-00272,INDIVIDUAL,CA,37039.58001264933,835.6777397423255,0.18784180185458169,,,,,,,,,,,,,2026-08-31
CP-I-00273,INDIVIDUAL,FL,86318.8297114565,698.9673618889724,0.11903244782996175,,,,,,,,,,,,,2026-08-31
CP-I-00274,INDIVIDUAL,GA,33157.77221820041,728.1258203892927,0.4240249654078338,,,,,,,,,,,,,2026-08-31
CP-I-00275,INDIVIDUAL,NY,82541.22830711385,669.7536224437904,0.27869115509547193,,,,,,,,,,,,,2026-08-31
CP-I-00276,INDIVIDUAL,NY,87493.2721709555,773.0354972145649,0.1508348361260371,,,,,,,,,,,,,2026-08-31
CP-I-00277,INDIVIDUAL,FL,146443.04336806526,742.5047146971343,0.3269814409546126,,,,,,,,,,,,,2026-08-31
CP-I-00278,INDIVIDUAL,CA,66476.56935421392,682.9732211406235,0.24583091537164806,,,,,,,,,,,,,2026-08-31
CP-I-00279,INDIVIDUAL,NC,120086.99866836253,686.1331996486264,0.40688551600579137,,,,,,,,,,,,,2026-08-31
CP-I-00280,INDIVIDUAL,FL,93587.16090224376,692.9030581947139,0.38730695684040756,,,,,,,,,,,,,2026-08-31
CP-I-00281,INDIVIDUAL,TX,186475.0428066266,685.8345464933635,0.10421905619036799,,,,,,,,,,,,,2026-08-31
CP-I-00282,INDIVIDUAL,NY,99319.6511315009,790.8659190253255,0.2829942670527501,,,,,,,,,,,,,2026-08-31
CP-I-00283,INDIVIDUAL,NY,138042.74383129837,709.0073245829225,0.3549145498139054,,,,,,,,,,,,,2026-08-31
CP-I-00284,INDIVIDUAL,CA,72590.82271173508,689.598576850931,0.5951198219090471,,,,,,,,,,,,,2026-08-31
CP-I-00285,INDIVIDUAL,TX,107464.53538716411,675.7842473070689,0.4725398598249443,,,,,,,,,,,,,2026-08-31
CP-I-00286,INDIVIDUAL,NC,110209.75980152986,755.198659877556,0.22241640078654618,,,,,,,,,,,,,2026-08-31
CP-I-00287,INDIVIDUAL,NY,80107.8192084911,670.2579565810731,0.1998052545049269,,,,,,,,,,,,,2026-08-31
CP-I-00288,INDIVIDUAL,VA,111380.08361662415,819.1697338490867,0.12954724954793578,,,,,,,,,,,,,2026-08-31
CP-I-00289,INDIVIDUAL,VA,42942.450004890765,826.383812788368,0.35464354799906195,,,,,,,,,,,,,2026-08-31
CP-I-00290,INDIVIDUAL,NC,33533.60110558179,750.9355696440981,0.17190600047830654,,,,,,,,,,,,,2026-08-31
CP-I-00291,INDIVIDUAL,VA,66343.59623480598,775.8566967270725,0.1521001253435577,,,,,,,,,,,,,2026-08-31
CP-I-00292,INDIVIDUAL,GA,72373.82877760458,682.9457485239831,0.2499171551595376,,,,,,,,,,,,,2026-08-31
CP-I-00293,INDIVIDUAL,VA,107252.21823005802,675.1407502338116,0.29388828931900496,,,,,,,,,,,,,2026-08-31
CP-I-00294,INDIVIDUAL,FL,75416.28985136312,821.2168703752864,0.18254975487754185,,,,,,,,,,,,,2026-08-31
CP-I-00295,INDIVIDUAL,NC,105139.50140813387,639.4876643483184,0.15335224319648116,,,,,,,,,,,,,2026-08-31
CP-I-00296,INDIVIDUAL,NC,123008.08066622054,682.3164488947967,0.269260603647111,,,,,,,,,,,,,2026-08-31
CP-I-00297,INDIVIDUAL,TX,62080.80476321532,641.2016928402235,0.37782366626774666,,,,,,,,,,,,,2026-08-31
CP-I-00298,INDIVIDUAL,NC,89077.58629977559,717.4892707081357,0.3475830237399491,,,,,,,,,,,,,2026-08-31
CP-I-00299,INDIVIDUAL,TX,107409.87420125998,721.804069701088,0.19224568045708168,,,,,,,,,,,,,2026-08-31
CP-I-00300,INDIVIDUAL,NY,99701.88223009414,691.8926113031287,0.662804624531872,,,,,,,,,,,,,2026-08-31
CP-I-00301,INDIVIDUAL,VA,49225.855299881485,642.5423683213138,0.38073182776874376,,,,,,,,,,,,,2026-08-31
CP-I-00302,INDIVIDUAL,FL,74780.13660240216,577.7421729531819,0.10126450695673761,,,,,,,,,,,,,2026-08-31
CP-I-00303,INDIVIDUAL,NC,147648.9895663431,766.2844381634968,0.2806988251774955,,,,,,,,,,,,,2026-08-31
CP-I-00304,INDIVIDUAL,VA,109205.1811922246,688.565018147517,0.197644500157163,,,,,,,,,,,,,2026-08-31
CP-I-00305,INDIVIDUAL,NC,160693.17290878188,758.9227763095334,0.18437057048385136,,,,,,,,,,,,,2026-08-31
CP-I-00306,INDIVIDUAL,NC,82260.68754574683,699.5856069856937,0.28519427795585467,,,,,,,,,,,,,2026-08-31
CP-I-00307,INDIVIDUAL,VA,116901.5552059566,667.9018547127389,0.20015802692907608,,,,,,,,,,,,,2026-08-31
CP-I-00308,INDIVIDUAL,NC,328906.06569947937,728.6091132774391,0.2977908458907829,,,,,,,,,,,,,2026-08-31
CP-I-00309,INDIVIDUAL,TX,49133.75095355267,670.2940072376518,0.45592489735957525,,,,,,,,,,,,,2026-08-31
CP-I-00310,INDIVIDUAL,NC,96678.02644992796,730.2916773747992,0.21710200348951947,,,,,,,,,,,,,2026-08-31
CP-I-00311,INDIVIDUAL,NY,140227.6112515519,751.2471811552924,0.44869993689410037,,,,,,,,,,,,,2026-08-31
CP-I-00312,INDIVIDUAL,TX,171504.56488291107,749.3695317557748,0.5085038596374152,,,,,,,,,,,,,2026-08-31
CP-I-00313,INDIVIDUAL,TX,88078.84418735975,796.1833043061564,0.32703925879383394,,,,,,,,,,,,,2026-08-31
CP-I-00314,INDIVIDUAL,NC,119940.50065529186,768.8765714126828,0.29847623096220766,,,,,,,,,,,,,2026-08-31
CP-I-00315,INDIVIDUAL,NC,135179.8531911807,721.0578830216418,0.1220726397116765,,,,,,,,,,,,,2026-08-31
CP-I-00316,INDIVIDUAL,VA,250080.9683579008,767.9761341339113,0.2531683185011089,,,,,,,,,,,,,2026-08-31
CP-I-00317,INDIVIDUAL,NC,78244.0484545508,692.1087037700014,0.11562895264663313,,,,,,,,,,,,,2026-08-31
CP-I-00318,INDIVIDUAL,TX,62552.56726249045,658.9222193472364,0.12808583215571412,,,,,,,,,,,,,2026-08-31
CP-I-00319,INDIVIDUAL,CA,90348.6077455047,768.7903038675415,0.18420260671929023,,,,,,,,,,,,,2026-08-31
CP-I-00320,INDIVIDUAL,FL,89173.67476588915,734.1414443092552,0.4018645868759726,,,,,,,,,,,,,2026-08-31
CP-I-00321,INDIVIDUAL,GA,61159.13027846235,667.5057802903053,0.2527826216014175,,,,,,,,,,,,,2026-08-31
CP-I-00322,INDIVIDUAL,VA,79625.74587840615,711.4010709711381,0.21541912273342942,,,,,,,,,,,,,2026-08-31
CP-I-00323,INDIVIDUAL,TX,67883.80854690402,677.6905929202278,0.16300684251588976,,,,,,,,,,,,,2026-08-31
CP-I-00324,INDIVIDUAL,CA,80255.95895403058,740.2650643495986,0.27028190627141735,,,,,,,,,,,,,2026-08-31
CP-I-00325,INDIVIDUAL,TX,139700.6722914393,626.8298090909557,0.1903613387691599,,,,,,,,,,,,,2026-08-31
CP-I-00326,INDIVIDUAL,FL,159894.75294130808,826.7500699635349,0.28546880544421693,,,,,,,,,,,,,2026-08-31
CP-I-00327,INDIVIDUAL,CA,37933.689853379845,763.9699903773982,0.25900759496747305,,,,,,,,,,,,,2026-08-31
CP-I-00328,INDIVIDUAL,GA,138348.86912341043,658.009157132253,0.14031703858487865,,,,,,,,,,,,,2026-08-31
CP-I-00329,INDIVIDUAL,CA,36250.56174458865,731.9926395409954,0.37854340211939924,,,,,,,,,,,,,2026-08-31
CP-I-00330,INDIVIDUAL,TX,60489.64271664763,666.4050754568309,0.44221272508285625,,,,,,,,,,,,,2026-08-31
CP-I-00331,INDIVIDUAL,NC,44366.919488175576,692.4904940333305,0.2129790786211178,,,,,,,,,,,,,2026-08-31
CP-I-00332,INDIVIDUAL,TX,71585.89028933732,691.8952043524775,0.27758972348696603,,,,,,,,,,,,,2026-08-31
CP-I-00333,INDIVIDUAL,NY,89506.28746450192,713.0644057745955,0.3721969227584607,,,,,,,,,,,,,2026-08-31
CP-I-00334,INDIVIDUAL,GA,260140.343848193,739.905346625306,0.2656445410716847,,,,,,,,,,,,,2026-08-31
CP-I-00335,INDIVIDUAL,NC,98080.27040004733,676.0917209389069,0.33871508333485534,,,,,,,,,,,,,2026-08-31
CP-I-00336,INDIVIDUAL,CA,120061.47609056911,740.6644521360029,0.2181193273356549,,,,,,,,,,,,,2026-08-31
CP-I-00337,INDIVIDUAL,FL,61164.81822424376,713.9387256663923,0.36629887889281854,,,,,,,,,,,,,2026-08-31
CP-I-00338,INDIVIDUAL,NC,187384.13192005132,613.5262638301714,0.1500600530384119,,,,,,,,,,,,,2026-08-31
CP-I-00339,INDIVIDUAL,CA,156816.70868693397,769.8295140276595,0.34108323659036904,,,,,,,,,,,,,2026-08-31
CP-I-00340,INDIVIDUAL,NY,105533.64410892116,676.9355622210721,0.19666068844210813,,,,,,,,,,,,,2026-08-31
CP-I-00341,INDIVIDUAL,VA,91807.90302495565,704.3933173194395,0.35764280543702975,,,,,,,,,,,,,2026-08-31
CP-I-00342,INDIVIDUAL,GA,91831.93891214831,671.3934291705647,0.2725456969740153,,,,,,,,,,,,,2026-08-31
CP-I-00343,INDIVIDUAL,NC,53029.957128647984,635.9448268296463,0.2773138731981536,,,,,,,,,,,,,2026-08-31
CP-I-00344,INDIVIDUAL,NY,316557.3657628598,726.5051042099295,0.36250844517744196,,,,,,,,,,,,,2026-08-31
CP-I-00345,INDIVIDUAL,NC,105294.57834663929,722.262536843233,0.2781522991296734,,,,,,,,,,,,,2026-08-31
CP-I-00346,INDIVIDUAL,NC,114368.96065912805,723.0550802252335,0.12244893149346248,,,,,,,,,,,,,2026-08-31
CP-I-00347,INDIVIDUAL,NC,52886.68174276431,755.6921260346411,0.27337069458897456,,,,,,,,,,,,,2026-08-31
CP-I-00348,INDIVIDUAL,NC,56924.6296706333,629.0570295145391,0.40860443376852007,,,,,,,,,,,,,2026-08-31
CP-I-00349,INDIVIDUAL,CA,111783.2583292952,641.6624056683561,0.4256878683775876,,,,,,,,,,,,,2026-08-31
CP-I-00350,INDIVIDUAL,CA,124094.1875271721,706.8613901498635,0.21507390619099342,,,,,,,,,,,,,2026-08-31
CP-I-00351,INDIVIDUAL,TX,165095.6313571144,658.6808364606225,0.2397683636452999,,,,,,,,,,,,,2026-08-31
CP-I-00352,INDIVIDUAL,VA,181521.4179126371,753.8619310785053,0.3607237634265557,,,,,,,,,,,,,2026-08-31
CP-I-00353,INDIVIDUAL,NY,96021.30252660532,682.8585052423639,0.4942574390867309,,,,,,,,,,,,,2026-08-31
CP-I-00354,INDIVIDUAL,GA,50155.05786380507,697.5495182967771,0.1425651316566816,,,,,,,,,,,,,2026-08-31
CP-I-00355,INDIVIDUAL,TX,177558.24942484318,707.0580209593495,0.48435160398350646,,,,,,,,,,,,,2026-08-31
CP-I-00356,INDIVIDUAL,CA,180485.73520680788,736.687705705013,0.5070618018112355,,,,,,,,,,,,,2026-08-31
CP-I-00357,INDIVIDUAL,VA,79646.79309749394,662.7197812979946,0.6858058424826282,,,,,,,,,,,,,2026-08-31
CP-I-00358,INDIVIDUAL,CA,53968.98631762915,729.6140364931105,0.32405046316145025,,,,,,,,,,,,,2026-08-31
CP-I-00359,INDIVIDUAL,GA,172024.76129152862,701.7044899323145,0.4265002899199418,,,,,,,,,,,,,2026-08-31
CP-I-00360,INDIVIDUAL,FL,80932.45375506107,735.7070735985764,0.288182275960593,,,,,,,,,,,,,2026-08-31
CP-I-00361,INDIVIDUAL,VA,112010.77027240742,696.2230053477357,0.36699327993470654,,,,,,,,,,,,,2026-08-31
CP-I-00362,INDIVIDUAL,NC,112302.9720586565,687.6271013876328,0.13632036330462988,,,,,,,,,,,,,2026-08-31
CP-I-00363,INDIVIDUAL,GA,100229.83622643976,668.2197281044057,0.2885993966084981,,,,,,,,,,,,,2026-08-31
CP-I-00364,INDIVIDUAL,TX,87968.54440391914,714.2861568848563,0.3156126617162318,,,,,,,,,,,,,2026-08-31
CP-I-00365,INDIVIDUAL,FL,114594.76448459738,618.0509825009965,0.25451167649326306,,,,,,,,,,,,,2026-08-31
CP-I-00366,INDIVIDUAL,GA,106906.95654497588,754.3506848420993,0.14638244987247725,,,,,,,,,,,,,2026-08-31
CP-I-00367,INDIVIDUAL,FL,71345.96624856433,691.9406213769075,0.34009288408815946,,,,,,,,,,,,,2026-08-31
CP-I-00368,INDIVIDUAL,VA,187500.6702737146,743.5532634313716,0.2663970457974186,,,,,,,,,,,,,2026-08-31
CP-I-00369,INDIVIDUAL,NC,111447.5207011301,667.8618443313088,0.48152917657767613,,,,,,,,,,,,,2026-08-31
CP-I-00370,INDIVIDUAL,GA,130591.80750192837,734.5494696337843,0.5137407412658949,,,,,,,,,,,,,2026-08-31
CP-I-00371,INDIVIDUAL,NY,80161.98201893317,634.6624856109523,0.2444518815537551,,,,,,,,,,,,,2026-08-31
CP-I-00372,INDIVIDUAL,NC,61777.28307144255,715.8537051978415,0.16935457179561522,,,,,,,,,,,,,2026-08-31
CP-I-00373,INDIVIDUAL,FL,89467.71682776001,649.510649118278,0.29967357487850926,,,,,,,,,,,,,2026-08-31
CP-I-00374,INDIVIDUAL,FL,85265.22002447427,714.115139799899,0.13068121475340216,,,,,,,,,,,,,2026-08-31
CP-I-00375,INDIVIDUAL,GA,109138.04123702119,742.1408441180104,0.29985582529638843,,,,,,,,,,,,,2026-08-31
CP-I-00376,INDIVIDUAL,NY,76734.77519894838,680.3904577310143,0.22829380426153312,,,,,,,,,,,,,2026-08-31
CP-I-00377,INDIVIDUAL,NY,74023.91964267266,597.1314990105674,0.2954251357739868,,,,,,,,,,,,,2026-08-31
CP-I-00378,INDIVIDUAL,TX,143178.6276249251,632.5413347505988,0.16967942964878713,,,,,,,,,,,,,2026-08-31
CP-I-00379,INDIVIDUAL,NC,107819.71563779116,752.9378791409445,0.3750721747312412,,,,,,,,,,,,,2026-08-31
CP-I-00380,INDIVIDUAL,FL,67710.45422045146,705.4104209647203,0.2796178303099556,,,,,,,,,,,,,2026-08-31
CP-I-00381,INDIVIDUAL,CA,201534.59940351872,730.4219615871153,0.19082658005923936,,,,,,,,,,,,,2026-08-31
CP-I-00382,INDIVIDUAL,FL,82508.23541863417,720.7157592911198,0.4367168801234933,,,,,,,,,,,,,2026-08-31
CP-I-00383,INDIVIDUAL,GA,68470.75834778471,718.186298847501,0.2739768183480971,,,,,,,,,,,,,2026-08-31
CP-I-00384,INDIVIDUAL,NY,85197.82593319402,706.7229502081848,0.16479038153956838,,,,,,,,,,,,,2026-08-31
CP-I-00385,INDIVIDUAL,NC,57189.369764764015,760.5417283980894,0.2579670363886134,,,,,,,,,,,,,2026-08-31
CP-I-00386,INDIVIDUAL,VA,66726.50961987382,649.7029978158641,0.2973304410655053,,,,,,,,,,,,,2026-08-31
CP-I-00387,INDIVIDUAL,TX,96829.64685832297,837.3252895055127,0.2919304475976848,,,,,,,,,,,,,2026-08-31
CP-I-00388,INDIVIDUAL,TX,65481.34342414388,687.1540671002602,0.34161541134011364,,,,,,,,,,,,,2026-08-31
CP-I-00389,INDIVIDUAL,FL,142465.24370430646,824.6344625921425,0.5514575453903472,,,,,,,,,,,,,2026-08-31
CP-I-00390,INDIVIDUAL,CA,44735.932516018045,736.4341866462547,0.17198824597935172,,,,,,,,,,,,,2026-08-31
CP-I-00391,INDIVIDUAL,CA,170416.12048592503,705.4602279310723,0.34152883559330366,,,,,,,,,,,,,2026-08-31
CP-I-00392,INDIVIDUAL,GA,154523.84307527973,773.3822298837329,0.13693973563435674,,,,,,,,,,,,,2026-08-31
CP-I-00393,INDIVIDUAL,VA,159171.84646327508,597.1955481236469,0.47672897643081474,,,,,,,,,,,,,2026-08-31
CP-I-00394,INDIVIDUAL,NY,111176.85765407028,649.776228240305,0.44485194900849573,,,,,,,,,,,,,2026-08-31
CP-I-00395,INDIVIDUAL,FL,60358.6761125306,792.7221115733114,0.23500983968737482,,,,,,,,,,,,,2026-08-31
CP-I-00396,INDIVIDUAL,NY,40541.781743542524,703.1025281709947,0.5832046761789912,,,,,,,,,,,,,2026-08-31
CP-I-00397,INDIVIDUAL,GA,60285.815600768314,751.7009076239103,0.45924805403451646,,,,,,,,,,,,,2026-08-31
CP-I-00398,INDIVIDUAL,NC,41917.00630088971,664.3089201644808,0.25425653196445275,,,,,,,,,,,,,2026-08-31
CP-I-00399,INDIVIDUAL,GA,133786.02913684526,707.4971343632782,0.2773751649438563,,,,,,,,,,,,,2026-08-31
CP-I-00400,INDIVIDUAL,CA,82193.73927338517,741.9266713176573,0.22502313852443045,,,,,,,,,,,,,2026-08-31
CP-I-00401,INDIVIDUAL,GA,117575.07446970062,686.9678866361837,0.11604509780486767,,,,,,,,,,,,,2026-08-31
CP-I-00402,INDIVIDUAL,FL,103439.249988503,726.2059380082342,0.4544557511956454,,,,,,,,,,,,,2026-08-31
CP-I-00403,INDIVIDUAL,GA,82213.44907801114,691.849730234168,0.30262658874331255,,,,,,,,,,,,,2026-08-31
CP-I-00404,INDIVIDUAL,CA,249035.59836025885,765.8162734971813,0.0755452782481718,,,,,,,,,,,,,2026-08-31
CP-I-00405,INDIVIDUAL,FL,144938.40362474418,663.1819804814826,0.5002098732795872,,,,,,,,,,,,,2026-08-31
CP-I-00406,INDIVIDUAL,NY,100742.24033488819,752.6894637944384,0.18011039605290471,,,,,,,,,,,,,2026-08-31
CP-I-00407,INDIVIDUAL,TX,82891.7406447233,705.5288626936765,0.20710443705414636,,,,,,,,,,,,,2026-08-31
CP-I-00408,INDIVIDUAL,TX,48381.15736827217,728.6883345769284,0.26192053620677486,,,,,,,,,,,,,2026-08-31
CP-I-00409,INDIVIDUAL,TX,157515.02577108963,710.0471178252197,0.2012798407273098,,,,,,,,,,,,,2026-08-31
CP-I-00410,INDIVIDUAL,NC,71398.55228305739,769.3469413276763,0.3301007443952333,,,,,,,,,,,,,2026-08-31
CP-I-00411,INDIVIDUAL,NC,117540.05655505064,707.5146151679636,0.4297610162409674,,,,,,,,,,,,,2026-08-31
CP-I-00412,INDIVIDUAL,TX,59594.91094317151,703.5342108470174,0.5154051331990942,,,,,,,,,,,,,2026-08-31
CP-I-00413,INDIVIDUAL,TX,99640.61111659897,778.1135695138861,0.24311937708178177,,,,,,,,,,,,,2026-08-31
CP-I-00414,INDIVIDUAL,GA,170699.96936834,705.9527752800113,0.3627612962677709,,,,,,,,,,,,,2026-08-31
CP-I-00415,INDIVIDUAL,NY,106729.99947654616,659.3459026545478,0.19112945463343256,,,,,,,,,,,,,2026-08-31
CP-I-00416,INDIVIDUAL,FL,122826.57343631415,638.6514043315066,0.119211339349683,,,,,,,,,,,,,2026-08-31
CP-I-00417,INDIVIDUAL,NC,103520.8765044775,799.8211579912215,0.42311620210875356,,,,,,,,,,,,,2026-08-31
CP-I-00418,INDIVIDUAL,GA,55744.5725101881,657.4810373782232,0.324950768498433,,,,,,,,,,,,,2026-08-31
CP-I-00419,INDIVIDUAL,NC,205930.87168804076,658.1263161839518,0.20755648146429062,,,,,,,,,,,,,2026-08-31
CP-I-00420,INDIVIDUAL,GA,76016.0812127246,696.9175725122483,0.3999655884155944,,,,,,,,,,,,,2026-08-31
CP-I-00421,INDIVIDUAL,TX,107573.15128293117,753.5924168271633,0.3180825875791826,,,,,,,,,,,,,2026-08-31
CP-I-00422,INDIVIDUAL,CA,66139.34402841883,712.5941556235742,0.29580738832646014,,,,,,,,,,,,,2026-08-31
CP-I-00423,INDIVIDUAL,TX,68900.19818083708,745.5403050561627,0.2788294620265703,,,,,,,,,,,,,2026-08-31
CP-I-00424,INDIVIDUAL,VA,87241.93417081622,613.5016560774726,0.16674953213067453,,,,,,,,,,,,,2026-08-31
CP-I-00425,INDIVIDUAL,NY,140686.41698071468,718.2804794910691,0.13912126744239436,,,,,,,,,,,,,2026-08-31
CP-I-00426,INDIVIDUAL,NY,84939.72128030805,660.8345868303139,0.10551421149337875,,,,,,,,,,,,,2026-08-31
CP-I-00427,INDIVIDUAL,FL,116982.5201593126,763.4684499186809,0.4415354359764153,,,,,,,,,,,,,2026-08-31
CP-I-00428,INDIVIDUAL,TX,138424.08032653172,710.4386408939719,0.4904334273409072,,,,,,,,,,,,,2026-08-31
CP-I-00429,INDIVIDUAL,GA,52974.11663175842,668.3940576539591,0.06005711903386601,,,,,,,,,,,,,2026-08-31
CP-I-00430,INDIVIDUAL,FL,118459.12273380633,755.2767890569673,0.4634999135298875,,,,,,,,,,,,,2026-08-31
CP-I-00431,INDIVIDUAL,CA,86800.10115495216,700.5565683791175,0.5049482144583606,,,,,,,,,,,,,2026-08-31
CP-I-00432,INDIVIDUAL,GA,145285.47341144952,755.8321825567048,0.2427259540805011,,,,,,,,,,,,,2026-08-31
CP-I-00433,INDIVIDUAL,NC,76105.47173145432,630.0934021323571,0.22608872370658312,,,,,,,,,,,,,2026-08-31
CP-I-00434,INDIVIDUAL,NC,74254.33522001521,684.1408056056001,0.2079027074172169,,,,,,,,,,,,,2026-08-31
CP-I-00435,INDIVIDUAL,FL,59550.49055790261,775.9046681919481,0.44464669144095637,,,,,,,,,,,,,2026-08-31
CP-I-00436,INDIVIDUAL,TX,68880.78206866702,652.7637999541245,0.054358432964641996,,,,,,,,,,,,,2026-08-31
CP-I-00437,INDIVIDUAL,FL,67493.02464310071,626.5031133223864,0.21726119903459362,,,,,,,,,,,,,2026-08-31
CP-I-00438,INDIVIDUAL,FL,189759.17438279642,741.1839625258717,0.08652609351454732,,,,,,,,,,,,,2026-08-31
CP-I-00439,INDIVIDUAL,NC,118744.1978887747,612.0088834497353,0.3251000373990569,,,,,,,,,,,,,2026-08-31
CP-I-00440,INDIVIDUAL,NY,97048.820287279,688.9954728380554,0.2512441223145271,,,,,,,,,,,,,2026-08-31
CP-I-00441,INDIVIDUAL,NY,109208.9575783816,686.736470878789,0.2936998290521419,,,,,,,,,,,,,2026-08-31
CP-I-00442,INDIVIDUAL,TX,82189.74586435732,691.207396926853,0.3630716543164929,,,,,,,,,,,,,2026-08-31
CP-I-00443,INDIVIDUAL,CA,56919.58507364418,754.114649095193,0.4059912026666621,,,,,,,,,,,,,2026-08-31
CP-I-00444,INDIVIDUAL,GA,110511.32638161653,734.7107479071619,0.1555933748425479,,,,,,,,,,,,,2026-08-31
CP-I-00445,INDIVIDUAL,NY,76698.29882297503,628.1404085525594,0.24024126394094444,,,,,,,,,,,,,2026-08-31
CP-I-00446,INDIVIDUAL,VA,54065.063847890764,758.9271779114595,0.2868224833432855,,,,,,,,,,,,,2026-08-31
CP-I-00447,INDIVIDUAL,NY,73198.73113779542,744.3637941857913,0.13331282249173387,,,,,,,,,,,,,2026-08-31
CP-I-00448,INDIVIDUAL,TX,208815.13929304352,746.0260118513378,0.28497503620795744,,,,,,,,,,,,,2026-08-31
CP-I-00449,INDIVIDUAL,NY,101236.54097895825,724.0160251750469,0.18223993090779783,,,,,,,,,,,,,2026-08-31
CP-I-00450,INDIVIDUAL,CA,137794.03546328514,681.8653764637769,0.3501582477066618,,,,,,,,,,,,,2026-08-31
CP-I-00451,INDIVIDUAL,VA,55154.798301415154,751.5212767001252,0.21341871220988828,,,,,,,,,,,,,2026-08-31
CP-I-00452,INDIVIDUAL,GA,87981.953876942,652.4686434824671,0.3252471573761024,,,,,,,,,,,,,2026-08-31
CP-I-00453,INDIVIDUAL,VA,95144.39937386323,653.901020121826,0.2901294067996265,,,,,,,,,,,,,2026-08-31
CP-I-00454,INDIVIDUAL,FL,90105.17581980122,675.8092293549109,0.3178260462707451,,,,,,,,,,,,,2026-08-31
CP-I-00455,INDIVIDUAL,CA,105971.99257874972,552.2814879974349,0.3080532187098559,,,,,,,,,,,,,2026-08-31
CP-I-00456,INDIVIDUAL,NC,85989.53245850868,806.6141331658702,0.14068432887218363,,,,,,,,,,,,,2026-08-31
CP-I-00457,INDIVIDUAL,NY,91754.77626018084,607.0451926838741,0.27434291317957465,,,,,,,,,,,,,2026-08-31
CP-I-00458,INDIVIDUAL,FL,141114.85228943464,734.029563700478,0.22870280269603843,,,,,,,,,,,,,2026-08-31
CP-I-00459,INDIVIDUAL,NC,125258.40698186221,807.257298099576,0.2217466013524444,,,,,,,,,,,,,2026-08-31
CP-I-00460,INDIVIDUAL,VA,153491.49066208123,755.7514261222512,0.3898615701598228,,,,,,,,,,,,,2026-08-31
CP-I-00461,INDIVIDUAL,FL,49258.397694796455,666.5637021195521,0.21750087432679577,,,,,,,,,,,,,2026-08-31
CP-I-00462,INDIVIDUAL,FL,129813.97308549056,627.6418724018995,0.6333140200725159,,,,,,,,,,,,,2026-08-31
CP-I-00463,INDIVIDUAL,NY,88347.66618775117,743.7965477918666,0.20080969546258753,,,,,,,,,,,,,2026-08-31
CP-I-00464,INDIVIDUAL,VA,74752.515631173,651.6028689774425,0.3234274698584171,,,,,,,,,,,,,2026-08-31
CP-I-00465,INDIVIDUAL,NC,95344.01629012215,735.4841038961977,0.23236786654839148,,,,,,,,,,,,,2026-08-31
CP-I-00466,INDIVIDUAL,TX,72757.72904967928,715.1375036218272,0.28661944555943364,,,,,,,,,,,,,2026-08-31
CP-I-00467,INDIVIDUAL,VA,93768.51850743868,772.5346159354937,0.2505615736153656,,,,,,,,,,,,,2026-08-31
CP-I-00468,INDIVIDUAL,VA,108186.78697537606,761.6362272988116,0.17825679156929153,,,,,,,,,,,,,2026-08-31
CP-I-00469,INDIVIDUAL,VA,125139.61930178339,783.2542702498596,0.34496094795860094,,,,,,,,,,,,,2026-08-31
CP-I-00470,INDIVIDUAL,FL,91612.83704194972,636.9875434125021,0.32153551612861236,,,,,,,,,,,,,2026-08-31
CP-I-00471,INDIVIDUAL,FL,49646.613265826316,687.0553614652578,0.22937756607028698,,,,,,,,,,,,,2026-08-31
CP-I-00472,INDIVIDUAL,NY,159261.84910268197,627.9747746762287,0.19675025637707447,,,,,,,,,,,,,2026-08-31
CP-I-00473,INDIVIDUAL,GA,204119.85994673538,721.3809517165976,0.3690589104335541,,,,,,,,,,,,,2026-08-31
CP-I-00474,INDIVIDUAL,TX,121054.52613185022,712.2882068631867,0.22039419096516913,,,,,,,,,,,,,2026-08-31
CP-I-00475,INDIVIDUAL,CA,48960.04409818591,663.9013122698418,0.3262223103231524,,,,,,,,,,,,,2026-08-31
CP-I-00476,INDIVIDUAL,NY,296884.0307057819,743.0183682047376,0.6896045963047122,,,,,,,,,,,,,2026-08-31
CP-I-00477,INDIVIDUAL,VA,90605.3556067478,708.7020473174505,0.2065585256275446,,,,,,,,,,,,,2026-08-31
CP-I-00478,INDIVIDUAL,GA,59277.55483172298,750.254042097623,0.23888320002600122,,,,,,,,,,,,,2026-08-31
CP-I-00479,INDIVIDUAL,GA,208108.81450666033,643.5550955944672,0.34326943835609663,,,,,,,,,,,,,2026-08-31
CP-I-00480,INDIVIDUAL,GA,144641.16836358196,716.0229072404692,0.3689291326474092,,,,,,,,,,,,,2026-08-31
CP-I-00481,INDIVIDUAL,NY,134721.33389436404,754.6746176296658,0.34511509971976906,,,,,,,,,,,,,2026-08-31
CP-I-00482,INDIVIDUAL,NC,98810.29837545654,676.0416621507313,0.26728776993937853,,,,,,,,,,,,,2026-08-31
CP-I-00483,INDIVIDUAL,TX,134080.5144559184,680.3154870927183,0.1496238084755803,,,,,,,,,,,,,2026-08-31
CP-I-00484,INDIVIDUAL,VA,102960.3736321345,745.2252716139677,0.21454080060890413,,,,,,,,,,,,,2026-08-31
CP-I-00485,INDIVIDUAL,VA,50954.150585944684,786.6781575583021,0.27859509647619884,,,,,,,,,,,,,2026-08-31
CP-I-00486,INDIVIDUAL,VA,101666.5729015705,710.2603587384664,0.5124421035787698,,,,,,,,,,,,,2026-08-31
CP-I-00487,INDIVIDUAL,CA,75450.97675947618,696.086472609525,0.23671131055077688,,,,,,,,,,,,,2026-08-31
CP-I-00488,INDIVIDUAL,FL,70905.34525330784,685.4004659133376,0.2421754597167879,,,,,,,,,,,,,2026-08-31
CP-I-00489,INDIVIDUAL,GA,93456.10902298587,673.938993820023,0.16943112518443065,,,,,,,,,,,,,2026-08-31
CP-I-00490,INDIVIDUAL,VA,69269.99151730734,675.1615144243565,0.3725986913016693,,,,,,,,,,,,,2026-08-31
CP-I-00491,INDIVIDUAL,GA,156143.1769470625,735.3986230060088,0.49910119299882316,,,,,,,,,,,,,2026-08-31
CP-I-00492,INDIVIDUAL,TX,76956.85183067582,678.2458135402777,0.13962435371996404,,,,,,,,,,,,,2026-08-31
CP-I-00493,INDIVIDUAL,TX,54601.08492303094,636.0489533740363,0.13890024138364124,,,,,,,,,,,,,2026-08-31
CP-I-00494,INDIVIDUAL,CA,231467.97224417352,774.1706823908263,0.40221703815833876,,,,,,,,,,,,,2026-08-31
CP-I-00495,INDIVIDUAL,VA,70938.29743135581,690.9731576212813,0.40746426293848886,,,,,,,,,,,,,2026-08-31
CP-I-00496,INDIVIDUAL,NY,134806.99204048817,732.2408299756416,0.17288209947704947,,,,,,,,,,,,,2026-08-31
CP-I-00497,INDIVIDUAL,GA,178409.26813176333,693.2982313839356,0.17152238645614476,,,,,,,,,,,,,2026-08-31
CP-I-00498,INDIVIDUAL,NY,107401.65488158338,753.6705748149454,0.20306960888288889,,,,,,,,,,,,,2026-08-31
CP-I-00499,INDIVIDUAL,VA,211368.6340735819,743.9577909238387,0.4457436494245457,,,,,,,,,,,,,2026-08-31
CP-I-00500,INDIVIDUAL,VA,74269.13571711854,724.56704499835,0.3173147708563196,,,,,,,,,,,,,2026-08-31
CP-I-00501,INDIVIDUAL,TX,118244.16697210011,703.0643010672271,0.38812260580008323,,,,,,,,,,,,,2026-08-31
CP-I-00502,INDIVIDUAL,CA,170141.35874491005,693.2194611922254,0.2359048478418041,,,,,,,,,,,,,2026-08-31
CP-I-00503,INDIVIDUAL,CA,36818.296251370826,780.0263556658434,0.3425673360232944,,,,,,,,,,,,,2026-08-31
CP-I-00504,INDIVIDUAL,FL,167300.03341288617,797.7655350027695,0.1290871106930009,,,,,,,,,,,,,2026-08-31
CP-I-00505,INDIVIDUAL,TX,107158.78902304493,632.3978403087066,0.3063491986404945,,,,,,,,,,,,,2026-08-31
CP-I-00506,INDIVIDUAL,TX,56547.3141987609,696.7427806397769,0.2537994059008102,,,,,,,,,,,,,2026-08-31
CP-I-00507,INDIVIDUAL,GA,49480.74787614117,695.7500045562887,0.42194334985986315,,,,,,,,,,,,,2026-08-31
CP-I-00508,INDIVIDUAL,FL,92681.28052728892,831.3078248206834,0.18394024737776915,,,,,,,,,,,,,2026-08-31
CP-I-00509,INDIVIDUAL,VA,83037.69324166734,681.1763135758926,0.3952864332641236,,,,,,,,,,,,,2026-08-31
CP-I-00510,INDIVIDUAL,TX,92275.58594421591,699.2810484697319,0.255828316428479,,,,,,,,,,,,,2026-08-31
CP-I-00511,INDIVIDUAL,NY,289658.54549976427,739.7677391697355,0.2594962975562346,,,,,,,,,,,,,2026-08-31
CP-I-00512,INDIVIDUAL,NC,59329.79461114179,671.7695933386884,0.5885445428963695,,,,,,,,,,,,,2026-08-31
CP-I-00513,INDIVIDUAL,VA,71742.2818336917,749.7744410045724,0.1998935059199943,,,,,,,,,,,,,2026-08-31
CP-I-00514,INDIVIDUAL,NC,54567.720221555835,745.2342411299678,0.188217791019642,,,,,,,,,,,,,2026-08-31
CP-I-00515,INDIVIDUAL,NC,130382.71840629916,838.3503207253541,0.23191025579951946,,,,,,,,,,,,,2026-08-31
CP-I-00516,INDIVIDUAL,GA,82115.6838504896,747.3665703218162,0.37388595159429616,,,,,,,,,,,,,2026-08-31
CP-I-00517,INDIVIDUAL,VA,86658.61331004661,717.4350382262152,0.34306303193504617,,,,,,,,,,,,,2026-08-31
CP-I-00518,INDIVIDUAL,TX,99260.53095573449,687.5025591574768,0.31757181135642126,,,,,,,,,,,,,2026-08-31
CP-I-00519,INDIVIDUAL,FL,93095.6926548738,719.2728069828597,0.44615572755769317,,,,,,,,,,,,,2026-08-31
CP-I-00520,INDIVIDUAL,NY,37818.57018976226,632.9728459283708,0.39505230917481526,,,,,,,,,,,,,2026-08-31
CP-I-00521,INDIVIDUAL,GA,102267.06708606577,701.804898085278,0.4932475524916773,,,,,,,,,,,,,2026-08-31
CP-I-00522,INDIVIDUAL,NC,40812.71446641018,721.3053684827914,0.49279003955794404,,,,,,,,,,,,,2026-08-31
CP-I-00523,INDIVIDUAL,VA,221424.39475863206,733.5643043645584,0.305227353800948,,,,,,,,,,,,,2026-08-31
CP-I-00524,INDIVIDUAL,TX,78688.09648561134,562.2946238522239,0.25426817356090603,,,,,,,,,,,,,2026-08-31
CP-I-00525,INDIVIDUAL,GA,96361.34025212811,743.8685398312414,0.3972616029787652,,,,,,,,,,,,,2026-08-31
CP-I-00526,INDIVIDUAL,FL,79510.82061153182,749.1821596603532,0.42539180143927846,,,,,,,,,,,,,2026-08-31
CP-I-00527,INDIVIDUAL,GA,99473.2754824475,699.7182053465962,0.17424829143897946,,,,,,,,,,,,,2026-08-31
CP-I-00528,INDIVIDUAL,VA,142985.82339115939,611.3033830981108,0.31788410688754276,,,,,,,,,,,,,2026-08-31
CP-I-00529,INDIVIDUAL,NY,60882.27462742873,645.6524684485555,0.2041783380980284,,,,,,,,,,,,,2026-08-31
CP-I-00530,INDIVIDUAL,NY,71565.66724990692,724.7528624258241,0.41811512925823857,,,,,,,,,,,,,2026-08-31
CP-I-00531,INDIVIDUAL,VA,97260.74043502605,739.8281660092614,0.1587500562263809,,,,,,,,,,,,,2026-08-31
CP-I-00532,INDIVIDUAL,NY,211908.09321016975,698.7587317062893,0.12462554254960288,,,,,,,,,,,,,2026-08-31
CP-I-00533,INDIVIDUAL,NY,59988.29736618707,732.6916070272387,0.25487321191546386,,,,,,,,,,,,,2026-08-31
CP-I-00534,INDIVIDUAL,FL,231517.5662174698,715.4940138593805,0.2192789074764958,,,,,,,,,,,,,2026-08-31
CP-I-00535,INDIVIDUAL,CA,102997.26967683995,778.502195097382,0.2705773321801018,,,,,,,,,,,,,2026-08-31
CP-I-00536,INDIVIDUAL,NC,85190.9111615491,728.0617829546034,0.17992725685639782,,,,,,,,,,,,,2026-08-31
CP-I-00537,INDIVIDUAL,VA,82200.8218376992,696.9605888296967,0.277014397922402,,,,,,,,,,,,,2026-08-31
CP-I-00538,INDIVIDUAL,GA,150801.06298771375,719.7966225926348,0.2104519981450404,,,,,,,,,,,,,2026-08-31
CP-I-00539,INDIVIDUAL,VA,151082.3030492551,697.2175547377449,0.30321019980969766,,,,,,,,,,,,,2026-08-31
CP-I-00540,INDIVIDUAL,FL,57732.699724239756,611.7403530604435,0.23233035076015252,,,,,,,,,,,,,2026-08-31
CP-I-00541,INDIVIDUAL,CA,84913.89016879542,609.1545048311679,0.11724717876109089,,,,,,,,,,,,,2026-08-31
CP-I-00542,INDIVIDUAL,TX,85232.23382909968,768.3695529273689,0.2666299318288525,,,,,,,,,,,,,2026-08-31
CP-I-00543,INDIVIDUAL,GA,90355.61019525994,708.9674154725448,0.41345013843478623,,,,,,,,,,,,,2026-08-31
CP-I-00544,INDIVIDUAL,GA,86260.78627686156,656.1225665532181,0.10792669852799852,,,,,,,,,,,,,2026-08-31
CP-I-00545,INDIVIDUAL,TX,109709.96748869045,713.0398207440405,0.3153466369784772,,,,,,,,,,,,,2026-08-31
CP-I-00546,INDIVIDUAL,TX,70660.71698157159,657.9408898987591,0.2515636036852857,,,,,,,,,,,,,2026-08-31
CP-I-00547,INDIVIDUAL,FL,126642.09081955992,682.3949785806982,0.22911592676076656,,,,,,,,,,,,,2026-08-31
CP-I-00548,INDIVIDUAL,NC,61756.37995590293,711.3701814749134,0.321595780712826,,,,,,,,,,,,,2026-08-31
CP-I-00549,INDIVIDUAL,CA,85474.2512869508,668.1526665029465,0.29377960998457836,,,,,,,,,,,,,2026-08-31
CP-I-00550,INDIVIDUAL,CA,48975.485850019766,823.5076780744469,0.5774802513948211,,,,,,,,,,,,,2026-08-31
CP-I-00551,INDIVIDUAL,CA,92731.33839821132,710.2027307179991,0.16274992588464834,,,,,,,,,,,,,2026-08-31
CP-I-00552,INDIVIDUAL,CA,119882.53291713126,675.1234864074768,0.3256037328797252,,,,,,,,,,,,,2026-08-31
CP-I-00553,INDIVIDUAL,CA,67973.74659728212,746.8712117914795,0.36325944123990545,,,,,,,,,,,,,2026-08-31
CP-I-00554,INDIVIDUAL,CA,68943.86183397225,726.5459923571583,0.19695508583668575,,,,,,,,,,,,,2026-08-31
CP-I-00555,INDIVIDUAL,FL,149023.58547976395,708.0142153716703,0.2656348045780715,,,,,,,,,,,,,2026-08-31
CP-I-00556,INDIVIDUAL,NY,85949.29910752515,800.3266804656408,0.39291123414178714,,,,,,,,,,,,,2026-08-31
CP-I-00557,INDIVIDUAL,GA,187764.45358350925,725.1425033622379,0.23928944868670665,,,,,,,,,,,,,2026-08-31
CP-I-00558,INDIVIDUAL,FL,88226.12946140819,656.2513305273319,0.124291228670428,,,,,,,,,,,,,2026-08-31
CP-I-00559,INDIVIDUAL,NC,74225.77742880695,722.9532750837344,0.30129165166819505,,,,,,,,,,,,,2026-08-31
CP-I-00560,INDIVIDUAL,VA,61762.30857920045,671.464554340546,0.29089158698867346,,,,,,,,,,,,,2026-08-31
CP-I-00561,INDIVIDUAL,GA,56956.093042574124,805.1085868909668,0.1307956093191724,,,,,,,,,,,,,2026-08-31
CP-I-00562,INDIVIDUAL,CA,98974.74539938658,718.0295053083246,0.2791459805079066,,,,,,,,,,,,,2026-08-31
CP-I-00563,INDIVIDUAL,NC,119654.91586669884,662.7090353577295,0.6057317513525227,,,,,,,,,,,,,2026-08-31
CP-I-00564,INDIVIDUAL,FL,142400.1227011144,645.1157147918616,0.4733546794494452,,,,,,,,,,,,,2026-08-31
CP-I-00565,INDIVIDUAL,GA,85912.50505729555,838.4411021514004,0.09487755928533974,,,,,,,,,,,,,2026-08-31
CP-I-00566,INDIVIDUAL,CA,88537.29565704764,716.9907016444025,0.40224226758724957,,,,,,,,,,,,,2026-08-31
CP-I-00567,INDIVIDUAL,NY,122155.43335719775,633.4924292548645,0.1850987942478228,,,,,,,,,,,,,2026-08-31
CP-I-00568,INDIVIDUAL,FL,55536.32936619467,692.2981868765565,0.1388284596481102,,,,,,,,,,,,,2026-08-31
CP-I-00569,INDIVIDUAL,NY,152910.67612814266,793.5724613384832,0.18924011640218508,,,,,,,,,,,,,2026-08-31
CP-I-00570,INDIVIDUAL,GA,59729.39718477635,758.9358063028903,0.45073329728696643,,,,,,,,,,,,,2026-08-31
CP-I-00571,INDIVIDUAL,FL,97106.32751335991,667.5883336596895,0.08875139168417134,,,,,,,,,,,,,2026-08-31
CP-I-00572,INDIVIDUAL,CA,75390.10922301195,751.4091522522522,0.25250443592078736,,,,,,,,,,,,,2026-08-31
CP-I-00573,INDIVIDUAL,TX,95947.51543947996,694.0964590267695,0.3673756878199532,,,,,,,,,,,,,2026-08-31
CP-I-00574,INDIVIDUAL,GA,104722.129186651,750.2411144079265,0.45236313521161836,,,,,,,,,,,,,2026-08-31
CP-I-00575,INDIVIDUAL,NC,48418.39708247308,711.0389268898384,0.19173157111511915,,,,,,,,,,,,,2026-08-31
CP-I-00576,INDIVIDUAL,GA,99801.54769332752,701.3264563061178,0.17847682681880817,,,,,,,,,,,,,2026-08-31
CP-I-00577,INDIVIDUAL,NC,171197.78806725322,695.8394273090928,0.42034097692381145,,,,,,,,,,,,,2026-08-31
CP-I-00578,INDIVIDUAL,NY,99819.33279228769,715.6736121259413,0.3651833234933583,,,,,,,,,,,,,2026-08-31
CP-I-00579,INDIVIDUAL,CA,109926.24122566583,680.70929566388,0.3871402215023554,,,,,,,,,,,,,2026-08-31
CP-I-00580,INDIVIDUAL,NY,39561.908982270485,666.9665053996644,0.3770953479457655,,,,,,,,,,,,,2026-08-31
CP-I-00581,INDIVIDUAL,VA,93412.5196248712,721.4674488885673,0.23504575852414317,,,,,,,,,,,,,2026-08-31
CP-I-00582,INDIVIDUAL,VA,146135.19924349737,716.8022923281633,0.45991100694510134,,,,,,,,,,,,,2026-08-31
CP-I-00583,INDIVIDUAL,NY,97984.12418055233,668.9788083997208,0.15176360123170757,,,,,,,,,,,,,2026-08-31
CP-I-00584,INDIVIDUAL,NC,75307.43543286639,763.4119792049584,0.12439556391539984,,,,,,,,,,,,,2026-08-31
CP-I-00585,INDIVIDUAL,NC,77676.79909267332,720.3367521768281,0.27266493795606217,,,,,,,,,,,,,2026-08-31
CP-I-00586,INDIVIDUAL,VA,120571.64650039114,565.4473987295468,0.3924958659177253,,,,,,,,,,,,,2026-08-31
CP-I-00587,INDIVIDUAL,NY,199769.12545077,765.8681630864988,0.21628250536448757,,,,,,,,,,,,,2026-08-31
CP-I-00588,INDIVIDUAL,VA,66541.16186526617,759.9828536404772,0.27372615913634596,,,,,,,,,,,,,2026-08-31
CP-I-00589,INDIVIDUAL,FL,108124.301312771,716.177989598225,0.24156927347941806,,,,,,,,,,,,,2026-08-31
CP-I-00590,INDIVIDUAL,NY,232124.44199419895,669.317010717348,0.3466263741215537,,,,,,,,,,,,,2026-08-31
CP-I-00591,INDIVIDUAL,NY,69378.87388922987,684.429348803604,0.33133514983300294,,,,,,,,,,,,,2026-08-31
CP-I-00592,INDIVIDUAL,FL,54009.27851626625,750.4558780342351,0.23192624842103426,,,,,,,,,,,,,2026-08-31
CP-I-00593,INDIVIDUAL,NY,80417.19768646294,593.364654944409,0.13853646353634913,,,,,,,,,,,,,2026-08-31
CP-I-00594,INDIVIDUAL,TX,44727.245894697306,759.3407124527599,0.47827085080391213,,,,,,,,,,,,,2026-08-31
CP-I-00595,INDIVIDUAL,GA,43661.706839595216,616.8090712638605,0.3258804842421596,,,,,,,,,,,,,2026-08-31
CP-I-00596,INDIVIDUAL,VA,263063.2210506626,713.5608710079056,0.17610976621187718,,,,,,,,,,,,,2026-08-31
CP-I-00597,INDIVIDUAL,TX,51494.140839239655,713.195516379024,0.1659029139480001,,,,,,,,,,,,,2026-08-31
CP-I-00598,INDIVIDUAL,VA,79669.02640010674,600.8701643679515,0.2543496611704693,,,,,,,,,,,,,2026-08-31
CP-I-00599,INDIVIDUAL,NY,85413.71893991485,739.8933562383598,0.16230099987725632,,,,,,,,,,,,,2026-08-31
CP-I-00600,INDIVIDUAL,GA,64376.984423127455,741.690722191043,0.33945927154536204,,,,,,,,,,,,,2026-08-31
CP-I-00601,INDIVIDUAL,NC,133906.85564200787,702.0088883807496,0.18614269299952468,,,,,,,,,,,,,2026-08-31
CP-I-00602,INDIVIDUAL,NY,109770.93979837417,556.974443955453,0.32643407704291366,,,,,,,,,,,,,2026-08-31
CP-I-00603,INDIVIDUAL,FL,90444.54798497076,787.0678146957499,0.3834179839510352,,,,,,,,,,,,,2026-08-31
CP-I-00604,INDIVIDUAL,CA,63796.325348014856,700.4027154639306,0.2686655443119632,,,,,,,,,,,,,2026-08-31
CP-I-00605,INDIVIDUAL,TX,67785.44941455507,728.4045922245843,0.11975879021727612,,,,,,,,,,,,,2026-08-31
CP-I-00606,INDIVIDUAL,TX,65679.56232472368,632.1939722573809,0.4848793802274567,,,,,,,,,,,,,2026-08-31
CP-I-00607,INDIVIDUAL,FL,132048.66946332454,755.8162640433088,0.2902178085835209,,,,,,,,,,,,,2026-08-31
CP-I-00608,INDIVIDUAL,TX,39417.18088656386,613.9634559026126,0.17287536260920783,,,,,,,,,,,,,2026-08-31
CP-I-00609,INDIVIDUAL,NY,78365.68237688877,619.3234521534627,0.10697369734192286,,,,,,,,,,,,,2026-08-31
CP-I-00610,INDIVIDUAL,GA,52814.62982730018,724.8389212193808,0.2285736489946391,,,,,,,,,,,,,2026-08-31
CP-I-00611,INDIVIDUAL,CA,86451.69650992133,713.2902432803015,0.3568922526906862,,,,,,,,,,,,,2026-08-31
CP-I-00612,INDIVIDUAL,VA,50089.64221315363,653.8744757442684,0.19419911937939294,,,,,,,,,,,,,2026-08-31
CP-I-00613,INDIVIDUAL,TX,105146.26000324043,669.2073407568494,0.44464803064037944,,,,,,,,,,,,,2026-08-31
CP-I-00614,INDIVIDUAL,CA,182774.960551321,735.6669338650604,0.3651410789368403,,,,,,,,,,,,,2026-08-31
CP-I-00615,INDIVIDUAL,TX,114139.11960781516,640.5984657726822,0.34542869163009926,,,,,,,,,,,,,2026-08-31
CP-I-00616,INDIVIDUAL,GA,56898.28549363695,725.3576020864776,0.41699620085838457,,,,,,,,,,,,,2026-08-31
CP-I-00617,INDIVIDUAL,FL,63529.65633465515,655.1716905820822,0.22441439809879124,,,,,,,,,,,,,2026-08-31
CP-I-00618,INDIVIDUAL,TX,101089.73045338824,611.37525029951,0.47179508337637194,,,,,,,,,,,,,2026-08-31
CP-I-00619,INDIVIDUAL,GA,94638.63943305516,644.3839691347442,0.30450689753293236,,,,,,,,,,,,,2026-08-31
CP-I-00620,INDIVIDUAL,NC,78800.65756362326,587.5214322756967,0.1757894514314632,,,,,,,,,,,,,2026-08-31
CP-I-00621,INDIVIDUAL,GA,76581.06503258875,724.2452363847212,0.22027367725828906,,,,,,,,,,,,,2026-08-31
CP-I-00622,INDIVIDUAL,CA,110908.86011361283,740.1369788068982,0.20138412477952553,,,,,,,,,,,,,2026-08-31
CP-I-00623,INDIVIDUAL,GA,74177.92049509031,816.6979664029814,0.18475781306438224,,,,,,,,,,,,,2026-08-31
CP-I-00624,INDIVIDUAL,FL,77382.91589935077,790.3014620782924,0.10844738435502527,,,,,,,,,,,,,2026-08-31
CP-I-00625,INDIVIDUAL,VA,79556.43943697192,634.3848165236436,0.32318731781190346,,,,,,,,,,,,,2026-08-31
CP-I-00626,INDIVIDUAL,NC,99192.55607855295,643.0026996136824,0.17520886964900556,,,,,,,,,,,,,2026-08-31
CP-I-00627,INDIVIDUAL,FL,65968.94662340991,684.413702789011,0.15441625947420795,,,,,,,,,,,,,2026-08-31
CP-I-00628,INDIVIDUAL,FL,95063.92593845587,754.1716390533195,0.39582838166462464,,,,,,,,,,,,,2026-08-31
CP-I-00629,INDIVIDUAL,TX,35842.44630983669,686.790220523281,0.17368215500198278,,,,,,,,,,,,,2026-08-31
CP-I-00630,INDIVIDUAL,FL,163233.32648651252,644.4856046817666,0.3543417943068409,,,,,,,,,,,,,2026-08-31
CP-I-00631,INDIVIDUAL,FL,99527.17881596493,666.5772611911931,0.37817148974617837,,,,,,,,,,,,,2026-08-31
CP-I-00632,INDIVIDUAL,TX,181256.6938949194,708.3357806843591,0.1678795381136603,,,,,,,,,,,,,2026-08-31
CP-I-00633,INDIVIDUAL,VA,66118.76847155872,691.9790474257678,0.4336687675016888,,,,,,,,,,,,,2026-08-31
CP-I-00634,INDIVIDUAL,GA,90857.82836920477,783.3943827597866,0.10790835349804301,,,,,,,,,,,,,2026-08-31
CP-I-00635,INDIVIDUAL,NC,119364.23064149478,758.4493620195018,0.35607938555686774,,,,,,,,,,,,,2026-08-31
CP-I-00636,INDIVIDUAL,FL,76017.31386384177,682.0583893674665,0.5266938015866948,,,,,,,,,,,,,2026-08-31
CP-I-00637,INDIVIDUAL,VA,149604.91655148548,661.5955050318453,0.1962947422919218,,,,,,,,,,,,,2026-08-31
CP-I-00638,INDIVIDUAL,CA,61380.98928362256,747.5056705937712,0.48886620669088793,,,,,,,,,,,,,2026-08-31
CP-I-00639,INDIVIDUAL,GA,51498.72184911423,824.1307081080886,0.08797982329619293,,,,,,,,,,,,,2026-08-31
CP-I-00640,INDIVIDUAL,NY,103927.29541898116,663.3063196534878,0.38850586613960425,,,,,,,,,,,,,2026-08-31
CP-I-00641,INDIVIDUAL,CA,68034.34085301387,636.4636694129857,0.2375062771658305,,,,,,,,,,,,,2026-08-31
CP-I-00642,INDIVIDUAL,NY,129561.61734927652,723.6225468748422,0.31682415584368256,,,,,,,,,,,,,2026-08-31
CP-I-00643,INDIVIDUAL,CA,40251.24114679862,760.0920221100971,0.28670217022861433,,,,,,,,,,,,,2026-08-31
CP-I-00644,INDIVIDUAL,GA,75196.94197554741,774.6350880300206,0.3686949892807125,,,,,,,,,,,,,2026-08-31
CP-I-00645,INDIVIDUAL,VA,39704.10106627366,750.4305809262344,0.34317597272754025,,,,,,,,,,,,,2026-08-31
CP-I-00646,INDIVIDUAL,NY,157430.3339168385,715.632125895882,0.3677631287608968,,,,,,,,,,,,,2026-08-31
CP-I-00647,INDIVIDUAL,TX,150394.16120096252,618.4559369811361,0.1144359789119201,,,,,,,,,,,,,2026-08-31
CP-I-00648,INDIVIDUAL,TX,125839.26993839597,708.0418093485903,0.3180131088311838,,,,,,,,,,,,,2026-08-31
CP-I-00649,INDIVIDUAL,CA,179769.9783691348,635.6632219201133,0.6044684573281396,,,,,,,,,,,,,2026-08-31
CP-I-00650,INDIVIDUAL,CA,129599.23192868476,738.5604800285954,0.14201888888408673,,,,,,,,,,,,,2026-08-31
CP-I-00651,INDIVIDUAL,GA,76743.8494179137,692.6829969190184,0.13561026697635212,,,,,,,,,,,,,2026-08-31
CP-I-00652,INDIVIDUAL,TX,171302.11640007247,650.5124991803548,0.5635846973838785,,,,,,,,,,,,,2026-08-31
CP-I-00653,INDIVIDUAL,GA,163313.69520880913,770.3229118597931,0.40465965237463886,,,,,,,,,,,,,2026-08-31
CP-I-00654,INDIVIDUAL,GA,55214.957991691685,704.0218599366692,0.24971750500309492,,,,,,,,,,,,,2026-08-31
CP-I-00655,INDIVIDUAL,NY,60105.93017653163,735.9854216650842,0.20212086538144028,,,,,,,,,,,,,2026-08-31
CP-I-00656,INDIVIDUAL,FL,139477.7482528561,632.4849347714272,0.31164675393387264,,,,,,,,,,,,,2026-08-31
CP-I-00657,INDIVIDUAL,NC,85977.99691110512,614.6365467070116,0.25143447624759796,,,,,,,,,,,,,2026-08-31
CP-I-00658,INDIVIDUAL,FL,59670.65620289306,842.473185511446,0.20393113683636535,,,,,,,,,,,,,2026-08-31
CP-I-00659,INDIVIDUAL,GA,111472.92963655577,623.9615049767093,0.2175947332373837,,,,,,,,,,,,,2026-08-31
CP-I-00660,INDIVIDUAL,NC,65980.51269076485,705.2593181746496,0.1438389358932522,,,,,,,,,,,,,2026-08-31
CP-I-00661,INDIVIDUAL,NY,247809.78512946112,601.40771714011,0.05,,,,,,,,,,,,,2026-08-31
CP-I-00662,INDIVIDUAL,GA,130922.2453661695,726.4536487283555,0.2606796569633233,,,,,,,,,,,,,2026-08-31
CP-I-00663,INDIVIDUAL,GA,145561.57720227336,712.6539146862623,0.0831250144303847,,,,,,,,,,,,,2026-08-31
CP-I-00664,INDIVIDUAL,VA,157374.79319320168,669.3387655429127,0.4241658098541652,,,,,,,,,,,,,2026-08-31
CP-I-00665,INDIVIDUAL,TX,193308.5702251853,723.5686686495427,0.3231811067952385,,,,,,,,,,,,,2026-08-31
CP-I-00666,INDIVIDUAL,GA,88876.39861476178,658.2956995337491,0.1399249008949102,,,,,,,,,,,,,2026-08-31
CP-I-00667,INDIVIDUAL,GA,138841.4658459074,651.5143211294504,0.14566690778596936,,,,,,,,,,,,,2026-08-31
CP-I-00668,INDIVIDUAL,GA,70018.90568738687,768.1030535805897,0.18980685607425415,,,,,,,,,,,,,2026-08-31
CP-I-00669,INDIVIDUAL,CA,99994.97571997654,615.8015149268958,0.2753674231021959,,,,,,,,,,,,,2026-08-31
CP-I-00670,INDIVIDUAL,VA,140166.40480863658,771.4889680957311,0.10524130095785848,,,,,,,,,,,,,2026-08-31
CP-I-00671,INDIVIDUAL,NY,145921.1918852886,688.2775780970367,0.13546949286171478,,,,,,,,,,,,,2026-08-31
CP-I-00672,INDIVIDUAL,NY,55490.25896536607,677.941724487756,0.3442258009392215,,,,,,,,,,,,,2026-08-31
CP-I-00673,INDIVIDUAL,GA,190941.59898922846,777.8859189747869,0.11138990056866928,,,,,,,,,,,,,2026-08-31
CP-I-00674,INDIVIDUAL,GA,109861.89210085684,747.663767046962,0.19859745588328637,,,,,,,,,,,,,2026-08-31
CP-I-00675,INDIVIDUAL,FL,60341.21393161019,649.3610079533639,0.32334308685698154,,,,,,,,,,,,,2026-08-31
CP-I-00676,INDIVIDUAL,GA,174530.57427048488,751.1788039242467,0.2844799391426075,,,,,,,,,,,,,2026-08-31
CP-I-00677,INDIVIDUAL,VA,43693.645112662,668.126860835135,0.06661398889827394,,,,,,,,,,,,,2026-08-31
CP-I-00678,INDIVIDUAL,FL,45903.482747796894,727.7955701629884,0.2575921063253337,,,,,,,,,,,,,2026-08-31
CP-I-00679,INDIVIDUAL,NY,107022.30466351083,613.7271355435859,0.2798312690199873,,,,,,,,,,,,,2026-08-31
CP-I-00680,INDIVIDUAL,TX,45305.73118457844,794.3726377130774,0.25676795078093084,,,,,,,,,,,,,2026-08-31
CP-I-00681,INDIVIDUAL,NC,150534.22064130782,794.4426816962485,0.4084218092528259,,,,,,,,,,,,,2026-08-31
CP-I-00682,INDIVIDUAL,NC,50681.28727725664,729.3229921518935,0.45675668067623765,,,,,,,,,,,,,2026-08-31
CP-I-00683,INDIVIDUAL,GA,212248.54603045585,666.4073601026715,0.6549923567393252,,,,,,,,,,,,,2026-08-31
CP-I-00684,INDIVIDUAL,GA,100938.47017446459,694.0805628529097,0.3181045990488468,,,,,,,,,,,,,2026-08-31
CP-I-00685,INDIVIDUAL,CA,82877.00545449072,624.8524941100497,0.3351436022658279,,,,,,,,,,,,,2026-08-31
CP-I-00686,INDIVIDUAL,CA,89090.94283041857,635.2496003604143,0.14161142844487323,,,,,,,,,,,,,2026-08-31
CP-I-00687,INDIVIDUAL,NY,56751.72003793497,685.975714121355,0.07167784136958451,,,,,,,,,,,,,2026-08-31
CP-I-00688,INDIVIDUAL,VA,52047.69134923419,716.3236250564131,0.28049628006911276,,,,,,,,,,,,,2026-08-31
CP-I-00689,INDIVIDUAL,NY,55767.77692475391,660.8879968335784,0.39162528653569956,,,,,,,,,,,,,2026-08-31
CP-I-00690,INDIVIDUAL,TX,61796.7089970211,714.9751378409984,0.3257417757911188,,,,,,,,,,,,,2026-08-31
CP-I-00691,INDIVIDUAL,FL,199079.86263341428,679.8920111767424,0.38608520837054683,,,,,,,,,,,,,2026-08-31
CP-I-00692,INDIVIDUAL,TX,124514.41380005059,710.7145136724832,0.34259343641757584,,,,,,,,,,,,,2026-08-31
CP-I-00693,INDIVIDUAL,NY,103919.51373048864,693.7329110455679,0.10717745287439291,,,,,,,,,,,,,2026-08-31
CP-I-00694,INDIVIDUAL,CA,57286.231552931575,666.7987766185453,0.06721841319966904,,,,,,,,,,,,,2026-08-31
CP-I-00695,INDIVIDUAL,CA,95616.67494947235,700.788778482208,0.1598103647094237,,,,,,,,,,,,,2026-08-31
CP-I-00696,INDIVIDUAL,NY,34165.694947380834,666.079259911764,0.14706775151099166,,,,,,,,,,,,,2026-08-31
CP-I-00697,INDIVIDUAL,TX,145227.22087121656,684.6645016784429,0.38375680066262324,,,,,,,,,,,,,2026-08-31
CP-I-00698,INDIVIDUAL,NY,166959.68391537303,770.3422258022028,0.44465809579962834,,,,,,,,,,,,,2026-08-31
CP-I-00699,INDIVIDUAL,NY,117314.90671426815,648.9764642955214,0.2699169793560948,,,,,,,,,,,,,2026-08-31
CP-I-00700,INDIVIDUAL,NC,27217.638886456953,790.4564892230514,0.25689793055081667,,,,,,,,,,,,,2026-08-31
CP-I-00701,INDIVIDUAL,FL,169490.77503776073,794.0313327823476,0.20690175599287955,,,,,,,,,,,,,2026-08-31
CP-I-00702,INDIVIDUAL,NC,94893.63008025213,839.9854307023113,0.22405667251484154,,,,,,,,,,,,,2026-08-31
CP-I-00703,INDIVIDUAL,VA,154929.17532073712,644.6828770250872,0.38371940126569853,,,,,,,,,,,,,2026-08-31
CP-I-00704,INDIVIDUAL,TX,65804.06151074095,772.2014253967377,0.12362339284722235,,,,,,,,,,,,,2026-08-31
CP-I-00705,INDIVIDUAL,NC,108063.95604935856,759.9482567229212,0.33943281924621155,,,,,,,,,,,,,2026-08-31
CP-I-00706,INDIVIDUAL,GA,107467.37189332485,693.4616099765271,0.319793927350252,,,,,,,,,,,,,2026-08-31
CP-I-00707,INDIVIDUAL,NC,109785.95607283321,703.5340449520919,0.23629074052622973,,,,,,,,,,,,,2026-08-31
CP-I-00708,INDIVIDUAL,NC,135099.22207479615,669.3212346546551,0.2507577308909704,,,,,,,,,,,,,2026-08-31
CP-I-00709,INDIVIDUAL,FL,70436.85289602201,782.5756722069732,0.2007269678505896,,,,,,,,,,,,,2026-08-31
CP-I-00710,INDIVIDUAL,GA,181703.33444109184,841.8161520540721,0.19627747192760525,,,,,,,,,,,,,2026-08-31
CP-I-00711,INDIVIDUAL,CA,138720.17301267132,727.7815558773798,0.337941946395806,,,,,,,,,,,,,2026-08-31
CP-I-00712,INDIVIDUAL,VA,126170.01475261539,713.4880131569827,0.3061805105708195,,,,,,,,,,,,,2026-08-31
CP-I-00713,INDIVIDUAL,NC,82200.85716563491,839.0202476414319,0.3759097563549996,,,,,,,,,,,,,2026-08-31
CP-I-00714,INDIVIDUAL,CA,106778.28523492652,756.9402402913574,0.2632800814788443,,,,,,,,,,,,,2026-08-31
CP-I-00715,INDIVIDUAL,GA,46255.53261228126,796.3908214012303,0.29691866436810627,,,,,,,,,,,,,2026-08-31
CP-I-00716,INDIVIDUAL,NY,110695.20280928454,662.2286985531019,0.22822743836907966,,,,,,,,,,,,,2026-08-31
CP-I-00717,INDIVIDUAL,NC,182832.5982925762,678.0385140359916,0.2804883849755151,,,,,,,,,,,,,2026-08-31
CP-I-00718,INDIVIDUAL,TX,105295.68062762338,741.4150537393091,0.6427882627812529,,,,,,,,,,,,,2026-08-31
CP-I-00719,INDIVIDUAL,CA,50464.52753519207,675.6029677492514,0.18968644412388286,,,,,,,,,,,,,2026-08-31
CP-I-00720,INDIVIDUAL,CA,66257.5596931169,654.473520111761,0.2247649942067537,,,,,,,,,,,,,2026-08-31
CP-I-00721,INDIVIDUAL,CA,105322.57023585236,677.8788140523353,0.28599630842221657,,,,,,,,,,,,,2026-08-31
CP-I-00722,INDIVIDUAL,TX,121977.12141766599,763.8462119042161,0.08859391708789825,,,,,,,,,,,,,2026-08-31
CP-I-00723,INDIVIDUAL,CA,75103.11987586516,703.2997392434397,0.4741652306102382,,,,,,,,,,,,,2026-08-31
CP-I-00724,INDIVIDUAL,NY,86126.58109705981,671.2940282631237,0.11491403536018407,,,,,,,,,,,,,2026-08-31
CP-I-00725,INDIVIDUAL,TX,76067.67813555604,665.7377013723657,0.31098689553893516,,,,,,,,,,,,,2026-08-31
CP-I-00726,INDIVIDUAL,NY,296808.401830456,771.8785396314724,0.4951207150105648,,,,,,,,,,,,,2026-08-31
CP-I-00727,INDIVIDUAL,CA,66141.97913577798,725.7314884768931,0.3029625690062875,,,,,,,,,,,,,2026-08-31
CP-I-00728,INDIVIDUAL,CA,93527.41646111794,689.2151259258709,0.3108666305026922,,,,,,,,,,,,,2026-08-31
CP-I-00729,INDIVIDUAL,TX,135952.0931837874,734.5662350563119,0.3912335095107419,,,,,,,,,,,,,2026-08-31
CP-I-00730,INDIVIDUAL,NY,169996.47163673668,740.2238324622793,0.3807360040517258,,,,,,,,,,,,,2026-08-31
CP-I-00731,INDIVIDUAL,CA,85356.0494227362,719.9442978877008,0.1925359422380885,,,,,,,,,,,,,2026-08-31
CP-I-00732,INDIVIDUAL,FL,84142.02430114392,666.6652359697008,0.3462059499671271,,,,,,,,,,,,,2026-08-31
CP-I-00733,INDIVIDUAL,CA,101994.34688060998,727.6729344153288,0.24685182362264624,,,,,,,,,,,,,2026-08-31
CP-I-00734,INDIVIDUAL,CA,127073.42732299147,728.977970000059,0.3851643845237775,,,,,,,,,,,,,2026-08-31
CP-I-00735,INDIVIDUAL,TX,252920.56255792308,706.1577790204643,0.18124390521951894,,,,,,,,,,,,,2026-08-31
CP-I-00736,INDIVIDUAL,VA,89617.95633805748,680.9146412056724,0.46709023254793025,,,,,,,,,,,,,2026-08-31
CP-I-00737,INDIVIDUAL,CA,116878.78732325626,658.9232950136355,0.4711443504518035,,,,,,,,,,,,,2026-08-31
CP-I-00738,INDIVIDUAL,CA,35230.25587755975,653.0670813462352,0.41897347510652794,,,,,,,,,,,,,2026-08-31
CP-I-00739,INDIVIDUAL,NY,75339.38159790858,611.1457256997179,0.16951434908531604,,,,,,,,,,,,,2026-08-31
CP-I-00740,INDIVIDUAL,NC,88432.17674006203,759.2311765158436,0.25407560026131576,,,,,,,,,,,,,2026-08-31
CP-I-00741,INDIVIDUAL,NC,57155.0209861183,677.9396877727611,0.07538995419656837,,,,,,,,,,,,,2026-08-31
CP-I-00742,INDIVIDUAL,VA,126788.51359075059,679.5190414758383,0.24536301359849938,,,,,,,,,,,,,2026-08-31
CP-I-00743,INDIVIDUAL,NY,122223.25661736919,708.9369635244379,0.21583447836231667,,,,,,,,,,,,,2026-08-31
CP-I-00744,INDIVIDUAL,FL,222807.15327074542,720.4783226104219,0.4000826365046597,,,,,,,,,,,,,2026-08-31
CP-I-00745,INDIVIDUAL,VA,67962.01238272479,728.0225685625071,0.357704087835095,,,,,,,,,,,,,2026-08-31
CP-I-00746,INDIVIDUAL,TX,158283.435586127,764.4996558542707,0.38945290755674833,,,,,,,,,,,,,2026-08-31
CP-I-00747,INDIVIDUAL,FL,55958.0433654905,639.4532598500895,0.1745145857042913,,,,,,,,,,,,,2026-08-31
CP-I-00748,INDIVIDUAL,NC,116879.67071946387,705.572726471483,0.40039282290656397,,,,,,,,,,,,,2026-08-31
CP-I-00749,INDIVIDUAL,VA,96857.94305842785,722.5631967598202,0.31275472950452415,,,,,,,,,,,,,2026-08-31
CP-I-00750,INDIVIDUAL,TX,126011.60901932955,755.9317286674919,0.13134739697739534,,,,,,,,,,,,,2026-08-31
CP-I-00751,INDIVIDUAL,NC,112104.71664476197,676.7615739098239,0.06740677485804987,,,,,,,,,,,,,2026-08-31
CP-I-00752,INDIVIDUAL,NC,63417.90287812366,679.8851256005211,0.4221274775614393,,,,,,,,,,,,,2026-08-31
CP-I-00753,INDIVIDUAL,FL,94226.91296976942,835.5309857312059,0.15541800979970372,,,,,,,,,,,,,2026-08-31
CP-I-00754,INDIVIDUAL,NY,98410.76913343946,702.378769500733,0.45343455052551196,,,,,,,,,,,,,2026-08-31
CP-I-00755,INDIVIDUAL,FL,80197.2471100514,713.1847569505477,0.49899891757232506,,,,,,,,,,,,,2026-08-31
CP-I-00756,INDIVIDUAL,VA,78171.05025888188,714.0943099394104,0.11664913333274984,,,,,,,,,,,,,2026-08-31
CP-I-00757,INDIVIDUAL,CA,46282.322544578616,649.8536462846845,0.39240972445770717,,,,,,,,,,,,,2026-08-31
CP-I-00758,INDIVIDUAL,TX,252909.95222613105,685.196242319612,0.09831664305812712,,,,,,,,,,,,,2026-08-31
CP-I-00759,INDIVIDUAL,FL,30761.002083804316,594.3017070412992,0.16945115442911635,,,,,,,,,,,,,2026-08-31
CP-I-00760,INDIVIDUAL,VA,62136.11975969602,784.1943684221848,0.4283875326444084,,,,,,,,,,,,,2026-08-31
CP-I-00761,INDIVIDUAL,VA,146347.47766403036,705.283585386809,0.12129508856194925,,,,,,,,,,,,,2026-08-31
CP-I-00762,INDIVIDUAL,TX,93286.24356616203,782.0855868665542,0.28262315241749725,,,,,,,,,,,,,2026-08-31
CP-I-00763,INDIVIDUAL,GA,305833.7360387075,789.3401937923106,0.26622299976537583,,,,,,,,,,,,,2026-08-31
CP-I-00764,INDIVIDUAL,NY,103140.96466850597,588.0997470144653,0.23522050564262204,,,,,,,,,,,,,2026-08-31
CP-I-00765,INDIVIDUAL,NY,190590.61306620837,582.1144655158434,0.3128807515055393,,,,,,,,,,,,,2026-08-31
CP-I-00766,INDIVIDUAL,CA,128019.76789080916,760.1588237438846,0.1477803618402955,,,,,,,,,,,,,2026-08-31
CP-I-00767,INDIVIDUAL,VA,68698.9641428964,782.7197426867581,0.07761815585237841,,,,,,,,,,,,,2026-08-31
CP-I-00768,INDIVIDUAL,NY,76727.42020676458,762.5705811861274,0.37030067061586464,,,,,,,,,,,,,2026-08-31
CP-I-00769,INDIVIDUAL,VA,135107.56449886216,741.6516023642254,0.23566511053799838,,,,,,,,,,,,,2026-08-31
CP-I-00770,INDIVIDUAL,GA,77779.18543621355,796.9213146727443,0.3353793098613062,,,,,,,,,,,,,2026-08-31
CP-I-00771,INDIVIDUAL,CA,81141.3970222336,669.591619480388,0.24505521275723488,,,,,,,,,,,,,2026-08-31
CP-I-00772,INDIVIDUAL,CA,29512.861566987183,647.0043415811762,0.3420757735854935,,,,,,,,,,,,,2026-08-31
CP-I-00773,INDIVIDUAL,VA,84071.43532968462,698.2201427040188,0.433996653595779,,,,,,,,,,,,,2026-08-31
CP-I-00774,INDIVIDUAL,CA,118436.57869275233,679.3800833994922,0.15664315928506822,,,,,,,,,,,,,2026-08-31
CP-I-00775,INDIVIDUAL,NC,90277.75120915777,768.7383376582989,0.24312208923046225,,,,,,,,,,,,,2026-08-31
CP-I-00776,INDIVIDUAL,NY,61403.19252533265,721.1556887937861,0.24922511928488766,,,,,,,,,,,,,2026-08-31
CP-I-00777,INDIVIDUAL,CA,54962.310390446655,701.9904708252205,0.2351105462959918,,,,,,,,,,,,,2026-08-31
CP-I-00778,INDIVIDUAL,CA,156010.55533223387,664.8351733849075,0.20115085921709788,,,,,,,,,,,,,2026-08-31
CP-I-00779,INDIVIDUAL,CA,31833.37808430931,703.679439454153,0.14678941148815794,,,,,,,,,,,,,2026-08-31
CP-I-00780,INDIVIDUAL,CA,118779.73544517784,766.6126002260722,0.18781065236203692,,,,,,,,,,,,,2026-08-31
CP-I-00781,INDIVIDUAL,VA,81897.44661912823,735.2538264335641,0.09088750845862831,,,,,,,,,,,,,2026-08-31
CP-I-00782,INDIVIDUAL,NY,74812.85802916269,682.1747145957081,0.3030735197328067,,,,,,,,,,,,,2026-08-31
CP-I-00783,INDIVIDUAL,CA,137797.45054737286,637.9229951911548,0.39810792914854587,,,,,,,,,,,,,2026-08-31
CP-I-00784,INDIVIDUAL,NC,53778.440520426295,746.0602835098853,0.31002598951192256,,,,,,,,,,,,,2026-08-31
CP-I-00785,INDIVIDUAL,VA,69697.56998855996,675.3318812215185,0.4106496590990545,,,,,,,,,,,,,2026-08-31
CP-I-00786,INDIVIDUAL,FL,78702.07628145191,640.8639265000593,0.42763096673576717,,,,,,,,,,,,,2026-08-31
CP-I-00787,INDIVIDUAL,GA,96924.05883153003,706.3585289819334,0.1651635335915771,,,,,,,,,,,,,2026-08-31
CP-I-00788,INDIVIDUAL,TX,73239.1567051747,730.7424920828447,0.27087805053742314,,,,,,,,,,,,,2026-08-31
CP-I-00789,INDIVIDUAL,GA,53620.120201357386,762.8650215453613,0.25588259484352455,,,,,,,,,,,,,2026-08-31
CP-I-00790,INDIVIDUAL,GA,207728.7118698374,815.5474775155227,0.35923090358186954,,,,,,,,,,,,,2026-08-31
CP-I-00791,INDIVIDUAL,TX,101436.96003445862,680.0584737257059,0.5114622251036216,,,,,,,,,,,,,2026-08-31
CP-I-00792,INDIVIDUAL,CA,66090.92978720464,712.9737403352599,0.13430653556043096,,,,,,,,,,,,,2026-08-31
CP-I-00793,INDIVIDUAL,FL,196098.1436869774,637.4873310189914,0.3644985798674323,,,,,,,,,,,,,2026-08-31
CP-I-00794,INDIVIDUAL,VA,201485.0785087545,711.4871390512251,0.39594953277294964,,,,,,,,,,,,,2026-08-31
CP-I-00795,INDIVIDUAL,NC,156871.41857382216,810.9432990590301,0.4467208306767717,,,,,,,,,,,,,2026-08-31
CP-I-00796,INDIVIDUAL,VA,130575.16147261151,609.7842843369459,0.2977676932068464,,,,,,,,,,,,,2026-08-31
CP-I-00797,INDIVIDUAL,GA,71248.07661630314,731.6054047390083,0.31377494480313217,,,,,,,,,,,,,2026-08-31
CP-I-00798,INDIVIDUAL,NY,129876.75913965523,841.0697688021535,0.21034860602285485,,,,,,,,,,,,,2026-08-31
CP-I-00799,INDIVIDUAL,NC,129483.92723434318,690.4982189694708,0.39859618677801356,,,,,,,,,,,,,2026-08-31
CP-I-00800,INDIVIDUAL,NC,85705.80237205463,674.9035483205836,0.5761899438645235,,,,,,,,,,,,,2026-08-31
CP-I-00801,INDIVIDUAL,NC,69178.1620506073,692.5469144658225,0.45681802117060066,,,,,,,,,,,,,2026-08-31
CP-I-00802,INDIVIDUAL,NC,108177.31035954539,705.9633803438086,0.051710436065693775,,,,,,,,,,,,,2026-08-31
CP-I-00803,INDIVIDUAL,GA,158549.10640270842,697.3821370617025,0.5393288668792562,,,,,,,,,,,,,2026-08-31
CP-I-00804,INDIVIDUAL,CA,138741.5769646642,651.0159856482909,0.1375554482742059,,,,,,,,,,,,,2026-08-31
CP-I-00805,INDIVIDUAL,GA,92858.08900815368,617.3119997084568,0.36544721161567756,,,,,,,,,,,,,2026-08-31
CP-I-00806,INDIVIDUAL,NC,119420.93567492385,706.6374830795633,0.2362182335717845,,,,,,,,,,,,,2026-08-31
CP-I-00807,INDIVIDUAL,TX,96924.28621420513,741.9733158594366,0.3253323103892065,,,,,,,,,,,,,2026-08-31
CP-I-00808,INDIVIDUAL,FL,181390.46096331452,647.8873597431984,0.16681700515522552,,,,,,,,,,,,,2026-08-31
CP-I-00809,INDIVIDUAL,NC,59887.02884539652,750.3924617785696,0.39354469065052844,,,,,,,,,,,,,2026-08-31
CP-I-00810,INDIVIDUAL,CA,100294.2721838912,738.5275620199977,0.3411330885723643,,,,,,,,,,,,,2026-08-31
CP-I-00811,INDIVIDUAL,FL,116894.7393268639,701.748912639751,0.2769211846738727,,,,,,,,,,,,,2026-08-31
CP-I-00812,INDIVIDUAL,NC,71818.14631780502,637.509749061792,0.16573715376416917,,,,,,,,,,,,,2026-08-31
CP-I-00813,INDIVIDUAL,CA,135053.01055012175,609.676601989681,0.4641324676576528,,,,,,,,,,,,,2026-08-31
CP-I-00814,INDIVIDUAL,TX,63830.35441512804,722.0910862069469,0.2528899480203441,,,,,,,,,,,,,2026-08-31
CP-I-00815,INDIVIDUAL,TX,161475.48187120014,773.1160379223829,0.31589698640988584,,,,,,,,,,,,,2026-08-31
CP-I-00816,INDIVIDUAL,NC,57481.26975852851,667.8700987049837,0.27484741729340845,,,,,,,,,,,,,2026-08-31
CP-I-00817,INDIVIDUAL,CA,53548.54186552504,616.659500282644,0.11398673914389762,,,,,,,,,,,,,2026-08-31
CP-I-00818,INDIVIDUAL,FL,97529.79955332498,705.024262193023,0.2717526135307475,,,,,,,,,,,,,2026-08-31
CP-I-00819,INDIVIDUAL,NY,49589.69194786746,682.4767180222096,0.30442012217566566,,,,,,,,,,,,,2026-08-31
CP-I-00820,INDIVIDUAL,CA,74666.36836757154,649.650554384188,0.2888477508106281,,,,,,,,,,,,,2026-08-31
CP-I-00821,INDIVIDUAL,VA,122689.96328527365,694.5475519359399,0.33699780685871583,,,,,,,,,,,,,2026-08-31
CP-I-00822,INDIVIDUAL,FL,67657.4858717129,674.6002731511431,0.47314374688897587,,,,,,,,,,,,,2026-08-31
CP-I-00823,INDIVIDUAL,CA,188123.85709003362,767.1907631264904,0.33607734380098386,,,,,,,,,,,,,2026-08-31
CP-I-00824,INDIVIDUAL,FL,134023.00371260341,750.3737180688797,0.564872322992184,,,,,,,,,,,,,2026-08-31
CP-I-00825,INDIVIDUAL,FL,61654.45469862251,548.5304747637819,0.4089419117434203,,,,,,,,,,,,,2026-08-31
CP-I-00826,INDIVIDUAL,NC,137265.99357279856,719.1969323874284,0.1624474945258916,,,,,,,,,,,,,2026-08-31
CP-I-00827,INDIVIDUAL,TX,59489.20804851479,650.9085577733556,0.3187903547937888,,,,,,,,,,,,,2026-08-31
CP-I-00828,INDIVIDUAL,TX,56112.2881856651,721.9727876051302,0.06752977617802802,,,,,,,,,,,,,2026-08-31
CP-I-00829,INDIVIDUAL,TX,183096.059613587,712.294043732901,0.4673323933267084,,,,,,,,,,,,,2026-08-31
CP-I-00830,INDIVIDUAL,FL,45890.535573249916,784.1914773812531,0.10865409848621341,,,,,,,,,,,,,2026-08-31
CP-I-00831,INDIVIDUAL,TX,135010.02819433383,608.2004212500808,0.4945037201459592,,,,,,,,,,,,,2026-08-31
CP-I-00832,INDIVIDUAL,FL,110886.39045218454,655.3862940093564,0.35791421931117784,,,,,,,,,,,,,2026-08-31
CP-I-00833,INDIVIDUAL,FL,129041.77002960976,677.9469181352677,0.34046269057386136,,,,,,,,,,,,,2026-08-31
CP-I-00834,INDIVIDUAL,NC,108588.42854902013,746.2482117522416,0.30073239347875846,,,,,,,,,,,,,2026-08-31
CP-I-00835,INDIVIDUAL,FL,55086.29507572307,787.4582390040013,0.4006365995853056,,,,,,,,,,,,,2026-08-31
CP-I-00836,INDIVIDUAL,CA,53732.78737035324,704.0982364895589,0.3171839070204548,,,,,,,,,,,,,2026-08-31
CP-I-00837,INDIVIDUAL,TX,43978.01607587753,628.0809728942679,0.1314497151306298,,,,,,,,,,,,,2026-08-31
CP-I-00838,INDIVIDUAL,FL,106183.32407329978,695.9059220555612,0.40267538774001443,,,,,,,,,,,,,2026-08-31
CP-I-00839,INDIVIDUAL,VA,78173.07735050133,739.5156686044049,0.31817717897637066,,,,,,,,,,,,,2026-08-31
CP-I-00840,INDIVIDUAL,TX,45764.16953046735,741.0808026868314,0.21734763941228524,,,,,,,,,,,,,2026-08-31
CP-I-00841,INDIVIDUAL,GA,106577.21453046841,621.4769701156063,0.24477151377525322,,,,,,,,,,,,,2026-08-31
CP-I-00842,INDIVIDUAL,NY,92268.27035152672,624.6850898140796,0.15156982768563262,,,,,,,,,,,,,2026-08-31
CP-I-00843,INDIVIDUAL,FL,125662.91729270636,622.0490137622731,0.373713657277508,,,,,,,,,,,,,2026-08-31
CP-I-00844,INDIVIDUAL,NY,93805.86254279489,828.1592947590818,0.1877753442723788,,,,,,,,,,,,,2026-08-31
CP-I-00845,INDIVIDUAL,NY,41874.449404185696,688.2426116593313,0.5348270488395691,,,,,,,,,,,,,2026-08-31
CP-I-00846,INDIVIDUAL,FL,91226.45170144974,754.6915105040919,0.3624150469175642,,,,,,,,,,,,,2026-08-31
CP-I-00847,INDIVIDUAL,TX,188524.34420677993,717.0073547801046,0.24995849834084105,,,,,,,,,,,,,2026-08-31
CP-I-00848,INDIVIDUAL,CA,241861.17927982358,707.1883949163185,0.523816376444993,,,,,,,,,,,,,2026-08-31
CP-I-00849,INDIVIDUAL,TX,135477.8859690518,663.8958350313123,0.10649767109054468,,,,,,,,,,,,,2026-08-31
CP-I-00850,INDIVIDUAL,FL,65247.74728021518,661.5138168488104,0.35849817164847986,,,,,,,,,,,,,2026-08-31
CP-I-00851,INDIVIDUAL,GA,102836.34904339793,711.9494557050334,0.3996780055922898,,,,,,,,,,,,,2026-08-31
CP-I-00852,INDIVIDUAL,TX,52610.53024753059,711.7448332661752,0.30009256819514374,,,,,,,,,,,,,2026-08-31
CP-I-00853,INDIVIDUAL,TX,102222.93354628675,764.9917923832837,0.15932357391455457,,,,,,,,,,,,,2026-08-31
CP-I-00854,INDIVIDUAL,NY,89943.81215977254,767.4136121959093,0.24264231509597653,,,,,,,,,,,,,2026-08-31
CP-I-00855,INDIVIDUAL,FL,139168.7344086324,676.7099394844837,0.18847092822873734,,,,,,,,,,,,,2026-08-31
CP-I-00856,INDIVIDUAL,TX,150292.2448796796,693.2229848081706,0.22511886736752607,,,,,,,,,,,,,2026-08-31
CP-I-00857,INDIVIDUAL,GA,215659.79966696425,752.6065177622954,0.38382097315397895,,,,,,,,,,,,,2026-08-31
CP-I-00858,INDIVIDUAL,NY,154019.51473446138,686.2607681521787,0.2573523631227361,,,,,,,,,,,,,2026-08-31
CP-I-00859,INDIVIDUAL,TX,69788.80472538648,700.0254749098076,0.33867022123380847,,,,,,,,,,,,,2026-08-31
CP-I-00860,INDIVIDUAL,VA,105083.22759444463,728.5460298561969,0.41849619268885574,,,,,,,,,,,,,2026-08-31
CP-I-00861,INDIVIDUAL,TX,68595.96959143778,707.2124062460043,0.4278906030819247,,,,,,,,,,,,,2026-08-31
CP-I-00862,INDIVIDUAL,NC,85392.15072141025,750.0280457146572,0.32077797288378895,,,,,,,,,,,,,2026-08-31
CP-I-00863,INDIVIDUAL,VA,79676.4797344178,688.9380205063355,0.2642289753716765,,,,,,,,,,,,,2026-08-31
CP-I-00864,INDIVIDUAL,GA,73880.27354752872,689.8849715846449,0.2548898639350568,,,,,,,,,,,,,2026-08-31
CP-I-00865,INDIVIDUAL,NY,130257.8739143038,730.9748548957239,0.4241461992061804,,,,,,,,,,,,,2026-08-31
CP-I-00866,INDIVIDUAL,GA,89796.91300863816,616.651445188232,0.5059221206427869,,,,,,,,,,,,,2026-08-31
CP-I-00867,INDIVIDUAL,NY,178091.86570136048,731.6781900511849,0.2972295946594152,,,,,,,,,,,,,2026-08-31
CP-I-00868,INDIVIDUAL,TX,99224.928298633,788.700400622041,0.35017193751422004,,,,,,,,,,,,,2026-08-31
CP-I-00869,INDIVIDUAL,NC,112324.596936396,780.8159985002918,0.5033155317516145,,,,,,,,,,,,,2026-08-31
CP-I-00870,INDIVIDUAL,GA,73978.7550815151,677.0201152391804,0.19408297087214016,,,,,,,,,,,,,2026-08-31
CP-I-00871,INDIVIDUAL,FL,105849.80380924675,635.8788780010252,0.37006567481238606,,,,,,,,,,,,,2026-08-31
CP-I-00872,INDIVIDUAL,NC,90195.06149701048,830.3795651267076,0.33116683085879506,,,,,,,,,,,,,2026-08-31
CP-I-00873,INDIVIDUAL,FL,93600.36287981954,726.4920614123389,0.44141383081052155,,,,,,,,,,,,,2026-08-31
CP-I-00874,INDIVIDUAL,TX,22626.49637556463,725.2239504402122,0.24991247309621858,,,,,,,,,,,,,2026-08-31
CP-I-00875,INDIVIDUAL,TX,95417.68362249421,747.0141618521382,0.1837602493876964,,,,,,,,,,,,,2026-08-31
CP-I-00876,INDIVIDUAL,FL,131333.0177809519,687.790302536512,0.39025122085281444,,,,,,,,,,,,,2026-08-31
CP-I-00877,INDIVIDUAL,NY,136212.5523000841,719.4950687406265,0.3191242592440139,,,,,,,,,,,,,2026-08-31
CP-I-00878,INDIVIDUAL,FL,127742.7077310346,706.1616463385091,0.2685652808897808,,,,,,,,,,,,,2026-08-31
CP-I-00879,INDIVIDUAL,FL,103439.99034277358,817.1583866134534,0.23210405766562434,,,,,,,,,,,,,2026-08-31
CP-I-00880,INDIVIDUAL,FL,30484.114081910917,802.662300705714,0.18505400490480325,,,,,,,,,,,,,2026-08-31
CP-I-00881,INDIVIDUAL,TX,100209.16009238028,792.1730400120404,0.24991234748346805,,,,,,,,,,,,,2026-08-31
CP-I-00882,INDIVIDUAL,VA,123203.21941410059,782.0151164746218,0.24967303816291797,,,,,,,,,,,,,2026-08-31
CP-I-00883,INDIVIDUAL,CA,90930.11434238164,756.0848321868064,0.29721771848764306,,,,,,,,,,,,,2026-08-31
CP-I-00884,INDIVIDUAL,TX,84575.44705842891,716.4877364477375,0.5508272070585665,,,,,,,,,,,,,2026-08-31
CP-I-00885,INDIVIDUAL,NY,139237.85387212064,689.403015060099,0.21345335107924648,,,,,,,,,,,,,2026-08-31
CP-I-00886,INDIVIDUAL,NC,51086.89368057133,692.2824746292147,0.21500008496878306,,,,,,,,,,,,,2026-08-31
CP-I-00887,INDIVIDUAL,NC,115553.93501606259,615.6444614315217,0.2673021719902763,,,,,,,,,,,,,2026-08-31
CP-I-00888,INDIVIDUAL,FL,108049.52773701584,602.0711496332733,0.07762678998009404,,,,,,,,,,,,,2026-08-31
CP-I-00889,INDIVIDUAL,FL,69477.66504558262,694.128304924857,0.09097426538234092,,,,,,,,,,,,,2026-08-31
CP-I-00890,INDIVIDUAL,VA,61940.147588995904,723.38068208461,0.2459614028405953,,,,,,,,,,,,,2026-08-31
CP-I-00891,INDIVIDUAL,TX,46286.93984862259,737.9093392777046,0.39538381067801764,,,,,,,,,,,,,2026-08-31
CP-I-00892,INDIVIDUAL,TX,98823.27798201471,736.107341016987,0.16024557428324981,,,,,,,,,,,,,2026-08-31
CP-I-00893,INDIVIDUAL,NY,88846.74909529477,697.9428111242055,0.22337619767038785,,,,,,,,,,,,,2026-08-31
CP-I-00894,INDIVIDUAL,NY,34139.123038783735,645.5316546632608,0.28674519355149397,,,,,,,,,,,,,2026-08-31
CP-I-00895,INDIVIDUAL,FL,33168.565627392534,718.9031040014862,0.35453754972935336,,,,,,,,,,,,,2026-08-31
CP-I-00896,INDIVIDUAL,VA,112722.34488513207,704.1033859354826,0.19164615066725343,,,,,,,,,,,,,2026-08-31
CP-I-00897,INDIVIDUAL,GA,100109.75408000166,703.0179834917723,0.5340832898956483,,,,,,,,,,,,,2026-08-31
CP-I-00898,INDIVIDUAL,FL,68553.1153556203,637.7975774759507,0.11185149587885354,,,,,,,,,,,,,2026-08-31
CP-I-00899,INDIVIDUAL,NC,94463.56848037711,722.8748446784954,0.5970023888172264,,,,,,,,,,,,,2026-08-31
CP-I-00900,INDIVIDUAL,TX,117761.30730837653,742.412728607867,0.2231157975949455,,,,,,,,,,,,,2026-08-31
CP-I-00901,INDIVIDUAL,NY,73212.76745189948,709.1484941107619,0.2606047564995445,,,,,,,,,,,,,2026-08-31
CP-I-00902,INDIVIDUAL,GA,50684.14020650315,621.5155271342751,0.30546812047414273,,,,,,,,,,,,,2026-08-31
CP-I-00903,INDIVIDUAL,GA,74545.24429831338,723.1540395734452,0.2091430408895746,,,,,,,,,,,,,2026-08-31
CP-I-00904,INDIVIDUAL,NY,82660.94716651364,719.2255393821962,0.05,,,,,,,,,,,,,2026-08-31
CP-I-00905,INDIVIDUAL,TX,84376.45086833343,786.9146464835773,0.16221731966501401,,,,,,,,,,,,,2026-08-31
CP-I-00906,INDIVIDUAL,VA,65025.04547899356,720.0807616099544,0.3546564749570096,,,,,,,,,,,,,2026-08-31
CP-I-00907,INDIVIDUAL,NY,169415.2477319594,732.1917892114648,0.41636516956212233,,,,,,,,,,,,,2026-08-31
CP-I-00908,INDIVIDUAL,VA,32345.57443865495,689.6185431010132,0.26365401741414546,,,,,,,,,,,,,2026-08-31
CP-I-00909,INDIVIDUAL,TX,219478.85936902955,650.9343707407753,0.29296043506302333,,,,,,,,,,,,,2026-08-31
CP-I-00910,INDIVIDUAL,NC,121617.03409273076,822.3001951578224,0.16755520317324285,,,,,,,,,,,,,2026-08-31
CP-I-00911,INDIVIDUAL,NY,202291.4790850433,685.3756710816905,0.5199645900114143,,,,,,,,,,,,,2026-08-31
CP-I-00912,INDIVIDUAL,GA,50411.31156983496,668.0831140472965,0.29890446821183736,,,,,,,,,,,,,2026-08-31
CP-I-00913,INDIVIDUAL,NC,81644.58979298554,721.422802706822,0.22181771633902186,,,,,,,,,,,,,2026-08-31
CP-I-00914,INDIVIDUAL,TX,84799.24271833069,728.2555044725281,0.5214001594838636,,,,,,,,,,,,,2026-08-31
CP-I-00915,INDIVIDUAL,GA,115202.78941999067,789.5074436189506,0.18092116413886344,,,,,,,,,,,,,2026-08-31
CP-I-00916,INDIVIDUAL,CA,81144.3149667275,737.3539197975047,0.28329695138522804,,,,,,,,,,,,,2026-08-31
CP-I-00917,INDIVIDUAL,CA,120357.90476437489,739.5675047108521,0.11896334269100273,,,,,,,,,,,,,2026-08-31
CP-I-00918,INDIVIDUAL,CA,48194.23045751237,627.2455406603184,0.3420508659931608,,,,,,,,,,,,,2026-08-31
CP-I-00919,INDIVIDUAL,GA,94871.52035556368,723.3737663581425,0.24994308865111567,,,,,,,,,,,,,2026-08-31
CP-I-00920,INDIVIDUAL,NY,115224.9287605337,620.1569207663608,0.20175670181483646,,,,,,,,,,,,,2026-08-31
CP-I-00921,INDIVIDUAL,NY,124156.66857143123,661.1507571384292,0.28154803003721723,,,,,,,,,,,,,2026-08-31
CP-I-00922,INDIVIDUAL,TX,115216.44676710115,645.0593373451403,0.1863486293382239,,,,,,,,,,,,,2026-08-31
CP-I-00923,INDIVIDUAL,NC,85899.43316903563,662.2688084173625,0.5736529182066229,,,,,,,,,,,,,2026-08-31
CP-I-00924,INDIVIDUAL,NY,75875.7553245473,625.7679438987519,0.2122926379451899,,,,,,,,,,,,,2026-08-31
CP-I-00925,INDIVIDUAL,TX,123668.48207493789,815.5516626166744,0.19287189427776225,,,,,,,,,,,,,2026-08-31
CP-I-00926,INDIVIDUAL,VA,80990.48845912718,841.7395981747769,0.3446797717826499,,,,,,,,,,,,,2026-08-31
CP-I-00927,INDIVIDUAL,CA,110739.76411540816,768.1838795691189,0.17644482428563052,,,,,,,,,,,,,2026-08-31
CP-I-00928,INDIVIDUAL,VA,109467.2576051034,698.3804840843185,0.14949280055653416,,,,,,,,,,,,,2026-08-31
CP-I-00929,INDIVIDUAL,GA,86928.60660933629,794.5977275163062,0.23724984958262058,,,,,,,,,,,,,2026-08-31
CP-I-00930,INDIVIDUAL,GA,55366.84861272084,780.6819361453853,0.28396612908090224,,,,,,,,,,,,,2026-08-31
CP-I-00931,INDIVIDUAL,CA,100867.64032892874,741.8155591091743,0.20978162757123814,,,,,,,,,,,,,2026-08-31
CP-I-00932,INDIVIDUAL,NY,104698.21588408784,767.7740270796526,0.38202626435816095,,,,,,,,,,,,,2026-08-31
CP-I-00933,INDIVIDUAL,NY,164591.52223448682,628.860124588142,0.24849401779651265,,,,,,,,,,,,,2026-08-31
CP-I-00934,INDIVIDUAL,GA,74382.62883024792,698.4980101022096,0.33344890994979104,,,,,,,,,,,,,2026-08-31
CP-I-00935,INDIVIDUAL,GA,82112.63097234555,658.9265825156443,0.18822521599946557,,,,,,,,,,,,,2026-08-31
CP-I-00936,INDIVIDUAL,FL,231164.07438235584,559.9824428632345,0.27968701833681253,,,,,,,,,,,,,2026-08-31
CP-I-00937,INDIVIDUAL,NC,74461.8404015203,707.4064638284967,0.2862230863360703,,,,,,,,,,,,,2026-08-31
CP-I-00938,INDIVIDUAL,CA,35153.72032888605,600.31984178967,0.3743796099265715,,,,,,,,,,,,,2026-08-31
CP-I-00939,INDIVIDUAL,FL,54120.514583958175,784.6337542363058,0.16338730883713307,,,,,,,,,,,,,2026-08-31
CP-I-00940,INDIVIDUAL,VA,251554.61397798924,626.5928839321227,0.26378442254667395,,,,,,,,,,,,,2026-08-31
CP-I-00941,INDIVIDUAL,VA,56779.93915778584,676.5244830835329,0.2764529615363689,,,,,,,,,,,,,2026-08-31
CP-I-00942,INDIVIDUAL,VA,70645.39954216685,777.6004192619473,0.4950384593105699,,,,,,,,,,,,,2026-08-31
CP-I-00943,INDIVIDUAL,FL,121922.96466273667,680.216027781639,0.3500956928100991,,,,,,,,,,,,,2026-08-31
CP-I-00944,INDIVIDUAL,GA,104314.2458415189,692.6009831385796,0.5207324467892801,,,,,,,,,,,,,2026-08-31
CP-I-00945,INDIVIDUAL,TX,98959.74520195741,719.7935125359949,0.2887567705721736,,,,,,,,,,,,,2026-08-31
CP-I-00946,INDIVIDUAL,TX,100073.38385282217,697.8910639947694,0.17011489290907075,,,,,,,,,,,,,2026-08-31
CP-I-00947,INDIVIDUAL,GA,206351.6694891005,759.1858318287174,0.2905525437701276,,,,,,,,,,,,,2026-08-31
CP-I-00948,INDIVIDUAL,VA,109182.60233064166,668.4968775451956,0.12968314382199383,,,,,,,,,,,,,2026-08-31
CP-I-00949,INDIVIDUAL,TX,93149.35069878899,600.4577852310083,0.34248592999766336,,,,,,,,,,,,,2026-08-31
CP-I-00950,INDIVIDUAL,FL,41763.244943043304,643.1035941588142,0.2517756775912419,,,,,,,,,,,,,2026-08-31
CP-I-00951,INDIVIDUAL,GA,67703.02634162921,767.8631207846978,0.2893582225611655,,,,,,,,,,,,,2026-08-31
CP-I-00952,INDIVIDUAL,FL,77584.15680729522,727.0116455875151,0.35996704269005475,,,,,,,,,,,,,2026-08-31
CP-I-00953,INDIVIDUAL,NY,91117.06634775507,725.2001332470588,0.20301743722452398,,,,,,,,,,,,,2026-08-31
CP-I-00954,INDIVIDUAL,TX,79701.2785689925,735.3129377013346,0.1580881738859321,,,,,,,,,,,,,2026-08-31
CP-I-00955,INDIVIDUAL,VA,56320.46043268164,841.1411781606682,0.12858881707073866,,,,,,,,,,,,,2026-08-31
CP-I-00956,INDIVIDUAL,CA,150089.5894524464,753.6288184699794,0.14585861176834944,,,,,,,,,,,,,2026-08-31
CP-I-00957,INDIVIDUAL,NC,100586.77221666712,678.7912978819635,0.399073986240206,,,,,,,,,,,,,2026-08-31
CP-I-00958,INDIVIDUAL,FL,168855.49593635846,654.5890504893249,0.09643203964320585,,,,,,,,,,,,,2026-08-31
CP-I-00959,INDIVIDUAL,GA,42048.708771817335,686.6180078420475,0.2091940902178142,,,,,,,,,,,,,2026-08-31
CP-I-00960,INDIVIDUAL,FL,95414.77590649037,630.8519748943521,0.6241038536304083,,,,,,,,,,,,,2026-08-31
CP-I-00961,INDIVIDUAL,NC,141182.47071507826,731.1155991784851,0.07144918556327334,,,,,,,,,,,,,2026-08-31
CP-I-00962,INDIVIDUAL,CA,198234.8751263578,765.783470226175,0.22174149462771509,,,,,,,,,,,,,2026-08-31
CP-I-00963,INDIVIDUAL,FL,38096.029091953,728.1711936070027,0.3983924018714243,,,,,,,,,,,,,2026-08-31
CP-I-00964,INDIVIDUAL,NY,85555.36942605523,780.9891011439043,0.36004105382337637,,,,,,,,,,,,,2026-08-31
CP-I-00965,INDIVIDUAL,NY,114869.02345317976,717.9481139595022,0.3526692654350123,,,,,,,,,,,,,2026-08-31
CP-I-00966,INDIVIDUAL,VA,36962.687486763534,714.3851180260161,0.3211738649127424,,,,,,,,,,,,,2026-08-31
CP-I-00967,INDIVIDUAL,GA,79980.58049691645,683.8225916327374,0.4535664055566435,,,,,,,,,,,,,2026-08-31
CP-I-00968,INDIVIDUAL,GA,60909.63341085153,647.731877618289,0.222571696627106,,,,,,,,,,,,,2026-08-31
CP-I-00969,INDIVIDUAL,CA,65178.732000924436,699.3469042971911,0.18312871832556799,,,,,,,,,,,,,2026-08-31
CP-I-00970,INDIVIDUAL,NC,65318.44049627717,712.0514185913936,0.4960403353624973,,,,,,,,,,,,,2026-08-31
CP-I-00971,INDIVIDUAL,FL,93522.75121491868,732.8722437251089,0.2691069373425927,,,,,,,,,,,,,2026-08-31
CP-I-00972,INDIVIDUAL,FL,381656.74616144004,796.1211719037625,0.2056027719842404,,,,,,,,,,,,,2026-08-31
CP-I-00973,INDIVIDUAL,GA,86100.01618211842,657.0637403934404,0.3828687338867898,,,,,,,,,,,,,2026-08-31
CP-I-00974,INDIVIDUAL,CA,125402.09282686785,694.4198487987653,0.3492905525854997,,,,,,,,,,,,,2026-08-31
CP-I-00975,INDIVIDUAL,GA,75214.10745073234,738.4259359286053,0.3844283509773592,,,,,,,,,,,,,2026-08-31
CP-I-00976,INDIVIDUAL,CA,59431.83505534917,657.3687624383655,0.3591903020933135,,,,,,,,,,,,,2026-08-31
CP-I-00977,INDIVIDUAL,TX,73880.44539448089,675.7376126277976,0.3524080030351495,,,,,,,,,,,,,2026-08-31
CP-I-00978,INDIVIDUAL,TX,61461.341895062535,781.5057988412206,0.5548433900001262,,,,,,,,,,,,,2026-08-31
CP-I-00979,INDIVIDUAL,VA,278057.9776600983,654.5202984546356,0.331053801646931,,,,,,,,,,,,,2026-08-31
CP-I-00980,INDIVIDUAL,NY,173641.74106193206,764.6094453939227,0.32125587011884804,,,,,,,,,,,,,2026-08-31
CP-I-00981,INDIVIDUAL,NC,121571.10953769831,701.6980648949714,0.39396930453993,,,,,,,,,,,,,2026-08-31
CP-I-00982,INDIVIDUAL,GA,256072.901476086,757.7923545072605,0.1532208681049238,,,,,,,,,,,,,2026-08-31
CP-I-00983,INDIVIDUAL,VA,193283.2994132588,660.3979247908808,0.3999161713771571,,,,,,,,,,,,,2026-08-31
CP-I-00984,INDIVIDUAL,VA,100660.47002731364,761.1755496444129,0.24059299580218985,,,,,,,,,,,,,2026-08-31
CP-I-00985,INDIVIDUAL,NY,51496.83324820129,715.0855911589194,0.27767472985099384,,,,,,,,,,,,,2026-08-31
CP-I-00986,INDIVIDUAL,CA,44032.5159645836,775.0623999704372,0.1422063833988772,,,,,,,,,,,,,2026-08-31
CP-I-00987,INDIVIDUAL,GA,55297.77891124737,661.060672375741,0.4467145883812281,,,,,,,,,,,,,2026-08-31
CP-I-00988,INDIVIDUAL,CA,109431.42515365712,784.6851255806022,0.24895134796950769,,,,,,,,,,,,,2026-08-31
CP-I-00989,INDIVIDUAL,CA,92282.42042248722,739.6042873037999,0.4759476610563501,,,,,,,,,,,,,2026-08-31
CP-I-00990,INDIVIDUAL,GA,100663.4766080974,670.6230926333711,0.37336546534387494,,,,,,,,,,,,,2026-08-31
CP-I-00991,INDIVIDUAL,TX,91112.72064487064,748.8352673864633,0.2538233810749741,,,,,,,,,,,,,2026-08-31
CP-I-00992,INDIVIDUAL,NY,85292.39081791426,680.3317723592681,0.258794979664584,,,,,,,,,,,,,2026-08-31
CP-I-00993,INDIVIDUAL,FL,44270.74181586719,764.492429657714,0.2182447442473227,,,,,,,,,,,,,2026-08-31
CP-I-00994,INDIVIDUAL,NY,39962.248415968774,718.1600448537536,0.18548072636515303,,,,,,,,,,,,,2026-08-31
CP-I-00995,INDIVIDUAL,CA,58562.86385454731,708.7963083836157,0.4091352905298097,,,,,,,,,,,,,2026-08-31
CP-I-00996,INDIVIDUAL,GA,50294.10051191985,739.5920165415707,0.36375253098206467,,,,,,,,,,,,,2026-08-31
CP-I-00997,INDIVIDUAL,VA,87463.77847480756,690.4498842505643,0.28365233171879367,,,,,,,,,,,,,2026-08-31
CP-I-00998,INDIVIDUAL,TX,109589.82435662711,699.0467160269396,0.0711894608049232,,,,,,,,,,,,,2026-08-31
CP-I-00999,INDIVIDUAL,NC,149552.86795777243,657.1033524360566,0.1963802642157385,,,,,,,,,,,,,2026-08-31
CP-I-01000,INDIVIDUAL,VA,124136.28904477206,692.3251321368939,0.28173992917232876,,,,,,,,,,,,,2026-08-31
CP-I-01001,INDIVIDUAL,CA,138304.98428526623,646.7254381219416,0.3828013521581707,,,,,,,,,,,,,2026-08-31
CP-I-01002,INDIVIDUAL,GA,73403.94434947314,736.0570421666523,0.24370145091257484,,,,,,,,,,,,,2026-08-31
CP-I-01003,INDIVIDUAL,NY,113487.78420197322,683.4716384632716,0.160709659602294,,,,,,,,,,,,,2026-08-31
CP-I-01004,INDIVIDUAL,CA,68431.02273176992,699.3990991426681,0.3398785378093862,,,,,,,,,,,,,2026-08-31
CP-I-01005,INDIVIDUAL,TX,215095.47081983805,756.5068377768997,0.14475568793634763,,,,,,,,,,,,,2026-08-31
CP-I-01006,INDIVIDUAL,NC,56263.15735400502,703.194255349938,0.155918903537145,,,,,,,,,,,,,2026-08-31
CP-I-01007,INDIVIDUAL,TX,153274.30527822673,636.1076248832874,0.3500120689083567,,,,,,,,,,,,,2026-08-31
CP-I-01008,INDIVIDUAL,FL,61889.18527769433,682.7397985426641,0.27049541496696866,,,,,,,,,,,,,2026-08-31
CP-I-01009,INDIVIDUAL,TX,153252.65383103493,748.2819018888922,0.437725595877304,,,,,,,,,,,,,2026-08-31
CP-I-01010,INDIVIDUAL,CA,60810.79402876886,678.4431189695274,0.3637402149041358,,,,,,,,,,,,,2026-08-31
CP-I-01011,INDIVIDUAL,GA,73129.79369339776,723.2639065539082,0.45684689526319233,,,,,,,,,,,,,2026-08-31
CP-I-01012,INDIVIDUAL,FL,130683.8177702508,675.9843671980581,0.2503310640543038,,,,,,,,,,,,,2026-08-31
CP-I-01013,INDIVIDUAL,GA,104658.2276049577,705.0322419482179,0.14175316312272124,,,,,,,,,,,,,2026-08-31
CP-I-01014,INDIVIDUAL,TX,70402.16730182727,705.8351757413208,0.24384010584938892,,,,,,,,,,,,,2026-08-31
CP-I-01015,INDIVIDUAL,NY,52177.42670921568,681.2492480957874,0.39105783288461016,,,,,,,,,,,,,2026-08-31
CP-I-01016,INDIVIDUAL,GA,81280.56649696745,637.8010402267613,0.47382705112338963,,,,,,,,,,,,,2026-08-31
CP-I-01017,INDIVIDUAL,NC,99932.74127526942,681.2589580637922,0.1839472440436842,,,,,,,,,,,,,2026-08-31
CP-I-01018,INDIVIDUAL,CA,61222.59392962373,696.2899582828896,0.15722227115984394,,,,,,,,,,,,,2026-08-31
CP-I-01019,INDIVIDUAL,GA,166870.31679260064,729.1841904532029,0.09177613175961973,,,,,,,,,,,,,2026-08-31
CP-I-01020,INDIVIDUAL,TX,65184.48399434589,792.9678377624241,0.333658885609412,,,,,,,,,,,,,2026-08-31
CP-I-01021,INDIVIDUAL,FL,129666.58117415823,732.358487812227,0.38062991953589626,,,,,,,,,,,,,2026-08-31
CP-I-01022,INDIVIDUAL,FL,55785.13008722873,689.884632064229,0.4206090372006934,,,,,,,,,,,,,2026-08-31
CP-I-01023,INDIVIDUAL,TX,76578.57070382917,706.3825078892002,0.5104397419191428,,,,,,,,,,,,,2026-08-31
CP-I-01024,INDIVIDUAL,GA,98289.15242439094,669.8770412018861,0.32138669221827443,,,,,,,,,,,,,2026-08-31
CP-I-01025,INDIVIDUAL,CA,99427.18014652164,639.5946140806182,0.3687573740603521,,,,,,,,,,,,,2026-08-31
CP-I-01026,INDIVIDUAL,NY,71633.09285932545,730.7617474816941,0.3022236399721553,,,,,,,,,,,,,2026-08-31
CP-I-01027,INDIVIDUAL,NY,74143.74311378998,775.0490406197493,0.3656263319716336,,,,,,,,,,,,,2026-08-31
CP-I-01028,INDIVIDUAL,VA,52202.605591264386,719.8942659881466,0.40801752754106313,,,,,,,,,,,,,2026-08-31
CP-I-01029,INDIVIDUAL,NC,86495.57321622103,776.2272198164978,0.565972180695669,,,,,,,,,,,,,2026-08-31
CP-I-01030,INDIVIDUAL,GA,119303.88810687164,756.3977297987229,0.33362366817735967,,,,,,,,,,,,,2026-08-31
CP-I-01031,INDIVIDUAL,FL,49816.45208414703,720.4232428885194,0.34317141114165794,,,,,,,,,,,,,2026-08-31
CP-I-01032,INDIVIDUAL,GA,78043.5051516461,702.9337351808343,0.37232784929679075,,,,,,,,,,,,,2026-08-31
CP-I-01033,INDIVIDUAL,CA,194619.1809636687,786.238462217103,0.3073632185828512,,,,,,,,,,,,,2026-08-31
CP-I-01034,INDIVIDUAL,CA,114456.88451502066,689.2483151931219,0.4643477710813313,,,,,,,,,,,,,2026-08-31
CP-I-01035,INDIVIDUAL,NC,107134.14552009731,606.0320888709957,0.1951468756617124,,,,,,,,,,,,,2026-08-31
CP-I-01036,INDIVIDUAL,NC,149879.30668030286,716.1822578820264,0.5376450240436477,,,,,,,,,,,,,2026-08-31
CP-I-01037,INDIVIDUAL,VA,100052.78473118422,606.975321296099,0.20318748147005153,,,,,,,,,,,,,2026-08-31
CP-I-01038,INDIVIDUAL,NC,130869.64827477206,670.4233712679094,0.16642968920857332,,,,,,,,,,,,,2026-08-31
CP-I-01039,INDIVIDUAL,CA,136470.7326214106,760.2374360600767,0.18248206834629033,,,,,,,,,,,,,2026-08-31
CP-I-01040,INDIVIDUAL,NY,38851.97784559171,720.3495205741392,0.26997692825893,,,,,,,,,,,,,2026-08-31
CP-I-01041,INDIVIDUAL,VA,156072.43845739387,754.4967139658385,0.4373078963425089,,,,,,,,,,,,,2026-08-31
CP-I-01042,INDIVIDUAL,NY,135784.938826657,748.1945423407363,0.24076325077955482,,,,,,,,,,,,,2026-08-31
CP-I-01043,INDIVIDUAL,TX,135131.8872470377,588.4105889244147,0.1918419651846738,,,,,,,,,,,,,2026-08-31
CP-I-01044,INDIVIDUAL,CA,93536.37085837698,760.5697972992659,0.3144866587161934,,,,,,,,,,,,,2026-08-31
CP-I-01045,INDIVIDUAL,GA,133751.94685678056,839.06240738041,0.37142946773638275,,,,,,,,,,,,,2026-08-31
CP-I-01046,INDIVIDUAL,NC,144777.77093886439,655.2035254940096,0.3702691736887275,,,,,,,,,,,,,2026-08-31
CP-I-01047,INDIVIDUAL,NY,77259.35739564989,686.7010419043403,0.35739590370828356,,,,,,,,,,,,,2026-08-31
CP-I-01048,INDIVIDUAL,NY,43805.80608498322,667.1366141647269,0.3946386123050413,,,,,,,,,,,,,2026-08-31
CP-I-01049,INDIVIDUAL,TX,53636.212347429086,669.7351900959324,0.19884551536651596,,,,,,,,,,,,,2026-08-31
CP-I-01050,INDIVIDUAL,FL,172828.92315987134,698.5811069160703,0.28267448834676223,,,,,,,,,,,,,2026-08-31
CP-I-01051,INDIVIDUAL,GA,101777.06859629237,628.4771094733487,0.12364212250573657,,,,,,,,,,,,,2026-08-31
CP-I-01052,INDIVIDUAL,NY,110001.33406543473,747.4869247017549,0.27918955390443734,,,,,,,,,,,,,2026-08-31
CP-I-01053,INDIVIDUAL,TX,69896.51758159931,679.1359948821602,0.2955377997610133,,,,,,,,,,,,,2026-08-31
CP-I-01054,INDIVIDUAL,CA,36381.953640282365,737.7560857688532,0.29451076589130504,,,,,,,,,,,,,2026-08-31
CP-I-01055,INDIVIDUAL,TX,83117.93915170267,653.246555776203,0.25860769761927793,,,,,,,,,,,,,2026-08-31
CP-I-01056,INDIVIDUAL,GA,66594.02216866496,628.3457016137418,0.5031029251877924,,,,,,,,,,,,,2026-08-31
CP-I-01057,INDIVIDUAL,NY,230146.2973476388,674.8577075653848,0.3401431597141154,,,,,,,,,,,,,2026-08-31
CP-I-01058,INDIVIDUAL,NC,70120.70888877074,750.7204574310001,0.3827603992871783,,,,,,,,,,,,,2026-08-31
CP-I-01059,INDIVIDUAL,CA,78299.40570709674,786.8994872861779,0.3918558249734206,,,,,,,,,,,,,2026-08-31
CP-I-01060,INDIVIDUAL,VA,105027.56780095698,751.4733015040463,0.42777123079209106,,,,,,,,,,,,,2026-08-31
CP-I-01061,INDIVIDUAL,NC,97259.4482787757,663.2056028676695,0.05,,,,,,,,,,,,,2026-08-31
CP-I-01062,INDIVIDUAL,CA,75618.39874705716,679.2116260276191,0.3183042464530952,,,,,,,,,,,,,2026-08-31
CP-I-01063,INDIVIDUAL,NY,100760.45517737522,778.834343963111,0.14783734446998895,,,,,,,,,,,,,2026-08-31
CP-I-01064,INDIVIDUAL,NY,111188.85744501818,758.4407135432044,0.25125415194845147,,,,,,,,,,,,,2026-08-31
CP-I-01065,INDIVIDUAL,VA,46472.43374240046,688.0144129737664,0.43841727879911735,,,,,,,,,,,,,2026-08-31
CP-I-01066,INDIVIDUAL,VA,111922.9979563918,720.5656410394662,0.19303934644019694,,,,,,,,,,,,,2026-08-31
CP-I-01067,INDIVIDUAL,VA,80278.03778417081,635.8744878572821,0.12927259169329833,,,,,,,,,,,,,2026-08-31
CP-I-01068,INDIVIDUAL,CA,89662.29351067606,730.7725490988058,0.16592250079121373,,,,,,,,,,,,,2026-08-31
CP-I-01069,INDIVIDUAL,NY,128030.72711764622,730.6885018613768,0.47786546127443186,,,,,,,,,,,,,2026-08-31
CP-I-01070,INDIVIDUAL,VA,155275.31288441774,749.4850559732974,0.3045912579360689,,,,,,,,,,,,,2026-08-31
CP-I-01071,INDIVIDUAL,CA,104935.11584862233,653.3251137409832,0.13441352957627567,,,,,,,,,,,,,2026-08-31
CP-I-01072,INDIVIDUAL,VA,148100.29670994688,705.031496462778,0.30346210592910616,,,,,,,,,,,,,2026-08-31
CP-I-01073,INDIVIDUAL,FL,104874.7065442997,693.041174158082,0.1737188979845432,,,,,,,,,,,,,2026-08-31
CP-I-01074,INDIVIDUAL,VA,86680.39643909325,697.9867190086262,0.09754474879422062,,,,,,,,,,,,,2026-08-31
CP-I-01075,INDIVIDUAL,CA,80088.8620912293,665.0685410362267,0.4276623134318738,,,,,,,,,,,,,2026-08-31
CP-I-01076,INDIVIDUAL,TX,322739.1866587752,815.3930993970737,0.2939836253634151,,,,,,,,,,,,,2026-08-31
CP-I-01077,INDIVIDUAL,VA,34883.95586213633,659.3549582521175,0.5623614269270771,,,,,,,,,,,,,2026-08-31
CP-I-01078,INDIVIDUAL,GA,59832.93278385906,793.2297272710948,0.18086771215196343,,,,,,,,,,,,,2026-08-31
CP-I-01079,INDIVIDUAL,VA,194655.95430890057,615.7601257644475,0.4207941719022652,,,,,,,,,,,,,2026-08-31
CP-I-01080,INDIVIDUAL,FL,142972.08751621723,743.2796615927381,0.12497293049013561,,,,,,,,,,,,,2026-08-31
CP-I-01081,INDIVIDUAL,TX,80734.30446761019,708.0620710405954,0.36827954528977436,,,,,,,,,,,,,2026-08-31
CP-I-01082,INDIVIDUAL,NC,114732.99241271995,743.2119493065967,0.16977312889823498,,,,,,,,,,,,,2026-08-31
CP-I-01083,INDIVIDUAL,FL,162198.45988010714,788.1206737348756,0.22534464079382788,,,,,,,,,,,,,2026-08-31
CP-I-01084,INDIVIDUAL,NC,86747.99636358085,785.7667993760181,0.38389261329664925,,,,,,,,,,,,,2026-08-31
CP-I-01085,INDIVIDUAL,CA,57729.694184907225,562.9951982501235,0.4486593043047561,,,,,,,,,,,,,2026-08-31
CP-I-01086,INDIVIDUAL,CA,115836.64078251249,764.8016295066705,0.3208213072522522,,,,,,,,,,,,,2026-08-31
CP-I-01087,INDIVIDUAL,TX,152892.7541788312,726.5432743902597,0.525607397728529,,,,,,,,,,,,,2026-08-31
CP-I-01088,INDIVIDUAL,TX,88803.58170369921,648.07636922363,0.5061500121413585,,,,,,,,,,,,,2026-08-31
CP-I-01089,INDIVIDUAL,NY,108531.89823740735,744.7594567369165,0.5006329111320786,,,,,,,,,,,,,2026-08-31
CP-I-01090,INDIVIDUAL,NC,82576.79643002553,696.8752697126755,0.143849416412827,,,,,,,,,,,,,2026-08-31
CP-I-01091,INDIVIDUAL,CA,197422.22581300314,717.7981189182768,0.37181161784799677,,,,,,,,,,,,,2026-08-31
CP-I-01092,INDIVIDUAL,TX,116499.69811700462,758.2013878672079,0.15761851819663183,,,,,,,,,,,,,2026-08-31
CP-I-01093,INDIVIDUAL,NY,62019.23125889416,604.7470137708264,0.23673022317328546,,,,,,,,,,,,,2026-08-31
CP-I-01094,INDIVIDUAL,CA,134678.91530174232,789.5587691070248,0.05777270098104881,,,,,,,,,,,,,2026-08-31
CP-I-01095,INDIVIDUAL,GA,99658.54762705868,723.7013439885275,0.12455338453955227,,,,,,,,,,,,,2026-08-31
CP-I-01096,INDIVIDUAL,NY,73998.83572762115,762.8597296528369,0.07210384446216282,,,,,,,,,,,,,2026-08-31
CP-I-01097,INDIVIDUAL,TX,129372.46551000667,650.6621254922533,0.31079507769181725,,,,,,,,,,,,,2026-08-31
CP-I-01098,INDIVIDUAL,GA,61781.121157232796,696.6703912922225,0.1921815029283855,,,,,,,,,,,,,2026-08-31
CP-I-01099,INDIVIDUAL,GA,55938.69960419234,770.011010240641,0.31259792052450414,,,,,,,,,,,,,2026-08-31
CP-I-01100,INDIVIDUAL,CA,116156.25279240863,686.5452969246945,0.43559451394449905,,,,,,,,,,,,,2026-08-31
CP-I-01101,INDIVIDUAL,NC,76938.24667169388,730.4697223258935,0.38535296530822566,,,,,,,,,,,,,2026-08-31
CP-I-01102,INDIVIDUAL,GA,52248.15524764297,727.3902510029943,0.21627492503922482,,,,,,,,,,,,,2026-08-31
CP-I-01103,INDIVIDUAL,VA,40520.04087354771,623.4856991249736,0.18800307714305048,,,,,,,,,,,,,2026-08-31
CP-I-01104,INDIVIDUAL,CA,99021.16048090075,708.3236878441176,0.5135380326500127,,,,,,,,,,,,,2026-08-31
CP-I-01105,INDIVIDUAL,NC,82527.16336572781,635.1141416391123,0.24681864621713062,,,,,,,,,,,,,2026-08-31
CP-I-01106,INDIVIDUAL,TX,58519.69650644683,641.9906496450212,0.3116127634097642,,,,,,,,,,,,,2026-08-31
CP-I-01107,INDIVIDUAL,GA,34185.72441352639,707.4669496119673,0.08949061846346147,,,,,,,,,,,,,2026-08-31
CP-I-01108,INDIVIDUAL,GA,47916.47994914246,729.1490583576314,0.4819420212968772,,,,,,,,,,,,,2026-08-31
CP-I-01109,INDIVIDUAL,VA,62098.04380400712,748.9892099844195,0.1282612904197955,,,,,,,,,,,,,2026-08-31
CP-I-01110,INDIVIDUAL,NY,48492.715706763716,796.8052920590704,0.28126222240802595,,,,,,,,,,,,,2026-08-31
CP-I-01111,INDIVIDUAL,FL,19834.233146228533,762.5901956033209,0.2788158448804218,,,,,,,,,,,,,2026-08-31
CP-I-01112,INDIVIDUAL,FL,109627.24681232286,744.9838985407772,0.09341395745231998,,,,,,,,,,,,,2026-08-31
CP-I-01113,INDIVIDUAL,TX,39744.24497148891,775.0175015967628,0.10850538446683407,,,,,,,,,,,,,2026-08-31
CP-I-01114,INDIVIDUAL,NC,150717.67217750434,618.3668747428902,0.33506385285542634,,,,,,,,,,,,,2026-08-31
CP-I-01115,INDIVIDUAL,NY,63099.78420726276,687.3389456306395,0.16841531942874333,,,,,,,,,,,,,2026-08-31
CP-I-01116,INDIVIDUAL,FL,63381.0009851078,615.6718644002709,0.14525384483472037,,,,,,,,,,,,,2026-08-31
CP-I-01117,INDIVIDUAL,FL,84719.86351943958,741.079913538938,0.3005302571910283,,,,,,,,,,,,,2026-08-31
CP-I-01118,INDIVIDUAL,NY,95966.95104341638,756.7394638734573,0.27263373235848487,,,,,,,,,,,,,2026-08-31
CP-I-01119,INDIVIDUAL,NC,113837.00509223678,673.9634662813563,0.349611919639248,,,,,,,,,,,,,2026-08-31
CP-I-01120,INDIVIDUAL,CA,75835.64773975022,637.158234269352,0.41794653058690534,,,,,,,,,,,,,2026-08-31
CP-I-01121,INDIVIDUAL,NY,91007.6854384408,757.6461786744064,0.17888099476170571,,,,,,,,,,,,,2026-08-31
CP-I-01122,INDIVIDUAL,NC,53843.833663647565,753.5917907623286,0.14202972518904777,,,,,,,,,,,,,2026-08-31
CP-I-01123,INDIVIDUAL,TX,184895.64603489003,738.5278694878643,0.17715001821439505,,,,,,,,,,,,,2026-08-31
CP-I-01124,INDIVIDUAL,GA,55237.949690016336,746.4172036295577,0.30184456301060214,,,,,,,,,,,,,2026-08-31
CP-I-01125,INDIVIDUAL,VA,68199.55064973228,757.0695274513386,0.13684845045077737,,,,,,,,,,,,,2026-08-31
CP-I-01126,INDIVIDUAL,VA,65204.85834592466,735.649584959514,0.3732426728093031,,,,,,,,,,,,,2026-08-31
CP-I-01127,INDIVIDUAL,GA,62655.917522133,752.8775137927254,0.3831064691000178,,,,,,,,,,,,,2026-08-31
CP-I-01128,INDIVIDUAL,CA,79906.18272009997,614.063346886963,0.3413333772558663,,,,,,,,,,,,,2026-08-31
CP-I-01129,INDIVIDUAL,VA,44584.72288314841,640.967299723403,0.3909541764639902,,,,,,,,,,,,,2026-08-31
CP-I-01130,INDIVIDUAL,VA,76729.84516364835,656.1778598844884,0.47580387870855556,,,,,,,,,,,,,2026-08-31
CP-I-01131,INDIVIDUAL,TX,28638.329269190883,704.2939213053096,0.22690655593305087,,,,,,,,,,,,,2026-08-31
CP-I-01132,INDIVIDUAL,NC,76857.89090644049,691.3025070897613,0.31478603890754003,,,,,,,,,,,,,2026-08-31
CP-I-01133,INDIVIDUAL,NC,103650.40729539635,790.5448367655756,0.10617079353650344,,,,,,,,,,,,,2026-08-31
CP-I-01134,INDIVIDUAL,TX,83972.23660125429,709.6472867138704,0.10291722369166284,,,,,,,,,,,,,2026-08-31
CP-I-01135,INDIVIDUAL,TX,75905.87946040768,721.1852545467824,0.5998538818093098,,,,,,,,,,,,,2026-08-31
CP-I-01136,INDIVIDUAL,TX,86508.31377308941,761.4754479375496,0.23273365292336473,,,,,,,,,,,,,2026-08-31
CP-I-01137,INDIVIDUAL,NC,103186.69404897222,760.6868148550051,0.29164835990119414,,,,,,,,,,,,,2026-08-31
CP-I-01138,INDIVIDUAL,NY,61284.39515692978,705.7569710380304,0.2702673825026109,,,,,,,,,,,,,2026-08-31
CP-I-01139,INDIVIDUAL,FL,71815.94903656587,717.9346970856027,0.39795240556203876,,,,,,,,,,,,,2026-08-31
CP-I-01140,INDIVIDUAL,FL,146635.32498801994,753.1403035706917,0.14134129529404046,,,,,,,,,,,,,2026-08-31
CP-I-01141,INDIVIDUAL,TX,122249.70392316695,720.0939167790139,0.43653740581863926,,,,,,,,,,,,,2026-08-31
CP-I-01142,INDIVIDUAL,NY,83396.84292115149,763.6996991866686,0.27747230343074253,,,,,,,,,,,,,2026-08-31
CP-I-01143,INDIVIDUAL,NY,66734.24494781242,714.8668890855879,0.2522924882861929,,,,,,,,,,,,,2026-08-31
CP-I-01144,INDIVIDUAL,CA,105214.89721716545,654.2973693466017,0.22328917793257097,,,,,,,,,,,,,2026-08-31
CP-I-01145,INDIVIDUAL,GA,58804.2489715249,710.2123969799461,0.15068601294991407,,,,,,,,,,,,,2026-08-31
CP-I-01146,INDIVIDUAL,NC,153147.33174580164,720.9786456555776,0.362267089999852,,,,,,,,,,,,,2026-08-31
CP-I-01147,INDIVIDUAL,FL,46460.08235457116,687.1386481087213,0.30438158788650393,,,,,,,,,,,,,2026-08-31
CP-I-01148,INDIVIDUAL,NC,135985.65155588833,760.8304713790894,0.3493940973525371,,,,,,,,,,,,,2026-08-31
CP-I-01149,INDIVIDUAL,FL,187119.21665253662,683.9572571672875,0.2355913905821993,,,,,,,,,,,,,2026-08-31
CP-I-01150,INDIVIDUAL,GA,133409.98271742862,656.2574430037648,0.3350915615557469,,,,,,,,,,,,,2026-08-31
CP-I-01151,INDIVIDUAL,VA,85043.30603835221,732.9921551293144,0.39741485282633215,,,,,,,,,,,,,2026-08-31
CP-I-01152,INDIVIDUAL,CA,98133.98137575157,621.4229390001307,0.17790410975265467,,,,,,,,,,,,,2026-08-31
CP-I-01153,INDIVIDUAL,CA,86977.70217986037,691.3473384345446,0.13266321684924107,,,,,,,,,,,,,2026-08-31
CP-I-01154,INDIVIDUAL,VA,45036.8045200072,630.7119316456797,0.11551846864012995,,,,,,,,,,,,,2026-08-31
CP-I-01155,INDIVIDUAL,TX,151039.01727306616,765.6949469104914,0.2904412070510783,,,,,,,,,,,,,2026-08-31
CP-I-01156,INDIVIDUAL,NC,71967.61611748666,575.818605362934,0.43787015811783925,,,,,,,,,,,,,2026-08-31
CP-I-01157,INDIVIDUAL,FL,79256.21738189133,618.6549894491471,0.4639588971779042,,,,,,,,,,,,,2026-08-31
CP-I-01158,INDIVIDUAL,FL,159413.21224600944,774.1731620854656,0.3578644386118894,,,,,,,,,,,,,2026-08-31
CP-I-01159,INDIVIDUAL,NC,58182.36461409049,753.865418967171,0.16416998436109623,,,,,,,,,,,,,2026-08-31
CP-I-01160,INDIVIDUAL,TX,88715.09114705649,671.0617066701197,0.1324905827080482,,,,,,,,,,,,,2026-08-31
CP-I-01161,INDIVIDUAL,FL,113025.1116829222,677.2221183643402,0.14149202720503257,,,,,,,,,,,,,2026-08-31
CP-I-01162,INDIVIDUAL,VA,73547.91002950944,717.99533978583,0.3294342644772426,,,,,,,,,,,,,2026-08-31
CP-I-01163,INDIVIDUAL,FL,70560.05623451088,652.2110126991209,0.3076229969364928,,,,,,,,,,,,,2026-08-31
CP-I-01164,INDIVIDUAL,CA,258518.11641253356,705.7011054152466,0.21224433607642074,,,,,,,,,,,,,2026-08-31
CP-I-01165,INDIVIDUAL,NC,44949.27621376091,641.1491904010128,0.26876546616557784,,,,,,,,,,,,,2026-08-31
CP-I-01166,INDIVIDUAL,TX,91505.1285867113,836.794844906197,0.09665937061480999,,,,,,,,,,,,,2026-08-31
CP-I-01167,INDIVIDUAL,FL,68812.9153160077,656.5431853534084,0.5265009190390856,,,,,,,,,,,,,2026-08-31
CP-I-01168,INDIVIDUAL,NC,63340.072656528886,721.5209725528817,0.5110064197707495,,,,,,,,,,,,,2026-08-31
CP-I-01169,INDIVIDUAL,NY,47337.20217402615,754.1490018845517,0.2881996895795439,,,,,,,,,,,,,2026-08-31
CP-I-01170,INDIVIDUAL,NY,68622.71560276685,585.2599367665922,0.49136559766717886,,,,,,,,,,,,,2026-08-31
CP-I-01171,INDIVIDUAL,TX,55508.24334357342,640.9302806252925,0.4094444210435726,,,,,,,,,,,,,2026-08-31
CP-I-01172,INDIVIDUAL,CA,146346.30755018082,635.2987786026775,0.4438391869826579,,,,,,,,,,,,,2026-08-31
CP-I-01173,INDIVIDUAL,NC,205737.3127934881,716.7184194666501,0.33777577141045284,,,,,,,,,,,,,2026-08-31
CP-I-01174,INDIVIDUAL,VA,76841.9591471662,608.9207456216579,0.2423159871919322,,,,,,,,,,,,,2026-08-31
CP-I-01175,INDIVIDUAL,TX,75481.87773261288,706.878155410914,0.09976469160067832,,,,,,,,,,,,,2026-08-31
CP-I-01176,INDIVIDUAL,NC,76999.22420325299,629.0086289218616,0.21531285276538759,,,,,,,,,,,,,2026-08-31
CP-I-01177,INDIVIDUAL,CA,248023.7332874995,782.2779965586985,0.19039091744173048,,,,,,,,,,,,,2026-08-31
CP-I-01178,INDIVIDUAL,NY,67944.1082161361,685.086601112036,0.2608595644549803,,,,,,,,,,,,,2026-08-31
CP-I-01179,INDIVIDUAL,CA,135586.91643765586,671.7952522642565,0.25119427256104704,,,,,,,,,,,,,2026-08-31
CP-I-01180,INDIVIDUAL,GA,79015.34178621274,685.7466516552033,0.1682364655340848,,,,,,,,,,,,,2026-08-31
CP-I-01181,INDIVIDUAL,TX,91736.72152397138,703.2437298097941,0.14196158552117288,,,,,,,,,,,,,2026-08-31
CP-I-01182,INDIVIDUAL,VA,94477.99674238006,728.4876879318222,0.32458624590431423,,,,,,,,,,,,,2026-08-31
CP-I-01183,INDIVIDUAL,FL,83200.92135555264,779.0559568021592,0.3244027286345247,,,,,,,,,,,,,2026-08-31
CP-I-01184,INDIVIDUAL,GA,140583.2435670732,656.8380395472016,0.22334902330157497,,,,,,,,,,,,,2026-08-31
CP-I-01185,INDIVIDUAL,VA,43217.641103040725,747.0430907468116,0.2760338949820268,,,,,,,,,,,,,2026-08-31
CP-I-01186,INDIVIDUAL,VA,56438.83974950703,787.596029428186,0.3979662820646975,,,,,,,,,,,,,2026-08-31
CP-I-01187,INDIVIDUAL,NY,28575.31307225439,649.6333763005974,0.12168535316019613,,,,,,,,,,,,,2026-08-31
CP-I-01188,INDIVIDUAL,FL,124420.64569743707,599.678132084439,0.2526259478004766,,,,,,,,,,,,,2026-08-31
CP-I-01189,INDIVIDUAL,NY,80364.78362681728,705.1975177273771,0.23772712693922898,,,,,,,,,,,,,2026-08-31
CP-I-01190,INDIVIDUAL,TX,67981.48497816411,757.215769149145,0.22781152783869446,,,,,,,,,,,,,2026-08-31
CP-I-01191,INDIVIDUAL,NY,122283.21518847064,586.9779041214885,0.4897987455566463,,,,,,,,,,,,,2026-08-31
CP-I-01192,INDIVIDUAL,GA,126524.13093023536,622.0867862971347,0.4258314924796609,,,,,,,,,,,,,2026-08-31
CP-I-01193,INDIVIDUAL,GA,124783.95354019312,597.5946533350457,0.24176951310243552,,,,,,,,,,,,,2026-08-31
CP-I-01194,INDIVIDUAL,NY,43657.145505691566,721.1328389616855,0.0990202278878789,,,,,,,,,,,,,2026-08-31
CP-I-01195,INDIVIDUAL,CA,116683.07703781713,640.0458313853933,0.33877956760428435,,,,,,,,,,,,,2026-08-31
CP-I-01196,INDIVIDUAL,TX,103913.80444593115,687.2428729270764,0.07311418059643746,,,,,,,,,,,,,2026-08-31
CP-I-01197,INDIVIDUAL,FL,36189.45738676669,692.3975978695014,0.05,,,,,,,,,,,,,2026-08-31
CP-I-01198,INDIVIDUAL,GA,86374.18145952851,682.771917850044,0.4667434880519882,,,,,,,,,,,,,2026-08-31
CP-I-01199,INDIVIDUAL,FL,37211.351550909196,766.6337290537585,0.17759678009211463,,,,,,,,,,,,,2026-08-31
CP-I-01200,INDIVIDUAL,VA,92332.29246223824,681.3329922616975,0.2762746465461115,,,,,,,,,,,,,2026-08-31
CP-I-01201,INDIVIDUAL,CA,138594.66072662055,762.2031388214244,0.13906797992372416,,,,,,,,,,,,,2026-08-31
CP-I-01202,INDIVIDUAL,FL,132157.69672445697,713.0199121726679,0.32910981725827215,,,,,,,,,,,,,2026-08-31
CP-I-01203,INDIVIDUAL,FL,94751.85585984953,750.6243663668646,0.17330877325643756,,,,,,,,,,,,,2026-08-31
CP-I-01204,INDIVIDUAL,FL,120084.99752113994,639.758084306149,0.35952877296765723,,,,,,,,,,,,,2026-08-31
CP-I-01205,INDIVIDUAL,TX,90388.2493804901,726.3357719627039,0.4758869630464947,,,,,,,,,,,,,2026-08-31
CP-I-01206,INDIVIDUAL,FL,113104.86043544934,640.961350233338,0.35151570532098925,,,,,,,,,,,,,2026-08-31
CP-I-01207,INDIVIDUAL,VA,89948.77934844494,643.9715889807624,0.2064284479434286,,,,,,,,,,,,,2026-08-31
CP-I-01208,INDIVIDUAL,NY,61803.19464103116,640.6927737251797,0.0891293600109222,,,,,,,,,,,,,2026-08-31
CP-I-01209,INDIVIDUAL,TX,67029.74238355723,793.0059116585583,0.18083085705893392,,,,,,,,,,,,,2026-08-31
CP-I-01210,INDIVIDUAL,NY,105784.51800345743,723.9621028033281,0.30973526498540227,,,,,,,,,,,,,2026-08-31
CP-I-01211,INDIVIDUAL,GA,141952.81500347477,709.3885044511183,0.1718174804304465,,,,,,,,,,,,,2026-08-31
CP-I-01212,INDIVIDUAL,NY,112417.44540614005,629.7746153131936,0.23353550122960381,,,,,,,,,,,,,2026-08-31
CP-I-01213,INDIVIDUAL,GA,173926.90919782952,770.3698961035315,0.24255814656425162,,,,,,,,,,,,,2026-08-31
CP-I-01214,INDIVIDUAL,NC,151157.0902444345,763.7268233688056,0.1534934971124673,,,,,,,,,,,,,2026-08-31
CP-I-01215,INDIVIDUAL,TX,78892.99399855686,721.5572529791569,0.2866731837864077,,,,,,,,,,,,,2026-08-31
CP-I-01216,INDIVIDUAL,TX,93942.23132834861,611.4487897745639,0.19241442344567572,,,,,,,,,,,,,2026-08-31
CP-I-01217,INDIVIDUAL,FL,27333.387041132493,723.0061741015066,0.2784187427970154,,,,,,,,,,,,,2026-08-31
CP-I-01218,INDIVIDUAL,GA,92027.93984584356,813.7086779560962,0.17294676939156414,,,,,,,,,,,,,2026-08-31
CP-I-01219,INDIVIDUAL,NY,119749.07434076865,739.2519042721848,0.202425505605192,,,,,,,,,,,,,2026-08-31
CP-I-01220,INDIVIDUAL,VA,114208.34301031215,776.6483844804624,0.3461818290452552,,,,,,,,,,,,,2026-08-31
CP-I-01221,INDIVIDUAL,FL,35264.443434883586,813.0021310754855,0.29859799940806486,,,,,,,,,,,,,2026-08-31
CP-I-01222,INDIVIDUAL,GA,92009.42292094315,666.734894491912,0.2635214987822889,,,,,,,,,,,,,2026-08-31
CP-I-01223,INDIVIDUAL,NY,264227.16958510625,680.1265261271318,0.17587617414418102,,,,,,,,,,,,,2026-08-31
CP-I-01224,INDIVIDUAL,GA,30094.70143827173,733.1212685850589,0.4281038932201092,,,,,,,,,,,,,2026-08-31
CP-I-01225,INDIVIDUAL,NY,114389.54319112441,632.588851662855,0.195984293734357,,,,,,,,,,,,,2026-08-31
CP-I-01226,INDIVIDUAL,TX,85447.17484490351,674.4316381534147,0.4456698504711981,,,,,,,,,,,,,2026-08-31
CP-I-01227,INDIVIDUAL,VA,85817.24760453952,743.7036919683073,0.29168119819503485,,,,,,,,,,,,,2026-08-31
CP-I-01228,INDIVIDUAL,NC,111101.57326461725,712.9140532419699,0.4826679107789088,,,,,,,,,,,,,2026-08-31
CP-I-01229,INDIVIDUAL,TX,110382.89665382548,827.3952510133392,0.30128355872010776,,,,,,,,,,,,,2026-08-31
CP-I-01230,INDIVIDUAL,FL,57357.17279060907,672.3411242599088,0.30424256208531314,,,,,,,,,,,,,2026-08-31
CP-I-01231,INDIVIDUAL,VA,63355.18674658505,766.8155712612896,0.42253137839928856,,,,,,,,,,,,,2026-08-31
CP-I-01232,INDIVIDUAL,NY,165814.18636493088,641.5879270963691,0.4796876859698781,,,,,,,,,,,,,2026-08-31
CP-I-01233,INDIVIDUAL,NC,92011.01319727626,714.8975738037625,0.2656673969934179,,,,,,,,,,,,,2026-08-31
CP-I-01234,INDIVIDUAL,VA,132699.85535379424,745.3419199135537,0.21773341700355903,,,,,,,,,,,,,2026-08-31
CP-I-01235,INDIVIDUAL,NC,38053.81965316728,659.0003766731272,0.2044821640094009,,,,,,,,,,,,,2026-08-31
CP-I-01236,INDIVIDUAL,FL,61770.99837485777,797.748854870663,0.19873901001821323,,,,,,,,,,,,,2026-08-31
CP-I-01237,INDIVIDUAL,TX,80049.93322385568,721.0995763662676,0.41404045396673467,,,,,,,,,,,,,2026-08-31
CP-I-01238,INDIVIDUAL,VA,91788.57114908374,633.9932084572973,0.23567619610482773,,,,,,,,,,,,,2026-08-31
CP-I-01239,INDIVIDUAL,VA,81707.31536816682,745.0462431938545,0.18929669448711056,,,,,,,,,,,,,2026-08-31
CP-I-01240,INDIVIDUAL,FL,114172.58411758112,612.5852846594642,0.3285422070908266,,,,,,,,,,,,,2026-08-31
CP-I-01241,INDIVIDUAL,CA,99537.9327041067,765.4690684220919,0.39761640795302977,,,,,,,,,,,,,2026-08-31
CP-I-01242,INDIVIDUAL,TX,264279.83161842095,656.180712086559,0.24629030979635047,,,,,,,,,,,,,2026-08-31
CP-I-01243,INDIVIDUAL,TX,71020.53659402533,708.0020710778538,0.24099072948908476,,,,,,,,,,,,,2026-08-31
CP-I-01244,INDIVIDUAL,VA,86525.57122451045,705.1288491252433,0.39821940311550574,,,,,,,,,,,,,2026-08-31
CP-I-01245,INDIVIDUAL,FL,81526.32940704042,707.5353927426547,0.46593410021320025,,,,,,,,,,,,,2026-08-31
CP-I-01246,INDIVIDUAL,CA,131508.12789045507,687.7462099228878,0.28729184966223703,,,,,,,,,,,,,2026-08-31
CP-I-01247,INDIVIDUAL,NC,252823.1344154866,758.2100311142879,0.31807906104992273,,,,,,,,,,,,,2026-08-31
CP-I-01248,INDIVIDUAL,NY,104069.72454077563,739.4988057811628,0.49136919073560104,,,,,,,,,,,,,2026-08-31
CP-I-01249,INDIVIDUAL,GA,76451.21465316643,747.5117489070773,0.13489178051658118,,,,,,,,,,,,,2026-08-31
CP-I-01250,INDIVIDUAL,CA,118475.60557972302,749.0111143761235,0.2390667940338525,,,,,,,,,,,,,2026-08-31
CP-I-01251,INDIVIDUAL,GA,385714.95941238105,719.903862387065,0.2410007660003152,,,,,,,,,,,,,2026-08-31
CP-I-01252,INDIVIDUAL,NY,96966.89805080197,737.2924161824735,0.07919495458441138,,,,,,,,,,,,,2026-08-31
CP-I-01253,INDIVIDUAL,NC,96350.91549961461,664.2248904317988,0.4404269885795882,,,,,,,,,,,,,2026-08-31
CP-I-01254,INDIVIDUAL,FL,47876.7226556337,624.3804358996043,0.3700835212554574,,,,,,,,,,,,,2026-08-31
CP-I-01255,INDIVIDUAL,TX,67957.16034456591,709.9694913371338,0.12478373510481193,,,,,,,,,,,,,2026-08-31
CP-I-01256,INDIVIDUAL,FL,96259.33805939158,680.245123255797,0.11246474987965116,,,,,,,,,,,,,2026-08-31
CP-I-01257,INDIVIDUAL,CA,75078.03553330796,656.5595737734373,0.6677901121246272,,,,,,,,,,,,,2026-08-31
CP-I-01258,INDIVIDUAL,FL,76861.08728687504,640.0079450376995,0.18212234436494634,,,,,,,,,,,,,2026-08-31
CP-I-01259,INDIVIDUAL,TX,80533.9381778679,705.8769102449334,0.16424694490252342,,,,,,,,,,,,,2026-08-31
CP-I-01260,INDIVIDUAL,CA,156025.68765324098,715.6772308264826,0.2189217762976169,,,,,,,,,,,,,2026-08-31
CP-I-01261,INDIVIDUAL,FL,42977.490363468525,673.156445175352,0.5361381973341571,,,,,,,,,,,,,2026-08-31
CP-I-01262,INDIVIDUAL,GA,108129.18439581316,806.5040897571483,0.4124260330151178,,,,,,,,,,,,,2026-08-31
CP-I-01263,INDIVIDUAL,VA,135863.41929857232,722.4037269512975,0.3905140284981097,,,,,,,,,,,,,2026-08-31
CP-I-01264,INDIVIDUAL,TX,94723.8569720975,686.9339595349956,0.29044296192405816,,,,,,,,,,,,,2026-08-31
CP-I-01265,INDIVIDUAL,TX,47885.27430051218,715.1719626525389,0.38579810941698134,,,,,,,,,,,,,2026-08-31
CP-I-01266,INDIVIDUAL,NC,71552.14979210086,750.3728418475474,0.4830596124081631,,,,,,,,,,,,,2026-08-31
CP-I-01267,INDIVIDUAL,CA,91266.46875265,743.4347378056182,0.21116056052261425,,,,,,,,,,,,,2026-08-31
CP-I-01268,INDIVIDUAL,GA,26469.177535096533,623.6309607393238,0.409333384476023,,,,,,,,,,,,,2026-08-31
CP-I-01269,INDIVIDUAL,FL,86068.93437847262,695.0434894370599,0.2076529303315824,,,,,,,,,,,,,2026-08-31
CP-I-01270,INDIVIDUAL,TX,75639.08847202499,672.4283834487952,0.5191676154962694,,,,,,,,,,,,,2026-08-31
CP-I-01271,INDIVIDUAL,FL,75303.48021840915,697.8300677765097,0.33780019238269954,,,,,,,,,,,,,2026-08-31
CP-I-01272,INDIVIDUAL,FL,73336.31429030158,787.3833046776894,0.4507613416110534,,,,,,,,,,,,,2026-08-31
CP-I-01273,INDIVIDUAL,VA,49023.81098621223,779.168007257044,0.48662216155483046,,,,,,,,,,,,,2026-08-31
CP-I-01274,INDIVIDUAL,CA,122530.03907786803,695.2636870091856,0.2519869840521486,,,,,,,,,,,,,2026-08-31
CP-I-01275,INDIVIDUAL,NY,67393.28672143303,663.3484136804638,0.2752148909888872,,,,,,,,,,,,,2026-08-31
CP-I-01276,INDIVIDUAL,NC,83611.5961624153,617.6746707209917,0.35104506362947185,,,,,,,,,,,,,2026-08-31
CP-I-01277,INDIVIDUAL,GA,61777.70511212852,653.9125985244626,0.2362089694833203,,,,,,,,,,,,,2026-08-31
CP-I-01278,INDIVIDUAL,FL,103048.39276966586,554.5065536783941,0.29031893664895925,,,,,,,,,,,,,2026-08-31
CP-I-01279,INDIVIDUAL,TX,84049.13894837443,699.6890654473904,0.30719109212475393,,,,,,,,,,,,,2026-08-31
CP-I-01280,INDIVIDUAL,FL,80615.4387248319,633.9659073092229,0.26614519690011573,,,,,,,,,,,,,2026-08-31
CP-I-01281,INDIVIDUAL,CA,82499.40369608541,732.6544940595061,0.2423125283215895,,,,,,,,,,,,,2026-08-31
CP-I-01282,INDIVIDUAL,VA,74737.65402480822,627.5586634774542,0.09168729593256102,,,,,,,,,,,,,2026-08-31
CP-I-01283,INDIVIDUAL,NY,66450.6780306011,665.3500017958195,0.24352081062848205,,,,,,,,,,,,,2026-08-31
CP-I-01284,INDIVIDUAL,FL,91111.04051917787,690.7797297207429,0.2535033856282142,,,,,,,,,,,,,2026-08-31
CP-I-01285,INDIVIDUAL,GA,178275.49082641708,576.5217069212812,0.324444159974208,,,,,,,,,,,,,2026-08-31
CP-I-01286,INDIVIDUAL,NC,115833.2196678685,758.4643668462757,0.13623038504078328,,,,,,,,,,,,,2026-08-31
CP-I-01287,INDIVIDUAL,NC,60007.65920220553,679.1504445881194,0.18452123131100728,,,,,,,,,,,,,2026-08-31
CP-I-01288,INDIVIDUAL,CA,68204.82750223708,765.8581515178338,0.41586365489166555,,,,,,,,,,,,,2026-08-31
CP-I-01289,INDIVIDUAL,TX,142175.44730406714,703.928829521565,0.47181576679861953,,,,,,,,,,,,,2026-08-31
CP-I-01290,INDIVIDUAL,GA,168099.60040716064,686.9654653369846,0.059581309262732425,,,,,,,,,,,,,2026-08-31
CP-I-01291,INDIVIDUAL,CA,58524.4984900874,840.8907418289011,0.16659897138552415,,,,,,,,,,,,,2026-08-31
CP-I-01292,INDIVIDUAL,VA,83509.29771379604,659.0982618626887,0.12107917441793153,,,,,,,,,,,,,2026-08-31
CP-I-01293,INDIVIDUAL,CA,53108.91593581518,615.2030089665875,0.24761297477145766,,,,,,,,,,,,,2026-08-31
CP-I-01294,INDIVIDUAL,CA,79920.0631425786,741.4409210659621,0.10293043933424464,,,,,,,,,,,,,2026-08-31
CP-I-01295,INDIVIDUAL,NY,96641.04192032701,680.6889680244954,0.3590308256108738,,,,,,,,,,,,,2026-08-31
CP-I-01296,INDIVIDUAL,TX,171458.41813362116,658.911132162344,0.32552952172267047,,,,,,,,,,,,,2026-08-31
CP-I-01297,INDIVIDUAL,NC,105198.93484412928,687.8113029730536,0.3399590741815536,,,,,,,,,,,,,2026-08-31
CP-I-01298,INDIVIDUAL,NY,85215.96365778714,725.202820202112,0.286107542588971,,,,,,,,,,,,,2026-08-31
CP-I-01299,INDIVIDUAL,VA,106663.00456026214,695.3130097094217,0.3477100579573287,,,,,,,,,,,,,2026-08-31
CP-I-01300,INDIVIDUAL,NY,36323.2432242998,754.4870902319033,0.05119036897871285,,,,,,,,,,,,,2026-08-31
CP-I-01301,INDIVIDUAL,GA,77312.82030332036,615.0686942034608,0.37856466367541103,,,,,,,,,,,,,2026-08-31
CP-I-01302,INDIVIDUAL,GA,108756.8949239253,757.7230002793411,0.2015882282793671,,,,,,,,,,,,,2026-08-31
CP-I-01303,INDIVIDUAL,CA,117810.17068155028,657.7184756702461,0.30057639129640035,,,,,,,,,,,,,2026-08-31
CP-I-01304,INDIVIDUAL,FL,66209.35502839397,745.6760299620423,0.3998180640146739,,,,,,,,,,,,,2026-08-31
CP-I-01305,INDIVIDUAL,GA,85923.03059120862,714.1140912032965,0.34268154109325216,,,,,,,,,,,,,2026-08-31
CP-I-01306,INDIVIDUAL,FL,92445.52695755726,714.3956595883678,0.167376335686731,,,,,,,,,,,,,2026-08-31
CP-I-01307,INDIVIDUAL,GA,89244.42140458402,622.0367134450687,0.25331035517652456,,,,,,,,,,,,,2026-08-31
CP-I-01308,INDIVIDUAL,CA,123129.4502194594,613.6319622717974,0.1151694382102702,,,,,,,,,,,,,2026-08-31
CP-I-01309,INDIVIDUAL,FL,73045.07438157796,703.6341329460311,0.1954333957444836,,,,,,,,,,,,,2026-08-31
CP-I-01310,INDIVIDUAL,FL,84322.89503798912,789.3198895209018,0.16715199249624105,,,,,,,,,,,,,2026-08-31
CP-I-01311,INDIVIDUAL,GA,62441.66293360117,736.3487608645532,0.24166366426781188,,,,,,,,,,,,,2026-08-31
CP-I-01312,INDIVIDUAL,TX,108491.9352457778,687.4712929705818,0.15941520202587478,,,,,,,,,,,,,2026-08-31
CP-I-01313,INDIVIDUAL,NC,80950.32036733754,706.8333474982967,0.1780388933641872,,,,,,,,,,,,,2026-08-31
CP-I-01314,INDIVIDUAL,TX,177696.3312964497,755.2011915498699,0.34197973943392557,,,,,,,,,,,,,2026-08-31
CP-I-01315,INDIVIDUAL,CA,132879.440933612,674.45972516009,0.32666737773640486,,,,,,,,,,,,,2026-08-31
CP-I-01316,INDIVIDUAL,GA,227091.54997667656,744.8794987477144,0.36578650450227235,,,,,,,,,,,,,2026-08-31
CP-I-01317,INDIVIDUAL,VA,54254.01341004714,614.9093203788747,0.4022388124358611,,,,,,,,,,,,,2026-08-31
CP-I-01318,INDIVIDUAL,NC,125283.0484086427,691.3640067134463,0.11561188693152552,,,,,,,,,,,,,2026-08-31
CP-I-01319,INDIVIDUAL,NY,71665.32732218878,691.8358311534031,0.6086146125537711,,,,,,,,,,,,,2026-08-31
CP-I-01320,INDIVIDUAL,VA,55124.50679217552,701.6258278732855,0.42702970737023205,,,,,,,,,,,,,2026-08-31
CP-I-01321,INDIVIDUAL,VA,179950.309010758,767.2353018266397,0.14941911399963792,,,,,,,,,,,,,2026-08-31
CP-I-01322,INDIVIDUAL,NY,152980.2974278194,630.0609616185385,0.3103730858423493,,,,,,,,,,,,,2026-08-31
CP-I-01323,INDIVIDUAL,GA,93403.62002045602,716.7192135898956,0.2894647307053151,,,,,,,,,,,,,2026-08-31
CP-I-01324,INDIVIDUAL,FL,175320.40935393499,662.4105454276801,0.20741780696080894,,,,,,,,,,,,,2026-08-31
CP-I-01325,INDIVIDUAL,CA,82124.48345234452,694.0814541964984,0.45332568228186143,,,,,,,,,,,,,2026-08-31
CP-I-01326,INDIVIDUAL,CA,190791.6752059965,736.9553648482471,0.23561962651108814,,,,,,,,,,,,,2026-08-31
CP-I-01327,INDIVIDUAL,FL,117483.67090570972,622.2909217939408,0.21648593876997535,,,,,,,,,,,,,2026-08-31
CP-I-01328,INDIVIDUAL,GA,115368.77167949521,740.8317618466222,0.14594487418640556,,,,,,,,,,,,,2026-08-31
CP-I-01329,INDIVIDUAL,FL,84192.86114352566,688.86840772508,0.3200173941480354,,,,,,,,,,,,,2026-08-31
CP-I-01330,INDIVIDUAL,TX,129123.12876372492,744.6658602724292,0.2266375861503898,,,,,,,,,,,,,2026-08-31
CP-I-01331,INDIVIDUAL,TX,80256.84217734211,731.5594055236822,0.1388232272729387,,,,,,,,,,,,,2026-08-31
CP-I-01332,INDIVIDUAL,TX,110924.77002579618,646.2459262535539,0.35002902744239306,,,,,,,,,,,,,2026-08-31
CP-I-01333,INDIVIDUAL,NY,40924.76113677334,697.2899793917558,0.24396786861639108,,,,,,,,,,,,,2026-08-31
CP-I-01334,INDIVIDUAL,NY,96468.38674086351,712.5315918905965,0.4674038665264491,,,,,,,,,,,,,2026-08-31
CP-I-01335,INDIVIDUAL,NC,139712.5468680194,758.9013894623594,0.3435788432293879,,,,,,,,,,,,,2026-08-31
CP-I-01336,INDIVIDUAL,VA,79094.84225117201,611.9844772422044,0.19933789988174533,,,,,,,,,,,,,2026-08-31
CP-I-01337,INDIVIDUAL,NC,103670.05575903377,749.7014326999043,0.11772799318759643,,,,,,,,,,,,,2026-08-31
CP-I-01338,INDIVIDUAL,NY,181227.93061111635,762.1008132581495,0.08740965670004958,,,,,,,,,,,,,2026-08-31
CP-I-01339,INDIVIDUAL,VA,46843.233083816114,732.7394911415138,0.09068494713698107,,,,,,,,,,,,,2026-08-31
CP-I-01340,INDIVIDUAL,VA,102739.70168959988,660.9564964450788,0.2552078607515582,,,,,,,,,,,,,2026-08-31
CP-I-01341,INDIVIDUAL,CA,138298.40303630647,662.9024436346299,0.4420903386198315,,,,,,,,,,,,,2026-08-31
CP-I-01342,INDIVIDUAL,NY,128105.17949485246,812.3457202287942,0.05,,,,,,,,,,,,,2026-08-31
CP-I-01343,INDIVIDUAL,VA,53360.10715965292,657.8012263704743,0.4959027039406753,,,,,,,,,,,,,2026-08-31
CP-I-01344,INDIVIDUAL,NC,56945.90216877985,575.6443873286977,0.3821957886551237,,,,,,,,,,,,,2026-08-31
CP-I-01345,INDIVIDUAL,VA,163316.30819472877,664.9431863006939,0.46497854399063215,,,,,,,,,,,,,2026-08-31
CP-I-01346,INDIVIDUAL,NY,94804.2473297578,699.0249816965734,0.39359788433729037,,,,,,,,,,,,,2026-08-31
CP-I-01347,INDIVIDUAL,CA,190748.32267342816,705.2076627856254,0.24107116454419902,,,,,,,,,,,,,2026-08-31
CP-I-01348,INDIVIDUAL,NC,72756.42055182517,679.8757285679142,0.29754610783887325,,,,,,,,,,,,,2026-08-31
CP-I-01349,INDIVIDUAL,NC,97239.94759252587,579.7591964180336,0.43796093425994503,,,,,,,,,,,,,2026-08-31
CP-I-01350,INDIVIDUAL,FL,63892.71260632089,609.8657519149881,0.07873736552342005,,,,,,,,,,,,,2026-08-31
CP-I-01351,INDIVIDUAL,VA,100159.83899631386,838.3375919925305,0.0813642892399745,,,,,,,,,,,,,2026-08-31
CP-I-01352,INDIVIDUAL,TX,57521.84424498609,710.6539632093334,0.25462386319315833,,,,,,,,,,,,,2026-08-31
CP-I-01353,INDIVIDUAL,NY,190159.17780273454,772.8421317606363,0.2755474951028597,,,,,,,,,,,,,2026-08-31
CP-I-01354,INDIVIDUAL,FL,95803.54252488066,765.8503352765516,0.48035034921045844,,,,,,,,,,,,,2026-08-31
CP-I-01355,INDIVIDUAL,NY,101155.0089044376,617.0184105138738,0.43592986204264694,,,,,,,,,,,,,2026-08-31
CP-I-01356,INDIVIDUAL,TX,67678.27085552076,693.4339994297827,0.17457905796494577,,,,,,,,,,,,,2026-08-31
CP-I-01357,INDIVIDUAL,TX,68237.82088322002,681.0054715918095,0.1450959591488876,,,,,,,,,,,,,2026-08-31
CP-I-01358,INDIVIDUAL,GA,84193.29352972268,697.0866101617529,0.4531738172488323,,,,,,,,,,,,,2026-08-31
CP-I-01359,INDIVIDUAL,NY,46938.30511236272,764.317464260669,0.1937733870424666,,,,,,,,,,,,,2026-08-31
CP-I-01360,INDIVIDUAL,TX,111412.08752746876,703.1661106585401,0.2699911431884111,,,,,,,,,,,,,2026-08-31
CP-I-01361,INDIVIDUAL,FL,52193.89430125013,739.6511515539405,0.18013289760864745,,,,,,,,,,,,,2026-08-31
CP-I-01362,INDIVIDUAL,VA,83270.83492538554,695.3756530442928,0.37828476885655465,,,,,,,,,,,,,2026-08-31
CP-I-01363,INDIVIDUAL,CA,64224.50092036122,700.2263242678221,0.07332354600522487,,,,,,,,,,,,,2026-08-31
CP-I-01364,INDIVIDUAL,FL,101331.18565416416,723.8882184048667,0.19267722670160964,,,,,,,,,,,,,2026-08-31
CP-I-01365,INDIVIDUAL,FL,104709.99479011526,767.6052560469236,0.21111838681180206,,,,,,,,,,,,,2026-08-31
CP-I-01366,INDIVIDUAL,CA,116738.1612276187,756.613519397805,0.44363593750702746,,,,,,,,,,,,,2026-08-31
CP-I-01367,INDIVIDUAL,NY,67376.76876953762,733.5544323952598,0.44639187325816876,,,,,,,,,,,,,2026-08-31
CP-I-01368,INDIVIDUAL,NC,70758.05523976096,663.5640088303975,0.3155012859841676,,,,,,,,,,,,,2026-08-31
CP-I-01369,INDIVIDUAL,TX,216534.6821635516,789.1780118616655,0.24707362206897165,,,,,,,,,,,,,2026-08-31
CP-I-01370,INDIVIDUAL,NY,26170.97290860289,703.6762360999803,0.25871158181210957,,,,,,,,,,,,,2026-08-31
CP-I-01371,INDIVIDUAL,FL,70275.48323991636,693.8152884708876,0.3013231012410655,,,,,,,,,,,,,2026-08-31
CP-I-01372,INDIVIDUAL,VA,111007.5393708983,619.9095557276412,0.2331400332258317,,,,,,,,,,,,,2026-08-31
CP-I-01373,INDIVIDUAL,NC,99998.37041659326,716.7646141331653,0.24203992259494198,,,,,,,,,,,,,2026-08-31
CP-I-01374,INDIVIDUAL,VA,71569.73117192785,815.1949818605488,0.2566720586310755,,,,,,,,,,,,,2026-08-31
CP-I-01375,INDIVIDUAL,VA,97050.86125643046,690.5840305678621,0.2571007916336072,,,,,,,,,,,,,2026-08-31
CP-I-01376,INDIVIDUAL,NC,66165.98464258101,708.4236291101593,0.354172066568073,,,,,,,,,,,,,2026-08-31
CP-I-01377,INDIVIDUAL,GA,75153.13597261881,667.231762373018,0.2206751450303197,,,,,,,,,,,,,2026-08-31
CP-I-01378,INDIVIDUAL,CA,185452.23691619548,761.6377242143346,0.2042951989471145,,,,,,,,,,,,,2026-08-31
CP-I-01379,INDIVIDUAL,CA,90593.78119691151,658.6085305631083,0.31956117289140296,,,,,,,,,,,,,2026-08-31
CP-I-01380,INDIVIDUAL,CA,101388.26768406594,654.777772086157,0.15547235257477443,,,,,,,,,,,,,2026-08-31
CP-I-01381,INDIVIDUAL,FL,122735.95460283171,672.7958851137417,0.39392477090871797,,,,,,,,,,,,,2026-08-31
CP-I-01382,INDIVIDUAL,NC,80041.5495728776,696.0055469538335,0.1786202755520558,,,,,,,,,,,,,2026-08-31
CP-I-01383,INDIVIDUAL,VA,200489.29833641901,751.7436380495569,0.36960774509108224,,,,,,,,,,,,,2026-08-31
CP-I-01384,INDIVIDUAL,TX,93147.86768538645,758.8859284807713,0.16037407031332926,,,,,,,,,,,,,2026-08-31
CP-I-01385,INDIVIDUAL,TX,58242.57314784603,692.7240769867699,0.4533856460330878,,,,,,,,,,,,,2026-08-31
CP-I-01386,INDIVIDUAL,VA,82691.59425055851,593.6234783467957,0.1222210445424819,,,,,,,,,,,,,2026-08-31
CP-I-01387,INDIVIDUAL,CA,76628.60406243104,774.9055655462188,0.1574107106283656,,,,,,,,,,,,,2026-08-31
CP-I-01388,INDIVIDUAL,GA,41185.09468928574,716.5300666334094,0.2877557000246208,,,,,,,,,,,,,2026-08-31
CP-I-01389,INDIVIDUAL,GA,33954.73364018407,689.8445913375806,0.20361893710230988,,,,,,,,,,,,,2026-08-31
CP-I-01390,INDIVIDUAL,NY,68086.8365525348,736.2602374483942,0.294533355984588,,,,,,,,,,,,,2026-08-31
CP-I-01391,INDIVIDUAL,NC,78195.3199784775,689.3407295919094,0.09831101000416353,,,,,,,,,,,,,2026-08-31
CP-I-01392,INDIVIDUAL,NC,95832.05490283454,672.3217003502707,0.26795648475539524,,,,,,,,,,,,,2026-08-31
CP-I-01393,INDIVIDUAL,GA,66513.29247504867,661.438575011225,0.12087070131914573,,,,,,,,,,,,,2026-08-31
CP-I-01394,INDIVIDUAL,TX,73786.94169244597,704.1372246445537,0.27465373817954225,,,,,,,,,,,,,2026-08-31
CP-I-01395,INDIVIDUAL,VA,130209.86723303197,723.9381857190608,0.07655613744629526,,,,,,,,,,,,,2026-08-31
CP-I-01396,INDIVIDUAL,NY,127278.4281061788,743.1297536180506,0.6328827672448141,,,,,,,,,,,,,2026-08-31
CP-I-01397,INDIVIDUAL,VA,136507.30648013167,684.5044574647768,0.17261466607145065,,,,,,,,,,,,,2026-08-31
CP-I-01398,INDIVIDUAL,TX,102681.33945922602,833.2505056546116,0.13443772878727583,,,,,,,,,,,,,2026-08-31
CP-I-01399,INDIVIDUAL,CA,95757.67834666253,699.3892731015261,0.3710843262682906,,,,,,,,,,,,,2026-08-31
CP-I-01400,INDIVIDUAL,NC,115420.85630062678,776.1186932184053,0.3229045939874203,,,,,,,,,,,,,2026-08-31
CP-I-01401,INDIVIDUAL,GA,90771.07337374808,660.1987888704638,0.3253410641583306,,,,,,,,,,,,,2026-08-31
CP-I-01402,INDIVIDUAL,VA,90661.10925226065,673.1049096048109,0.2541035721481649,,,,,,,,,,,,,2026-08-31
CP-I-01403,INDIVIDUAL,NC,161595.15635642523,686.1544460517923,0.19544443013428547,,,,,,,,,,,,,2026-08-31
CP-I-01404,INDIVIDUAL,NY,54147.22508818662,663.0822276200744,0.07840565208610037,,,,,,,,,,,,,2026-08-31
CP-I-01405,INDIVIDUAL,NC,92206.73857306536,758.3206121589458,0.2717966991274125,,,,,,,,,,,,,2026-08-31
CP-I-01406,INDIVIDUAL,NC,82253.01456705283,679.6195762854799,0.27264019370347664,,,,,,,,,,,,,2026-08-31
CP-I-01407,INDIVIDUAL,NY,72040.79935039728,735.2419155590524,0.36423237995230917,,,,,,,,,,,,,2026-08-31
CP-I-01408,INDIVIDUAL,NY,47251.068198907014,717.7802487844217,0.05,,,,,,,,,,,,,2026-08-31
CP-I-01409,INDIVIDUAL,NY,86587.716208967,701.6488648363476,0.23575192119156535,,,,,,,,,,,,,2026-08-31
CP-I-01410,INDIVIDUAL,FL,78446.86106584131,700.1320950888592,0.21265107860423949,,,,,,,,,,,,,2026-08-31
CP-I-01411,INDIVIDUAL,FL,73863.44710146662,739.3829061611505,0.4224862280905382,,,,,,,,,,,,,2026-08-31
CP-I-01412,INDIVIDUAL,GA,101375.8219563928,813.5623033609216,0.42594425385648055,,,,,,,,,,,,,2026-08-31
CP-I-01413,INDIVIDUAL,CA,132557.82422107767,659.0198313958409,0.5021147652475819,,,,,,,,,,,,,2026-08-31
CP-I-01414,INDIVIDUAL,CA,58001.96370367721,704.3337446290143,0.39462192368959237,,,,,,,,,,,,,2026-08-31
CP-I-01415,INDIVIDUAL,CA,125486.3121957368,729.4379787739107,0.057408883607492744,,,,,,,,,,,,,2026-08-31
CP-I-01416,INDIVIDUAL,CA,56593.29266726458,735.657478442717,0.17489652064519406,,,,,,,,,,,,,2026-08-31
CP-I-01417,INDIVIDUAL,FL,61670.84029755775,739.8727764796527,0.2547967939465345,,,,,,,,,,,,,2026-08-31
CP-I-01418,INDIVIDUAL,VA,78826.09118809065,713.7810295592806,0.12848510870220956,,,,,,,,,,,,,2026-08-31
CP-I-01419,INDIVIDUAL,TX,104181.55170276582,706.8057514155284,0.2656334416803956,,,,,,,,,,,,,2026-08-31
CP-I-01420,INDIVIDUAL,NC,106000.36900739555,712.2708638999956,0.21901867587120483,,,,,,,,,,,,,2026-08-31
CP-I-01421,INDIVIDUAL,CA,70575.05388544673,695.5269650020844,0.13494905352439313,,,,,,,,,,,,,2026-08-31
CP-I-01422,INDIVIDUAL,NC,74657.89115784447,754.1554592645912,0.13465306004356137,,,,,,,,,,,,,2026-08-31
CP-I-01423,INDIVIDUAL,VA,35914.10201857782,696.8696942409462,0.22027814054326467,,,,,,,,,,,,,2026-08-31
CP-I-01424,INDIVIDUAL,NC,106075.23771517826,728.8743161312558,0.1370570179396159,,,,,,,,,,,,,2026-08-31
CP-I-01425,INDIVIDUAL,CA,74831.9532613709,694.6914463588784,0.3917603981992486,,,,,,,,,,,,,2026-08-31
CP-I-01426,INDIVIDUAL,CA,119219.36075875962,676.0612185359472,0.31948518276437743,,,,,,,,,,,,,2026-08-31
CP-I-01427,INDIVIDUAL,GA,29138.796245020993,600.779617776121,0.22258914407316904,,,,,,,,,,,,,2026-08-31
CP-I-01428,INDIVIDUAL,VA,53677.27775171346,613.1690385406213,0.3682950807615795,,,,,,,,,,,,,2026-08-31
CP-I-01429,INDIVIDUAL,GA,76336.42095797062,716.1459595449185,0.38560087726210523,,,,,,,,,,,,,2026-08-31
CP-I-01430,INDIVIDUAL,NC,48253.346981310446,710.1271639460557,0.4716879198968893,,,,,,,,,,,,,2026-08-31
CP-I-01431,INDIVIDUAL,NY,108918.97968399877,676.507637121941,0.2349685154946079,,,,,,,,,,,,,2026-08-31
CP-I-01432,INDIVIDUAL,GA,130126.1928620759,600.3313407634766,0.11579110931767575,,,,,,,,,,,,,2026-08-31
CP-I-01433,INDIVIDUAL,CA,100316.43169998872,705.1003527156087,0.3181921524265533,,,,,,,,,,,,,2026-08-31
CP-I-01434,INDIVIDUAL,FL,66500.61802768915,736.663767288827,0.5183259428472288,,,,,,,,,,,,,2026-08-31
CP-I-01435,INDIVIDUAL,FL,126273.90138364825,673.2110048888744,0.1269516057647268,,,,,,,,,,,,,2026-08-31
CP-I-01436,INDIVIDUAL,NC,76106.82159578672,663.1734598975912,0.1646883016971652,,,,,,,,,,,,,2026-08-31
CP-I-01437,INDIVIDUAL,NC,90243.62056611857,752.7160897060922,0.42379533461348085,,,,,,,,,,,,,2026-08-31
CP-I-01438,INDIVIDUAL,NC,171753.76346504028,741.4721560926565,0.5076479388196984,,,,,,,,,,,,,2026-08-31
CP-I-01439,INDIVIDUAL,TX,68734.27171230374,762.1931499125052,0.3766203805454891,,,,,,,,,,,,,2026-08-31
CP-I-01440,INDIVIDUAL,NC,94793.11615724493,697.4473548651807,0.2129936672477617,,,,,,,,,,,,,2026-08-31
CP-I-01441,INDIVIDUAL,CA,114257.28591639346,714.6119753465224,0.46645796355825475,,,,,,,,,,,,,2026-08-31
CP-I-01442,INDIVIDUAL,CA,62083.00958327743,659.4847801683384,0.300539023932824,,,,,,,,,,,,,2026-08-31
CP-I-01443,INDIVIDUAL,NC,197306.61485695367,802.9619509626298,0.44083366549314407,,,,,,,,,,,,,2026-08-31
CP-I-01444,INDIVIDUAL,NC,62025.18866837877,784.5837242539615,0.275493902040745,,,,,,,,,,,,,2026-08-31
CP-I-01445,INDIVIDUAL,VA,97875.33850948453,704.4473310041689,0.32695503475635007,,,,,,,,,,,,,2026-08-31
CP-I-01446,INDIVIDUAL,NY,97109.12853201167,651.2746526492892,0.3535432854085304,,,,,,,,,,,,,2026-08-31
CP-I-01447,INDIVIDUAL,NY,137028.02304692796,707.7272481490961,0.212271944492088,,,,,,,,,,,,,2026-08-31
CP-I-01448,INDIVIDUAL,FL,96949.86377340315,716.4850307133275,0.27679574656718436,,,,,,,,,,,,,2026-08-31
CP-I-01449,INDIVIDUAL,NC,83376.7274901545,632.6227327282022,0.11854785679181096,,,,,,,,,,,,,2026-08-31
CP-I-01450,INDIVIDUAL,NC,110604.88758137736,733.3655988727323,0.43971896775927594,,,,,,,,,,,,,2026-08-31
CP-I-01451,INDIVIDUAL,GA,148939.58436585363,776.6798339947534,0.311412244833156,,,,,,,,,,,,,2026-08-31
CP-I-01452,INDIVIDUAL,NC,63690.08033076095,768.9435627888774,0.158160154226557,,,,,,,,,,,,,2026-08-31
CP-I-01453,INDIVIDUAL,VA,70848.052157456,748.3242651311433,0.10932462821407893,,,,,,,,,,,,,2026-08-31
CP-I-01454,INDIVIDUAL,TX,76880.77973541924,671.0042180153589,0.38961554850310465,,,,,,,,,,,,,2026-08-31
CP-I-01455,INDIVIDUAL,TX,118179.37589465543,719.3809637283191,0.05,,,,,,,,,,,,,2026-08-31
CP-I-01456,INDIVIDUAL,VA,98724.32845784242,651.8317429778498,0.22867761321531335,,,,,,,,,,,,,2026-08-31
CP-I-01457,INDIVIDUAL,FL,156604.05710534987,656.3299477097682,0.4165441321222496,,,,,,,,,,,,,2026-08-31
CP-I-01458,INDIVIDUAL,FL,214501.34195289906,574.3661779423811,0.24761419222863373,,,,,,,,,,,,,2026-08-31
CP-I-01459,INDIVIDUAL,FL,63326.85612319585,669.5345661872924,0.4599902128949601,,,,,,,,,,,,,2026-08-31
CP-I-01460,INDIVIDUAL,TX,211181.65015871575,625.5481213772388,0.3890585841899037,,,,,,,,,,,,,2026-08-31
CP-I-01461,INDIVIDUAL,CA,115348.51365543355,696.999965592668,0.506968905783116,,,,,,,,,,,,,2026-08-31
CP-I-01462,INDIVIDUAL,NY,126659.19200666026,733.5015497879227,0.5074666130968121,,,,,,,,,,,,,2026-08-31
CP-I-01463,INDIVIDUAL,NC,171152.06693206818,755.5662030988005,0.16830988350098397,,,,,,,,,,,,,2026-08-31
CP-I-01464,INDIVIDUAL,NY,85444.93853622694,610.3741071553344,0.4709269085211634,,,,,,,,,,,,,2026-08-31
CP-I-01465,INDIVIDUAL,FL,141332.87775971775,625.0632311221982,0.12511635118968956,,,,,,,,,,,,,2026-08-31
CP-I-01466,INDIVIDUAL,NY,103637.46796759892,645.3386171728903,0.16344942301751586,,,,,,,,,,,,,2026-08-31
CP-I-01467,INDIVIDUAL,FL,44038.82465752851,680.9504359332406,0.3273316285340611,,,,,,,,,,,,,2026-08-31
CP-I-01468,INDIVIDUAL,CA,178857.18169780212,636.9685727827206,0.31473893320295876,,,,,,,,,,,,,2026-08-31
CP-I-01469,INDIVIDUAL,TX,187616.48933328505,714.0665788308605,0.38587939956449174,,,,,,,,,,,,,2026-08-31
CP-I-01470,INDIVIDUAL,TX,92889.64262210895,732.6826031934141,0.46835511769464455,,,,,,,,,,,,,2026-08-31
CP-I-01471,INDIVIDUAL,CA,167004.37612978625,772.7367606243401,0.12234389852549257,,,,,,,,,,,,,2026-08-31
CP-I-01472,INDIVIDUAL,VA,98308.38199687561,652.2956027928367,0.19990790422413118,,,,,,,,,,,,,2026-08-31
CP-I-01473,INDIVIDUAL,CA,54323.798599747985,795.2791450363934,0.3400818015560242,,,,,,,,,,,,,2026-08-31
CP-I-01474,INDIVIDUAL,TX,119321.52185184135,656.8948193337887,0.1566644361158127,,,,,,,,,,,,,2026-08-31
CP-I-01475,INDIVIDUAL,NY,52277.318121191216,635.7865499882017,0.21488575966409168,,,,,,,,,,,,,2026-08-31
CP-I-01476,INDIVIDUAL,VA,60678.66728224587,732.5001079037439,0.3638729625964906,,,,,,,,,,,,,2026-08-31
CP-I-01477,INDIVIDUAL,GA,75410.90157973774,737.6638312136162,0.23736053825994277,,,,,,,,,,,,,2026-08-31
CP-I-01478,INDIVIDUAL,FL,86092.50670987513,673.6187695365732,0.15782025495974292,,,,,,,,,,,,,2026-08-31
CP-I-01479,INDIVIDUAL,TX,95124.59131735658,667.8876621442379,0.15986164225940294,,,,,,,,,,,,,2026-08-31
CP-I-01480,INDIVIDUAL,GA,115662.39560865564,718.9957490939378,0.5437504748738042,,,,,,,,,,,,,2026-08-31
CP-I-01481,INDIVIDUAL,FL,84401.3141033998,778.8358575599742,0.5215574295207708,,,,,,,,,,,,,2026-08-31
CP-I-01482,INDIVIDUAL,NC,87729.03912910512,649.2783071646224,0.33044350358632973,,,,,,,,,,,,,2026-08-31
CP-I-01483,INDIVIDUAL,TX,103271.23028937196,696.5476697024966,0.35728643285836037,,,,,,,,,,,,,2026-08-31
CP-I-01484,INDIVIDUAL,GA,54160.2326411998,732.5109256515154,0.4044155638536252,,,,,,,,,,,,,2026-08-31
CP-I-01485,INDIVIDUAL,CA,241528.69153899953,684.2046971198595,0.13545646053158505,,,,,,,,,,,,,2026-08-31
CP-I-01486,INDIVIDUAL,CA,97402.35748241698,798.616173181955,0.45236462804843186,,,,,,,,,,,,,2026-08-31
CP-I-01487,INDIVIDUAL,NC,73233.96673782181,673.8893193782641,0.1520060266219025,,,,,,,,,,,,,2026-08-31
CP-I-01488,INDIVIDUAL,NY,73228.0785992387,642.8646825002639,0.2948996617881404,,,,,,,,,,,,,2026-08-31
CP-I-01489,INDIVIDUAL,NY,204215.9215201894,767.0514992255368,0.43969443710199474,,,,,,,,,,,,,2026-08-31
CP-I-01490,INDIVIDUAL,TX,72973.28790320929,711.1919584400064,0.2931732518234477,,,,,,,,,,,,,2026-08-31
CP-I-01491,INDIVIDUAL,VA,100806.07830036346,655.7247991059976,0.41125246917621716,,,,,,,,,,,,,2026-08-31
CP-I-01492,INDIVIDUAL,NC,78139.27000500628,648.2056385967826,0.26704654502447184,,,,,,,,,,,,,2026-08-31
CP-I-01493,INDIVIDUAL,NC,145838.36484255022,588.8828858740732,0.48684489589944213,,,,,,,,,,,,,2026-08-31
CP-I-01494,INDIVIDUAL,NY,235614.16903226142,637.029668806189,0.43980032061249874,,,,,,,,,,,,,2026-08-31
CP-I-01495,INDIVIDUAL,GA,73353.3532139272,646.095007880722,0.46715282144732684,,,,,,,,,,,,,2026-08-31
CP-I-01496,INDIVIDUAL,NY,58379.320248262695,684.9254117910461,0.35946326383038213,,,,,,,,,,,,,2026-08-31
CP-I-01497,INDIVIDUAL,TX,179820.29452732817,613.297320972691,0.268300099144261,,,,,,,,,,,,,2026-08-31
CP-I-01498,INDIVIDUAL,CA,92211.68106557253,642.5722921729273,0.3716346313052314,,,,,,,,,,,,,2026-08-31
CP-I-01499,INDIVIDUAL,GA,72217.26904422179,825.0479532413749,0.21676574459662085,,,,,,,,,,,,,2026-08-31
CP-I-01500,INDIVIDUAL,CA,122900.11292413865,617.1578086907493,0.42001146865346395,,,,,,,,,,,,,2026-08-31
CP-I-01501,INDIVIDUAL,GA,106996.48699533059,752.1253400255736,0.11742868825408559,,,,,,,,,,,,,2026-08-31
CP-I-01502,INDIVIDUAL,FL,145122.20733251327,671.6702939156695,0.15293086072504827,,,,,,,,,,,,,2026-08-31
CP-I-01503,INDIVIDUAL,NY,100878.15603141939,648.3781897884418,0.27535015722791456,,,,,,,,,,,,,2026-08-31
CP-I-01504,INDIVIDUAL,TX,81372.35557292937,770.3422531669738,0.24834462688593703,,,,,,,,,,,,,2026-08-31
CP-I-01505,INDIVIDUAL,GA,119811.7431003048,833.3563317431561,0.32414974733696117,,,,,,,,,,,,,2026-08-31
CP-I-01506,INDIVIDUAL,FL,93153.06732709322,737.5553731420741,0.21312753965736647,,,,,,,,,,,,,2026-08-31
CP-I-01507,INDIVIDUAL,NC,71243.70403961746,657.1947483580184,0.3937060935199291,,,,,,,,,,,,,2026-08-31
CP-I-01508,INDIVIDUAL,TX,114604.97042876805,616.7145818514531,0.31160393034164185,,,,,,,,,,,,,2026-08-31
CP-I-01509,INDIVIDUAL,GA,47734.5353107946,759.5592281799541,0.1277754517382962,,,,,,,,,,,,,2026-08-31
CP-I-01510,INDIVIDUAL,TX,116941.47022664035,698.4481968300107,0.3053812897487377,,,,,,,,,,,,,2026-08-31
CP-I-01511,INDIVIDUAL,VA,53840.60721040107,700.4039837272843,0.35196718871276034,,,,,,,,,,,,,2026-08-31
CP-I-01512,INDIVIDUAL,TX,88823.80307019161,677.2504395142947,0.3156083661852443,,,,,,,,,,,,,2026-08-31
CP-I-01513,INDIVIDUAL,CA,90123.44208327992,809.6594496941213,0.2070819241568016,,,,,,,,,,,,,2026-08-31
CP-I-01514,INDIVIDUAL,NY,55326.33899945538,661.8189335867162,0.38789197414137505,,,,,,,,,,,,,2026-08-31
CP-I-01515,INDIVIDUAL,GA,63541.4565766573,736.222704603155,0.1420072331393376,,,,,,,,,,,,,2026-08-31
CP-I-01516,INDIVIDUAL,NY,120081.03001011375,724.5568492188777,0.28781254240312515,,,,,,,,,,,,,2026-08-31
CP-I-01517,INDIVIDUAL,NC,63102.54372597911,714.4776619156382,0.30708436313508913,,,,,,,,,,,,,2026-08-31
CP-I-01518,INDIVIDUAL,NY,187026.61656406868,701.2032910202272,0.1918815394681263,,,,,,,,,,,,,2026-08-31
CP-I-01519,INDIVIDUAL,NY,60418.89252357629,753.9235319300451,0.24391299043189701,,,,,,,,,,,,,2026-08-31
CP-I-01520,INDIVIDUAL,FL,201887.02846204207,648.5202955824849,0.35076335519017654,,,,,,,,,,,,,2026-08-31
CP-I-01521,INDIVIDUAL,GA,162380.83292094158,671.4747355636721,0.3755763398682772,,,,,,,,,,,,,2026-08-31
CP-I-01522,INDIVIDUAL,FL,84714.44443450423,777.7820884605472,0.13900505768833585,,,,,,,,,,,,,2026-08-31
CP-I-01523,INDIVIDUAL,NY,160602.91946882498,673.6348663676536,0.5138004391252708,,,,,,,,,,,,,2026-08-31
CP-I-01524,INDIVIDUAL,NC,72452.4697851026,699.2851236035493,0.3941685467076068,,,,,,,,,,,,,2026-08-31
CP-I-01525,INDIVIDUAL,TX,98489.10265428152,718.5603784823736,0.28344930367493804,,,,,,,,,,,,,2026-08-31
CP-I-01526,INDIVIDUAL,FL,110932.43389118268,644.7091674925605,0.20671311515528987,,,,,,,,,,,,,2026-08-31
CP-I-01527,INDIVIDUAL,CA,90437.9122010915,730.6081862107338,0.30398296408133885,,,,,,,,,,,,,2026-08-31
CP-I-01528,INDIVIDUAL,TX,47378.54217325412,709.7147013403924,0.31600867023313833,,,,,,,,,,,,,2026-08-31
CP-I-01529,INDIVIDUAL,FL,119628.00461680123,622.5941998022038,0.23134936779625404,,,,,,,,,,,,,2026-08-31
CP-I-01530,INDIVIDUAL,VA,105103.31149773352,713.7218930909589,0.3772326777684127,,,,,,,,,,,,,2026-08-31
CP-I-01531,INDIVIDUAL,VA,89500.20584201819,777.582865170454,0.29425543091265427,,,,,,,,,,,,,2026-08-31
CP-I-01532,INDIVIDUAL,CA,104482.25816772328,752.5167027124022,0.5361020854682874,,,,,,,,,,,,,2026-08-31
CP-I-01533,INDIVIDUAL,FL,173967.93581171703,741.7303002699489,0.1394817536482259,,,,,,,,,,,,,2026-08-31
CP-I-01534,INDIVIDUAL,VA,113852.73228728073,667.4110491627431,0.5107871648819521,,,,,,,,,,,,,2026-08-31
CP-I-01535,INDIVIDUAL,TX,51117.30205767577,673.5119448088183,0.2840943967819442,,,,,,,,,,,,,2026-08-31
CP-I-01536,INDIVIDUAL,NC,132171.01384114404,714.3103409345335,0.2423748943799081,,,,,,,,,,,,,2026-08-31
CP-I-01537,INDIVIDUAL,CA,46410.047711671694,774.0905208530229,0.32769630734035976,,,,,,,,,,,,,2026-08-31
CP-I-01538,INDIVIDUAL,GA,120411.0425654148,699.417159190969,0.610944946510803,,,,,,,,,,,,,2026-08-31
CP-I-01539,INDIVIDUAL,NY,85934.86783046088,705.0452305964276,0.43126638364078435,,,,,,,,,,,,,2026-08-31
CP-I-01540,INDIVIDUAL,TX,43053.01741643621,665.3256773338193,0.5162941071905818,,,,,,,,,,,,,2026-08-31
CP-I-01541,INDIVIDUAL,VA,42426.3773514839,642.5376818733642,0.48943992267518527,,,,,,,,,,,,,2026-08-31
CP-I-01542,INDIVIDUAL,FL,29285.251781474835,669.8746206212902,0.15397075280066824,,,,,,,,,,,,,2026-08-31
CP-I-01543,INDIVIDUAL,NC,201969.71392656033,770.7127418524894,0.18985227552138798,,,,,,,,,,,,,2026-08-31
CP-I-01544,INDIVIDUAL,NC,72442.3714163148,633.85500900915,0.39477351364876634,,,,,,,,,,,,,2026-08-31
CP-I-01545,INDIVIDUAL,VA,54474.12429926498,686.2146798118027,0.2885934629655953,,,,,,,,,,,,,2026-08-31
CP-I-01546,INDIVIDUAL,FL,64850.135934611164,677.3810441568411,0.3065290142328475,,,,,,,,,,,,,2026-08-31
CP-I-01547,INDIVIDUAL,NY,110409.24657578793,718.0466281038545,0.29920256856705224,,,,,,,,,,,,,2026-08-31
CP-I-01548,INDIVIDUAL,TX,55665.207040771595,657.6795110085208,0.1872684768580488,,,,,,,,,,,,,2026-08-31
CP-I-01549,INDIVIDUAL,TX,70249.38914497939,755.777748658039,0.3784404533306451,,,,,,,,,,,,,2026-08-31
CP-I-01550,INDIVIDUAL,NC,30409.529463488783,753.7559323908442,0.46656286125171087,,,,,,,,,,,,,2026-08-31
CP-I-01551,INDIVIDUAL,GA,113994.886230822,701.9904769024296,0.4952525644385045,,,,,,,,,,,,,2026-08-31
CP-I-01552,INDIVIDUAL,NY,60550.43733193823,727.3850348774768,0.3097587142010663,,,,,,,,,,,,,2026-08-31
CP-I-01553,INDIVIDUAL,TX,89765.08944303177,806.0431193015878,0.33885765960542136,,,,,,,,,,,,,2026-08-31
CP-I-01554,INDIVIDUAL,TX,84281.6288305983,659.3922560979133,0.2805171382199468,,,,,,,,,,,,,2026-08-31
CP-I-01555,INDIVIDUAL,NC,99084.30417859834,625.4453463822471,0.1259922316958946,,,,,,,,,,,,,2026-08-31
CP-I-01556,INDIVIDUAL,NY,68969.92124582626,704.7661184746743,0.4239803610064144,,,,,,,,,,,,,2026-08-31
CP-I-01557,INDIVIDUAL,GA,87790.58268395187,796.597331781251,0.3555485865283958,,,,,,,,,,,,,2026-08-31
CP-I-01558,INDIVIDUAL,NC,98139.09237871689,692.8450988375595,0.2320420520200572,,,,,,,,,,,,,2026-08-31
CP-I-01559,INDIVIDUAL,NY,79880.63634584648,728.8761953178796,0.4027893109322426,,,,,,,,,,,,,2026-08-31
CP-I-01560,INDIVIDUAL,CA,48357.711595078224,791.8036664903445,0.23307572133253585,,,,,,,,,,,,,2026-08-31
CP-I-01561,INDIVIDUAL,VA,107472.8955958589,602.7237217323076,0.5089475905908518,,,,,,,,,,,,,2026-08-31
CP-I-01562,INDIVIDUAL,GA,82716.62527155425,741.7017562151945,0.25530837544197466,,,,,,,,,,,,,2026-08-31
CP-I-01563,INDIVIDUAL,NC,112434.97406928739,599.9539639510704,0.3853172876919162,,,,,,,,,,,,,2026-08-31
CP-I-01564,INDIVIDUAL,NY,49471.04489903261,699.0105219189246,0.1719232676197785,,,,,,,,,,,,,2026-08-31
CP-I-01565,INDIVIDUAL,TX,80040.72561637592,723.1016696812915,0.4229447402546983,,,,,,,,,,,,,2026-08-31
CP-I-01566,INDIVIDUAL,NY,73704.74668610137,593.8983525313623,0.38112559228804177,,,,,,,,,,,,,2026-08-31
CP-I-01567,INDIVIDUAL,NY,50078.99341205964,700.6446539471141,0.22641863875392665,,,,,,,,,,,,,2026-08-31
CP-I-01568,INDIVIDUAL,CA,166475.58169973103,692.6993863092962,0.15888717043555214,,,,,,,,,,,,,2026-08-31
CP-I-01569,INDIVIDUAL,NY,100770.42731538256,745.226818610078,0.48434225325842173,,,,,,,,,,,,,2026-08-31
CP-I-01570,INDIVIDUAL,TX,80931.41510448491,705.4541649721992,0.36407443209990775,,,,,,,,,,,,,2026-08-31
CP-I-01571,INDIVIDUAL,TX,123040.65963654795,786.8740286389738,0.46190173852500055,,,,,,,,,,,,,2026-08-31
CP-I-01572,INDIVIDUAL,GA,171437.4351356447,726.2595848004337,0.4825312730105821,,,,,,,,,,,,,2026-08-31
CP-I-01573,INDIVIDUAL,NY,224568.66436593633,744.0312344000934,0.09320277446336064,,,,,,,,,,,,,2026-08-31
CP-I-01574,INDIVIDUAL,TX,88835.83684563708,761.5836085966525,0.18642544642401485,,,,,,,,,,,,,2026-08-31
CP-I-01575,INDIVIDUAL,NC,98136.2072048377,624.5177977974986,0.12965257111994688,,,,,,,,,,,,,2026-08-31
CP-I-01576,INDIVIDUAL,GA,90254.28319613994,728.9354234837184,0.19290837342025965,,,,,,,,,,,,,2026-08-31
CP-I-01577,INDIVIDUAL,VA,158186.85888307012,715.3210807939645,0.5281710225531433,,,,,,,,,,,,,2026-08-31
CP-I-01578,INDIVIDUAL,TX,124051.84068421576,687.3117247773085,0.36415096743597725,,,,,,,,,,,,,2026-08-31
CP-I-01579,INDIVIDUAL,GA,41010.70120034552,696.1226372042466,0.14040310708792395,,,,,,,,,,,,,2026-08-31
CP-I-01580,INDIVIDUAL,CA,97172.67768071132,613.7425744025719,0.5194278667626943,,,,,,,,,,,,,2026-08-31
CP-I-01581,INDIVIDUAL,GA,81972.03955036834,620.4756145801215,0.4013292000415982,,,,,,,,,,,,,2026-08-31
CP-I-01582,INDIVIDUAL,NY,50727.15654688398,629.7385007333795,0.3534575736396481,,,,,,,,,,,,,2026-08-31
CP-I-01583,INDIVIDUAL,TX,113036.48288785854,787.1571862528997,0.33676597641864436,,,,,,,,,,,,,2026-08-31
CP-I-01584,INDIVIDUAL,FL,98622.23247574855,708.7025453450028,0.36919309870704575,,,,,,,,,,,,,2026-08-31
CP-I-01585,INDIVIDUAL,CA,150729.8919779608,683.1554702065118,0.35622933326793954,,,,,,,,,,,,,2026-08-31
CP-I-01586,INDIVIDUAL,VA,79942.41716095273,753.8242120118281,0.2286760997732768,,,,,,,,,,,,,2026-08-31
CP-I-01587,INDIVIDUAL,GA,64526.85893234176,749.0451669431695,0.15201621663671916,,,,,,,,,,,,,2026-08-31
CP-I-01588,INDIVIDUAL,FL,65972.84615863794,576.05531741004,0.3128203051387579,,,,,,,,,,,,,2026-08-31
CP-I-01589,INDIVIDUAL,NY,243231.7311300026,668.322825753306,0.29525200604669344,,,,,,,,,,,,,2026-08-31
CP-I-01590,INDIVIDUAL,GA,249042.89467955133,783.1697377858281,0.3182144335978042,,,,,,,,,,,,,2026-08-31
CP-I-01591,INDIVIDUAL,GA,109021.12741982762,655.9963730425878,0.36737267584068856,,,,,,,,,,,,,2026-08-31
CP-I-01592,INDIVIDUAL,NC,75180.88831636061,781.4808130351454,0.34567442330968373,,,,,,,,,,,,,2026-08-31
CP-I-01593,INDIVIDUAL,FL,92417.42745446821,743.0322402532414,0.20382592520536197,,,,,,,,,,,,,2026-08-31
CP-I-01594,INDIVIDUAL,NC,71511.35943453271,731.0361084012113,0.37393119614084963,,,,,,,,,,,,,2026-08-31
CP-I-01595,INDIVIDUAL,VA,93401.03591362594,707.0026385545267,0.5775227917880343,,,,,,,,,,,,,2026-08-31
CP-I-01596,INDIVIDUAL,NC,85429.82197488256,718.1464033010875,0.18534894575237776,,,,,,,,,,,,,2026-08-31
CP-I-01597,INDIVIDUAL,NY,45880.44697167246,739.8605309599934,0.49242693821474337,,,,,,,,,,,,,2026-08-31
CP-I-01598,INDIVIDUAL,NC,107931.12948853045,799.6301991372824,0.31238445111794827,,,,,,,,,,,,,2026-08-31
CP-I-01599,INDIVIDUAL,GA,186822.05775935767,838.3585952003968,0.3124306870016479,,,,,,,,,,,,,2026-08-31
CP-I-01600,INDIVIDUAL,NY,216813.81536883037,763.8087582512829,0.16450335696241844,,,,,,,,,,,,,2026-08-31
CP-I-01601,INDIVIDUAL,NY,95496.04298151593,754.8544314831963,0.2182243681988391,,,,,,,,,,,,,2026-08-31
CP-I-01602,INDIVIDUAL,NY,169474.143163854,816.9024086866532,0.2728117141185799,,,,,,,,,,,,,2026-08-31
CP-I-01603,INDIVIDUAL,FL,60125.37898908332,639.6003591134685,0.31292502988851184,,,,,,,,,,,,,2026-08-31
CP-I-01604,INDIVIDUAL,VA,121933.1515502589,630.4537059339954,0.2699621597151448,,,,,,,,,,,,,2026-08-31
CP-I-01605,INDIVIDUAL,NY,106486.65899221924,707.3273383157017,0.5480442593731363,,,,,,,,,,,,,2026-08-31
CP-I-01606,INDIVIDUAL,FL,108867.33910070553,718.6994084529391,0.29855008923565257,,,,,,,,,,,,,2026-08-31
CP-I-01607,INDIVIDUAL,NY,114256.1524145018,790.9679630943937,0.3416663265380111,,,,,,,,,,,,,2026-08-31
CP-I-01608,INDIVIDUAL,GA,80510.01730616529,643.0239336223544,0.3139615876257272,,,,,,,,,,,,,2026-08-31
CP-I-01609,INDIVIDUAL,GA,86008.27101133195,745.4692166976923,0.09774575935591179,,,,,,,,,,,,,2026-08-31
CP-I-01610,INDIVIDUAL,NC,84025.12532053646,711.7246158840866,0.24221992304679685,,,,,,,,,,,,,2026-08-31
CP-I-01611,INDIVIDUAL,VA,85924.32688506205,712.1160759911958,0.20331688448610663,,,,,,,,,,,,,2026-08-31
CP-I-01612,INDIVIDUAL,FL,69696.54842936638,832.5956060469202,0.10165449030191762,,,,,,,,,,,,,2026-08-31
CP-I-01613,INDIVIDUAL,CA,93131.30487972042,691.1098134234164,0.38332552152267474,,,,,,,,,,,,,2026-08-31
CP-I-01614,INDIVIDUAL,FL,72357.31238432474,767.5088927856796,0.23045276212960503,,,,,,,,,,,,,2026-08-31
CP-I-01615,INDIVIDUAL,GA,146529.44510832173,604.585130137223,0.6415714825594734,,,,,,,,,,,,,2026-08-31
CP-I-01616,INDIVIDUAL,NC,127427.77260026126,808.7331239258338,0.28621071841525636,,,,,,,,,,,,,2026-08-31
CP-I-01617,INDIVIDUAL,VA,32284.415556750915,602.8594341097136,0.49820094733802267,,,,,,,,,,,,,2026-08-31
CP-I-01618,INDIVIDUAL,TX,74596.99494948285,653.7306429345001,0.3122721119899024,,,,,,,,,,,,,2026-08-31
CP-I-01619,INDIVIDUAL,FL,96222.7702365733,666.7720470670087,0.38329348934095386,,,,,,,,,,,,,2026-08-31
CP-I-01620,INDIVIDUAL,VA,61757.58841918515,819.4148858585717,0.1881035460661863,,,,,,,,,,,,,2026-08-31
CP-I-01621,INDIVIDUAL,GA,147149.02206303136,718.9865059635262,0.2207840472606063,,,,,,,,,,,,,2026-08-31
CP-I-01622,INDIVIDUAL,CA,94673.6308645728,712.6883940378526,0.29818485578802356,,,,,,,,,,,,,2026-08-31
CP-I-01623,INDIVIDUAL,CA,117545.97073558894,703.4817639021787,0.3562665969367434,,,,,,,,,,,,,2026-08-31
CP-I-01624,INDIVIDUAL,TX,160701.63833367155,719.764745798362,0.34480350856962594,,,,,,,,,,,,,2026-08-31
CP-I-01625,INDIVIDUAL,NY,148840.0841888117,730.6467296027654,0.5233383959478877,,,,,,,,,,,,,2026-08-31
CP-I-01626,INDIVIDUAL,NC,45944.44424520945,727.403542856572,0.2896231104261719,,,,,,,,,,,,,2026-08-31
CP-I-01627,INDIVIDUAL,VA,51090.41334941527,745.8324122117533,0.4466461812217115,,,,,,,,,,,,,2026-08-31
CP-I-01628,INDIVIDUAL,NY,72610.81763065433,752.7930930940753,0.3486447741675031,,,,,,,,,,,,,2026-08-31
CP-I-01629,INDIVIDUAL,NY,73572.03148541863,696.5288850241383,0.22350045914279817,,,,,,,,,,,,,2026-08-31
CP-I-01630,INDIVIDUAL,NC,53611.130461283334,707.4115124593357,0.41783345238500746,,,,,,,,,,,,,2026-08-31
CP-I-01631,INDIVIDUAL,FL,62328.14716703133,754.6271317356889,0.10731597581678076,,,,,,,,,,,,,2026-08-31
CP-I-01632,INDIVIDUAL,NC,72788.79832376115,640.8473551640858,0.28970311084522277,,,,,,,,,,,,,2026-08-31
CP-I-01633,INDIVIDUAL,FL,120155.81351161851,699.9299486573734,0.18125356315700286,,,,,,,,,,,,,2026-08-31
CP-I-01634,INDIVIDUAL,NC,45374.68182233035,704.4213121137051,0.21709350942957106,,,,,,,,,,,,,2026-08-31
CP-I-01635,INDIVIDUAL,FL,184461.94240355794,709.5528878978618,0.14280743098380597,,,,,,,,,,,,,2026-08-31
CP-I-01636,INDIVIDUAL,NY,81266.20921570346,760.0127395092584,0.1900254212041963,,,,,,,,,,,,,2026-08-31
CP-I-01637,INDIVIDUAL,NC,106027.29885713478,767.9304643939321,0.10684034703103557,,,,,,,,,,,,,2026-08-31
CP-I-01638,INDIVIDUAL,TX,47853.88696863463,650.8439096262038,0.4188204828492086,,,,,,,,,,,,,2026-08-31
CP-I-01639,INDIVIDUAL,NC,43901.22350456159,752.755758566221,0.3477192277647789,,,,,,,,,,,,,2026-08-31
CP-I-01640,INDIVIDUAL,FL,57947.26178639562,838.6561346092658,0.2867682431054429,,,,,,,,,,,,,2026-08-31
CP-I-01641,INDIVIDUAL,CA,29797.502840674573,719.0148851779162,0.29700786921933,,,,,,,,,,,,,2026-08-31
CP-I-01642,INDIVIDUAL,CA,66358.83615908572,784.8444336013017,0.15086553911081593,,,,,,,,,,,,,2026-08-31
CP-I-01643,INDIVIDUAL,NC,128082.00886727596,724.6508266748647,0.291433119412053,,,,,,,,,,,,,2026-08-31
CP-I-01644,INDIVIDUAL,NC,140146.26631526725,796.4855481429445,0.42340075260148197,,,,,,,,,,,,,2026-08-31
CP-I-01645,INDIVIDUAL,NY,56724.413488950166,586.6746425549879,0.17554007908571898,,,,,,,,,,,,,2026-08-31
CP-I-01646,INDIVIDUAL,NY,83453.612506208,733.4910808124212,0.12005220150668466,,,,,,,,,,,,,2026-08-31
CP-I-01647,INDIVIDUAL,NY,61030.107672849466,735.7307763091026,0.15002755607211649,,,,,,,,,,,,,2026-08-31
CP-I-01648,INDIVIDUAL,NC,66091.70684049722,682.4410081758073,0.2977548196625964,,,,,,,,,,,,,2026-08-31
CP-I-01649,INDIVIDUAL,CA,83270.40658069977,733.1540981916409,0.17869860828674208,,,,,,,,,,,,,2026-08-31
CP-I-01650,INDIVIDUAL,NC,96304.55375502162,714.669601717435,0.13625915024659535,,,,,,,,,,,,,2026-08-31
CP-I-01651,INDIVIDUAL,NY,123767.76760232335,712.5201880559287,0.22421381852225208,,,,,,,,,,,,,2026-08-31
CP-I-01652,INDIVIDUAL,FL,91882.4645357012,724.8830038532335,0.2804860809606419,,,,,,,,,,,,,2026-08-31
CP-I-01653,INDIVIDUAL,TX,167993.866649641,760.137466581298,0.2917285712795873,,,,,,,,,,,,,2026-08-31
CP-I-01654,INDIVIDUAL,FL,98144.74553171708,659.4511314363658,0.15738945476925967,,,,,,,,,,,,,2026-08-31
CP-I-01655,INDIVIDUAL,VA,62612.51880452436,673.5775548828043,0.35836511252934683,,,,,,,,,,,,,2026-08-31
CP-I-01656,INDIVIDUAL,CA,88436.57474129737,610.3891466176286,0.4118786602247122,,,,,,,,,,,,,2026-08-31
CP-I-01657,INDIVIDUAL,FL,128288.76962072129,674.504735703888,0.10113490518887322,,,,,,,,,,,,,2026-08-31
CP-I-01658,INDIVIDUAL,TX,206580.58589556982,815.3818674599513,0.25090668328278504,,,,,,,,,,,,,2026-08-31
CP-I-01659,INDIVIDUAL,TX,63822.57124895832,681.6718089036904,0.1895802867557037,,,,,,,,,,,,,2026-08-31
CP-I-01660,INDIVIDUAL,NY,82278.00349967349,743.2985395326483,0.2283421911980963,,,,,,,,,,,,,2026-08-31
CP-I-01661,INDIVIDUAL,VA,153784.74427203063,701.2244674425568,0.15810765122201614,,,,,,,,,,,,,2026-08-31
CP-I-01662,INDIVIDUAL,NY,66380.87938450428,663.7700692814915,0.22132582306289172,,,,,,,,,,,,,2026-08-31
CP-I-01663,INDIVIDUAL,TX,199455.5667646631,632.9214536969024,0.34037671959172544,,,,,,,,,,,,,2026-08-31
CP-I-01664,INDIVIDUAL,FL,86444.99557463161,754.179070726391,0.3733944976701366,,,,,,,,,,,,,2026-08-31
CP-I-01665,INDIVIDUAL,NY,137930.99217953152,712.4102004314353,0.06073520559483636,,,,,,,,,,,,,2026-08-31
CP-I-01666,INDIVIDUAL,GA,128556.78706036053,705.6016094019876,0.39661963612845696,,,,,,,,,,,,,2026-08-31
CP-I-01667,INDIVIDUAL,NY,325033.84965951846,661.9120404493101,0.2929272687201604,,,,,,,,,,,,,2026-08-31
CP-I-01668,INDIVIDUAL,NC,82904.07252770339,664.7577221142943,0.35478273902198926,,,,,,,,,,,,,2026-08-31
CP-I-01669,INDIVIDUAL,NY,95112.89755628018,639.6149985575839,0.15724100147814996,,,,,,,,,,,,,2026-08-31
CP-I-01670,INDIVIDUAL,CA,83127.80177729632,724.1620959282408,0.21704913955365457,,,,,,,,,,,,,2026-08-31
CP-I-01671,INDIVIDUAL,NC,31465.040784866476,703.351603462419,0.5543183528405954,,,,,,,,,,,,,2026-08-31
CP-I-01672,INDIVIDUAL,NY,82881.60781522367,677.4435401360732,0.38930555310273907,,,,,,,,,,,,,2026-08-31
CP-I-01673,INDIVIDUAL,VA,78871.6995335233,690.400738366063,0.26339888401665024,,,,,,,,,,,,,2026-08-31
CP-I-01674,INDIVIDUAL,TX,83246.27315127931,734.8442267026064,0.3087695033569971,,,,,,,,,,,,,2026-08-31
CP-I-01675,INDIVIDUAL,CA,62510.84871285582,662.2230363880388,0.2237034772562544,,,,,,,,,,,,,2026-08-31
CP-I-01676,INDIVIDUAL,CA,55013.70960108872,665.4035676781996,0.5022138399242584,,,,,,,,,,,,,2026-08-31
CP-I-01677,INDIVIDUAL,VA,129179.87153627313,830.5037378573488,0.4412400573938824,,,,,,,,,,,,,2026-08-31
CP-I-01678,INDIVIDUAL,TX,116861.98895785314,756.9173391303333,0.3084859523405204,,,,,,,,,,,,,2026-08-31
CP-I-01679,INDIVIDUAL,NY,62765.807908194074,690.0494724592187,0.22670571500343284,,,,,,,,,,,,,2026-08-31
CP-I-01680,INDIVIDUAL,NY,76261.08651862243,646.9847254673127,0.17169917270480733,,,,,,,,,,,,,2026-08-31
CP-I-01681,INDIVIDUAL,NY,124930.32142718753,700.0841997417234,0.4688382766640269,,,,,,,,,,,,,2026-08-31
CP-I-01682,INDIVIDUAL,VA,116446.19411052956,782.6908642599035,0.05,,,,,,,,,,,,,2026-08-31
CP-I-01683,INDIVIDUAL,NC,106719.27254371798,621.6340046446358,0.28134094876967797,,,,,,,,,,,,,2026-08-31
CP-I-01684,INDIVIDUAL,CA,68399.13536390758,706.7052065502481,0.26631741626467226,,,,,,,,,,,,,2026-08-31
CP-I-01685,INDIVIDUAL,TX,179614.46759055974,776.9746760677768,0.19338832629740238,,,,,,,,,,,,,2026-08-31
CP-I-01686,INDIVIDUAL,CA,92988.50138335793,705.6585875155184,0.4104752623842174,,,,,,,,,,,,,2026-08-31
CP-I-01687,INDIVIDUAL,TX,75273.2635153917,747.2243124999998,0.3800180437498003,,,,,,,,,,,,,2026-08-31
CP-I-01688,INDIVIDUAL,GA,177939.9712889926,704.7516758508315,0.34378813135231745,,,,,,,,,,,,,2026-08-31
CP-I-01689,INDIVIDUAL,FL,59316.315393392535,669.7192562603097,0.3667294246916626,,,,,,,,,,,,,2026-08-31
CP-I-01690,INDIVIDUAL,CA,66229.2981562649,769.7693563482676,0.3800092073563802,,,,,,,,,,,,,2026-08-31
CP-I-01691,INDIVIDUAL,VA,65099.474874677915,611.8915998552342,0.13793600900174188,,,,,,,,,,,,,2026-08-31
CP-I-01692,INDIVIDUAL,CA,95380.58211708692,695.7849828927075,0.42526447864957684,,,,,,,,,,,,,2026-08-31
CP-I-01693,INDIVIDUAL,FL,76474.21934796986,702.1734316000243,0.1528097816514038,,,,,,,,,,,,,2026-08-31
CP-I-01694,INDIVIDUAL,VA,173668.70180267133,763.187914640016,0.12282431819807973,,,,,,,,,,,,,2026-08-31
CP-I-01695,INDIVIDUAL,FL,206795.22526637645,656.697578861702,0.29127240652969205,,,,,,,,,,,,,2026-08-31
CP-I-01696,INDIVIDUAL,VA,234053.74831093257,640.7622675665936,0.3614273569239796,,,,,,,,,,,,,2026-08-31
CP-I-01697,INDIVIDUAL,TX,60848.1131702518,773.7302872362579,0.38701464821858556,,,,,,,,,,,,,2026-08-31
CP-I-01698,INDIVIDUAL,CA,172158.1385984176,700.4547466117436,0.2927982551459457,,,,,,,,,,,,,2026-08-31
CP-I-01699,INDIVIDUAL,VA,45088.21100890424,723.8109923672484,0.5346909672863837,,,,,,,,,,,,,2026-08-31
CP-I-01700,INDIVIDUAL,NY,47800.037106241085,711.5072255634796,0.45777545696988686,,,,,,,,,,,,,2026-08-31
CP-C-00001,CORPORATE,NC,,,,9265336.98732354,9504732.493744692,5818225.215971031,1899170.4873101707,60.0,Healthcare,4.0,BBB+,Baa1,1.5782486721373707,14.427138519377607,2.667789808559891,2026-08-31
CP-C-00002,CORPORATE,NC,,,,86839755.61589861,124955969.7875525,64277461.61617967,17466442.397642087,441.0,Retail,5.0,BBB,Baa2,1.0593118313759857,1.152343799816954,1.943158311881284,2026-08-31
CP-C-00003,CORPORATE,GA,,,,133704575.87757356,202964344.89453536,111455755.99335235,21237178.73376748,564.0,Manufacturing,4.0,BBB+,Baa1,1.2179813647187763,2.065328240834431,1.362998799837859,2026-08-31
CP-C-00004,CORPORATE,FL,,,,59441326.301732585,69367221.59727474,31735289.10052432,13583270.92184394,345.0,Construction,5.0,BBB,Baa2,0.8433074518101009,2.549093751659687,1.594440144881391,2026-08-31
CP-C-00005,CORPORATE,CA,,,,159967102.07855585,167457206.77603856,119051551.01257813,29965739.082775578,654.0,Hospitality,7.0,BB+,Ba1,2.4594553907984777,2.9711830635525027,2.1677944095806243,2026-08-31
CP-C-00006,CORPORATE,TX,,,,16698755.571958613,15650983.897715546,12474606.432955276,2747399.650475013,64.0,Retail,7.0,BB+,Ba1,3.9273060495336223,4.697567029056164,0.6277515035810106,2026-08-31
CP-C-00007,CORPORATE,NC,,,,51272735.1748011,61659800.65731663,31173496.49359898,11506328.812188227,229.0,Retail,4.0,BBB+,Baa1,1.0921337416491395,2.8551295857356527,1.0273751659067947,2026-08-31
CP-C-00008,CORPORATE,FL,,,,131702388.4359135,122078070.47102566,77681993.19424035,24320412.064568628,499.0,Transportation,6.0,BBB-,Baa3,1.7497490309771175,2.1532385621965906,1.8390635802574615,2026-08-31
CP-C-00009,CORPORATE,FL,,,,32047372.239162456,26860752.703550637,15883594.285123056,2652640.831851917,120.0,Real Estate,5.0,BBB,Baa2,1.5329226928676858,1.7196814310576676,2.135393423116831,2026-08-31
CP-C-00010,CORPORATE,NY,,,,59388536.544956714,41923962.65426632,35689566.59191967,14348114.05998255,235.0,Healthcare,5.0,BBB,Baa2,5.724622920168781,1.6716090040593377,1.8072109603946982,2026-08-31
CP-C-00011,CORPORATE,NC,,,,25534467.315205734,21980524.379694708,13481876.745629637,3024622.267569594,110.0,Real Estate,5.0,BBB,Baa2,1.5863555386848038,4.176340970202663,1.2936906660622862,2026-08-31
CP-C-00012,CORPORATE,VA,,,,39922056.864177264,30988767.01684375,20204561.742004085,3925692.0875285296,127.0,Technology,5.0,BBB,Baa2,1.8735327478551238,8.683145591781184,1.6677197623123676,2026-08-31
CP-C-00013,CORPORATE,NY,,,,43953627.287749775,32520090.01442034,14228347.682013659,4518837.601775126,257.0,Hospitality,4.0,BBB+,Baa1,0.7778563366708876,3.0985392659127706,2.004558817290574,2026-08-31
CP-C-00014,CORPORATE,NC,,,,24828263.541194852,23233919.46691997,13233445.923477896,2614968.1392096663,160.0,Manufacturing,5.0,BBB,Baa2,1.3232819291998312,2.491550111685296,1.6668774839555183,2026-08-31
CP-C-00015,CORPORATE,CA,,,,46055607.98348513,59807784.19084899,34687154.69822034,10456924.286815073,138.0,Retail,5.0,BBB,Baa2,1.380823466561571,0.7734249031264151,2.2234905026739806,2026-08-31
CP-C-00016,CORPORATE,NY,,,,25957132.09239104,40092601.45910042,19434694.400120746,4796247.025598055,159.0,Hospitality,5.0,BBB,Baa2,0.9407871932346983,2.241232445002471,1.669629762930175,2026-08-31
CP-C-00017,CORPORATE,VA,,,,29884944.11125163,41148934.73800906,29377731.82373689,2459345.9084339137,130.0,Technology,5.0,BBB,Baa2,2.49572894441548,8.03402187699229,1.3753076478284192,2026-08-31
CP-C-00018,CORPORATE,FL,,,,48463472.74564369,56458859.29481112,32471227.953510664,5751835.6928496715,148.0,Technology,3.0,A,A2,1.3536654574811509,5.391226485144418,1.2607711623654982,2026-08-31
CP-C-00019,CORPORATE,FL,,,,42788735.7362195,52686331.61654005,23382313.730258673,6563358.326220175,248.0,Transportation,6.0,BBB-,Baa3,0.7979217669398524,0.9071690337499883,2.0187849429158344,2026-08-31
CP-C-00020,CORPORATE,TX,,,,117065049.3496685,139479497.23206624,80706583.93233621,10516504.87357094,460.0,Manufacturing,5.0,BBB,Baa2,1.3731935240431061,2.7242596624128677,1.6975959301470198,2026-08-31
CP-C-00021,CORPORATE,FL,,,,28127335.24167178,30053119.71680313,20374279.440739546,1951907.7400614845,99.0,Construction,8.0,BB,Ba2,2.1050331299635654,1.9621830881855673,1.9745664034313304,2026-08-31
CP-C-00022,CORPORATE,VA,,,,114185822.3939737,178568442.38568044,117131320.86843117,24606419.078775227,386.0,Construction,6.0,BBB-,Baa3,1.906523580137865,8.213197687932942,1.909243751430769,2026-08-31
CP-C-00023,CORPORATE,NY,,,,82899226.52837786,99209217.09637356,66260881.16874596,13593899.229251567,330.0,Technology,7.0,BB+,Ba1,2.0110539516863843,2.9378079104360464,1.4685931651270492,2026-08-31
CP-C-00024,CORPORATE,NY,,,,33520296.773876574,43613005.09801429,29948203.515255947,4954966.082918613,125.0,Transportation,5.0,BBB,Baa2,2.191631055444179,1.3461643060119048,1.831640168056587,2026-08-31
CP-C-00025,CORPORATE,CA,,,,79101663.16964324,85812077.49431907,59658043.73880836,14051444.661943704,382.0,Transportation,5.0,BBB,Baa2,2.281026487022802,2.604545006327971,2.2563393183601126,2026-08-31
CP-C-00026,CORPORATE,VA,,,,82617078.38410853,70106877.31013206,43516645.58150493,10941116.351451872,271.0,Real Estate,4.0,BBB+,Baa1,1.6365651125429943,5.643605512995412,1.7164181225335307,2026-08-31
CP-C-00027,CORPORATE,CA,,,,17155397.643476557,28294968.65209048,22315063.008924026,3216597.2100788946,61.0,Transportation,6.0,BBB-,Baa3,3.7316747688861267,1.6224973258400772,1.5378023979545437,2026-08-31
CP-C-00028,CORPORATE,FL,,,,37228902.639063686,43238445.62165885,24472629.03768345,8379233.571566654,162.0,Manufacturing,3.0,A,A2,1.3041068012239467,2.3883297853739043,2.835277489432766,2026-08-31
CP-C-00029,CORPORATE,NC,,,,131689567.24895142,100433919.37649778,75813406.54286073,25815258.582786005,524.0,Healthcare,6.0,BBB-,Baa3,3.0792781228863326,3.0378290792374316,2.087011458042734,2026-08-31
CP-C-00030,CORPORATE,VA,,,,87258111.98157431,140388803.27985328,74161911.90685675,8981135.36560915,267.0,Hospitality,5.0,BBB,Baa2,1.1198156876965493,1.1974427133198104,2.1745434295614263,2026-08-31
CP-C-00031,CORPORATE,NY,,,,89720344.12145236,127369833.74822824,87638969.99721171,13457873.89382467,261.0,Real Estate,5.0,BBB,Baa2,2.205815875195248,3.2553062348423727,2.2900912357082506,2026-08-31
CP-C-00032,CORPORATE,TX,,,,18819127.11653951,27163591.924708176,13186564.86782012,2284559.841218581,76.0,Technology,6.0,BBB-,Baa3,0.9434456135878775,1.2878470386074439,1.2595886434378551,2026-08-31
CP-C-00033,CORPORATE,GA,,,,127201244.5183848,163414573.70178774,125305874.83453387,9287951.27321574,437.0,Construction,5.0,BBB,Baa2,3.288117373700393,3.209104338694183,1.7090258954990851,2026-08-31
CP-C-00034,CORPORATE,NY,,,,58008833.96041885,41604855.79751789,20610461.266521137,8434758.366780229,200.0,Retail,6.0,BBB-,Baa3,0.9817125821890806,3.981263563614525,0.7654266274023457,2026-08-31
CP-C-00035,CORPORATE,TX,,,,10787086.39595615,17506441.130529597,10760650.274906848,1056420.7779868266,48.0,Real Estate,5.0,BBB,Baa2,1.5951651192888128,2.1261567609459235,1.5193991218567133,2026-08-31
CP-C-00036,CORPORATE,VA,,,,104177486.60966231,73922126.70529287,43905027.77180133,8106301.278804617,536.0,Real Estate,5.0,BBB,Baa2,1.6037343645874738,1.020187100370195,1.5179315814880074,2026-08-31
CP-C-00037,CORPORATE,TX,,,,32993662.417708427,27788663.649192147,17760394.715429157,7461172.916550584,196.0,Construction,5.0,BBB,Baa2,1.7710329502267121,5.316732641992855,2.921473945140294,2026-08-31
CP-C-00038,CORPORATE,NY,,,,4728693.850893854,4354263.780355407,3351470.0667496123,377542.3665343087,18.0,Healthcare,6.0,BBB-,Baa3,3.3421331040245223,2.4760393983993967,1.1966867450056666,2026-08-31
CP-C-00039,CORPORATE,TX,,,,7495607.128579622,5833025.942253752,3801560.367034074,1337535.6935970443,27.0,Retail,4.0,BBB+,Baa1,1.871338807512396,3.840058215078621,1.6705418930420368,2026-08-31
CP-C-00040,CORPORATE,NY,,,,18872555.665718745,14922991.758043198,7591508.863073652,3463952.5639195843,80.0,Transportation,6.0,BBB-,Baa3,1.035467036045671,1.003155452797073,1.5288041192112423,2026-08-31
CP-C-00041,CORPORATE,NY,,,,69745840.1575968,94184443.08333814,51227362.42475109,10836385.816541675,214.0,Hospitality,6.0,BBB-,Baa3,1.1925242972606616,3.0270697387815684,1.606790021036138,2026-08-31
CP-C-00042,CORPORATE,NY,,,,158658568.61208358,207334269.45108804,152459902.84636065,10653559.299781939,705.0,Technology,7.0,BB+,Ba1,2.7783446494164434,5.310647616044026,2.502420661527952,2026-08-31
CP-C-00043,CORPORATE,NC,,,,16225057.597115487,20855457.852060106,9857209.034411773,3239610.20198455,91.0,Retail,7.0,BB+,Ba1,0.8962525941943057,3.5881587670911617,2.166905238016393,2026-08-31
CP-C-00044,CORPORATE,TX,,,,3853415.4877226437,4835414.829492625,2858516.1686799987,692437.6947418102,14.0,Transportation,6.0,BBB-,Baa3,1.4459598892666423,2.4707413840901213,2.55273726401597,2026-08-31
CP-C-00045,CORPORATE,TX,,,,496530295.5825338,637792439.4730865,491493764.8028228,49082802.09620819,1516.0,Healthcare,6.0,BBB-,Baa3,3.359523016258209,2.221279606171776,0.8934703650422184,2026-08-31
CP-C-00046,CORPORATE,GA,,,,25431170.90673259,34100247.8801467,16701032.270283015,3921679.6152856844,76.0,Transportation,5.0,BBB,Baa2,0.9598727117798999,1.9656830902393134,1.4732495238502947,2026-08-31
CP-C-00047,CORPORATE,CA,,,,9260919.94838886,8828758.880431928,4336448.25597077,589342.7128573968,31.0,Construction,6.0,BBB-,Baa3,0.9653046323997054,0.7832427217927764,1.245445023205306,2026-08-31
CP-C-00048,CORPORATE,NY,,,,36376045.638955876,55193425.313647546,37807278.630344294,8164276.2559191175,212.0,Hospitality,8.0,BB,Ba2,2.424688131208941,0.9935165599899543,1.2983363992897115,2026-08-31
CP-C-00049,CORPORATE,TX,,,,20465716.84752779,27527613.03380923,12745446.13217965,3644148.124591557,92.0,Construction,7.0,BB+,Ba1,0.8622177125313473,1.7103072418597942,0.9400138643119234,2026-08-31
CP-C-00050,CORPORATE,GA,,,,34728551.05792998,41256963.93882621,31821201.90220873,7023290.899237521,148.0,Transportation,4.0,BBB+,Baa1,3.372404028283015,0.9962951582001434,1.6961991264425127,2026-08-31
CP-C-00051,CORPORATE,NC,,,,6320007.504658356,8886239.035949107,6452524.5949927475,460794.3136043499,29.0,Healthcare,5.0,BBB,Baa2,2.651307189703466,4.023797157985691,2.424881388847039,2026-08-31
CP-C-00052,CORPORATE,NC,,,,29370330.15722895,49121983.114358455,34733880.647056915,5621214.041530167,87.0,Retail,5.0,BBB,Baa2,2.538389071041889,5.149639415468135,2.2707822692264363,2026-08-31
CP-C-00053,CORPORATE,NC,,,,71487513.08755049,116865785.04421885,65128248.9017254,13735020.495682811,352.0,Manufacturing,4.0,BBB+,Baa1,1.2588200706417825,1.3666883781265193,1.0048464855434793,2026-08-31
CP-C-00054,CORPORATE,TX,,,,83717437.00247166,78040065.8445223,46395055.416896105,5245787.6684256345,377.0,Technology,6.0,BBB-,Baa3,1.6846277918043062,4.451364798111698,2.004768604305083,2026-08-31
CP-C-00055,CORPORATE,CA,,,,35704735.283765376,26215540.47706044,15625918.86951118,6724660.604938559,133.0,Transportation,7.0,BB+,Ba1,1.4755880284118537,3.09719772948335,1.3304224220416525,2026-08-31
CP-C-00056,CORPORATE,TX,,,,253309571.62369192,255363115.74535006,155039673.06915838,58186644.887063555,822.0,Manufacturing,5.0,BBB,Baa2,1.5453982532235382,2.0548263336790167,2.23316510732945,2026-08-31
CP-C-00057,CORPORATE,NC,,,,43531856.78977294,58174323.924652256,42457202.673728086,10086112.008834684,186.0,Retail,4.0,BBB+,Baa1,2.7013345507677884,3.3519486814528476,1.3759324612616581,2026-08-31
CP-C-00058,CORPORATE,VA,,,,47386492.890348226,66849938.64023458,36712601.12128017,6804950.976895129,155.0,Real Estate,6.0,BBB-,Baa3,1.4060306321840672,1.823403110069911,1.914457172307572,2026-08-31
CP-C-00059,CORPORATE,NY,,,,74695625.74419232,100299869.1442952,66333834.05265149,10442693.219503073,220.0,Transportation,5.0,BBB,Baa2,1.9529460495956115,3.7022954031379554,1.7679274113737682,2026-08-31
CP-C-00060,CORPORATE,TX,,,,19857184.90382766,19382008.693230767,10876076.157546943,4755961.933554812,91.0,Hospitality,6.0,BBB-,Baa3,1.2786459464520754,1.5389743772151727,2.182331203593733,2026-08-31
CP-C-00061,CORPORATE,FL,,,,62480671.37854591,47420746.25341987,27734184.13405569,11341075.603249192,363.0,Construction,3.0,A,A2,1.40878757631205,3.336466179771121,1.4313545184169292,2026-08-31
CP-C-00062,CORPORATE,NC,,,,102832867.74009293,174272182.78723535,73041221.12248898,19486358.531598363,308.0,Construction,3.0,A,A2,0.7215304480104088,1.9775333422136827,1.586118175407259,2026-08-31
CP-C-00063,CORPORATE,CA,,,,70923131.48617153,117095989.7516692,75320582.35182917,16002297.139352236,338.0,Technology,5.0,BBB,Baa2,1.8029885772488625,2.2798532008402357,1.7576536753974619,2026-08-31
CP-C-00064,CORPORATE,TX,,,,75513853.50729303,54301098.02694196,20517245.22158284,9971037.878624521,401.0,Healthcare,7.0,BB+,Ba1,0.6073092178026598,1.4961850019695881,1.5374676758342676,2026-08-31
CP-C-00065,CORPORATE,GA,,,,119669626.11436132,145490752.11921418,60533610.60176952,19821562.120452657,441.0,Real Estate,7.0,BB+,Ba1,0.8359786263388835,1.5146801473483296,1.59379426532856,2026-08-31
CP-C-00066,CORPORATE,TX,,,,22976855.577005114,29601241.283614628,15967595.370317997,4765867.4527207725,91.0,Healthcare,6.0,BBB-,Baa3,1.1711904117111558,1.9853215081107267,2.4597608220735534,2026-08-31
CP-C-00067,CORPORATE,CA,,,,34903579.12300359,54224853.71407773,25428272.467109263,7581490.822041125,172.0,Hospitality,4.0,BBB+,Baa1,0.8830309490223323,3.179897319026187,0.8130749091217326,2026-08-31
CP-C-00068,CORPORATE,NC,,,,33018640.253072105,52917261.44340407,30818235.41354368,8115343.591198847,113.0,Manufacturing,4.0,BBB+,Baa1,1.394551749561353,3.463558898331289,1.7701610188875398,2026-08-31
CP-C-00069,CORPORATE,FL,,,,41472300.846282445,32992441.94547134,12210613.708603226,10240109.633571973,260.0,Retail,3.0,A,A2,0.5875620551487823,6.735078130941941,1.5970742879492965,2026-08-31
CP-C-00070,CORPORATE,VA,,,,180979164.52361998,253205823.38456357,147921212.28896984,16405833.090402216,973.0,Transportation,4.0,BBB+,Baa1,1.4049651772438425,1.01072511718037,0.5946511555485496,2026-08-31
CP-C-00071,CORPORATE,NY,,,,47440291.86333973,78110163.25471029,52681118.35495053,4484437.1293906495,175.0,Retail,5.0,BBB,Baa2,2.071690799344503,3.4148580057405433,1.3129046650125038,2026-08-31
CP-C-00072,CORPORATE,NY,,,,28129846.5558366,45060770.42728246,23889041.127978213,2893341.8048047284,104.0,Retail,4.0,BBB+,Baa1,1.1283462389991576,2.312069757740986,1.3884001194390485,2026-08-31
CP-C-00073,CORPORATE,CA,,,,58610559.93734979,44909959.85004447,33152061.540638633,8528878.817587646,178.0,Manufacturing,5.0,BBB,Baa2,2.8195567497057143,1.9677077648026926,2.702679839384299,2026-08-31
CP-C-00074,CORPORATE,FL,,,,46297016.125406764,75075558.06456378,48499199.339180216,7378533.432350534,307.0,Hospitality,5.0,BBB,Baa2,1.8249000865892795,2.1058842247982517,1.474249092655982,2026-08-31
CP-C-00075,CORPORATE,GA,,,,34356069.92967474,35309449.9509981,22091307.71610065,4745734.917360814,132.0,Technology,3.0,A,A2,1.671286881584388,1.4915559569257566,1.5471826424102104,2026-08-31
CP-C-00076,CORPORATE,NY,,,,162414135.2673248,239124086.9092729,143066325.56361386,21855835.315700654,630.0,Hospitality,5.0,BBB,Baa2,1.489378094590367,2.920245694690222,1.1343825388700821,2026-08-31
CP-C-00077,CORPORATE,VA,,,,38446818.05400426,36665543.03363625,20930432.291206528,9105966.976671774,140.0,Retail,4.0,BBB+,Baa1,1.3301738153496194,2.924022129245731,1.00966972010372,2026-08-31
CP-C-00078,CORPORATE,GA,,,,279220917.52314395,331795731.8673993,197773718.64115247,50646403.230658926,1452.0,Transportation,1.0,AAA,Aaa,1.475680851826068,3.2893744823751985,2.5696464945004447,2026-08-31
CP-C-00079,CORPORATE,VA,,,,19619505.645217247,25800104.51881688,15470699.65312831,4674773.531255882,87.0,Hospitality,5.0,BBB,Baa2,1.4977338824734907,4.946681335489487,2.0368124386883077,2026-08-31
CP-C-00080,CORPORATE,NY,,,,103503303.33812779,111007005.01209705,87357192.06823838,11416500.30805035,334.0,Transportation,5.0,BBB,Baa2,3.6937794085565137,1.942824732976415,2.260974093240179,2026-08-31
CP-C-00081,CORPORATE,CA,,,,42136861.44125708,38949656.566687025,18052752.686757848,7082163.678633133,168.0,Real Estate,5.0,BBB,Baa2,0.8638960484522756,1.9492890830313438,2.398956456865495,2026-08-31
CP-C-00082,CORPORATE,VA,,,,67000722.062162325,69605647.98863345,37739888.957563765,16602557.578896249,426.0,Real Estate,5.0,BBB,Baa2,1.1843398715457143,1.6778219439934905,1.7591028517661615,2026-08-31
CP-C-00083,CORPORATE,NC,,,,65568621.948094256,66962948.879011564,45119571.45555081,5437893.962250983,201.0,Construction,6.0,BBB-,Baa3,2.065595012202206,2.07880303571755,2.0477739771611305,2026-08-31
CP-C-00084,CORPORATE,GA,,,,74755860.01437786,69573168.42646864,29927567.420481607,14691375.048602464,290.0,Technology,4.0,BBB+,Baa1,0.7548773801149372,2.4308336814742026,1.5702835670191508,2026-08-31
CP-C-00085,CORPORATE,TX,,,,55697311.5114774,78250024.38309816,43834226.66466825,7981276.650193356,184.0,Hospitality,5.0,BBB,Baa2,1.2736658619188335,0.8310550160822482,1.8028890294487419,2026-08-31
CP-C-00086,CORPORATE,VA,,,,32380704.75161097,53231080.128897585,26921868.859614085,2919058.5424748305,211.0,Manufacturing,7.0,BB+,Ba1,1.0232868094774803,1.8452993198550354,2.381467098746794,2026-08-31
CP-C-00087,CORPORATE,CA,,,,118284997.62268978,88772793.3661259,62245658.04135631,12351165.39437412,554.0,Transportation,5.0,BBB,Baa2,2.3464900102965407,1.087055778209223,1.8997245360988142,2026-08-31
CP-C-00088,CORPORATE,TX,,,,24294724.504091017,25141941.019014675,16658090.832128862,2771210.917105246,88.0,Transportation,5.0,BBB,Baa2,2.3038482128437465,7.701831201561335,2.05071591920293,2026-08-31
CP-C-00089,CORPORATE,NC,,,,210651130.49588796,180001965.88743865,107344136.60873102,49288703.410936676,863.0,Technology,5.0,BBB,Baa2,1.4773925628437152,3.2823248037247845,2.021960123808501,2026-08-31
CP-C-00090,CORPORATE,FL,,,,40922158.3226697,53949981.26299015,36712588.666023925,6633607.214767114,133.0,Manufacturing,9.0,BB-,Ba3,2.1827109469216963,1.9359220356086493,1.3790621766337225,2026-08-31
CP-C-00091,CORPORATE,GA,,,,7108267.874655917,5543997.2993214885,3179137.216307669,1661283.263072908,34.0,Real Estate,6.0,BBB-,Baa3,1.3443235983145858,1.5650268186648397,1.3551247134748239,2026-08-31
CP-C-00092,CORPORATE,VA,,,,20650113.007578917,31809778.522285707,20961381.747021195,5047364.809538121,87.0,Construction,6.0,BBB-,Baa3,1.9322100934596478,1.5236751478452057,1.7560003513265383,2026-08-31
CP-C-00093,CORPORATE,NY,,,,83234309.68601158,104748147.362536,78628366.99147533,15155700.59766806,427.0,Healthcare,6.0,BBB-,Baa3,3.0102996990966795,1.919775640521269,1.8914779114209161,2026-08-31
CP-C-00094,CORPORATE,GA,,,,20210016.738362577,32281617.811491944,20682509.978138853,3759343.7161963824,67.0,Technology,6.0,BBB-,Baa3,1.7831121389066278,1.48195392894653,1.6272324858653602,2026-08-31
CP-C-00095,CORPORATE,TX,,,,35697300.08753728,25647277.400662716,19039487.63689556,7304959.982049345,138.0,Real Estate,6.0,BBB-,Baa3,2.8813700673855855,1.6088654650447265,1.1914781673653045,2026-08-31
CP-C-00096,CORPORATE,NC,,,,135787150.3811954,121896255.33265851,67144840.44762722,20633105.869768377,509.0,Retail,5.0,BBB,Baa2,1.226358087523766,1.013061010809677,2.2971249359388017,2026-08-31
CP-C-00097,CORPORATE,NC,,,,5956572.468357465,5318220.770310747,3546107.6289741527,1482256.6758935081,20.0,Construction,5.0,BBB,Baa2,2.2677257517918856,6.558413254355326,1.2463544437870047,2026-08-31
CP-C-00098,CORPORATE,TX,,,,311437527.77456117,408550560.1961397,230464104.69838622,28491870.343457967,1666.0,Manufacturing,6.0,BBB-,Baa3,1.2941136037226224,0.6333516508955761,1.6608713166086488,2026-08-31
CP-C-00099,CORPORATE,VA,,,,37395624.310645126,31845415.38208892,20040613.495863657,3598607.0366922067,163.0,Hospitality,5.0,BBB,Baa2,1.6976662284564528,2.7433720168194657,2.1020067155944107,2026-08-31
CP-C-00100,CORPORATE,NY,,,,41757606.85000934,68490540.62599458,38131203.58842976,5910310.281990846,169.0,Transportation,4.0,BBB+,Baa1,1.25599592445805,15.0,1.4341318397967167,2026-08-31
CP-C-00101,CORPORATE,FL,,,,6898744.001148866,9732990.454379508,5628257.34385888,858256.2091568472,33.0,Real Estate,5.0,BBB,Baa2,1.3711627997039282,3.224187434740804,1.902011503270812,2026-08-31
CP-C-00102,CORPORATE,GA,,,,26608596.926211566,41159855.28704659,20114687.35447546,4743999.688842426,110.0,Hospitality,4.0,BBB+,Baa1,0.9557864978280557,4.4157379449628955,1.2941612399902076,2026-08-31
CP-C-00103,CORPORATE,NY,,,,9009987.929448407,12763936.199618291,5201915.346604762,1636847.960399223,46.0,Construction,1.0,AAA,Aaa,0.6879001589279873,2.6183377941688555,1.7751935354061725,2026-08-31
CP-C-00104,CORPORATE,NC,,,,24258821.04917881,19871867.70196408,15361197.854895027,5649652.324098533,116.0,Healthcare,8.0,BB,Ba2,3.5458807106719523,0.9326222069162098,0.4,2026-08-31
CP-C-00105,CORPORATE,NY,,,,54510923.17481099,75388648.60632238,38432580.99230933,4640404.786126116,325.0,Healthcare,5.0,BBB,Baa2,1.0399532058907808,1.5150114087039146,1.6100855346253131,2026-08-31
CP-C-00106,CORPORATE,TX,,,,34510874.86003062,53403112.54155016,22144401.498436075,7034424.274617236,178.0,Real Estate,4.0,BBB+,Baa1,0.7084233725406351,1.7845770118349316,0.7674769642217643,2026-08-31
CP-C-00107,CORPORATE,FL,,,,297223748.5961988,472139224.74201524,217031957.71418616,63789447.98694575,1012.0,Construction,5.0,BBB,Baa2,0.8507478451819667,1.1521266805347339,0.9529695071559849,2026-08-31
CP-C-00108,CORPORATE,FL,,,,13453508.17921532,20618564.70699183,13551014.43205088,3355310.323325394,41.0,Manufacturing,4.0,BBB+,Baa1,1.9173566377161853,3.4883890899712138,1.3423237849326084,2026-08-31
CP-C-00109,CORPORATE,TX,,,,51554201.12276524,41161134.8422453,28093468.96057146,12567796.474010158,245.0,Hospitality,6.0,BBB-,Baa3,2.1498459797606144,2.244511657445409,1.0921400025974375,2026-08-31
CP-C-00110,CORPORATE,NY,,,,81959070.06356038,58754960.96192457,32387714.571290754,15790368.133051042,289.0,Hospitality,7.0,BB+,Ba1,1.2283313202851371,0.7204915785882808,2.287578850121469,2026-08-31
CP-C-00111,CORPORATE,NC,,,,39228183.83499599,62163405.4229081,45063167.471101075,7319264.3146067625,260.0,Hospitality,6.0,BBB-,Baa3,2.6352362813956707,4.073065626834933,1.8309749979515062,2026-08-31
CP-C-00112,CORPORATE,VA,,,,119949872.40521696,95602009.65764609,49293889.37282236,12428824.471888158,376.0,Manufacturing,6.0,BBB-,Baa3,1.2470668207065354,1.2626248368590278,1.7636808701796416,2026-08-31
CP-C-00113,CORPORATE,NY,,,,33926196.70633132,38019730.95831201,27036952.405206524,6546299.009433782,153.0,Hospitality,7.0,BB+,Ba1,2.461758859515706,1.670950295894343,1.1068005163132162,2026-08-31
CP-C-00114,CORPORATE,GA,,,,50598825.89040849,45180663.79378634,36154332.08699811,12009168.398858702,182.0,Retail,4.0,BBB+,Baa1,4.005429144578007,4.866790673902956,0.5198511563210046,2026-08-31
CP-C-00115,CORPORATE,NY,,,,232454505.38286847,291743877.9095442,175389881.56699997,51684079.00125287,856.0,Hospitality,7.0,BB+,Ba1,1.5073816721400357,1.2261249732111237,1.6493890397725302,2026-08-31
CP-C-00116,CORPORATE,NC,,,,9238934.371970832,7423452.599961641,5438273.667221397,2106896.370779202,42.0,Healthcare,5.0,BBB,Baa2,2.73943752753545,2.96933554684903,2.6555761519652057,2026-08-31
CP-C-00117,CORPORATE,NC,,,,49934261.84670401,56764211.189922765,19595961.706583306,9655217.369754847,170.0,Construction,4.0,BBB+,Baa1,0.5272231536049911,5.77261811130989,1.7804198467725076,2026-08-31
CP-C-00118,CORPORATE,VA,,,,90792459.44926026,77588730.77532402,47305718.40818083,5960945.700523844,349.0,Real Estate,5.0,BBB,Baa2,1.562120631681515,3.22470310458884,1.0290439529360296,2026-08-31
CP-C-00119,CORPORATE,CA,,,,30870284.40071872,51247667.1983695,33387036.21971338,2884891.292204644,108.0,Hospitality,5.0,BBB,Baa2,1.86930888721746,5.835224708268617,2.113815508651665,2026-08-31
CP-C-00120,CORPORATE,GA,,,,87911734.74165882,125169619.48835719,75945000.81678127,6342727.540375391,331.0,Construction,2.0,AA,Aa2,1.5428255792793915,1.632343355381482,2.758001677624865,2026-08-31
CP-C-00121,CORPORATE,GA,,,,26977359.380874224,30544893.445572257,21662995.722382184,3344157.9870690773,143.0,Transportation,6.0,BBB-,Baa3,2.9128457977490405,1.974868330445139,1.390395941428441,2026-08-31
CP-C-00122,CORPORATE,VA,,,,112576956.20322439,85540748.01051104,46315660.86554399,16269807.993918344,631.0,Retail,6.0,BBB-,Baa3,1.1807662961811092,6.194960642968991,1.9855821832228273,2026-08-31
CP-C-00123,CORPORATE,NC,,,,21115570.947481938,22337944.700530756,14724232.488347918,1477532.236960661,75.0,Construction,9.0,BB-,Ba3,1.9863559833382471,4.579440849705325,2.202835631051544,2026-08-31
CP-C-00124,CORPORATE,NY,,,,12691057.126414947,12009311.206093747,5804969.097157116,1814729.0915083764,37.0,Technology,6.0,BBB-,Baa3,0.9356300789403176,2.000779973487645,2.1275656283724502,2026-08-31
CP-C-00125,CORPORATE,TX,,,,45014203.378384575,47951146.559213996,27556376.536889493,8910338.731244743,239.0,Technology,7.0,BB+,Ba1,1.5879906987054875,2.4640554516064976,1.9683354418191727,2026-08-31
CP-C-00126,CORPORATE,TX,,,,51758310.81950851,51369358.96484422,31899195.586113323,5092413.001989702,184.0,Manufacturing,6.0,BBB-,Baa3,1.6383630155338003,0.8953412965205675,1.6391285905624164,2026-08-31
CP-C-00127,CORPORATE,TX,,,,24977003.950627767,30101878.240126114,21926299.32424726,4824308.127978102,91.0,Transportation,7.0,BB+,Ba1,3.169104929579697,0.6329303724290128,0.9335052550471208,2026-08-31
CP-C-00128,CORPORATE,NC,,,,20864254.881905384,33106159.779794626,16112868.39961217,2097100.5899699107,118.0,Manufacturing,6.0,BBB-,Baa3,0.9481899673893055,2.0672325402709277,2.3856060550905696,2026-08-31
CP-C-00129,CORPORATE,NC,,,,127972487.08484931,131148993.69344893,83770128.60732292,12338242.367256345,577.0,Hospitality,6.0,BBB-,Baa3,1.7680906550852225,4.057700583710767,1.9395768551503731,2026-08-31
CP-C-00130,CORPORATE,GA,,,,153316620.28432572,115933136.21266174,63337971.34088881,27943038.024154477,551.0,Healthcare,4.0,BBB+,Baa1,1.2042546400473664,1.5772809357278645,0.9918609902790753,2026-08-31
CP-C-00131,CORPORATE,FL,,,,204409821.67667028,204444139.53443667,127256298.37133062,48170127.03239237,636.0,Construction,4.0,BBB+,Baa1,1.6486573073396962,4.504858631336608,1.8866295954509118,2026-08-31
CP-C-00132,CORPORATE,TX,,,,219421534.80964884,282871819.85020006,170069713.1562184,16978581.05394081,815.0,Construction,4.0,BBB+,Baa1,1.5076820649954419,1.4924880096551305,1.5120508707532103,2026-08-31
CP-C-00133,CORPORATE,NC,,,,109710771.22151555,158442426.7412123,98919565.27506289,8732235.697280446,374.0,Manufacturing,7.0,BB+,Ba1,1.66187516591954,4.38868646959442,1.6770275299088426,2026-08-31
CP-C-00134,CORPORATE,TX,,,,77668858.66449921,54703476.381990254,35016808.05927184,12278395.901422936,384.0,Retail,6.0,BBB-,Baa3,1.77870666002243,3.6027154987319885,1.8236331323660264,2026-08-31
CP-C-00135,CORPORATE,FL,,,,39322611.66555982,29571371.434203207,16130736.452809019,3665334.186100328,141.0,Healthcare,5.0,BBB,Baa2,1.2001469034118346,4.251924721791115,1.3126498485896503,2026-08-31
CP-C-00136,CORPORATE,FL,,,,21513226.230335347,23390324.167921215,12608199.19038179,4358389.596047928,65.0,Healthcare,8.0,BB,Ba2,1.1693612545436372,1.6608280745206954,1.566483064819679,2026-08-31
CP-C-00137,CORPORATE,TX,,,,57822277.22474397,77515091.70691341,51657887.47163041,6968444.552940555,286.0,Manufacturing,6.0,BBB-,Baa3,1.9978141102022742,3.223655297498757,1.359174018685935,2026-08-31
CP-C-00138,CORPORATE,VA,,,,29908632.88202825,49089419.42680651,24807589.24434647,3525690.2206575023,99.0,Technology,3.0,A,A2,1.0216523654903993,1.4875540133196337,1.0165000214754638,2026-08-31
CP-C-00139,CORPORATE,NY,,,,28297361.32715221,20366658.33049408,11710052.594347652,6623337.595284836,177.0,Construction,5.0,BBB,Baa2,1.3527302676441975,1.9301151212284329,1.3063018274155653,2026-08-31
CP-C-00140,CORPORATE,NY,,,,37939143.49968896,55371285.96874156,27010134.397362653,8252935.513913444,147.0,Hospitality,4.0,BBB+,Baa1,0.9523638110879937,1.5870629166564096,0.9275463842488333,2026-08-31
CP-C-00141,CORPORATE,TX,,,,37772764.59861863,50571708.60835019,25859013.47612814,7948693.293908136,122.0,Manufacturing,4.0,BBB+,Baa1,1.046385808499351,3.4626486389240045,1.3981979569512584,2026-08-31
CP-C-00142,CORPORATE,TX,,,,111975583.22210272,183161447.63258365,134464778.88191578,7687018.751930901,612.0,Construction,3.0,A,A2,2.761272635924846,2.5251066800933186,0.9695754828831472,2026-08-31
CP-C-00143,CORPORATE,VA,,,,14489098.662729183,22326097.599906486,13529279.557389596,3081737.795779418,53.0,Manufacturing,5.0,BBB,Baa2,1.5379742415950535,2.7427499157475235,2.1852020235602643,2026-08-31
CP-C-00144,CORPORATE,TX,,,,18977103.026373558,22478554.118990082,11635791.77575792,1895825.4450667317,120.0,Hospitality,4.0,BBB+,Baa1,1.0731390587953589,1.3104089323602008,2.0339499047797696,2026-08-31
CP-C-00145,CORPORATE,NY,,,,60968736.95385123,60288350.41165308,40047113.3186858,14787593.061391495,225.0,Hospitality,2.0,AA,Aa2,1.9784913903607197,3.085788578837487,0.8900327900452306,2026-08-31
CP-C-00146,CORPORATE,FL,,,,42880680.00783032,32980083.644882664,22879429.766820587,9216377.93292946,207.0,Transportation,8.0,BB,Ba2,2.2651434296261876,1.4958365939293428,1.531072738054028,2026-08-31
CP-C-00147,CORPORATE,VA,,,,50840917.13488053,42275012.474701114,27435920.75723219,10939562.7840877,274.0,Transportation,6.0,BBB-,Baa3,1.84889488383807,1.7142824480987517,1.666418551111982,2026-08-31
CP-C-00148,CORPORATE,NY,,,,32263530.584879983,32843466.816704277,17443326.507211663,5634394.977845414,121.0,Technology,6.0,BBB-,Baa3,1.1974247242508347,1.5907297496733608,1.7537831354059412,2026-08-31
CP-C-00149,CORPORATE,FL,,,,108695572.39950871,157493376.45113713,107366493.69380116,20963469.91475141,351.0,Technology,6.0,BBB-,Baa3,2.1418944843141747,4.482061673816093,1.1914753024831268,2026-08-31
CP-C-00150,CORPORATE,NY,,,,29069192.27653346,30283763.120628063,14271442.086560125,4105587.46939078,142.0,Construction,6.0,BBB-,Baa3,0.8912787881404634,2.120901663262961,2.1432128210018346,2026-08-31
CP-C-00151,CORPORATE,TX,,,,120723094.2707977,93261260.7497584,52195267.26200243,18616513.34248925,382.0,Real Estate,3.0,A,A2,1.2710094856846632,1.0882168267013685,0.7247248492592756,2026-08-31
CP-C-00152,CORPORATE,TX,,,,10261841.077176398,12329613.621159704,7248218.168287768,1528040.290100297,41.0,Manufacturing,6.0,BBB-,Baa3,1.4264227682163912,2.864735533778474,2.136414897174941,2026-08-31
CP-C-00153,CORPORATE,GA,,,,41928601.20995374,41098680.15993338,28659771.87446955,3919065.4957381827,181.0,Transportation,6.0,BBB-,Baa3,2.6717820012934035,2.0266220125191574,0.4,2026-08-31
CP-C-00154,CORPORATE,CA,,,,11596407.695135692,17940980.6348492,12658431.290769331,883448.8510460053,47.0,Transportation,5.0,BBB,Baa2,2.3962731753666606,2.951950383838811,1.852229335392832,2026-08-31
CP-C-00155,CORPORATE,NY,,,,51523963.48554909,86646134.30373228,44703839.9097949,9846327.810587939,184.0,Hospitality,6.0,BBB-,Baa3,1.2541589225348566,2.1503641031779512,2.2195677563335883,2026-08-31
CP-C-00156,CORPORATE,FL,,,,40394193.40718104,34048928.26769294,17571373.29203153,5107071.844648631,237.0,Technology,2.0,AA,Aa2,1.0663823193420243,3.0690831752156695,1.7196178267642477,2026-08-31
CP-C-00157,CORPORATE,NY,,,,10823899.002744528,8731010.491626507,5442338.142178414,1312349.4509240806,42.0,Manufacturing,6.0,BBB-,Baa3,1.6548739320570354,5.379939809987317,1.247481677163986,2026-08-31
CP-C-00158,CORPORATE,CA,,,,526366910.90602297,777527458.8252792,451125477.2512415,42942691.73847598,2488.0,Hospitality,8.0,BB,Ba2,1.494808469034875,3.3814128675727946,1.576527633053851,2026-08-31
CP-C-00159,CORPORATE,TX,,,,32998957.3264707,51622537.633026235,31832012.380151518,7507202.354498589,104.0,Healthcare,6.0,BBB-,Baa3,1.6084470711825942,5.013482826452982,0.706665841965962,2026-08-31
CP-C-00160,CORPORATE,FL,,,,34082426.76798027,28325946.91087631,19308536.39062148,6261487.54986235,215.0,Construction,6.0,BBB-,Baa3,2.1412506780356515,2.2223821403707604,2.0401259793113806,2026-08-31
CP-C-00161,CORPORATE,FL,,,,21243593.532293703,21990289.72084959,10721140.722172476,2485369.129295644,118.0,Retail,4.0,BBB+,Baa1,1.0666693265752123,2.954362190977164,0.6742659424449822,2026-08-31
CP-C-00162,CORPORATE,NY,,,,12762164.199006932,17052377.45895265,10099154.710795023,1397999.9579722325,42.0,Construction,6.0,BBB-,Baa3,1.4524422813106281,1.040841147382314,1.2165283791283261,2026-08-31
CP-C-00163,CORPORATE,CA,,,,162694250.66814354,232644470.4751193,134230998.8859032,23781765.69982801,854.0,Retail,7.0,BB+,Ba1,1.5711478445337312,3.6923841265078656,1.293624997516545,2026-08-31
CP-C-00164,CORPORATE,NY,,,,57794490.82535855,60180125.411504336,37563236.893405065,5852721.232972542,333.0,Technology,5.0,BBB,Baa2,1.6608490095065427,4.259756641152458,1.261071207029886,2026-08-31
CP-C-00165,CORPORATE,VA,,,,189478743.97422838,312900295.32871693,215649891.0749054,16442853.961067086,1193.0,Transportation,7.0,BB+,Ba1,2.592180322066573,1.132880969056909,1.6582538766680393,2026-08-31
CP-C-00166,CORPORATE,TX,,,,73763233.27666819,54409929.13563437,37822817.60880639,11179978.40513632,293.0,Construction,6.0,BBB-,Baa3,2.2802534092588567,1.6973535179183599,2.3741963548584266,2026-08-31
CP-C-00167,CORPORATE,FL,,,,24606401.52806945,19370809.893572226,10749369.66409298,1521159.3402334861,74.0,Construction,6.0,BBB-,Baa3,1.2468183247780016,4.141119450486362,2.1925117394324865,2026-08-31
CP-C-00168,CORPORATE,FL,,,,39721083.42660132,41278223.444810465,29185251.81434316,8078329.02223797,208.0,Real Estate,4.0,BBB+,Baa1,2.413406125985872,2.6567219087326475,1.6601287687036177,2026-08-31
CP-C-00169,CORPORATE,NC,,,,13987355.435810562,15571173.4512803,8560169.038923765,3406683.2009277893,65.0,Retail,7.0,BB+,Ba1,1.4112773880321627,2.519285130350868,0.80853545339805,2026-08-31
CP-C-00170,CORPORATE,VA,,,,58937366.68360501,62899122.361672096,38520687.92835658,5812156.8384895185,191.0,Manufacturing,4.0,BBB+,Baa1,1.5801132773199857,11.103129713296205,1.7580540080447544,2026-08-31
CP-C-00171,CORPORATE,TX,,,,31280276.26217179,31588129.873017844,16446646.413424354,7030943.68645957,97.0,Construction,5.0,BBB,Baa2,1.0861978258150078,1.154249353010532,1.5997158706695351,2026-08-31
CP-C-00172,CORPORATE,CA,,,,28037656.83848098,28599226.010801267,11334884.55374236,3812071.97691546,82.0,Retail,4.0,BBB+,Baa1,0.6565489093189734,2.932916486991172,1.7025531388514452,2026-08-31
CP-C-00173,CORPORATE,NC,,,,28304474.473952536,30280524.105188344,12749718.581374623,5699065.8258307595,117.0,Real Estate,5.0,BBB,Baa2,0.7949297229225496,3.591189307878959,0.9839963808789309,2026-08-31
CP-C-00174,CORPORATE,CA,,,,21671598.19616106,34273568.88679122,22293134.839673996,3661587.1300690123,90.0,Manufacturing,6.0,BBB-,Baa3,1.860795255998112,1.1808239793196027,1.5929274105110274,2026-08-31
CP-C-00175,CORPORATE,GA,,,,31713162.86776913,47592444.98412866,25572510.093241166,2091413.4007667168,96.0,Manufacturing,6.0,BBB-,Baa3,1.2848655296927889,1.1578394236096485,0.8225660825472321,2026-08-31
CP-C-00176,CORPORATE,FL,,,,14149460.426106442,10179442.050507484,6784623.689465134,2663359.6462745005,44.0,Retail,6.0,BBB-,Baa3,1.9985233281765253,3.1023060666379045,1.1710552011794055,2026-08-31
CP-C-00177,CORPORATE,NY,,,,18884209.098911833,20136622.538143877,16141256.3453932,3850248.5131357037,63.0,Manufacturing,7.0,BB+,Ba1,4.039994224980034,2.1003252314295544,1.5995943362308418,2026-08-31
CP-C-00178,CORPORATE,TX,,,,67713734.7726515,111022410.49475458,70546390.12425737,9248500.721970944,306.0,Real Estate,2.0,AA,Aa2,1.742918139641967,2.8171956538281497,2.138806861418301,2026-08-31
CP-C-00179,CORPORATE,FL,,,,26279452.754427515,31913775.905842237,18479424.20380247,5315055.461716644,99.0,Healthcare,5.0,BBB,Baa2,1.3755352408257036,2.700056696645289,2.7592587100193553,2026-08-31
CP-C-00180,CORPORATE,GA,,,,39951835.06835883,52094852.58183136,20336469.327451084,3842871.8328229925,128.0,Manufacturing,4.0,BBB+,Baa1,0.6403496413705559,4.494083912462539,2.0769574439786225,2026-08-31
CP-C-00181,CORPORATE,VA,,,,56317088.87974294,74720665.84306149,52731403.23218764,12083389.630869618,179.0,Retail,6.0,BBB-,Baa3,2.3980523660721382,1.3435127174318142,2.5412100461677403,2026-08-31
CP-C-00182,CORPORATE,NY,,,,114625258.22916405,158924887.93083692,102285613.13762204,23578631.89879807,604.0,Construction,3.0,A,A2,2.1261361099201586,1.859001174280351,1.633349872256702,2026-08-31
CP-C-00183,CORPORATE,VA,,,,17695539.753317855,26245157.287495915,16941056.143166173,3186388.2862484753,104.0,Technology,6.0,BBB-,Baa3,1.9213817817325796,1.606948189922573,0.7052591482535089,2026-08-31
CP-C-00184,CORPORATE,CA,,,,21828722.558955517,19350092.985529557,10251794.101602085,2007776.3973097717,85.0,Healthcare,7.0,BB+,Ba1,1.1267814162175205,1.020267435408457,0.5831520467274676,2026-08-31
CP-C-00185,CORPORATE,CA,,,,20102793.206127703,28412527.389469065,18268136.93460111,3837424.056372612,76.0,Transportation,8.0,BB,Ba2,1.8008116915329138,3.575610283803144,1.7524061057677474,2026-08-31
CP-C-00186,CORPORATE,FL,,,,21598365.531812787,24785313.690726995,10625029.145546464,4176487.436753737,64.0,Construction,7.0,BB+,Ba1,0.7503400875629089,2.1235216105373333,2.130842111890422,2026-08-31
CP-C-00187,CORPORATE,VA,,,,127612128.57868756,213242294.0779544,112329787.74396507,12221538.376352977,475.0,Manufacturing,6.0,BBB-,Baa3,1.1131404007763723,1.5476547122912678,1.5127138254728298,2026-08-31
CP-C-00188,CORPORATE,TX,,,,149655140.98090824,108744550.76107143,74450386.34310934,10432345.962543022,674.0,Technology,7.0,BB+,Ba1,2.1709345483896616,1.678920977748205,1.428654331213071,2026-08-31
CP-C-00189,CORPORATE,NY,,,,79181137.29054563,74151703.73086515,43960985.5759934,9851780.216625184,293.0,Retail,4.0,BBB+,Baa1,1.6438075250660722,3.465941661726777,1.8918973081778174,2026-08-31
CP-C-00190,CORPORATE,GA,,,,22818331.276353203,30413985.968210995,16884497.063516907,2320618.6864467408,134.0,Real Estate,6.0,BBB-,Baa3,1.2479774500320404,2.932494223687402,1.4218717076610687,2026-08-31
CP-C-00191,CORPORATE,TX,,,,20358426.50901399,24187710.917932272,17593462.63059882,4901122.765996662,73.0,Hospitality,5.0,BBB,Baa2,2.6680012435068896,3.5321499538030636,1.4051157163081023,2026-08-31
CP-C-00192,CORPORATE,NY,,,,74877723.5854391,113007540.01503459,74764775.8542612,8017029.544325464,418.0,Real Estate,4.0,BBB+,Baa1,1.9550044954896186,1.6741554948152804,1.6068606558917227,2026-08-31
CP-C-00193,CORPORATE,NY,,,,30788230.68602518,43040310.94993162,26212041.888508618,6631475.270267564,90.0,Real Estate,6.0,BBB-,Baa3,1.5576196097670496,1.528722376319524,1.8397241558164958,2026-08-31
CP-C-00194,CORPORATE,GA,,,,495821805.48457026,394724061.0517269,267091403.55753812,52249264.9169123,1825.0,Manufacturing,5.0,BBB,Baa2,2.0926572305344275,2.057956482003517,1.5205848022930055,2026-08-31
CP-C-00195,CORPORATE,FL,,,,59966001.77043615,77944949.14655328,49242739.370303795,8169312.365048787,287.0,Transportation,5.0,BBB,Baa2,1.7156427938538443,3.268903361670848,1.2506152657031853,2026-08-31
CP-C-00196,CORPORATE,CA,,,,22157122.669761434,25401100.32317582,18800694.065993607,3000488.2392041935,96.0,Construction,5.0,BBB,Baa2,2.848414678344334,3.5699069739603666,2.00299829266456,2026-08-31
CP-C-00197,CORPORATE,FL,,,,17358681.160874564,25811031.47459491,12118304.334779058,2928259.379027799,56.0,Retail,3.0,A,A2,0.8850175871497012,4.15489278590058,0.8011631558486094,2026-08-31
CP-C-00198,CORPORATE,FL,,,,18539687.95144258,22702056.188732192,14188207.308649907,3768238.883122894,94.0,Transportation,4.0,BBB+,Baa1,1.66648568802325,7.192052115873691,1.1825090211384288,2026-08-31
CP-C-00199,CORPORATE,TX,,,,70928474.28492504,84571475.27519535,61069527.09160553,9931814.80657507,297.0,Healthcare,5.0,BBB,Baa2,2.5984878621359226,1.1590232469401938,2.2921723685256623,2026-08-31
CP-C-00200,CORPORATE,CA,,,,143723166.79146877,191777065.54814482,100883811.13650364,20060994.578667063,465.0,Real Estate,5.0,BBB,Baa2,1.10991527137555,1.0992551835692341,1.517421125810865,2026-08-31
CP-C-00201,CORPORATE,CA,,,,32215780.2845766,51603102.56600778,33385948.959959812,3967765.5318426345,109.0,Transportation,6.0,BBB-,Baa3,2.000262310752157,1.9788884184724318,1.9622025294601184,2026-08-31
CP-C-00202,CORPORATE,FL,,,,62846353.522504486,101832984.16847341,58355318.28015523,10654223.60386194,199.0,Manufacturing,5.0,BBB,Baa2,1.3421906877442207,2.5203833713167394,2.029734593401136,2026-08-31
CP-C-00203,CORPORATE,TX,,,,7832839.086142166,7271268.1588436775,3752437.0315953153,1302046.1064697243,43.0,Healthcare,4.0,BBB+,Baa1,1.0663873587277337,1.4255258540220137,0.9264743958930629,2026-08-31
CP-C-00204,CORPORATE,NY,,,,23043181.036317296,35931188.77876028,28032137.119983364,4632286.258816789,73.0,Healthcare,6.0,BBB-,Baa3,3.54879779635773,3.8376822513571502,1.1099477247579115,2026-08-31
CP-C-00205,CORPORATE,GA,,,,17958308.42074457,13111680.360630305,8442356.541021384,2575214.4589029187,57.0,Healthcare,8.0,BB,Ba2,2.168008637054923,3.0796044266324563,3.1942291459736545,2026-08-31
CP-C-00206,CORPORATE,NC,,,,50844972.06691242,59533629.53054157,50593138.77359535,6770934.606545177,168.0,Hospitality,6.0,BBB-,Baa3,5.658877140976578,6.761499289718479,1.3323304914520113,2026-08-31
CP-C-00207,CORPORATE,NC,,,,147685049.28245673,171020808.73008132,100580822.67870234,20533289.41532399,504.0,Healthcare,4.0,BBB+,Baa1,1.4278938471870024,4.066710215295512,2.3243760234754456,2026-08-31
CP-C-00208,CORPORATE,GA,,,,26900898.328490246,37597703.84953405,30579167.908589784,5990468.750862454,82.0,Technology,5.0,BBB,Baa2,4.356915482928438,2.9772305411520574,1.4979426362996349,2026-08-31
CP-C-00209,CORPORATE,TX,,,,44135860.01510704,55698997.11156661,37123874.13544631,6335570.567125366,219.0,Hospitality,7.0,BB+,Ba1,2.2480691649153535,2.755990441365309,2.1011349858301083,2026-08-31
CP-C-00210,CORPORATE,GA,,,,305699356.5986323,287040475.73383087,200273564.84033138,65717652.26026872,1897.0,Retail,4.0,BBB+,Baa1,2.3081790371234217,3.7876950863701233,1.5699742812794204,2026-08-31
CP-C-00211,CORPORATE,NC,,,,47874225.277526475,64857807.50916944,41704863.01927677,4507354.207792333,147.0,Transportation,6.0,BBB-,Baa3,1.8012768543319775,2.0871486891686266,1.4198956116112713,2026-08-31
CP-C-00212,CORPORATE,NC,,,,17155658.35360314,16725394.483862856,9864214.377959134,1124735.722590567,102.0,Real Estate,5.0,BBB,Baa2,1.437684804319805,1.4149679760179334,1.7534791050329739,2026-08-31
CP-C-00213,CORPORATE,FL,,,,60204657.78914913,96083168.00050087,71771899.02694808,13851967.331669338,242.0,Hospitality,4.0,BBB+,Baa1,2.95220702403588,2.9389918783750786,1.511554520858879,2026-08-31
CP-C-00214,CORPORATE,TX,,,,91961137.25171463,129568473.15198508,77732712.29540777,12419318.639139807,268.0,Hospitality,5.0,BBB,Baa2,1.49959624419296,2.788068865424745,2.5685976878221144,2026-08-31
CP-C-00215,CORPORATE,GA,,,,12446959.736233272,11685541.658176983,7383876.168108846,2828831.396834402,49.0,Real Estate,6.0,BBB-,Baa3,1.7165156577509446,2.1769245441163596,1.9299959610147217,2026-08-31
CP-C-00216,CORPORATE,FL,,,,41108384.72606734,41372572.59512273,28108196.315642036,6224973.449671133,125.0,Manufacturing,6.0,BBB-,Baa3,2.1190741067202654,1.3210253536595722,0.8823308842247977,2026-08-31
CP-C-00217,CORPORATE,FL,,,,21224538.7476108,25329915.795506835,12410068.650610477,4449298.057128832,95.0,Transportation,4.0,BBB+,Baa1,0.9605429933830714,4.25376111898647,1.0647973668230009,2026-08-31
CP-C-00218,CORPORATE,VA,,,,4358842.815189722,7170797.577374719,5171491.389026889,425852.205245968,13.0,Construction,6.0,BBB-,Baa3,2.5866430160457115,2.6129563071953408,1.9197802177829422,2026-08-31
CP-C-00219,CORPORATE,NC,,,,134300415.50895658,133215911.21706487,74756444.37105481,9679744.614591,584.0,Technology,6.0,BBB-,Baa3,1.2787739677471428,1.8518641375329858,0.9890347376026917,2026-08-31
CP-C-00220,CORPORATE,GA,,,,9749165.837053064,16502230.237604225,8571196.711779526,1080758.3608635103,52.0,Construction,6.0,BBB-,Baa3,1.080716237533274,1.7970185836455332,1.468310749757317,2026-08-31
CP-C-00221,CORPORATE,GA,,,,17750661.278782286,28016987.326634392,19414666.819412276,1725300.9345916512,62.0,Technology,3.0,A,A2,2.256910423543578,6.0361200793290255,1.5188077396885882,2026-08-31
CP-C-00222,CORPORATE,GA,,,,27453628.26607279,32464503.580702905,22715914.746337514,3914754.102003775,105.0,Manufacturing,4.0,BBB+,Baa1,2.445740860241469,2.480923679098699,1.6486241912580786,2026-08-31
CP-C-00223,CORPORATE,GA,,,,121184913.60029653,158429121.51497754,63169858.18222151,8447819.998292979,513.0,Transportation,2.0,AA,Aa2,0.6631361189678631,5.212936479806462,1.833856835744068,2026-08-31
CP-C-00224,CORPORATE,CA,,,,157532593.0488626,210538825.6179268,163481772.63087928,23742056.786851536,733.0,Transportation,5.0,BBB,Baa2,3.474118378723755,4.119001735531451,1.3307028667376968,2026-08-31
CP-C-00225,CORPORATE,NC,,,,63411585.82476473,67990478.67954431,35047435.69984298,14728697.519359196,331.0,Construction,6.0,BBB-,Baa3,1.0638797308869832,1.2911205937278531,0.8249882073800081,2026-08-31
CP-C-00226,CORPORATE,TX,,,,20665812.43756208,25360154.293720543,14379247.869443955,3463461.2380736773,62.0,Manufacturing,7.0,BB+,Ba1,1.3094773157937412,2.557559487209557,0.5827784491257177,2026-08-31
CP-C-00227,CORPORATE,NC,,,,17550457.975140244,14249888.435600122,8828679.668947324,3170925.31684432,61.0,Hospitality,5.0,BBB,Baa2,1.6285444905303643,1.510757437846438,1.1957495430947755,2026-08-31
CP-C-00228,CORPORATE,FL,,,,149599189.49288955,129462841.99334505,70015717.77057087,26940225.018866405,526.0,Healthcare,6.0,BBB-,Baa3,1.1777814097144816,2.980804340213504,1.7382186768563925,2026-08-31
CP-C-00229,CORPORATE,GA,,,,38127202.78809218,35740977.78678687,19221260.282086715,3941261.660884303,192.0,Transportation,3.0,A,A2,1.163534441591869,3.4310168042074154,2.140931610526035,2026-08-31
CP-C-00230,CORPORATE,TX,,,,37415883.56766822,42549314.206563555,29210932.103570804,6199247.007897522,190.0,Hospitality,5.0,BBB,Baa2,2.1899906508913634,2.6743775611211995,1.9770343129194752,2026-08-31
CP-C-00231,CORPORATE,GA,,,,60448540.040603645,74819281.89348567,59778321.2318989,15002885.934254717,173.0,Healthcare,7.0,BB+,Ba1,3.9743685644074094,1.404662527880614,1.4940741904288672,2026-08-31
CP-C-00232,CORPORATE,VA,,,,95018823.79326366,137127267.3036615,90960745.47838615,8201591.744608029,575.0,Real Estate,3.0,A,A2,1.9702750365869404,3.188696815793243,2.2570478447763787,2026-08-31
CP-C-00233,CORPORATE,NY,,,,90804249.98816645,133606601.8307788,77501529.96941815,9014987.196330672,494.0,Healthcare,7.0,BB+,Ba1,1.3813640620749863,2.742211210681847,0.6672129955996865,2026-08-31
CP-C-00234,CORPORATE,GA,,,,17401433.886462603,14291058.044430848,7777008.142339015,1467363.7335107657,66.0,Hospitality,7.0,BB+,Ba1,1.1938821868468665,1.7591658516685615,1.2240227485189838,2026-08-31
CP-C-00235,CORPORATE,NY,,,,103534634.47500834,114676785.31859651,79893890.29709807,7537037.196510183,483.0,Transportation,5.0,BBB,Baa2,2.296930438013215,3.7001116134544647,1.1768882110678667,2026-08-31
CP-C-00236,CORPORATE,NC,,,,8784215.500857366,13595221.154826388,9275286.94464081,980823.0567259854,44.0,Retail,7.0,BB+,Ba1,2.147089861408411,5.243903610215553,1.3654359351748737,2026-08-31
CP-C-00237,CORPORATE,VA,,,,24613791.424439155,19468762.83205615,9346844.683397295,5656347.933184125,153.0,Construction,4.0,BBB+,Baa1,0.923426226741,1.7231682316928902,1.5884096153060219,2026-08-31
CP-C-00238,CORPORATE,NY,,,,32820983.404632404,44473044.25725021,33541458.506444674,4281262.652636879,164.0,Hospitality,5.0,BBB,Baa2,3.0683067645490545,1.424983012078688,2.1713088674770082,2026-08-31
CP-C-00239,CORPORATE,TX,,,,29654714.508511372,41245146.480959,22795716.61864126,3437287.7819039198,84.0,Healthcare,3.0,A,A2,1.2355783776928875,1.4905120736771769,1.2221592327191886,2026-08-31
CP-C-00240,CORPORATE,VA,,,,85816898.2737543,113773380.65248321,47813392.69540579,13584534.510526108,416.0,Hospitality,7.0,BB+,Ba1,0.7248848002598138,1.5897924704510098,2.037364912464951,2026-08-31
CP-C-00241,CORPORATE,NC,,,,17361078.54899017,13006376.06868814,7743241.461671779,2416985.4078453667,67.0,Construction,9.0,BB-,Ba3,1.622776559036815,1.6937991211681636,1.448150635903048,2026-08-31
CP-C-00242,CORPORATE,TX,,,,61564546.00517292,90714283.5006845,44910977.30267865,3909154.028382403,370.0,Manufacturing,4.0,BBB+,Baa1,0.9805182426903923,3.6962957248066175,1.9924384216066238,2026-08-31
CP-C-00243,CORPORATE,GA,,,,105849215.44373684,103638192.349272,80339391.99562323,19153731.878215995,679.0,Construction,8.0,BB,Ba2,3.448220113317614,1.0332051672846305,1.4408332928232166,2026-08-31
CP-C-00244,CORPORATE,VA,,,,77554988.807812,66579303.40416525,29487298.11169964,10702575.024313856,332.0,Transportation,4.0,BBB+,Baa1,0.7949771892675027,4.912877840895285,1.1509722233971293,2026-08-31
CP-C-00245,CORPORATE,FL,,,,43148670.23248808,70460767.84684475,33768891.012081265,10654491.79933776,161.0,Technology,6.0,BBB-,Baa3,0.9203369771504069,2.1709665634439608,2.027145793647325,2026-08-31
CP-C-00246,CORPORATE,NC,,,,65933078.046407335,82592995.47306527,35725351.12282472,5651815.712427495,218.0,Real Estate,6.0,BBB-,Baa3,0.7622604382641937,1.1018840758415844,2.031721898320009,2026-08-31
CP-C-00247,CORPORATE,GA,,,,219697886.64207953,234128496.97579217,150137189.5090157,50412205.617378026,843.0,Hospitality,3.0,A,A2,1.7875324725526376,2.7031291278454144,1.4625324800609583,2026-08-31
CP-C-00248,CORPORATE,VA,,,,27037590.9246909,43416063.214058824,30838935.620105855,3731371.6739891507,110.0,Manufacturing,7.0,BB+,Ba1,2.4519855896932374,2.190333814578977,2.578142980551343,2026-08-31
CP-C-00249,CORPORATE,FL,,,,220025352.56146556,341601763.87928164,241199685.8519343,54498109.79257246,1016.0,Retail,6.0,BBB-,Baa3,2.402337586939554,0.8341813932825498,1.9703600580699971,2026-08-31
CP-C-00250,CORPORATE,VA,,,,57847801.92841729,46019663.04834192,31950825.906400025,13341579.563748926,280.0,Construction,3.0,A,A2,2.2710353090340707,1.026532741585131,0.9445893611242858,2026-08-31
CP-C-00251,CORPORATE,GA,,,,52648411.26561539,84110839.9001943,49304907.10991792,7824587.371991975,223.0,Transportation,3.0,A,A2,1.4165661758587333,3.7939708650768296,2.45542258928555,2026-08-31
CP-C-00252,CORPORATE,NC,,,,56291907.0327316,63785095.53856583,39862008.142850146,5068940.688599454,366.0,Technology,3.0,A,A2,1.6662568456774076,8.866098860495557,1.2068479589778596,2026-08-31
CP-C-00253,CORPORATE,FL,,,,36668132.16988708,48393560.528317,33770008.10905613,8219417.451833444,125.0,Transportation,3.0,A,A2,2.309288956668096,2.8575019180163093,0.9215531573504565,2026-08-31
CP-C-00254,CORPORATE,TX,,,,37569071.46804186,31545618.286491804,17271913.6686466,6438119.498470747,129.0,Retail,5.0,BBB,Baa2,1.2100512187321708,3.150913348996983,1.5602412065417128,2026-08-31
CP-C-00255,CORPORATE,FL,,,,70279409.16051169,96891380.16224971,57410015.64099219,16552810.908319803,271.0,Hospitality,5.0,BBB,Baa2,1.45410414095697,2.73963915995499,1.933262337052461,2026-08-31
CP-C-00256,CORPORATE,VA,,,,48972348.029134415,69020306.07265043,43015276.22095488,5051977.149487507,276.0,Real Estate,7.0,BB+,Ba1,1.654113702859304,1.1760342815504636,1.5640728078285246,2026-08-31
CP-C-00257,CORPORATE,NC,,,,68291547.30944835,81243043.83809638,54330129.57135577,9142961.991647478,211.0,Construction,8.0,BB,Ba2,2.2271922940279025,1.0156380953559374,1.741325245709919,2026-08-31
CP-C-00258,CORPORATE,NC,,,,78833942.39408788,118200318.81430136,71561630.54880637,15454456.104039658,442.0,Transportation,4.0,BBB+,Baa1,1.5343834316573235,2.452371658045896,2.0090496329060663,2026-08-31
CP-C-00259,CORPORATE,NC,,,,315764764.34544206,277978982.44378674,147833358.23197797,48378712.84637334,1512.0,Technology,4.0,BBB+,Baa1,1.135907251029684,5.03189436227779,1.2566968040962654,2026-08-31
CP-C-00260,CORPORATE,VA,,,,28981786.835099448,37198748.60688195,26981012.124130294,4901511.004509986,87.0,Manufacturing,6.0,BBB-,Baa3,2.640605594955044,1.2839257445740806,2.066857073452095,2026-08-31
CP-C-00261,CORPORATE,CA,,,,86365679.78785923,116799399.47092885,63197367.12468711,10161931.076930052,283.0,Technology,5.0,BBB,Baa2,1.1790106523660224,2.2104393971783414,1.3462429240433964,2026-08-31
CP-C-00262,CORPORATE,VA,,,,114909739.95062417,87980005.16686623,58583668.496041834,17591862.98678461,385.0,Hospitality,6.0,BBB-,Baa3,1.992890105731631,2.0333988928417686,1.7386061232313792,2026-08-31
CP-C-00263,CORPORATE,FL,,,,22606674.132639814,32078645.774232935,21783345.791690003,2776943.798283341,122.0,Retail,5.0,BBB,Baa2,2.1158534310439325,1.607361100262036,0.9281252326102277,2026-08-31
CP-C-00264,CORPORATE,CA,,,,84043580.10443084,70549449.65295494,30831058.539543096,18343380.485822793,382.0,Retail,4.0,BBB+,Baa1,0.8503553060355074,2.0525566745911763,2.0034573957056314,2026-08-31
CP-C-00265,CORPORATE,VA,,,,23415406.096124653,18062121.977289487,12066434.092136752,4134099.2518946836,84.0,Manufacturing,4.0,BBB+,Baa1,2.0125187173296917,9.278245662511862,1.2690119813390408,2026-08-31
CP-C-00266,CORPORATE,NC,,,,107039063.90981694,177843826.57190076,89668640.5754248,10469002.193544406,598.0,Manufacturing,5.0,BBB,Baa2,1.0169373567185733,2.367418304310293,1.7126283043041592,2026-08-31
CP-C-00267,CORPORATE,CA,,,,46476758.90169329,70819745.01172249,47000746.192103714,4507910.288996206,180.0,Transportation,3.0,A,A2,1.9732460859518182,6.134987305768447,1.9885316377421587,2026-08-31
CP-C-00268,CORPORATE,GA,,,,47664211.634134315,45578728.904431865,30413463.282187838,4444430.204775717,266.0,Healthcare,5.0,BBB,Baa2,2.0054685516077044,6.235796634077626,2.06887401904914,2026-08-31
CP-C-00269,CORPORATE,FL,,,,23169379.965285044,25326399.364554297,18162209.961192925,1570271.667558556,126.0,Construction,6.0,BBB-,Baa3,2.535138162688912,4.902576064211036,1.638855948103429,2026-08-31
CP-C-00270,CORPORATE,VA,,,,92129731.23369795,99437428.10533284,62090066.55025235,12061276.02695242,468.0,Retail,7.0,BB+,Ba1,1.6625020875619538,3.1506055372823756,1.512243205944788,2026-08-31
CP-C-00271,CORPORATE,FL,,,,5266750.193435436,4615286.257609215,2010402.4021094947,1308973.6060225007,20.0,Hospitality,4.0,BBB+,Baa1,0.7717819732595409,1.778425054136648,1.7770833044503467,2026-08-31
CP-C-00272,CORPORATE,GA,,,,66123216.26410695,49588249.769678205,30584767.35966978,7705270.797187055,269.0,Hospitality,4.0,BBB+,Baa1,1.9080175615701995,1.0964825825263014,2.1412019510728983,2026-08-31
CP-C-00273,CORPORATE,VA,,,,11954785.172751354,19672923.48509575,9943566.446998322,792108.8205181207,61.0,Hospitality,4.0,BBB+,Baa1,1.0220168103670275,4.93041569069003,0.4,2026-08-31
CP-C-00274,CORPORATE,NY,,,,56068016.13069635,82174835.41295734,41556649.43039204,6667526.393772805,221.0,Transportation,6.0,BBB-,Baa3,1.0231045140280164,1.381180797469855,1.1838568559998817,2026-08-31
CP-C-00275,CORPORATE,GA,,,,57064966.66807613,91427658.99969737,71006871.11846146,8902111.939805588,228.0,Real Estate,6.0,BBB-,Baa3,3.477185676254329,1.4427256058698954,1.3176338917176684,2026-08-31
CP-C-00276,CORPORATE,FL,,,,617459913.5187647,810356826.42533,303472626.2716012,80283598.1053911,2094.0,Retail,4.0,BBB+,Baa1,0.7084394660629603,2.960633421099225,2.997462895868402,2026-08-31
CP-C-00277,CORPORATE,CA,,,,29905694.175200906,32724844.386891022,21566156.392042268,1977961.49250513,90.0,Technology,3.0,A,A2,1.9326785014508852,3.774454144524716,2.540908517086113,2026-08-31
CP-C-00278,CORPORATE,VA,,,,25995278.379358154,25055510.652297854,11478626.476163087,3056325.5836554025,94.0,Construction,4.0,BBB+,Baa1,0.8454536642759339,1.5937136947065902,1.6246701434591306,2026-08-31
CP-C-00279,CORPORATE,CA,,,,69999834.37657343,61257767.80402216,35710840.78244379,8447921.5510501,307.0,Hospitality,4.0,BBB+,Baa1,1.3978526948576009,3.7415617365743787,1.510310515442706,2026-08-31
CP-C-00280,CORPORATE,NC,,,,84764724.45771179,90690599.87852915,56274547.14218641,6083470.038828982,290.0,Retail,7.0,BB+,Ba1,1.8194630773776064,3.708211506006189,0.5668349000238935,2026-08-31
CP-C-00281,CORPORATE,FL,,,,31662518.734031618,52060320.5275117,24238511.968768664,4586759.050486714,97.0,Transportation,6.0,BBB-,Baa3,0.8712054760060409,4.411810496352483,2.0051413832954887,2026-08-31
CP-C-00282,CORPORATE,NY,,,,24354070.62620255,35484848.395353116,24043186.595303684,5873373.368797537,69.0,Manufacturing,6.0,BBB-,Baa3,2.184217173391756,2.8527388450949793,1.6031903917170292,2026-08-31
CP-C-00283,CORPORATE,CA,,,,71059491.13106072,90570553.76571721,69626497.48536457,6590454.099541649,256.0,Real Estate,9.0,BB-,Ba3,3.3244036662888634,2.2246098643211725,2.1097729863194035,2026-08-31
CP-C-00284,CORPORATE,NC,,,,7624361.684759865,8675569.565690415,4029388.7112405766,705572.5200193996,30.0,Hospitality,7.0,BB+,Ba1,0.9104676738182919,4.333955286849733,1.3903916982798579,2026-08-31
CP-C-00285,CORPORATE,CA,,,,53183320.79739846,39592595.678055726,19558213.485574454,9395545.266298998,155.0,Manufacturing,3.0,A,A2,0.9762324237237765,11.518581648734646,0.8568509779004978,2026-08-31
CP-C-00286,CORPORATE,TX,,,,65462021.74330528,88310090.64318709,46057448.29848448,12868983.76851653,200.0,Transportation,6.0,BBB-,Baa3,1.0900489470632808,1.1538679890532089,1.957860741702215,2026-08-31
CP-C-00287,CORPORATE,GA,,,,13641060.237718653,15117447.15664198,9636696.23315835,2986163.554989242,63.0,Construction,5.0,BBB,Baa2,1.7582802735784873,2.7046171780729487,1.157004182856177,2026-08-31
CP-C-00288,CORPORATE,CA,,,,20716395.500196755,33576008.682998426,24235251.8665237,2657469.856917923,80.0,Construction,3.0,A,A2,2.594570476749685,3.147222357259713,1.9034788055016814,2026-08-31
CP-C-00289,CORPORATE,CA,,,,335531722.8512032,324640746.2125088,222185913.4471179,37170983.16808861,1912.0,Retail,7.0,BB+,Ba1,2.168623064915802,2.498277246552261,0.8014055759029712,2026-08-31
CP-C-00290,CORPORATE,GA,,,,30342978.564011283,44103926.70147007,29745255.07010186,2308406.367122869,125.0,Construction,6.0,BBB-,Baa3,2.0715882244371304,1.8840545214374267,0.961312805781039,2026-08-31
CP-C-00291,CORPORATE,FL,,,,35549055.91321312,47208433.424628094,19330334.22717722,3866662.3757645176,225.0,Healthcare,5.0,BBB,Baa2,0.6933878127869191,2.0195778863272635,1.2368729976553188,2026-08-31
CP-C-00292,CORPORATE,VA,,,,158895676.15533745,264332425.26613885,162527926.14866003,29927839.657071486,625.0,Manufacturing,6.0,BBB-,Baa3,1.5964709571539524,2.265130668810368,1.445321110975225,2026-08-31
CP-C-00293,CORPORATE,FL,,,,22510086.201799057,35281645.98478656,19302415.72839439,2493744.4984554746,90.0,Real Estate,6.0,BBB-,Baa3,1.3955112354652122,2.2715273794388824,1.7997820612170177,2026-08-31
CP-C-00294,CORPORATE,NC,,,,28464212.106768206,43214290.02289339,23039502.03325165,4357401.2683879575,149.0,Technology,2.0,AA,Aa2,1.1419947533069856,2.4915747384047817,1.613286956722008,2026-08-31
CP-C-00295,CORPORATE,FL,,,,543778876.5068351,531299064.96792674,338958200.87243545,56066218.0212534,3485.0,Manufacturing,6.0,BBB-,Baa3,1.7622786632805878,1.8091785672645477,1.9096568090018557,2026-08-31
CP-C-00296,CORPORATE,FL,,,,16847398.946583625,21939997.493058775,14253698.053896502,2947607.4709357284,59.0,Hospitality,4.0,BBB+,Baa1,1.8544291914094369,6.262059372653637,1.6845198522608986,2026-08-31
CP-C-00297,CORPORATE,GA,,,,13286298.151130252,12390679.450058963,6244781.321316935,864358.8739204616,40.0,Construction,4.0,BBB+,Baa1,1.016089298993172,3.135714606730013,1.6286047505619343,2026-08-31
CP-C-00298,CORPORATE,GA,,,,85816188.63821004,89419357.95814002,38868623.97525533,20432910.93975833,368.0,Manufacturing,5.0,BBB,Baa2,0.7689032564475791,2.822193950936975,1.9986280528589828,2026-08-31
CP-C-00299,CORPORATE,NC,,,,67345955.71870157,77431284.360537,54743472.01428717,9763110.391038366,410.0,Transportation,5.0,BBB,Baa2,2.8618609914598694,3.00325107244407,1.7432047413793055,2026-08-31
CP-C-00300,CORPORATE,CA,,,,30617658.42755718,27359400.725713782,15752483.440697704,5579437.598231616,135.0,Healthcare,6.0,BBB-,Baa3,1.3571634098774301,3.336239605287023,2.0191648739161536,2026-08-31
CP-C-00301,CORPORATE,TX,,,,74772650.97396724,68859879.00417192,51402070.97923281,15240849.712533738,357.0,Construction,5.0,BBB,Baa2,3.103968470014521,9.03420683896003,2.2712350531954346,2026-08-31
CP-C-00302,CORPORATE,CA,,,,54618378.723308206,74548645.33958872,48609980.583808884,6695106.466069722,220.0,Retail,5.0,BBB,Baa2,1.8740355774472657,2.207519969572318,1.979134723826672,2026-08-31
CP-C-00303,CORPORATE,GA,,,,46673973.15188131,49090828.89429365,34675660.31966941,4554968.544305326,139.0,Technology,7.0,BB+,Ba1,2.4054980793433627,3.5461832950587007,2.135504945998838,2026-08-31
CP-C-00304,CORPORATE,GA,,,,28069036.547386844,30854477.03612033,17230902.65249107,3634408.6491038245,181.0,Healthcare,4.0,BBB+,Baa1,1.2647857432478624,3.873991908604454,1.199074105643787,2026-08-31
CP-C-00305,CORPORATE,FL,,,,45403513.17164138,45726792.62503172,24477911.741463594,9553130.079313627,239.0,Real Estate,6.0,BBB-,Baa3,1.1519623963063628,2.4374523040103826,1.313479527089588,2026-08-31
CP-C-00306,CORPORATE,CA,,,,19194358.839147855,28716180.715004217,14850123.194292093,3638083.1862514317,63.0,Healthcare,4.0,BBB+,Baa1,1.070969392136881,1.6695416165795398,2.0115195628197085,2026-08-31
CP-C-00307,CORPORATE,NY,,,,181732224.96148467,274775451.80883324,191448376.9906862,12206994.585373731,682.0,Healthcare,6.0,BBB-,Baa3,2.29755307513798,2.9697362729294454,2.5174203658584045,2026-08-31
CP-C-00308,CORPORATE,VA,,,,23943078.899909116,38187926.739585966,23452284.7195546,5768096.751702679,81.0,Construction,4.0,BBB+,Baa1,1.5915346401381076,1.822880401942066,1.6741904112923658,2026-08-31
CP-C-00309,CORPORATE,FL,,,,110729887.21012866,100886580.6313891,50561010.993632324,19993741.33051326,683.0,Transportation,4.0,BBB+,Baa1,1.004678364449131,2.27123292350535,0.4,2026-08-31
CP-C-00310,CORPORATE,GA,,,,35604037.60846139,58888581.60348294,35518376.65531457,3185283.2328816624,165.0,Transportation,5.0,BBB,Baa2,1.5198145131413714,3.291741267819139,1.0645924291685116,2026-08-31
CP-C-00311,CORPORATE,VA,,,,185994844.632306,136248124.23613423,77931372.18755402,40894075.4460324,882.0,Real Estate,5.0,BBB,Baa2,1.4327712030238304,3.4548871522052105,1.5306765611733217,2026-08-31
CP-C-00312,CORPORATE,GA,,,,103569237.96958503,141719368.79700682,104894074.3302584,15948926.21023501,376.0,Hospitality,6.0,BBB-,Baa3,2.848424591009666,1.0996068472984886,1.45595003027663,2026-08-31
CP-C-00313,CORPORATE,NY,,,,41587307.28435496,46876078.08168965,31277538.535704702,5245206.5732091665,120.0,Manufacturing,8.0,BB,Ba2,2.005158139548745,2.0244416322892183,2.0867470882130124,2026-08-31
CP-C-00314,CORPORATE,TX,,,,74681560.8093569,68101627.8073732,31115059.30263766,18166845.037873868,215.0,Transportation,2.0,AA,Aa2,0.8412529347958808,2.683004065273351,1.3738329037314858,2026-08-31
CP-C-00315,CORPORATE,VA,,,,54846382.86948307,78509931.9012809,36833826.18760589,6245275.937992574,218.0,Manufacturing,4.0,BBB+,Baa1,0.8838116123580078,3.904598759409923,1.6632391005738325,2026-08-31
CP-C-00316,CORPORATE,TX,,,,215158182.43910074,208978136.51292533,127518297.71426284,42012771.712995164,725.0,Real Estate,6.0,BBB-,Baa3,1.5654130869254381,4.675324386610593,2.2012251296642904,2026-08-31
CP-C-00317,CORPORATE,NC,,,,27079451.682456587,33112611.848129705,17189798.711102024,6350814.353512704,115.0,Transportation,5.0,BBB,Baa2,1.0795704605191923,1.7463184088904522,1.091194408308246,2026-08-31
CP-C-00318,CORPORATE,NC,,,,105620483.71828163,148065023.84801313,93142534.17703852,16046659.288103014,362.0,Transportation,5.0,BBB,Baa2,1.6958906039225385,1.5659863833775356,1.5899432987218065,2026-08-31
CP-C-00319,CORPORATE,VA,,,,43633247.26379865,46112744.07191943,30130489.98883915,6806487.217107412,229.0,Retail,5.0,BBB,Baa2,2.068382401190003,5.7198599929221,2.186248832314865,2026-08-31
CP-C-00320,CORPORATE,NC,,,,669442498.3992779,1042485361.6639509,705339934.9785317,93976601.89390986,4329.0,Transportation,7.0,BB+,Ba1,2.092094031685218,2.8141284966086877,2.182955907051599,2026-08-31
CP-C-00321,CORPORATE,GA,,,,32046486.167679284,32257743.39666417,22883720.925637636,2715412.270371825,102.0,Real Estate,5.0,BBB,Baa2,2.441184773811586,2.683304679499059,1.344795127321564,2026-08-31
CP-C-00322,CORPORATE,TX,,,,14039354.879529586,23097473.58991097,16881000.830841526,3025579.965984295,54.0,Manufacturing,4.0,BBB+,Baa1,2.715527194454961,1.8710232692796642,1.4431429743019668,2026-08-31
CP-C-00323,CORPORATE,NC,,,,23712534.519109454,20372217.40678672,13069463.017944507,5540642.161351244,72.0,Hospitality,5.0,BBB,Baa2,1.7896621359624492,1.7412537575279525,1.5585873548656162,2026-08-31
CP-C-00324,CORPORATE,GA,,,,84506179.97317576,117106365.78308411,34896160.46666123,10177689.373026991,337.0,Retail,5.0,BBB,Baa2,0.4244748000853141,1.498570966566883,2.094541379020863,2026-08-31
CP-C-00325,CORPORATE,CA,,,,14457517.841666112,22541055.48631549,15885881.440278238,1327875.4726308573,44.0,Healthcare,5.0,BBB,Baa2,2.386997143934546,5.336974759866403,2.3527216328198173,2026-08-31
CP-C-00326,CORPORATE,CA,,,,98440454.93473087,138009153.47202256,111890596.69444466,13954529.566807799,282.0,Healthcare,5.0,BBB,Baa2,4.283950206257177,5.185763234677419,2.0286780993389977,2026-08-31
CP-C-00327,CORPORATE,NY,,,,28922754.187064275,38519702.83029277,21973506.781068053,2305148.6649766015,135.0,Hospitality,5.0,BBB,Baa2,1.328009574871297,4.489256807096233,2.096854975437785,2026-08-31
CP-C-00328,CORPORATE,FL,,,,41768635.952512614,45512659.50538274,28401432.148043707,9806484.182599148,183.0,Construction,5.0,BBB,Baa2,1.659812680582628,5.327321657652964,2.1351528487256974,2026-08-31
CP-C-00329,CORPORATE,VA,,,,32417318.2872005,31681606.099880066,22179591.40025408,2478468.673158697,144.0,Construction,4.0,BBB+,Baa1,2.334198809556368,1.9192851696422888,1.4757499988986744,2026-08-31
CP-C-00330,CORPORATE,CA,,,,51251358.10462185,49264519.65425041,31466431.87073432,7961998.303070252,180.0,Healthcare,6.0,BBB-,Baa3,1.9049380275190624,9.532168395419266,2.75767267544232,2026-08-31
CP-C-00331,CORPORATE,GA,,,,47207494.22600197,79763136.8090727,57345036.29769081,6250148.587604694,238.0,Technology,5.0,BBB,Baa2,2.5579792662886924,2.029184179914587,1.991999796198199,2026-08-31
CP-C-00332,CORPORATE,CA,,,,15439417.119128656,25050551.022417244,17195861.427081905,3139080.840446735,45.0,Healthcare,6.0,BBB-,Baa3,2.3648462635753873,3.6498236111294027,0.8427406588674708,2026-08-31
CP-C-00333,CORPORATE,FL,,,,138539855.85073876,108836577.22621474,70011858.52516457,34389393.78047138,422.0,Healthcare,6.0,BBB-,Baa3,1.8032805096221052,7.265744700284821,1.938303730351798,2026-08-31
CP-C-00334,CORPORATE,GA,,,,47944113.59701518,43769315.322739154,19743334.207128037,5859481.118741358,279.0,Healthcare,2.0,AA,Aa2,0.8217493434347043,2.357510611806016,1.5398428584517758,2026-08-31
CP-C-00335,CORPORATE,VA,,,,28939327.91052803,41363449.17409447,20503632.2112126,6054518.799070057,131.0,Technology,6.0,BBB-,Baa3,0.982924838108452,2.178198004907453,0.9213603466947026,2026-08-31
CP-C-00336,CORPORATE,VA,,,,55102437.20963348,75282788.1147493,39803608.05788748,7105716.906302816,297.0,Construction,4.0,BBB+,Baa1,1.2433141139643147,6.636465860963168,0.9774584953451646,2026-08-31
CP-C-00337,CORPORATE,NY,,,,21964564.207966797,21584686.857350998,15734316.75185705,3381411.568393634,132.0,Technology,7.0,BB+,Ba1,2.689456644303805,2.0998260230223798,1.5142682323599397,2026-08-31
CP-C-00338,CORPORATE,CA,,,,42794563.12879498,45430199.75319982,24199435.797336504,6603826.415826797,190.0,Construction,2.0,AA,Aa2,1.1398287808976055,1.3822117951594222,1.4534312811244974,2026-08-31
CP-C-00339,CORPORATE,TX,,,,106060908.00529093,126564738.20503575,68569269.35185856,19471944.29651681,333.0,Retail,6.0,BBB-,Baa3,1.1823211486650842,2.09391357786091,2.7555320731256767,2026-08-31
CP-C-00340,CORPORATE,TX,,,,33950584.641362436,57374007.5866095,44487744.93164256,7309183.633088983,107.0,Healthcare,7.0,BB+,Ba1,4.136845757607024,1.6599410910812327,2.2017030617458064,2026-08-31
CP-C-00341,CORPORATE,VA,,,,38600572.64160162,42693354.11032635,31582972.570095807,9583376.519418012,151.0,Retail,5.0,BBB,Baa2,2.842654183903072,2.7482763271051978,1.5613492600416619,2026-08-31
CP-C-00342,CORPORATE,VA,,,,25852230.505926803,38863629.621822625,21457295.79711332,6184787.879134474,152.0,Technology,3.0,A,A2,1.2327291900292894,1.566164662042342,1.3977793455543432,2026-08-31
CP-C-00343,CORPORATE,NY,,,,31468499.936877854,44993353.9066295,35030655.43604587,7801316.45616615,110.0,Transportation,6.0,BBB-,Baa3,3.516181438139391,7.638873677437067,1.3494215196286405,2026-08-31
CP-C-00344,CORPORATE,TX,,,,15900800.38738379,18918560.248093065,9772178.360193413,1368378.6979156837,46.0,Hospitality,5.0,BBB,Baa2,1.0684201119047592,1.000703377070673,1.586125346673266,2026-08-31
CP-C-00345,CORPORATE,NY,,,,20863891.98258874,26578879.43201648,16658814.947449518,1806343.638951652,67.0,Retail,5.0,BBB,Baa2,1.9710058851316121,4.022078449533879,1.571416017889381,2026-08-31
CP-C-00346,CORPORATE,TX,,,,15889145.730261335,12089284.43633282,6642925.436462497,1304807.9582766003,77.0,Construction,7.0,BB+,Ba1,1.21970025050142,3.0322185311108787,1.58998510395709,2026-08-31
CP-C-00347,CORPORATE,TX,,,,28063173.10823867,26698490.773074366,19319874.698453933,6382092.098936608,102.0,Retail,7.0,BB+,Ba1,2.618360205094122,2.285947328885232,1.7626846185733764,2026-08-31
CP-C-00348,CORPORATE,NC,,,,206810184.92452458,223734916.2188893,147139482.94943517,43689378.37040612,618.0,Real Estate,5.0,BBB,Baa2,2.155136809662096,1.3069732812880743,1.8272185847275069,2026-08-31
CP-C-00349,CORPORATE,NY,,,,22671126.209520854,26215521.797509205,18075247.76481769,3631145.1289907754,89.0,Construction,6.0,BBB-,Baa3,2.220471656387377,1.0629293797783848,1.5332656092670938,2026-08-31
CP-C-00350,CORPORATE,CA,,,,347472120.71205264,292295487.69065994,175606686.30174047,32942619.719716176,1738.0,Real Estate,6.0,BBB-,Baa3,1.5049146465773515,1.6852965335876169,2.1503260966791196,2026-08-31
CP-C-00351,CORPORATE,NC,,,,19105932.209783886,20488301.14146591,11176937.952263385,3818053.8514114777,66.0,Manufacturing,3.0,A,A2,1.2003546339191433,1.7637650429730691,1.3289496782309016,2026-08-31
CP-C-00352,CORPORATE,GA,,,,123489272.3197245,143184013.350967,90125468.211546,12094351.303661251,436.0,Real Estate,4.0,BBB+,Baa1,1.698604211154394,0.8941552200752783,1.7856444084115726,2026-08-31
CP-C-00353,CORPORATE,VA,,,,21323848.215632003,31849316.675403055,18638931.016662374,2464204.12427985,106.0,Technology,5.0,BBB,Baa2,1.4109301195404456,1.772252788736361,1.809246190170062,2026-08-31
CP-C-00354,CORPORATE,CA,,,,233444922.20844272,395884341.3155987,152486439.32668537,30252587.435393598,732.0,Real Estate,5.0,BBB,Baa2,0.6264903603550004,1.9904674364526689,1.7136764130858846,2026-08-31
CP-C-00355,CORPORATE,VA,,,,16274262.570928112,26368242.822245598,20426027.90094908,3074392.1024831706,82.0,Technology,6.0,BBB-,Baa3,3.43744347376994,1.3130711744316594,1.0490576457038663,2026-08-31
CP-C-00356,CORPORATE,CA,,,,67618121.09981164,70478283.3399313,45982867.49672069,8297629.298261911,278.0,Real Estate,7.0,BB+,Ba1,1.8772029750809776,1.1012666313186046,1.8384763410286986,2026-08-31
CP-C-00357,CORPORATE,NY,,,,40278816.83633767,38135911.51408843,26126084.06037545,2899872.170827257,149.0,Technology,6.0,BBB-,Baa3,2.1753921245802963,1.8936284410736912,1.5480056043996175,2026-08-31
CP-C-00358,CORPORATE,TX,,,,19958132.68805959,17326813.096061222,10090715.184146404,2138723.502783429,75.0,Transportation,7.0,BB+,Ba1,1.4814880549209557,1.8299937982029408,2.6744978258049623,2026-08-31
CP-C-00359,CORPORATE,TX,,,,57949435.39193513,42264588.135193296,31972290.256651334,3489796.1192642706,285.0,Retail,6.0,BBB-,Baa3,3.467022722032618,5.018422086832563,2.3607784455848266,2026-08-31
CP-C-00360,CORPORATE,GA,,,,12979381.478969924,9127906.288392019,4632770.25518855,1241478.5961769982,51.0,Healthcare,3.0,A,A2,1.0306184776096745,2.189038783749432,1.6080278021855046,2026-08-31
CP-C-00361,CORPORATE,CA,,,,124818177.49419948,190078782.94218317,101709666.32739787,29273592.130377773,404.0,Hospitality,5.0,BBB,Baa2,1.1509639365386675,1.699938542209297,1.08152976125074,2026-08-31
CP-C-00362,CORPORATE,NC,,,,32296992.73438508,43358034.37323946,31508644.913247894,3558963.1967893178,197.0,Manufacturing,6.0,BBB-,Baa3,2.6590943794728075,1.5995652402118512,1.43162113915638,2026-08-31
CP-C-00363,CORPORATE,TX,,,,18667500.50926572,25892009.632465202,17947986.508751713,3402167.3282626295,107.0,Construction,5.0,BBB,Baa2,2.2593069316698813,2.420445590196308,1.9559563223778649,2026-08-31
CP-C-00364,CORPORATE,CA,,,,125372132.05544175,176692211.88936988,108033470.19219226,24523144.44268783,394.0,Healthcare,6.0,BBB-,Baa3,1.8779550037818742,1.1944000676088695,2.4374978644555,2026-08-31
CP-C-00365,CORPORATE,VA,,,,27808415.24049801,28219602.347690288,20548909.29032365,5534117.333882675,111.0,Hospitality,5.0,BBB,Baa2,2.678885615242975,1.4412378127420817,1.3388992860392548,2026-08-31
CP-C-00366,CORPORATE,NC,,,,90348037.25121102,75419768.6873088,52451375.34933274,9296234.733468506,568.0,Technology,6.0,BBB-,Baa3,2.2836327546955304,2.425844406195966,2.114749820912174,2026-08-31
CP-C-00367,CORPORATE,VA,,,,36483658.35487201,34677734.37584141,15725032.17795021,5594809.105419951,171.0,Retail,5.0,BBB,Baa2,0.8296986895989893,5.391077367501444,0.944767201729626,2026-08-31
CP-C-00368,CORPORATE,NY,,,,50645997.23844349,68214918.73461325,39510897.369397216,5533416.1798184095,151.0,Healthcare,1.0,AAA,Aaa,1.3764934490077094,1.4943412953534945,2.2009350518961064,2026-08-31
CP-C-00369,CORPORATE,CA,,,,24328908.000735756,29875687.70740777,15155266.836388478,4203775.940000078,97.0,Transportation,4.0,BBB+,Baa1,1.0295403215152146,3.835951011226853,1.2986601409826837,2026-08-31
CP-C-00370,CORPORATE,NY,,,,85542824.92207332,64056236.89490733,46307525.303234115,18316426.613430947,427.0,Technology,2.0,AA,Aa2,2.6090640474973528,5.953375214174869,1.131601517357015,2026-08-31
CP-C-00371,CORPORATE,TX,,,,66744334.59959964,108119384.37451169,59189618.54744563,9896404.32733202,253.0,Healthcare,4.0,BBB+,Baa1,1.4256117789060299,3.212669217146322,1.63706084060032,2026-08-31
CP-C-00372,CORPORATE,NC,,,,71474207.45494156,72847924.44695443,40529400.37160029,15374149.392650979,288.0,Transportation,4.0,BBB+,Baa1,1.2540609922996977,1.664076419128298,1.0829789010487378,2026-08-31
CP-C-00373,CORPORATE,GA,,,,20766549.58821782,25522226.517982803,16710859.832247484,2472096.418915981,130.0,Transportation,5.0,BBB,Baa2,2.068828547320481,3.0285651505533426,1.3289593687496115,2026-08-31
CP-C-00374,CORPORATE,TX,,,,150763386.75334433,180318419.7327637,96536348.53786735,10404060.018498736,435.0,Healthcare,6.0,BBB-,Baa3,1.152231583214285,2.6301354907746073,1.2813554911855236,2026-08-31
CP-C-00375,CORPORATE,TX,,,,59147483.1857403,77412788.15066607,38106765.91909665,10504852.92231115,228.0,Real Estate,5.0,BBB,Baa2,0.9694892475914397,2.3506181805672375,2.5575558018591957,2026-08-31
CP-C-00376,CORPORATE,NC,,,,38499260.78884358,39289337.00127248,27211087.5078322,6627590.385192359,149.0,Construction,6.0,BBB-,Baa3,2.2528999357572967,2.304536500633583,2.085148163048012,2026-08-31
CP-C-00377,CORPORATE,CA,,,,69059915.00899959,96368413.14587146,78635368.94194967,4513240.368770712,217.0,Real Estate,6.0,BBB-,Baa3,4.783884593952362,1.2400694593817485,1.8602052608121018,2026-08-31
CP-C-00378,CORPORATE,TX,,,,23697341.43883905,24863247.46239062,12623410.870850474,2905366.726673812,100.0,Hospitality,2.0,AA,Aa2,1.031338186293716,4.074231058776854,2.3434844754451274,2026-08-31
CP-C-00379,CORPORATE,CA,,,,88691558.80621858,85126556.09753126,39901461.48147911,17610957.636241104,295.0,Real Estate,5.0,BBB,Baa2,0.8822858596589095,4.207083491428068,1.5855363835494138,2026-08-31
CP-C-00380,CORPORATE,GA,,,,60425506.88029322,101023460.87791742,52135994.5436506,12823031.618699739,238.0,Technology,4.0,BBB+,Baa1,1.0664491014357758,1.4345746713011303,1.6935346047206814,2026-08-31
CP-C-00381,CORPORATE,NY,,,,12590133.158987267,21352584.732451998,13486854.02612672,1246604.9973525293,53.0,Transportation,4.0,BBB+,Baa1,1.7146346003532993,4.080536216980304,1.673016969072743,2026-08-31
CP-C-00382,CORPORATE,FL,,,,15044666.699364716,11936476.480194017,5554134.53830952,1680320.7386033826,51.0,Technology,4.0,BBB+,Baa1,0.870234561056684,7.108952897662159,1.8683689824597147,2026-08-31
CP-C-00383,CORPORATE,TX,,,,129311131.48290603,192111746.7550736,148614762.65406832,24598599.623783544,406.0,Retail,5.0,BBB,Baa2,3.4166682064431604,3.467800025606854,1.128840646264094,2026-08-31
CP-C-00384,CORPORATE,NY,,,,13035362.39919173,18877136.428859018,14539352.401818456,854761.8438953764,79.0,Real Estate,7.0,BB+,Ba1,3.35179259990449,3.058413534855567,1.5790937369710745,2026-08-31
CP-C-00385,CORPORATE,GA,,,,30940794.242813658,41255186.160491705,27526327.429122876,4380200.861408431,96.0,Transportation,5.0,BBB,Baa2,2.004997499626714,1.315594651830505,1.4058012984899484,2026-08-31
CP-C-00386,CORPORATE,VA,,,,101788038.5380248,90584960.44175138,55290435.002825506,23827681.17648731,342.0,Healthcare,5.0,BBB,Baa2,1.5665442250668822,0.9348254564054455,1.4598407898516692,2026-08-31
CP-C-00387,CORPORATE,VA,,,,54641111.7579295,56237716.6350685,38325656.11461009,4697987.371006379,227.0,Technology,4.0,BBB+,Baa1,2.139656466146713,2.642472892287308,2.255873429478078,2026-08-31
CP-C-00388,CORPORATE,FL,,,,61560154.24635245,60277949.96135324,33852182.49966571,14648034.975461926,227.0,Healthcare,2.0,AA,Aa2,1.2810293040209748,6.809354155355246,1.6849367275533615,2026-08-31
CP-C-00389,CORPORATE,FL,,,,81509967.51715823,83022844.41485834,44564223.56794887,15106023.185618244,236.0,Retail,7.0,BB+,Ba1,1.1999754652124193,1.5106087503557801,0.807122809808786,2026-08-31
CP-C-00390,CORPORATE,CA,,,,19138679.21793148,28211483.508430906,19188867.13993996,2478342.01797773,67.0,Healthcare,6.0,BBB-,Baa3,2.1267519704098135,2.656221305165103,1.3616703678040885,2026-08-31
CP-C-00391,CORPORATE,FL,,,,24563030.1536864,35611815.19422798,22805646.46750941,3401115.2786552454,100.0,Retail,5.0,BBB,Baa2,1.7808328903185626,1.9807758296686675,1.2824974834300222,2026-08-31
CP-C-00392,CORPORATE,FL,,,,64507293.42943889,85683944.61632317,50482809.26706155,16044655.374860857,352.0,Retail,6.0,BBB-,Baa3,1.4341244612191315,2.4266169777772895,2.014843051455111,2026-08-31
CP-C-00393,CORPORATE,TX,,,,80899967.60521284,97498948.4058098,63417543.47245565,5033017.018711259,279.0,Transportation,7.0,BB+,Ba1,1.8607667024428138,2.0366259712852224,0.5352534241984697,2026-08-31
CP-C-00394,CORPORATE,CA,,,,41032644.32080562,66171835.238131106,53178074.80974898,9599647.05254329,246.0,Real Estate,5.0,BBB,Baa2,4.092585445364428,2.0234957959438225,2.3628586920047505,2026-08-31
CP-C-00395,CORPORATE,TX,,,,33581883.183546826,26000913.442382224,14852475.038969044,2928613.205471516,147.0,Manufacturing,7.0,BB+,Ba1,1.4063927895007762,2.441235330475599,1.9313596327486189,2026-08-31
CP-C-00396,CORPORATE,NY,,,,24339008.034208056,32186644.145615716,23112531.04465868,2327250.3252665508,112.0,Real Estate,4.0,BBB+,Baa1,2.5470843031723978,1.9731425602745893,1.6940006631006872,2026-08-31
CP-C-00397,CORPORATE,NC,,,,10362583.744475828,17370340.73592035,10214897.540140936,1947987.8313483386,64.0,Real Estate,5.0,BBB,Baa2,1.427570209231221,3.7588438968885782,1.5726714146450378,2026-08-31
CP-C-00398,CORPORATE,VA,,,,11765593.621523894,12910545.00076106,7975878.740381109,2318130.745609805,39.0,Hospitality,7.0,BB+,Ba1,1.7676381677877342,2.4967599483471994,1.5584679383950517,2026-08-31
CP-C-00399,CORPORATE,GA,,,,65935558.670377836,91722057.08805187,51604269.00910387,4406163.994858694,224.0,Manufacturing,3.0,A,A2,1.2863188994256505,4.282447089136408,0.8582981275858756,2026-08-31
CP-C-00400,CORPORATE,NY,,,,70528380.77565949,110618213.68459105,67838822.4633053,14945092.661739329,390.0,Technology,6.0,BBB-,Baa3,1.5857827922887953,6.1485059778476785,2.439691860754695,2026-08-31
CP-C-00401,CORPORATE,FL,,,,15865871.23566421,22916292.15888512,13990453.065676168,3095993.019223376,54.0,Healthcare,7.0,BB+,Ba1,1.8241145774904994,2.107219317858209,1.6791639784167418,2026-08-31
CP-C-00402,CORPORATE,CA,,,,44089113.37693293,50324942.6278447,32924062.598141562,7452779.051018686,152.0,Construction,7.0,BB+,Ba1,1.8920918104107667,4.330366373613766,2.16864844691824,2026-08-31
CP-C-00403,CORPORATE,CA,,,,59131207.85817486,78535934.30850714,51920353.626473375,14413877.766752917,348.0,Retail,3.0,A,A2,1.950750361104127,1.2164978447090753,1.7666431001616876,2026-08-31
CP-C-00404,CORPORATE,CA,,,,22533440.046678104,16563377.33646308,9700273.825232752,3886754.0992278657,120.0,Construction,3.0,A,A2,1.4133946558375323,10.054880061517531,2.089488550726144,2026-08-31
CP-C-00405,CORPORATE,VA,,,,42033330.39449679,29996624.35916614,12567460.055088982,8719940.667277087,151.0,Manufacturing,2.0,AA,Aa2,0.7210592450579577,2.7400586706599572,1.6669341804347362,2026-08-31
CP-C-00406,CORPORATE,GA,,,,20839498.589491878,27342686.177501243,16051808.572001692,1885335.6787825953,133.0,Real Estate,4.0,BBB+,Baa1,1.421661728418984,3.405866362931983,1.4370076209292664,2026-08-31
CP-C-00407,CORPORATE,NY,,,,35786418.38572113,45043286.89299583,34617080.13060554,6896932.077450245,177.0,Hospitality,8.0,BB,Ba2,3.8747411859366876,1.4280667902622755,1.4007114342352243,2026-08-31
CP-C-00408,CORPORATE,CA,,,,93104026.58236961,142091821.11226273,89515940.90168366,8350080.323265907,492.0,Hospitality,4.0,BBB+,Baa1,1.7026047028247695,1.9210409111802016,2.1886954973971924,2026-08-31
CP-C-00409,CORPORATE,NY,,,,42804844.53038668,33021860.349755935,22463132.65852586,3092379.7693201564,135.0,Real Estate,6.0,BBB-,Baa3,2.127446915520268,1.1296436219254913,0.9563274421301555,2026-08-31
CP-C-00410,CORPORATE,CA,,,,29886530.5566587,21657439.66141595,13261246.33757384,1898230.1815608533,90.0,Technology,6.0,BBB-,Baa3,1.5794355639616777,4.444897498997093,0.6480804203074115,2026-08-31
CP-C-00411,CORPORATE,VA,,,,63319171.136344746,100610930.47581328,38125914.41366481,8744419.054806098,189.0,Healthcare,5.0,BBB,Baa2,0.6101609124296974,1.7614756153742315,1.2307659817685557,2026-08-31
CP-C-00412,CORPORATE,NC,,,,55666905.11838475,56243892.78554722,35822468.81164384,5635568.641647851,257.0,Manufacturing,7.0,BB+,Ba1,1.7541611621903306,1.4104852929859717,1.8192773867846144,2026-08-31
CP-C-00413,CORPORATE,NC,,,,17674364.15028265,21711559.3768666,18736636.602494527,1617795.8866020266,87.0,Construction,10.0,B+,B1,6.557726227543246,1.0256779865445176,1.8219694716848849,2026-08-31
CP-C-00414,CORPORATE,FL,,,,18539738.859147653,17849341.126635842,11228441.27494872,3928045.5621226584,68.0,Manufacturing,7.0,BB+,Ba1,1.7541119768592859,2.6249143112126316,1.7039273092118001,2026-08-31
CP-C-00415,CORPORATE,GA,,,,95318183.10804617,135457072.37952027,65713033.5573716,16747967.530769372,542.0,Healthcare,1.0,AAA,Aaa,0.9422028701971739,6.992854718675711,2.062866862529776,2026-08-31
CP-C-00416,CORPORATE,TX,,,,38375034.36936085,33619702.18566426,15626033.815493958,3779733.276544386,134.0,Technology,5.0,BBB,Baa2,0.8684184622074407,1.507305793917125,1.8413066439474528,2026-08-31
CP-C-00417,CORPORATE,FL,,,,57901995.994058244,75633977.25873303,51269810.52647825,12139245.314663995,219.0,Technology,3.0,A,A2,2.104312086265775,1.7112877036432745,1.7279870669206365,2026-08-31
CP-C-00418,CORPORATE,GA,,,,77509017.56309144,79827983.49911809,37399799.32720065,7980864.435604771,261.0,Manufacturing,6.0,BBB-,Baa3,0.881484797361538,1.089729902085116,1.4314400048790277,2026-08-31
CP-C-00419,CORPORATE,FL,,,,116896394.11977227,109643803.40877992,61006931.10536046,12832373.710444584,740.0,Manufacturing,7.0,BB+,Ba1,1.2543349976283589,1.6184321966365411,2.5125696291355752,2026-08-31
CP-C-00420,CORPORATE,VA,,,,24219065.98551628,24244402.319559067,12035361.806927467,5856360.5295096105,98.0,Healthcare,7.0,BB+,Ba1,1.0250850905069233,3.2484693010213372,0.9854357528091553,2026-08-31
CP-C-00421,CORPORATE,FL,,,,27585397.190539673,27377103.374760266,17282520.192604944,6150853.346450157,135.0,Retail,6.0,BBB-,Baa3,1.860863823448967,0.7852335369831762,1.9349212084636997,2026-08-31
CP-C-00422,CORPORATE,NY,,,,57568955.31625269,43090580.65697998,23935684.83824631,5794775.405078632,189.0,Healthcare,6.0,BBB-,Baa3,1.2495857489779183,1.7088022417677033,1.9908936881246122,2026-08-31
CP-C-00423,CORPORATE,NY,,,,114702509.8373451,125320882.87441291,64805118.014257826,24777483.538380004,387.0,Construction,5.0,BBB,Baa2,1.0708799296185867,2.3249577446715604,1.1604436105553613,2026-08-31
CP-C-00424,CORPORATE,NY,,,,43327174.23052276,72073322.6113406,48184643.168874554,7121998.946831339,281.0,Retail,5.0,BBB,Baa2,2.0170492590401823,1.196248147378019,1.956387005650225,2026-08-31
CP-C-00425,CORPORATE,FL,,,,44175986.37233487,35737718.896854065,20924846.810244214,7404444.650413524,148.0,Retail,4.0,BBB+,Baa1,1.4126124014234418,2.608292145741636,1.6488568439501714,2026-08-31
CP-C-00426,CORPORATE,VA,,,,25734307.4371811,33220473.142385963,24706693.47372803,2833210.0774389603,77.0,Technology,6.0,BBB-,Baa3,2.901965335640717,1.443172087550333,1.9287753410417723,2026-08-31
CP-C-00427,CORPORATE,TX,,,,473494482.2529542,394970584.5311436,243482122.18326473,76995202.5756475,2040.0,Hospitality,5.0,BBB,Baa2,1.6072651237566278,4.56272968339674,1.5586570282223124,2026-08-31
CP-C-00428,CORPORATE,FL,,,,169980717.37025318,252779291.06230998,147895015.74447727,26191756.16460255,782.0,Technology,5.0,BBB,Baa2,1.4100780626677196,3.4946455775652607,1.2612243218519585,2026-08-31
CP-C-00429,CORPORATE,NC,,,,65029748.00876778,101069709.55313736,52560550.84051606,8731901.259434339,211.0,Technology,4.0,BBB+,Baa1,1.083518086798744,4.212904128710599,1.7371556732258728,2026-08-31
CP-C-00430,CORPORATE,CA,,,,56291062.79984351,65419054.13587848,41641965.83469151,8477557.309978938,169.0,Healthcare,6.0,BBB-,Baa3,1.8715211750049598,2.021202080108383,1.7106106012322677,2026-08-31
CP-C-00431,CORPORATE,TX,,,,19406739.33267927,29868068.24006735,15642817.728303831,3315061.8515631505,119.0,Hospitality,5.0,BBB,Baa2,1.0996514764620882,2.469201102316989,2.276767501468349,2026-08-31
CP-C-00432,CORPORATE,CA,,,,30391503.708248723,43259028.90184712,29323424.28800687,2496786.491048923,110.0,Manufacturing,5.0,BBB,Baa2,2.1042089741039356,2.114717060916397,1.8678135593965768,2026-08-31
CP-C-00433,CORPORATE,TX,,,,64009065.336420655,71032279.7845674,35538470.851186626,6085709.245059794,211.0,Real Estate,4.0,BBB+,Baa1,1.0012583016347911,1.2546988312995764,1.8410075089948048,2026-08-31
CP-C-00434,CORPORATE,FL,,,,17521458.34526515,22342498.743454568,14864090.188747087,2110730.955506681,50.0,Manufacturing,6.0,BBB-,Baa3,1.9876007147791488,3.47972881975375,1.2113735343991683,2026-08-31
CP-C-00435,CORPORATE,FL,,,,23971178.981950004,27722377.012615267,15135278.978135971,2953358.245183985,75.0,Construction,4.0,BBB+,Baa1,1.2024438783805886,2.5470052438347652,2.030904354092388,2026-08-31
CP-C-00436,CORPORATE,VA,,,,148574740.87702018,137657547.38402414,92108523.29603893,18864357.764576174,589.0,Retail,10.0,B+,B1,2.159482162722557,2.1433804466861095,1.3471480122012884,2026-08-31
CP-C-00437,CORPORATE,GA,,,,21675420.18002194,20368888.88075695,13794428.485753246,4460779.204561808,80.0,Manufacturing,4.0,BBB+,Baa1,2.2731059805359215,0.9478078010383227,1.0582534969357407,2026-08-31
CP-C-00438,CORPORATE,NC,,,,121713205.90611291,182514789.77486408,76870570.12064491,21801163.52817178,749.0,Technology,6.0,BBB-,Baa3,0.79748698867441,2.5431376590275314,1.7316667671521693,2026-08-31
CP-C-00439,CORPORATE,CA,,,,46535317.12429316,45619304.6768472,30798351.569789354,11320576.827824177,236.0,Healthcare,8.0,BB,Ba2,2.1635242785535,1.9558010289025707,1.5107839368802887,2026-08-31
CP-C-00440,CORPORATE,NY,,,,45394292.97475832,62540190.27040542,45675682.7101235,7103092.234270023,133.0,Hospitality,4.0,BBB+,Baa1,3.1021869892030693,3.54451760291566,1.9880607210221743,2026-08-31
CP-C-00441,CORPORATE,NC,,,,14851842.422881575,17216413.42038941,11228446.259408288,3361298.570041315,64.0,Technology,7.0,BB+,Ba1,2.1814441030237477,2.0286784796573247,1.9181023753289006,2026-08-31
CP-C-00442,CORPORATE,GA,,,,117855369.53807294,181387610.32262522,139113699.250643,22186665.710364733,410.0,Healthcare,6.0,BBB-,Baa3,3.2907695484755597,0.9169235875461157,1.0719649238420497,2026-08-31
CP-C-00443,CORPORATE,CA,,,,43475774.217376046,64516082.93186556,34357788.66524671,3284460.930041946,195.0,Real Estate,4.0,BBB+,Baa1,1.1392484058117354,2.693690426271369,1.5930924674315639,2026-08-31
CP-C-00444,CORPORATE,NY,,,,10942068.9950744,10932393.478867415,7291752.772727392,2140135.6743138293,31.0,Hospitality,7.0,BB+,Ba1,2.002876241104947,7.832397731426273,1.9620001213852856,2026-08-31
CP-C-00445,CORPORATE,VA,,,,20932167.460717544,31085125.64291934,16821224.225503713,1782352.6864609474,138.0,Manufacturing,7.0,BB+,Ba1,1.1792863490325094,2.4910624432257493,1.4513992466046244,2026-08-31
CP-C-00446,CORPORATE,NC,,,,61269166.19356014,102990238.90016228,54487942.21367098,13692560.630259447,178.0,Hospitality,6.0,BBB-,Baa3,1.1234095277151437,1.1922863628622375,1.5056587004780129,2026-08-31
CP-C-00447,CORPORATE,TX,,,,21095503.229784925,22277123.84868379,14589049.114148702,1544553.5341639735,98.0,Hospitality,6.0,BBB-,Baa3,1.8976206160710447,2.3881104878741977,1.7309732633011692,2026-08-31
CP-C-00448,CORPORATE,CA,,,,65153428.56768412,82979741.86248963,55472946.500309736,9285366.442098908,226.0,Technology,5.0,BBB,Baa2,2.0166997198292878,1.8644055937708817,2.375539621035898,2026-08-31
CP-C-00449,CORPORATE,NY,,,,13007889.192522105,16968631.265329976,9283284.777381405,1912544.8852189758,62.0,Transportation,6.0,BBB-,Baa3,1.2079201363189767,3.3642518817920313,1.4319457047334825,2026-08-31
CP-C-00450,CORPORATE,FL,,,,41402136.0028717,56342407.4212616,27261400.012839545,5421425.9618273415,247.0,Real Estate,8.0,BB,Ba2,1.001560238995627,3.1940562162969046,1.744304680871461,2026-08-31
CP-C-00451,CORPORATE,CA,,,,11797225.186462423,9876690.719207564,6739903.511593912,1918789.8328103533,45.0,Real Estate,5.0,BBB,Baa2,2.148664562018975,2.5048563626056732,1.24383383956784,2026-08-31
CP-C-00452,CORPORATE,FL,,,,23722255.416788343,34452084.145054124,22106854.73021324,2257497.0969533804,70.0,Retail,5.0,BBB,Baa2,1.7907204465262796,0.8621339135379325,0.792112460289322,2026-08-31
CP-C-00453,CORPORATE,NY,,,,32305552.928735763,24848266.672903575,13669074.882223038,5519455.310374009,117.0,Transportation,4.0,BBB+,Baa1,1.2227247853121348,2.5427164397739324,1.434992976717198,2026-08-31
CP-C-00454,CORPORATE,GA,,,,14333587.604034357,18919473.12596497,13155418.137173044,3579890.389291319,82.0,Real Estate,6.0,BBB-,Baa3,2.282320026917414,1.7653176547414722,2.2353764319443106,2026-08-31
CP-C-00455,CORPORATE,NY,,,,44549974.09486704,43439753.202021,31505220.486896176,5316752.621898631,199.0,Construction,7.0,BB+,Ba1,2.9078593544078997,2.2461133304055725,1.8179439263807184,2026-08-31
CP-C-00456,CORPORATE,VA,,,,74943227.58300559,120331810.79747012,78380927.00269912,7595215.472658139,294.0,Construction,6.0,BBB-,Baa3,1.868397514249007,3.1912874320668156,0.7181067127643184,2026-08-31
CP-C-00457,CORPORATE,NC,,,,29695600.22573591,42790662.573478684,25518055.06532535,3521119.5465950444,93.0,Healthcare,3.0,A,A2,1.4773713264357944,3.059473280775976,1.6038179805218988,2026-08-31
CP-C-00458,CORPORATE,GA,,,,195646498.71360344,203818336.8709312,130660653.49702123,38028674.963474296,610.0,Retail,5.0,BBB,Baa2,1.7860140927264292,1.7805732309391207,1.5001561627058413,2026-08-31
CP-C-00459,CORPORATE,NY,,,,40166368.96540004,34344174.57621618,22650962.599042516,2981593.6730074105,140.0,Transportation,5.0,BBB,Baa2,2.002422113928214,5.178572715785464,1.165325617808824,2026-08-31
CP-C-00460,CORPORATE,FL,,,,63092448.132820494,55969848.627399854,34614094.88156856,11637023.316292726,213.0,Transportation,5.0,BBB,Baa2,1.6208322728166564,4.426676120449674,1.5839232518902076,2026-08-31
CP-C-00461,CORPORATE,FL,,,,61931356.579687536,96317000.70930386,55173992.051422134,11311690.765045302,258.0,Technology,7.0,BB+,Ba1,1.3410295904758174,1.629471713533777,0.9072020065068175,2026-08-31
CP-C-00462,CORPORATE,NC,,,,9297928.750146756,12907028.094730806,9834065.65892617,574447.8968929678,58.0,Real Estate,7.0,BB+,Ba1,3.2001906513221607,2.2125555122375773,1.7255794086082825,2026-08-31
CP-C-00463,CORPORATE,CA,,,,101978465.15311418,122053448.24720794,77933138.6564273,14933102.898622416,643.0,Construction,6.0,BBB-,Baa3,1.7663778740281586,3.4192814910551976,1.697721125357694,2026-08-31
CP-C-00464,CORPORATE,NC,,,,51086790.71991271,63757770.04736613,32224040.131547112,11814742.767088749,281.0,Healthcare,4.0,BBB+,Baa1,1.0218911691566748,3.2979763814228256,1.7909558040591116,2026-08-31
CP-C-00465,CORPORATE,CA,,,,32538061.733668324,31254761.55560195,20595449.314782094,3750785.6847974844,160.0,Technology,6.0,BBB-,Baa3,1.932155550891153,1.3082215353488187,0.9589731676744706,2026-08-31
CP-C-00466,CORPORATE,NY,,,,176646614.08565035,198080810.23224172,132904556.55820148,13878596.944399826,569.0,Technology,5.0,BBB,Baa2,2.0391561200016852,2.7235053449042854,2.906140381454148,2026-08-31
CP-C-00467,CORPORATE,CA,,,,99829918.46280186,163765920.98510322,108690845.99107292,11809432.73086042,514.0,Retail,4.0,BBB+,Baa1,1.9735033679546363,2.0742078430284443,1.1584023808967783,2026-08-31
CP-C-00468,CORPORATE,NC,,,,37167404.26285224,51589840.8036228,35814383.86206595,7506997.357375952,181.0,Manufacturing,5.0,BBB,Baa2,2.6524256763053184,1.5595312349641588,2.0395717985482658,2026-08-31
CP-C-00469,CORPORATE,VA,,,,62131716.297283836,69085574.54908049,50958531.10121213,7491153.787903434,222.0,Construction,5.0,BBB,Baa2,2.811188225358647,1.1878049456007806,1.7707732835503345,2026-08-31
CP-C-00470,CORPORATE,VA,,,,16562077.38886414,17341315.18044231,13018404.08678003,2128371.4119649595,86.0,Healthcare,6.0,BBB-,Baa3,3.537812007198528,4.732026986385545,1.320121538883811,2026-08-31
CP-C-00471,CORPORATE,GA,,,,32493518.26735219,23495613.83674112,17475800.75347249,3493159.4318653084,114.0,Transportation,5.0,BBB,Baa2,2.9030470733459217,3.0281030513738396,1.698255841307306,2026-08-31
CP-C-00472,CORPORATE,CA,,,,143912960.8920419,107146593.98246671,70840119.24414621,10904415.586418146,474.0,Manufacturing,5.0,BBB,Baa2,1.9511704111932517,2.6322870355541355,1.407736206227485,2026-08-31
CP-C-00473,CORPORATE,NY,,,,39446333.53492416,63413518.2557471,40346721.754247166,6632030.240278834,113.0,Construction,7.0,BB+,Ba1,1.749125490903065,1.3492950778349087,1.6908652627990295,2026-08-31
CP-C-00474,CORPORATE,FL,,,,21622782.68006514,27518722.095008966,15013546.811736038,3035146.499744674,89.0,Technology,3.0,A,A2,1.2005866748479994,6.1570102136666875,1.3038371389377281,2026-08-31
CP-C-00475,CORPORATE,FL,,,,65958696.447611295,48076582.67994907,33226546.576928735,9995745.150309457,295.0,Healthcare,6.0,BBB-,Baa3,2.2374724442704097,3.637719353687895,1.7006790770073812,2026-08-31
CP-C-00476,CORPORATE,GA,,,,151507562.61290914,209105425.64872655,107476246.45090356,32988431.952148497,975.0,Retail,4.0,BBB+,Baa1,1.0575333511421867,3.150385140711696,1.5754318382810042,2026-08-31
CP-C-00477,CORPORATE,TX,,,,103566913.71006544,87893035.16007896,47825070.81139737,11338393.914299015,499.0,Retail,7.0,BB+,Ba1,1.193598716301419,1.013959045039962,1.341162442190672,2026-08-31
CP-C-00478,CORPORATE,TX,,,,25146790.622572243,29588203.085325018,17365620.12031944,1604050.43108524,138.0,Manufacturing,8.0,BB,Ba2,1.7047648358231116,0.8399816708712294,1.9004163363135984,2026-08-31
CP-C-00479,CORPORATE,CA,,,,37911232.85125377,29705628.062309533,21825237.383351084,6991284.541643104,215.0,Hospitality,7.0,BB+,Ba1,2.7695628646466717,2.8795171834959246,2.0324419450745377,2026-08-31
CP-C-00480,CORPORATE,TX,,,,266975204.62092432,237058883.69414124,124690564.05678661,18364364.186185364,794.0,Construction,4.0,BBB+,Baa1,1.109659416988698,1.2805382447298368,2.0973364827672114,2026-08-31
CP-C-00481,CORPORATE,GA,,,,34323789.82212744,37850158.98310958,24429322.171260983,6512362.964354762,121.0,Healthcare,6.0,BBB-,Baa3,1.8202532758384746,2.6858992506308677,0.92463108715469,2026-08-31
CP-C-00482,CORPORATE,FL,,,,59817792.68797783,79250409.84770662,28883156.236544393,7661264.039900225,355.0,Retail,2.0,AA,Aa2,0.5734510850943718,2.2986434184709164,1.6946602503171524,2026-08-31
CP-C-00483,CORPORATE,GA,,,,144888430.60008773,142931456.12028843,66618263.75365629,12544590.574277535,484.0,Transportation,5.0,BBB,Baa2,0.8729586810312114,1.3300970684205122,1.9487874426343388,2026-08-31
CP-C-00484,CORPORATE,VA,,,,97398896.42633463,84035213.90148182,58380316.910608105,12244868.17965344,595.0,Manufacturing,4.0,BBB+,Baa1,2.275601298706282,1.5375938105580604,0.7672366111777262,2026-08-31
CP-C-00485,CORPORATE,FL,,,,87999580.6130395,84329157.20876715,48508215.05503072,15540436.648035387,367.0,Construction,6.0,BBB-,Baa3,1.3541859074181528,2.1259445161433375,2.091747570616829,2026-08-31
CP-C-00486,CORPORATE,NC,,,,85911701.50151747,62603566.46775575,38781594.94512815,21103595.400964744,486.0,Healthcare,6.0,BBB-,Baa3,1.6279758754765943,1.4281427149560206,2.6055889813114543,2026-08-31
CP-C-00487,CORPORATE,GA,,,,9317688.769413233,15764878.24024607,10682047.488564156,1066555.6465701223,45.0,Technology,8.0,BB,Ba2,2.1015941727017875,2.933505542015896,1.3868353470630423,2026-08-31
CP-C-00488,CORPORATE,GA,,,,134163949.94747831,199248422.90891117,111933437.62792972,14113458.492550666,743.0,Hospitality,3.0,A,A2,1.2819499112062556,9.573004822574216,1.7381244091015513,2026-08-31
CP-C-00489,CORPORATE,GA,,,,27618191.928632353,34860998.25002153,22986548.068773683,5762618.519283072,86.0,Construction,7.0,BB+,Ba1,1.9357989395647202,1.6633806207041602,1.1265357230492337,2026-08-31
CP-C-00490,CORPORATE,VA,,,,89285031.99517493,65263173.02137844,40419014.14040073,16054827.116822846,256.0,Transportation,5.0,BBB,Baa2,1.626902095339124,5.853908590257628,1.350624727957809,2026-08-31
CP-C-00491,CORPORATE,NC,,,,90769787.32709497,70781930.97684832,34151994.293632954,16041867.903877862,295.0,Technology,4.0,BBB+,Baa1,0.932351988183538,2.1710307766001633,1.368703113526364,2026-08-31
CP-C-00492,CORPORATE,NY,,,,401348724.7939106,292428982.3468221,170924768.27636096,53067380.77272925,1154.0,Real Estate,1.0,AAA,Aaa,1.4067394253275893,5.128475160085149,1.538373320975878,2026-08-31
CP-C-00493,CORPORATE,NY,,,,80695780.011588,58942182.3543069,35373089.40620758,10420400.974415096,446.0,Retail,3.0,A,A2,1.5008252326087141,5.178344402204698,0.9225200545895347,2026-08-31
CP-C-00494,CORPORATE,GA,,,,27342905.31348119,46267794.315744095,32565100.383327395,6636491.9843599945,122.0,Construction,5.0,BBB,Baa2,2.6462532585982284,2.3065098122583705,1.5045071058254034,2026-08-31
CP-C-00495,CORPORATE,NC,,,,18174981.260874994,18353102.808790572,11532981.7532168,1706795.0693816,65.0,Technology,3.0,A,A2,1.6910230271926654,2.1876327889668645,1.8306498792357195,2026-08-31
CP-C-00496,CORPORATE,CA,,,,44548963.82387949,35406829.67923888,14525350.579582833,6561455.7825908,128.0,Hospitality,5.0,BBB,Baa2,0.695609277018221,1.4446830917973128,0.901466841073926,2026-08-31
CP-C-00497,CORPORATE,NC,,,,15955651.264297988,18732453.52155858,10001432.301503487,3553818.617475475,91.0,Hospitality,6.0,BBB-,Baa3,1.1455054396764341,3.0890661351322195,2.115450725847517,2026-08-31
CP-C-00498,CORPORATE,CA,,,,31568180.52049721,31673598.70496079,18748788.268987,2205115.9356174073,174.0,Technology,6.0,BBB-,Baa3,1.450604506879518,2.3428260300072603,2.3893940535757148,2026-08-31
CP-C-00499,CORPORATE,NY,,,,66596192.457534775,83067650.03787306,65809123.58427913,9822880.637773108,433.0,Real Estate,7.0,BB+,Ba1,3.8131368724457304,3.645338720274398,0.9864701881326178,2026-08-31
CP-C-00500,CORPORATE,FL,,,,78805018.77945039,55180949.066373914,39215908.804313205,8651811.093208075,451.0,Hospitality,6.0,BBB-,Baa3,2.456361409717571,1.7165897388406974,0.9976066229127473,2026-08-31
CP-C-00501,CORPORATE,FL,,,,152013062.33637962,168838473.7758571,59318681.320040725,37113400.93239726,645.0,Real Estate,4.0,BBB+,Baa1,0.6359229423770071,2.66069033708493,1.0966804915010244,2026-08-31
CP-C-00502,CORPORATE,CA,,,,160603817.31475395,166195686.36557338,121464196.83700867,37010710.620625235,470.0,Real Estate,5.0,BBB,Baa2,2.715406934066971,3.7014274804955933,2.421856214342467,2026-08-31
CP-C-00503,CORPORATE,FL,,,,342278025.4804047,261299601.7015857,144371236.08713415,71030554.21296787,1194.0,Healthcare,6.0,BBB-,Baa3,1.2346981447014334,2.902452092123356,1.1910918989516763,2026-08-31
CP-C-00504,CORPORATE,NY,,,,41512310.78069257,69177542.21408176,47557417.000215754,7108912.8218189245,193.0,Manufacturing,6.0,BBB-,Baa3,2.199682773794248,1.617633287822761,1.9834226985594157,2026-08-31
CP-C-00505,CORPORATE,FL,,,,51426728.521209516,78531612.93757941,42022865.88589011,9141933.97973092,172.0,Retail,4.0,BBB+,Baa1,1.151035553928868,2.500272270078967,1.9274472342512459,2026-08-31
CP-C-00506,CORPORATE,VA,,,,128764728.90449092,107515180.71788967,63784145.688004956,27437445.726764865,570.0,Retail,2.0,AA,Aa2,1.458555592027869,1.8298229664113204,1.800236955690237,2026-08-31
CP-C-00507,CORPORATE,NC,,,,31388981.9274075,29974526.545392495,19248045.017984558,6359057.508934169,145.0,Technology,6.0,BBB-,Baa3,2.0672842882626448,2.222184285219476,2.086702334876234,2026-08-31
CP-C-00508,CORPORATE,CA,,,,23859853.575631347,30521289.752890322,16108224.09907437,3290821.7996176146,99.0,Manufacturing,7.0,BB+,Ba1,1.1176126221842064,2.813064165910826,2.038225953294676,2026-08-31
CP-C-00509,CORPORATE,NC,,,,24264970.674345948,39056197.25235316,30676596.665414676,5747431.15763678,83.0,Manufacturing,6.0,BBB-,Baa3,3.660866212791948,0.4888037689684838,1.9994499436089752,2026-08-31
CP-C-00510,CORPORATE,NY,,,,29812226.95063916,28427395.207915228,13884479.611282935,4196388.6380193345,143.0,Real Estate,7.0,BB+,Ba1,0.954724623066517,1.8173543180365146,2.210035353235539,2026-08-31
CP-C-00511,CORPORATE,NY,,,,13825620.118397746,13352185.00196809,9005047.046970366,3419065.619997313,40.0,Construction,5.0,BBB,Baa2,2.071488676042046,2.0073111535933204,1.726107754761331,2026-08-31
CP-C-00512,CORPORATE,GA,,,,5483498.819779694,7768685.855560022,6473406.005949252,426027.5048871471,17.0,Construction,5.0,BBB,Baa2,4.997689115517782,2.885744086917684,1.3102945015597693,2026-08-31
CP-C-00513,CORPORATE,NY,,,,51893970.62161089,73695594.737005,44374801.159524545,8634920.57552653,257.0,Construction,3.0,A,A2,1.513424288543342,1.277446238786584,1.0634166975851955,2026-08-31
CP-C-00514,CORPORATE,VA,,,,55059642.9117914,38766462.56163676,23185085.769887336,3484127.283038485,182.0,Healthcare,4.0,BBB+,Baa1,1.487999814121958,3.166623378394174,0.4,2026-08-31
CP-C-00515,CORPORATE,NY,,,,14955305.59685945,12947497.26742243,8413832.424599687,2673317.234381265,72.0,Hospitality,6.0,BBB-,Baa3,1.8558567331944806,1.734755663446486,0.7064549569963009,2026-08-31
CP-C-00516,CORPORATE,TX,,,,31844757.38645838,23136467.082527395,14480310.456453117,4998483.542838916,99.0,Technology,4.0,BBB+,Baa1,1.901450891223099,1.0676769169206377,1.6627699781342256,2026-08-31
CP-C-00517,CORPORATE,NC,,,,29033120.128225848,48174461.49815666,36201887.32025213,2702423.037281167,120.0,Technology,5.0,BBB,Baa2,3.023734644055327,2.181987716024745,1.9719293936481437,2026-08-31
CP-C-00518,CORPORATE,CA,,,,7889686.988671885,12191362.97481921,8566937.202015366,608644.2637997546,34.0,Manufacturing,4.0,BBB+,Baa1,2.363667443901883,1.7338843081237558,0.9172443133230171,2026-08-31
CP-C-00519,CORPORATE,NC,,,,129599498.18769212,149526557.98465103,104481617.39740019,18385565.92510217,450.0,Hospitality,4.0,BBB+,Baa1,2.319497285050739,4.184809378878505,1.4457394890329067,2026-08-31
CP-C-00520,CORPORATE,FL,,,,17227801.87795857,25791056.298798833,16875911.597298,1368260.7836060058,68.0,Construction,3.0,A,A2,1.8929487027234682,3.144676615309834,0.9915640539114694,2026-08-31
CP-C-00521,CORPORATE,NC,,,,41572672.058953255,55688987.69680732,27841817.18246602,6660205.1626306,155.0,Healthcare,4.0,BBB+,Baa1,0.9998077602939043,3.0221865936399803,1.3638211208396982,2026-08-31
CP-C-00522,CORPORATE,TX,,,,21553167.087854713,19247480.07080173,12168901.99528226,1855840.8714590054,132.0,Technology,5.0,BBB,Baa2,1.7191167301477046,3.938833984228897,2.3335532521278504,2026-08-31
CP-C-00523,CORPORATE,TX,,,,30033015.533489194,28423386.823257428,19755447.94008554,2103857.36637682,121.0,Construction,5.0,BBB,Baa2,2.2791401977278785,4.082992798229192,0.8994107109663256,2026-08-31
CP-C-00524,CORPORATE,FL,,,,7112870.77887398,7416491.471734143,4775739.834110822,1345608.7196991085,41.0,Transportation,4.0,BBB+,Baa1,1.80847746757775,3.7105167944804283,1.7304479865523597,2026-08-31
CP-C-00525,CORPORATE,CA,,,,24592807.093543913,22421803.136027724,14175118.849128999,4604567.814145689,97.0,Construction,2.0,AA,Aa2,1.7188870527817601,3.027507903093087,1.3541333047471749,2026-08-31
CP-C-00526,CORPORATE,FL,,,,45989854.92227805,38727939.308696106,30045168.29577081,10374706.30534946,254.0,Construction,8.0,BB,Ba2,3.5809247501923918,2.6454393146732604,2.1556936470879307,2026-08-31
CP-C-00527,CORPORATE,VA,,,,97519004.54653926,120954327.11610396,83285434.85171051,12426543.973579641,326.0,Manufacturing,5.0,BBB,Baa2,2.499725446452124,1.504432824612645,1.550202535620402,2026-08-31
CP-C-00528,CORPORATE,FL,,,,20571084.68788697,15571766.559320992,7126372.849169655,3530960.7446104614,90.0,Manufacturing,4.0,BBB+,Baa1,0.8438177181252993,2.006296470261107,1.1194003110258,2026-08-31
CP-C-00529,CORPORATE,CA,,,,27475025.182657164,27150309.535695132,15581218.74699911,3192661.85455002,98.0,Healthcare,6.0,BBB-,Baa3,1.3467971711504998,0.9874257883205553,1.5730614801460605,2026-08-31
CP-C-00530,CORPORATE,NY,,,,74658187.8531675,90718386.99609365,62847389.49704303,8681684.321578423,223.0,Retail,5.0,BBB,Baa2,2.254938650803001,2.0989488924300734,0.9943985917626006,2026-08-31
CP-C-00531,CORPORATE,TX,,,,87223309.16028726,131865873.63873214,81288495.04718179,20661460.31411587,353.0,Real Estate,4.0,BBB+,Baa1,1.6072105219933668,5.515249376065788,2.2778268515599436,2026-08-31
CP-C-00532,CORPORATE,NC,,,,89666330.96719252,125734359.08349888,72161268.54476658,16910634.610049862,337.0,Technology,7.0,BB+,Ba1,1.3469685586385087,2.1636897054192183,1.8430145832976705,2026-08-31
CP-C-00533,CORPORATE,NY,,,,266440781.751052,239715575.7291843,108372599.68236043,45938051.09866715,1119.0,Manufacturing,3.0,A,A2,0.8251114977303812,1.9380354746120572,1.0310707037063602,2026-08-31
CP-C-00534,CORPORATE,NC,,,,14600803.815847248,14673668.694972482,8749588.531125203,3588407.657993108,95.0,Transportation,7.0,BB+,Ba1,1.5503462323919819,1.2348058674674405,1.1678957054526493,2026-08-31
CP-C-00535,CORPORATE,FL,,,,80508223.7674816,79000194.69842792,47674544.98059967,12889785.845042909,289.0,Transportation,8.0,BB,Ba2,1.7844449177882533,3.2809370936156808,1.7550382274404128,2026-08-31
CP-C-00536,CORPORATE,VA,,,,113137592.50104702,90896791.25943272,65670622.27373056,25219302.132601324,429.0,Transportation,7.0,BB+,Ba1,3.0917920681730173,1.2946614888050483,1.6282589999581587,2026-08-31
CP-C-00537,CORPORATE,VA,,,,28634573.401665963,37531375.28485193,17445663.779637184,2240138.424612176,97.0,Healthcare,6.0,BBB-,Baa3,0.8685609058512992,2.390811164918912,2.0335466830200426,2026-08-31
CP-C-00538,CORPORATE,VA,,,,46334830.82136813,42102593.98291386,19711811.376601186,10786162.275992291,216.0,Healthcare,6.0,BBB-,Baa3,0.8803538368079998,1.0905825328592489,1.4231819280300413,2026-08-31
CP-C-00539,CORPORATE,GA,,,,64541851.78661933,63174212.19910708,38555298.909794584,10113014.392505411,354.0,Construction,6.0,BBB-,Baa3,1.640703408619273,1.0203854522989508,1.5022306462995563,2026-08-31
CP-C-00540,CORPORATE,VA,,,,236930477.42714274,300268472.30057126,178896259.140095,18416045.15577638,1206.0,Technology,7.0,BB+,Ba1,1.473947409227526,2.7070697649411706,1.088870192419194,2026-08-31
CP-C-00541,CORPORATE,NY,,,,103557570.71349292,119609034.50010046,40735109.929613814,19005745.550928187,308.0,Retail,6.0,BBB-,Baa3,0.5164585146667882,1.1410709923185907,1.2406801272202255,2026-08-31
CP-C-00542,CORPORATE,NY,,,,56234682.64511518,81116269.0682149,37450600.46907824,9564935.153732106,178.0,Real Estate,3.0,A,A2,0.9672275317653926,4.3118208632320085,1.721240955801637,2026-08-31
CP-C-00543,CORPORATE,CA,,,,38634682.65076624,32936564.545503836,20790913.147849347,5692716.051487633,111.0,Retail,6.0,BBB-,Baa3,1.7117989366848114,2.8415266658499116,1.5162154375534014,2026-08-31
CP-C-00544,CORPORATE,CA,,,,32356245.598090563,36387424.551739946,28849130.32398965,7685893.91146548,109.0,Construction,7.0,BB+,Ba1,3.8270103888740485,1.3620445268962025,1.7500627799581296,2026-08-31
CP-C-00545,CORPORATE,GA,,,,46197536.51722413,43917660.023426555,31916326.649976045,4777265.385770254,176.0,Hospitality,5.0,BBB,Baa2,2.659398389897386,1.1750749028481453,1.2636864762439393,2026-08-31
CP-C-00546,CORPORATE,GA,,,,235634949.8670912,268467213.9485234,162777115.28401777,16477093.14583942,1214.0,Transportation,3.0,A,A2,1.5401359005324116,2.1917183508873443,2.229671042515978,2026-08-31
CP-C-00547,CORPORATE,FL,,,,76361611.16791084,85001787.46112329,55211543.89673724,8189833.356175919,365.0,Technology,8.0,BB,Ba2,2.213179446774992,2.2867856645953806,2.271734594969116,2026-08-31
CP-C-00548,CORPORATE,GA,,,,29601892.441104457,42222576.7648655,24978338.045241095,2269398.1677717464,92.0,Retail,6.0,BBB-,Baa3,1.4485033785118668,2.4025381124369107,1.790216028011366,2026-08-31
CP-C-00549,CORPORATE,TX,,,,33195359.400250364,55289380.06566456,32285382.908498406,4157214.667125622,125.0,Healthcare,3.0,A,A2,1.40346839238071,2.15494902785687,1.9329347412927818,2026-08-31
CP-C-00550,CORPORATE,VA,,,,41910974.44797729,42655480.226769365,22118447.459105052,5750505.170112743,171.0,Construction,4.0,BBB+,Baa1,1.0770030758255733,2.6469121224670524,1.5971329081988366,2026-08-31
CP-C-00551,CORPORATE,TX,,,,22319207.501037624,33158218.77536881,21179826.54753699,2127133.4387576794,69.0,Manufacturing,3.0,A,A2,1.768169395749591,1.9540413813198052,1.5040198764472672,2026-08-31
CP-C-00552,CORPORATE,GA,,,,128492994.29864725,122855097.52696867,67430058.54464972,24925680.95908374,835.0,Transportation,7.0,BB+,Ba1,1.2165992082776969,2.108011021066514,1.189036322266822,2026-08-31
CP-C-00553,CORPORATE,GA,,,,152291925.00017834,116999201.74469194,72611616.71990904,13666669.557789594,645.0,Manufacturing,5.0,BBB,Baa2,1.6358541848890362,1.9993108790625345,1.2116320260719216,2026-08-31
CP-C-00554,CORPORATE,VA,,,,28260009.816990215,27622583.450439166,16512415.81914259,2780472.7473131604,91.0,Hospitality,4.0,BBB+,Baa1,1.4862436254002367,1.1788953547123722,0.7250563297606969,2026-08-31
CP-C-00555,CORPORATE,TX,,,,42255142.93735514,67722071.1628189,54208122.17252627,6208105.229111584,150.0,Manufacturing,7.0,BB+,Ba1,4.011271776404155,2.133525114832864,0.49378231109753523,2026-08-31
CP-C-00556,CORPORATE,TX,,,,149030216.15016598,138670376.4169089,89977375.67375991,12083057.664518366,481.0,Hospitality,2.0,AA,Aa2,1.84785029266079,4.305462129822357,1.4513951970005552,2026-08-31
CP-C-00557,CORPORATE,CA,,,,7407900.022918488,8235552.127429776,5658750.581285383,1477679.8762183718,38.0,Real Estate,4.0,BBB+,Baa1,2.1960366291119455,4.59504408809444,1.2387129861151802,2026-08-31
CP-C-00558,CORPORATE,NC,,,,68166409.28938358,65053501.831734814,36489268.8367156,7408588.439641897,248.0,Real Estate,6.0,BBB-,Baa3,1.2774461279278282,2.132727545941783,1.8146545270103633,2026-08-31
CP-C-00559,CORPORATE,NY,,,,18877634.044845413,30035306.699220836,14528788.734093605,4124154.854314664,71.0,Construction,3.0,A,A2,0.936947209345615,3.7974119353206786,2.3109136363399925,2026-08-31
CP-C-00560,CORPORATE,FL,,,,10625513.545663359,9490532.900471494,7287728.643143313,1679612.3207093754,36.0,Construction,5.0,BBB,Baa2,3.308386852303765,3.34320754029201,1.686785137326724,2026-08-31
CP-C-00561,CORPORATE,GA,,,,51544712.30029756,46859188.96371389,21762416.96481409,8031169.183868721,165.0,Transportation,7.0,BB+,Ba1,0.8671400834245979,1.25380913674543,1.5572311124792386,2026-08-31
CP-C-00562,CORPORATE,NC,,,,70946864.01353174,84098965.53059904,57544045.11128898,17470714.221216477,358.0,Manufacturing,6.0,BBB-,Baa3,2.456497259213497,4.632537927152039,1.67915952013179,2026-08-31
CP-C-00563,CORPORATE,TX,,,,47132027.504465505,70562526.62219357,43436295.05084858,8007757.6792405695,230.0,Technology,5.0,BBB,Baa2,1.601265363255722,3.8657573036176296,1.3713032215943086,2026-08-31
CP-C-00564,CORPORATE,TX,,,,14800027.49999981,20698184.720318526,14117834.612959795,1999356.5726725815,51.0,Retail,5.0,BBB,Baa2,2.1454534154910663,3.2876902744937944,1.1040218180088075,2026-08-31
CP-C-00565,CORPORATE,NY,,,,34282066.90827436,45156871.92040621,31413074.479103953,3746059.5566102616,117.0,Retail,5.0,BBB,Baa2,2.2856182662226066,4.920682081628589,0.4,2026-08-31
CP-C-00566,CORPORATE,FL,,,,177848601.4458852,185197448.8012148,128393117.4770998,21442123.799747135,739.0,Healthcare,6.0,BBB-,Baa3,2.260269850630094,2.912415813475291,0.6149403905106948,2026-08-31
CP-C-00567,CORPORATE,NY,,,,44711961.80564524,47646277.77641164,25041489.728588242,3021638.9852414588,128.0,Technology,7.0,BB+,Ba1,1.1077958207619414,1.8031497980127509,1.406811137866373,2026-08-31
CP-C-00568,CORPORATE,GA,,,,187269756.17248213,261274098.36587167,198690479.1850687,28315107.150061708,580.0,Technology,7.0,BB+,Ba1,3.1748000800505864,0.7487735043728249,0.9444853610389299,2026-08-31
CP-C-00569,CORPORATE,TX,,,,46490927.87200013,66027802.42307059,37336699.53024993,5546663.581551501,178.0,Manufacturing,3.0,A,A2,1.375544971546181,2.208754808158888,1.8195742867501736,2026-08-31
CP-C-00570,CORPORATE,TX,,,,48460117.98331354,75525266.28742948,43795366.15739615,3674200.866968986,285.0,Construction,2.0,AA,Aa2,1.3802554050884797,2.6141728520439815,1.3482288083031666,2026-08-31
CP-C-00571,CORPORATE,FL,,,,110290857.91486019,95502539.18066372,62323502.7371256,16148657.03003478,456.0,Healthcare,5.0,BBB,Baa2,1.878400020542598,3.7689476279262757,0.839405263103261,2026-08-31
CP-C-00572,CORPORATE,VA,,,,351387894.60701174,553960760.7061621,299827991.966079,59368203.917601235,1005.0,Construction,5.0,BBB,Baa2,1.1798084656793362,4.337206547137018,1.8983460423763163,2026-08-31
CP-C-00573,CORPORATE,NC,,,,55729782.098286755,66835773.87218939,35056972.99684002,10611877.389787082,160.0,Retail,5.0,BBB,Baa2,1.1031559414198508,1.4817296325383076,2.551556154650504,2026-08-31
CP-C-00574,CORPORATE,TX,,,,73589864.0988471,113912669.20387684,72760797.3346901,10120648.820693187,223.0,Hospitality,6.0,BBB-,Baa3,1.7681041962315,2.574849367222054,1.4610969207921791,2026-08-31
CP-C-00575,CORPORATE,VA,,,,20178924.71433419,18307708.01220101,13084889.890058236,3390112.893474872,78.0,Construction,6.0,BBB-,Baa3,2.5053313334008793,3.301217366979458,1.5071116122177208,2026-08-31
CP-C-00576,CORPORATE,NY,,,,39760663.02238059,30041926.014473237,19446486.15288231,3929370.1798231476,193.0,Hospitality,8.0,BB,Ba2,2.1548066667965284,2.200391656728004,1.4629218885408397,2026-08-31
CP-C-00577,CORPORATE,FL,,,,35837338.555362545,48062015.699437164,36111246.73292204,6392933.314765912,172.0,Healthcare,5.0,BBB,Baa2,3.0216672110474385,2.395624145520002,2.870510208456923,2026-08-31
CP-C-00578,CORPORATE,NC,,,,103645047.49291845,77126935.83724631,42927456.60699531,10815019.170608185,544.0,Real Estate,6.0,BBB-,Baa3,1.255207902961984,2.9186596117437755,1.6960864538090539,2026-08-31
CP-C-00579,CORPORATE,CA,,,,85989670.52567177,102754264.13644315,76675053.197554,15661986.646299973,273.0,Manufacturing,6.0,BBB-,Baa3,2.9400833245003075,1.9514660612792434,1.1108689806872054,2026-08-31
CP-C-00580,CORPORATE,TX,,,,101262459.76538524,90214632.07165216,31797901.15947574,23748212.343079112,298.0,Healthcare,6.0,BBB-,Baa3,0.5443286651435636,2.233571535429898,1.2298954921849279,2026-08-31
CP-C-00581,CORPORATE,CA,,,,112376448.39102443,133334628.19071887,52068859.91705257,26372697.330103014,433.0,Technology,3.0,A,A2,0.6407231608480982,2.3351770008437938,1.6049142029789376,2026-08-31
CP-C-00582,CORPORATE,NY,,,,50007888.006953396,67810200.11707442,50461829.72366246,4244620.278974181,320.0,Healthcare,4.0,BBB+,Baa1,3.3910306691510335,1.1571751617873731,1.409491208211777,2026-08-31
CP-C-00583,CORPORATE,VA,,,,24746350.47535226,22401308.265604533,11072721.298924036,5073984.525434282,133.0,Manufacturing,5.0,BBB,Baa2,0.977414158667007,3.2070690989304667,1.5694297215026678,2026-08-31
CP-C-00584,CORPORATE,FL,,,,9627248.921970237,13240722.98182158,7793342.269521741,658675.0266177215,52.0,Healthcare,4.0,BBB+,Baa1,1.430658637815578,5.756712396313772,1.459826290458911,2026-08-31
CP-C-00585,CORPORATE,GA,,,,91160044.96437943,141475069.8404808,97757934.96298829,18184519.203431595,322.0,Construction,5.0,BBB,Baa2,2.2361468846696613,5.331861098948701,1.6762701684532366,2026-08-31
CP-C-00586,CORPORATE,CA,,,,68293214.90153565,84492387.2664281,50528386.55986536,7586834.923188868,339.0,Manufacturing,6.0,BBB-,Baa3,1.4877042017638973,3.12819368060515,1.6057110864646775,2026-08-31
CP-C-00587,CORPORATE,CA,,,,138285984.59258467,198317921.70465913,76484228.61879513,34524969.932842925,906.0,Real Estate,7.0,BB+,Ba1,0.6277756725710661,3.538987504282579,1.6379281968608237,2026-08-31
CP-C-00588,CORPORATE,FL,,,,10083285.790234132,12978064.173923653,6563095.927881523,867193.1009169593,51.0,Retail,5.0,BBB,Baa2,1.0230909454510213,1.8201585369672253,1.5726916614499118,2026-08-31
CP-C-00589,CORPORATE,TX,,,,9022990.935111988,8871814.551227732,4401363.767417858,2225207.6877817647,33.0,Hospitality,6.0,BBB-,Baa3,0.9845458501316646,3.0721078936402684,1.8183659027313206,2026-08-31
CP-C-00590,CORPORATE,VA,,,,32722323.188022774,25291469.72838822,14812810.292945512,2126889.1871300484,113.0,Hospitality,4.0,BBB+,Baa1,1.4136169215351249,4.610739168979187,2.401663983575182,2026-08-31
CP-C-00591,CORPORATE,NC,,,,63256827.04743466,75553649.87794422,55962357.45478892,8096000.7693052,207.0,Manufacturing,6.0,BBB-,Baa3,3.0834846701899834,2.7539717636614633,1.4445213175397242,2026-08-31
CP-C-00592,CORPORATE,TX,,,,25084674.464326065,34661610.040028006,22739928.590025038,4455838.663799115,84.0,Transportation,8.0,BB,Ba2,2.2387504588737155,1.414235518872302,1.3216246908537026,2026-08-31
CP-C-00593,CORPORATE,TX,,,,116103022.97268075,173677166.33947244,119086068.78129207,13173043.594139643,397.0,Healthcare,4.0,BBB+,Baa1,2.265426446578133,0.6308470479373102,1.6030425902077035,2026-08-31
CP-C-00594,CORPORATE,VA,,,,8752424.586029226,6332618.207299051,2942974.3634441993,1742802.8167031757,48.0,Construction,5.0,BBB,Baa2,0.8682252469620291,1.919433381817736,1.6665213836979373,2026-08-31
CP-C-00595,CORPORATE,VA,,,,11773356.71112301,16210579.951511035,10267590.977751827,1143979.4070316125,62.0,Transportation,6.0,BBB-,Baa3,1.7276813103789275,1.3007126856639677,1.9419294637137492,2026-08-31
CP-C-00596,CORPORATE,NC,,,,67410400.65182957,114244763.90286058,54164059.9078401,11060677.16398353,266.0,Transportation,6.0,BBB-,Baa3,0.9015217250505129,2.2485770194010457,1.507089256692116,2026-08-31
CP-C-00597,CORPORATE,VA,,,,117812798.15146956,131237044.11885436,83135396.91930011,13131439.978325136,378.0,Real Estate,5.0,BBB,Baa2,1.7283274432246578,3.4418165889221632,1.0957298077017192,2026-08-31
CP-C-00598,CORPORATE,NY,,,,131621075.75143595,157058046.878942,71085451.00440602,30842171.62060757,411.0,Technology,4.0,BBB+,Baa1,0.9158981637842679,1.1124227197521495,1.8103761168973116,2026-08-31
CP-C-00599,CORPORATE,FL,,,,94063190.72995412,156856710.2748528,64836410.60944475,16301770.755990054,478.0,Transportation,4.0,BBB+,Baa1,0.7045881272414267,2.318495842444808,1.2592848183061105,2026-08-31
CP-C-00600,CORPORATE,VA,,,,165053417.72057635,250530360.8211092,161650254.0388806,18771966.830285914,687.0,Retail,4.0,BBB+,Baa1,2.1619131535016978,2.5522191770788605,2.311472855377346,2026-08-31
CP-C-00601,CORPORATE,NY,,,,111005432.77762824,166588520.11209944,93993900.71669398,24244256.261013247,325.0,Hospitality,8.0,BB,Ba2,1.4558260145348412,5.793362802822525,2.339660574894796,2026-08-31
CP-C-00602,CORPORATE,NY,,,,30126571.65742382,39113910.403535135,25205514.557759587,5470954.29091236,139.0,Retail,5.0,BBB,Baa2,1.8122517389678228,1.9606712550962095,1.662112039880011,2026-08-31
CP-C-00603,CORPORATE,CA,,,,42011823.00245063,39208286.50377428,19567604.70371019,5064550.430491899,196.0,Technology,2.0,AA,Aa2,0.9962792994103873,2.75090936257949,1.2427489205347921,2026-08-31
CP-C-00604,CORPORATE,VA,,,,48706637.54323308,77895709.48024389,39660695.45972556,7279622.609927184,171.0,Manufacturing,4.0,BBB+,Baa1,1.0372873261780986,0.721435141306468,0.7333589185282454,2026-08-31
CP-C-00605,CORPORATE,GA,,,,5634486.532038727,6360555.970085764,3461774.999779728,742980.5431012387,18.0,Technology,7.0,BB+,Ba1,1.360701339426745,1.5761358626066921,1.5604118504230238,2026-08-31
CP-C-00606,CORPORATE,CA,,,,12815952.95998052,13561647.712004047,9724370.70893709,2250025.0289091626,45.0,Retail,4.0,BBB+,Baa1,2.5341852311326116,1.8170284735751236,1.4932512838641412,2026-08-31
CP-C-00607,CORPORATE,TX,,,,83733709.93810427,66626245.834808655,47547617.972380124,7349132.915628426,478.0,Hospitality,5.0,BBB,Baa2,2.492192746524265,1.9852786889694538,1.9532534918976425,2026-08-31
CP-C-00608,CORPORATE,VA,,,,43758302.63534052,72448385.7571021,50893261.813172095,2802952.9630839513,274.0,Retail,4.0,BBB+,Baa1,2.3610748862107007,3.2606084766529317,1.8166970559699172,2026-08-31
CP-C-00609,CORPORATE,GA,,,,19808001.290210746,33028022.69320022,24137328.82736704,1493723.2337623714,97.0,Healthcare,3.0,A,A2,2.7148982061036295,3.106149473318525,1.173613788021415,2026-08-31
CP-C-00610,CORPORATE,VA,,,,25744966.488272533,28540941.168839384,18322737.746194005,3047812.3530588886,158.0,Real Estate,6.0,BBB-,Baa3,1.7931466998971188,2.7825838262842577,1.1197540432712425,2026-08-31
CP-C-00611,CORPORATE,GA,,,,85704315.36329757,116718755.66156541,74156558.20508872,17894689.57778486,428.0,Hospitality,5.0,BBB,Baa2,1.7423103748559936,1.8304970636439906,1.4333240804504876,2026-08-31
CP-C-00612,CORPORATE,NY,,,,21194019.5003346,33126606.132567164,16455173.377582397,2528579.1053715395,112.0,Real Estate,4.0,BBB+,Baa1,0.9870281468557219,2.082784426496783,0.9174246305788248,2026-08-31
CP-C-00613,CORPORATE,NC,,,,113602599.77001026,120001424.11160193,80060270.58324018,24458569.087397207,476.0,Manufacturing,5.0,BBB,Baa2,2.0044556431348513,4.301264949278849,0.9812887109794894,2026-08-31
CP-C-00614,CORPORATE,FL,,,,14449530.96654568,22260860.793765023,12407645.058995552,3587782.222137027,79.0,Healthcare,6.0,BBB-,Baa3,1.2592482893896413,1.0318777711146436,1.1047507283025073,2026-08-31
CP-C-00615,CORPORATE,FL,,,,24346258.044834837,40815223.1169303,23100874.089280777,3914260.912411487,161.0,Technology,5.0,BBB,Baa2,1.4996093104271933,1.5155319074376705,1.0357464700992502,2026-08-31
CP-C-00616,CORPORATE,NY,,,,34603535.21798782,40942295.92783333,26979210.088066377,3997221.547517713,142.0,Construction,5.0,BBB,Baa2,1.9321810663964711,1.170996330861224,1.5988077159638772,2026-08-31
CP-C-00617,CORPORATE,FL,,,,225995907.64873126,201692769.01188275,131463040.38545899,13699885.881420065,989.0,Real Estate,5.0,BBB,Baa2,2.1598812777326994,2.5118459428324895,1.7564913923546908,2026-08-31
CP-C-00618,CORPORATE,GA,,,,20693081.55857436,23674246.343151182,18642166.705996286,4865952.353589556,110.0,Retail,8.0,BB,Ba2,3.704664482721986,3.1049258732910325,1.7157331014830606,2026-08-31
CP-C-00619,CORPORATE,NY,,,,129258951.19486235,169942282.59500465,106923841.69003104,23380464.853311975,434.0,Manufacturing,6.0,BBB-,Baa3,1.6967071884761955,6.252938814322895,1.6844471911676837,2026-08-31
CP-C-00620,CORPORATE,FL,,,,97184897.15668222,143554796.97309145,85574494.69841988,12328051.736012906,479.0,Manufacturing,5.0,BBB,Baa2,1.4759235695775723,1.7363348396821288,1.5509156772232293,2026-08-31
CP-C-00621,CORPORATE,VA,,,,70144749.83235767,93733258.78846751,40367482.33780928,10269936.14098622,445.0,Transportation,6.0,BBB-,Baa3,0.7564301509813668,3.361708291301637,0.9531892865134678,2026-08-31
CP-C-00622,CORPORATE,TX,,,,63175620.938962504,74329413.59307362,56371564.45140778,7365325.791043841,188.0,Transportation,3.0,A,A2,3.139104466615347,3.369804022596084,0.7046103110282587,2026-08-31
CP-C-00623,CORPORATE,GA,,,,18062109.964384433,13780885.540218443,9766141.554682652,3315847.8200291907,112.0,Construction,5.0,BBB,Baa2,2.432568948323439,1.9704127535485814,0.4,2026-08-31
CP-C-00624,CORPORATE,NY,,,,58722014.01763346,78873369.29840301,38970888.22918958,7850982.3254487105,215.0,Hospitality,7.0,BB+,Ba1,0.9766532602720135,5.566704944127033,1.5890123650564465,2026-08-31
CP-C-00625,CORPORATE,NY,,,,78913700.70892924,110924301.28913905,44691464.87196433,8177346.3144906,311.0,Technology,8.0,BB,Ba2,0.7211532122283993,0.5160533696150446,1.8923424692567594,2026-08-31
CP-C-00626,CORPORATE,GA,,,,163365310.02974343,230592492.68213904,106632135.78817779,13998781.109930018,491.0,Real Estate,5.0,BBB,Baa2,0.8602115907055152,2.8957674390659833,1.853532105395188,2026-08-31
CP-C-00627,CORPORATE,CA,,,,8107720.775447249,6366924.071519456,3442949.1149103595,1303021.2906859526,45.0,Healthcare,5.0,BBB,Baa2,1.1774892623920117,2.426309538677189,1.5283699530202939,2026-08-31
CP-C-00628,CORPORATE,CA,,,,40075560.20905197,34356987.39027698,18114171.319919378,7937841.6672717985,127.0,Construction,4.0,BBB+,Baa1,1.11521125656141,3.0880553029379603,1.9154011585900983,2026-08-31
CP-C-00629,CORPORATE,GA,,,,27294771.775447275,42168308.97543404,25844198.837519553,6722237.208286156,84.0,Retail,8.0,BB,Ba2,1.5831918934125322,3.034820483242769,2.3623073076414,2026-08-31
CP-C-00630,CORPORATE,FL,,,,45178974.05661312,70167183.84059896,43267349.13404267,5316720.653554673,150.0,Construction,3.0,A,A2,1.608461524244874,1.1562474544032666,1.9262647225270277,2026-08-31
CP-C-00631,CORPORATE,FL,,,,194284440.1952435,136281488.63431475,55856812.76160645,38868424.89253168,836.0,Construction,5.0,BBB,Baa2,0.6945233183160541,1.8697581441807356,1.7303024884258358,2026-08-31
CP-C-00632,CORPORATE,NY,,,,8581794.833668374,10917501.21436356,6100642.699480641,1116368.5868405304,34.0,Real Estate,7.0,BB+,Ba1,1.2665189730259134,3.2297221901355724,1.9976768516706949,2026-08-31
CP-C-00633,CORPORATE,VA,,,,27754880.02663417,25213349.058096778,12646860.025282832,2932491.5205201847,123.0,Transportation,5.0,BBB,Baa2,1.077793775635389,1.4419232029702467,0.4,2026-08-31
CP-C-00634,CORPORATE,VA,,,,13315142.280473057,20792928.08188166,14309689.950964145,2104832.145960378,57.0,Real Estate,4.0,BBB+,Baa1,2.207182531630844,3.7759547268018925,1.2984180853430787,2026-08-31
CP-C-00635,CORPORATE,TX,,,,97394761.47024348,122962659.72006871,80520379.58031097,22991909.816800475,387.0,Real Estate,4.0,BBB+,Baa1,1.8971737455001536,3.339679955966969,1.2723705983844151,2026-08-31
CP-C-00636,CORPORATE,NY,,,,76033574.1841696,79994629.78083867,40801482.691044174,17486578.269813795,251.0,Real Estate,3.0,A,A2,1.041036143322833,2.1461561498509667,2.1263063492335665,2026-08-31
CP-C-00637,CORPORATE,CA,,,,140252065.54267737,115467181.30442087,78800319.49115983,17761246.002555694,890.0,Technology,4.0,BBB+,Baa1,2.149088184652351,0.946745257637424,1.9005276568241678,2026-08-31
CP-C-00638,CORPORATE,VA,,,,42656113.393323325,32971396.93732725,20348263.25503596,8637033.325497387,194.0,Technology,5.0,BBB,Baa2,1.6119819188465134,10.000414201693994,1.7546163534370738,2026-08-31
CP-C-00639,CORPORATE,VA,,,,21761546.120329827,33847968.27750548,22684208.93986448,3153397.1441781973,102.0,Healthcare,5.0,BBB,Baa2,2.11409039177064,3.692139769142345,2.3242840410799928,2026-08-31
CP-C-00640,CORPORATE,CA,,,,86915376.37109558,106619790.26280846,65426338.653039336,20474047.205208365,561.0,Construction,3.0,A,A2,1.588270370563542,1.2627952449790492,1.3743652813097782,2026-08-31
CP-C-00641,CORPORATE,NY,,,,76836483.22631861,106527384.09397545,71110756.20318352,18631006.076145332,228.0,Technology,7.0,BB+,Ba1,2.0078353146001175,1.4711667046191634,2.0293839914931278,2026-08-31
CP-C-00642,CORPORATE,NY,,,,113858258.56400011,189058910.6060637,125866495.81254409,21616433.00845998,689.0,Real Estate,6.0,BBB-,Baa3,1.9917975317735723,1.6311767013883314,1.257955060985009,2026-08-31
CP-C-00643,CORPORATE,NY,,,,34752273.129967466,52710596.94011053,33443155.48529428,5922154.541565511,217.0,Real Estate,4.0,BBB+,Baa1,1.7357341172527376,3.1171407803656344,0.871604284546936,2026-08-31
CP-C-00644,CORPORATE,NY,,,,949688351.8216058,893630182.97467,460424528.05162865,217652246.0969288,2974.0,Healthcare,4.0,BBB+,Baa1,1.06283129691237,7.919740554463047,1.5926975970304755,2026-08-31
CP-C-00645,CORPORATE,NC,,,,70322618.03286378,98888417.67964713,52938146.30503735,15146738.27768665,225.0,Transportation,6.0,BBB-,Baa3,1.1520747260328212,3.4928599913347007,2.2213775562677753,2026-08-31
CP-C-00646,CORPORATE,CA,,,,114344802.66580567,142341225.63158777,91008483.88561746,21311417.79306577,599.0,Construction,5.0,BBB,Baa2,1.7729129750362842,4.143725171491985,1.3876807050399245,2026-08-31
CP-C-00647,CORPORATE,NC,,,,39209494.590397775,47501614.182079114,33442391.959385455,7274820.590438109,146.0,Hospitality,5.0,BBB,Baa2,2.378680088390985,2.454831676742881,1.8800465669737325,2026-08-31
CP-C-00648,CORPORATE,FL,,,,25238412.730034146,24886795.10686513,16807196.08087525,3151716.327875172,128.0,Manufacturing,8.0,BB,Ba2,2.0802017559053434,3.357254213923698,1.3848385975631639,2026-08-31
CP-C-00649,CORPORATE,FL,,,,34548298.44259374,27232389.080347575,18111244.339604042,2476851.2203285,123.0,Hospitality,4.0,BBB+,Baa1,1.985632818510416,4.683360881139146,1.686606042227458,2026-08-31
CP-C-00650,CORPORATE,FL,,,,62088084.797403604,89570501.69823012,66242689.633143045,7623648.154471243,247.0,Transportation,5.0,BBB,Baa2,2.8396443459128924,3.5588981382646288,1.5332084492322935,2026-08-31
